Date,Open,High,Low,Close,AdjClose,Volume
2003-01-23,14500.0000,14500.0000,14200.0000,14500.0000,7343.1948,278900
2003-01-24,14500.0000,15700.0000,12350.0000,12350.0000,6254.3755,1546500
2003-01-27,11300.0000,11650.0000,10500.0000,10500.0000,5317.4863,136200
2003-01-28,9780.0000,10400.0000,9550.0000,9700.0000,4912.3442,238700
2003-01-29,9720.0000,9890.0000,8600.0000,8610.0000,4360.3374,138600
2003-01-30,8670.0000,8970.0000,8410.0000,8700.0000,4405.9170,120100
2003-01-31,8700.0000,8700.0000,8700.0000,8700.0000,4405.9170,0
2003-02-03,8700.0000,8700.0000,8400.0000,8520.0000,4314.7593,76200
2003-02-04,8610.0000,9180.0000,8560.0000,8800.0000,4456.5591,77200
2003-02-05,8770.0000,8840.0000,8630.0000,8650.0000,4380.5952,49300
2003-02-06,8620.0000,9090.0000,8550.0000,8570.0000,4340.0811,106500
2003-02-07,8570.0000,8900.0000,8300.0000,8390.0000,4248.9233,33600
2003-02-10,8300.0000,8350.0000,7900.0000,8050.0000,4076.7390,45500
2003-02-11,8100.0000,8250.0000,7730.0000,8000.0000,4051.4172,60100
2003-02-12,8100.0000,8120.0000,7900.0000,8100.0000,4102.0591,30600
2003-02-13,8100.0000,8400.0000,8050.0000,8400.0000,4253.9883,52600
2003-02-14,8800.0000,9660.0000,8490.0000,8550.0000,4329.9526,433800
2003-02-17,8620.0000,8710.0000,8420.0000,8610.0000,4360.3374,46700
2003-02-18,8700.0000,8700.0000,8370.0000,8410.0000,4259.0537,48200
2003-02-19,8450.0000,8540.0000,8240.0000,8330.0000,4218.5386,24900
2003-02-20,8210.0000,8540.0000,8210.0000,8210.0000,4157.7676,26500
2003-02-21,8160.0000,8280.0000,8130.0000,8150.0000,4127.3813,15200
2003-02-24,8200.0000,8380.0000,8180.0000,8250.0000,4178.0244,29800
2003-02-25,8150.0000,8250.0000,8040.0000,8040.0000,4071.6746,22300
2003-02-26,8190.0000,8190.0000,8020.0000,8040.0000,4071.6746,20600
2003-02-27,8010.0000,8010.0000,7810.0000,7870.0000,3985.5820,11900
2003-02-28,7900.0000,7900.0000,7740.0000,7790.0000,3945.0681,12100
2003-03-03,7670.0000,7780.0000,7600.0000,7720.0000,3909.6179,28200
2003-03-04,7640.0000,7700.0000,7440.0000,7450.0000,3772.8821,25000
2003-03-05,7250.0000,7250.0000,6820.0000,6910.0000,3499.4126,44600
2003-03-06,6930.0000,6950.0000,6450.0000,6490.0000,3286.7112,23300
2003-03-07,6320.0000,6550.0000,6160.0000,6350.0000,3215.8118,22000
2003-03-10,6260.0000,6260.0000,6150.0000,6200.0000,3139.8486,24500
2003-03-11,6060.0000,6150.0000,5950.0000,5950.0000,3013.2419,24200
2003-03-12,5900.0000,6430.0000,5900.0000,6340.0000,3210.7478,18200
2003-03-13,6300.0000,6320.0000,6100.0000,6220.0000,3149.9775,13200
2003-03-14,6500.0000,6790.0000,6320.0000,6430.0000,3256.3269,19300
2003-03-17,6310.0000,6450.0000,6050.0000,6100.0000,3089.2058,8100
2003-03-18,6330.0000,6340.0000,6050.0000,6280.0000,3180.3628,16300
2003-03-19,6370.0000,6750.0000,6370.0000,6500.0000,3291.7761,24100
2003-03-20,6680.0000,6770.0000,6550.0000,6710.0000,3398.1267,19300
2003-03-21,6800.0000,7100.0000,6560.0000,7000.0000,3544.9905,27700
2003-03-24,7120.0000,7390.0000,6850.0000,7100.0000,3595.6338,19200
2003-03-25,6730.0000,6800.0000,6680.0000,6700.0000,3393.0618,13300
2003-03-26,6760.0000,6950.0000,6750.0000,6800.0000,3443.7043,9900
2003-03-27,6730.0000,6900.0000,6700.0000,6790.0000,3438.6404,4200
2003-03-28,6730.0000,6730.0000,6730.0000,6730.0000,3408.2546,4200
2003-03-31,6730.0000,6730.0000,6730.0000,6730.0000,3408.2546,0
2003-04-01,6730.0000,6730.0000,6730.0000,6730.0000,3408.2546,0
2003-04-02,6730.0000,6730.0000,6730.0000,6730.0000,3408.2546,0
2003-04-03,6730.0000,6730.0000,6730.0000,6730.0000,3408.2546,0
2003-04-04,6730.0000,6730.0000,6730.0000,6730.0000,3408.2546,0
2003-04-07,6730.0000,6730.0000,6730.0000,6730.0000,3408.2546,0
2003-04-08,6730.0000,6730.0000,6730.0000,6730.0000,3408.2546,0
2003-04-09,6730.0000,6730.0000,6730.0000,6730.0000,3408.2546,0
2003-04-10,6730.0000,6730.0000,6730.0000,6730.0000,3408.2546,0
2003-04-11,6730.0000,6730.0000,6730.0000,6730.0000,3408.2546,0
2003-04-14,6730.0000,6730.0000,6730.0000,6730.0000,3408.2546,0
2003-04-15,6730.0000,6730.0000,6730.0000,6730.0000,3408.2546,0
2003-04-16,6730.0000,6730.0000,6730.0000,6730.0000,3408.2546,0
2003-04-17,6730.0000,6730.0000,6730.0000,6730.0000,3408.2546,0
2003-04-18,6730.0000,6730.0000,6730.0000,6730.0000,3408.2546,0
2003-04-21,6730.0000,6730.0000,6730.0000,6730.0000,3408.2546,0
2003-04-22,6730.0000,6730.0000,6730.0000,6730.0000,3408.2546,0
2003-04-23,6730.0000,6730.0000,6730.0000,6730.0000,3408.2546,0
2003-04-24,6730.0000,6730.0000,6730.0000,6730.0000,3408.2546,0
2003-04-25,6730.0000,6730.0000,6730.0000,6730.0000,3408.2546,0
2003-04-28,6730.0000,6730.0000,6730.0000,6730.0000,3408.2546,0
2003-04-29,6730.0000,6730.0000,6730.0000,6730.0000,3408.2546,0
2003-04-30,6730.0000,6730.0000,6730.0000,6730.0000,3408.2546,0
2003-05-01,6730.0000,6730.0000,6730.0000,6730.0000,3408.2546,0
2003-05-02,6730.0000,6730.0000,6730.0000,6730.0000,3408.2546,0
2003-05-05,6730.0000,6730.0000,6730.0000,6730.0000,3408.2546,0
2003-05-06,6730.0000,6730.0000,6730.0000,6730.0000,3408.2546,0
2003-05-07,6730.0000,6730.0000,6730.0000,6730.0000,3408.2546,0
2003-05-08,6730.0000,6730.0000,6730.0000,6730.0000,3408.2546,0
2003-05-09,6730.0000,6730.0000,6730.0000,6730.0000,3408.2546,0
2003-05-12,6730.0000,6730.0000,6730.0000,6730.0000,3408.2546,0
2003-05-13,6730.0000,6730.0000,6730.0000,6730.0000,3408.2546,0
2003-05-14,6730.0000,6730.0000,6730.0000,6730.0000,3408.2546,0
2003-05-15,6730.0000,6730.0000,6730.0000,6730.0000,3408.2546,0
2003-05-16,6730.0000,6730.0000,6730.0000,6730.0000,3408.2546,0
2003-05-19,6730.0000,6730.0000,6730.0000,6730.0000,3408.2546,0
2003-05-20,6730.0000,6730.0000,6730.0000,6730.0000,3408.2546,0
2003-05-21,6730.0000,6730.0000,6730.0000,6730.0000,3408.2546,0
2003-05-22,6730.0000,6730.0000,6730.0000,6730.0000,3408.2546,0
2003-05-23,6730.0000,6730.0000,6730.0000,6730.0000,3408.2546,0
2003-05-26,6730.0000,6730.0000,6730.0000,6730.0000,3408.2546,0
2003-05-27,6730.0000,6730.0000,6730.0000,6730.0000,3408.2546,0
2003-05-28,6730.0000,6730.0000,6730.0000,6730.0000,3408.2546,0
2003-05-29,6730.0000,6730.0000,6730.0000,6730.0000,3408.2546,0
2003-05-30,6730.0000,6730.0000,6730.0000,6730.0000,3408.2546,0
2003-06-02,6730.0000,6730.0000,6730.0000,6730.0000,3408.2546,0
2003-06-03,6730.0000,6730.0000,6730.0000,6730.0000,3408.2546,0
2003-06-04,6730.0000,6730.0000,6730.0000,6730.0000,3408.2546,0
2003-06-05,6730.0000,6730.0000,6730.0000,6730.0000,3408.2546,0
2003-06-06,6730.0000,6730.0000,6730.0000,6730.0000,3408.2546,0
2003-06-09,6730.0000,6730.0000,6730.0000,6730.0000,3408.2546,0
2003-06-10,6730.0000,6730.0000,6730.0000,6730.0000,3408.2546,0
2003-06-11,6730.0000,6730.0000,6730.0000,6730.0000,3408.2546,0
2003-06-12,6730.0000,6730.0000,6730.0000,6730.0000,3408.2546,0
2003-06-13,6730.0000,6730.0000,6730.0000,6730.0000,3408.2546,0
2003-06-16,6730.0000,6730.0000,6730.0000,6730.0000,3408.2546,0
2003-06-17,6730.0000,6730.0000,6730.0000,6730.0000,3408.2546,0
2003-06-18,6730.0000,6730.0000,6730.0000,6730.0000,3408.2546,0
2003-06-19,6730.0000,6730.0000,6730.0000,6730.0000,3408.2546,0
2003-06-20,6730.0000,6730.0000,6730.0000,6730.0000,3408.2546,0
2003-06-23,6730.0000,6730.0000,6730.0000,6730.0000,3408.2546,0
2003-06-24,6730.0000,6730.0000,6730.0000,6730.0000,3408.2546,0
2003-06-25,6730.0000,6730.0000,6730.0000,6730.0000,3408.2546,0
2003-06-26,6730.0000,6730.0000,6730.0000,6730.0000,3408.2546,0
2003-06-27,6730.0000,6730.0000,6730.0000,6730.0000,3408.2546,0
2003-06-30,6730.0000,6730.0000,6730.0000,6730.0000,3408.2546,0
2003-07-01,6730.0000,6730.0000,6730.0000,6730.0000,3408.2546,0
2003-07-02,6730.0000,6730.0000,6730.0000,6730.0000,3408.2546,0
2003-07-03,6730.0000,6730.0000,6730.0000,6730.0000,3408.2546,0
2003-07-04,6730.0000,6730.0000,6730.0000,6730.0000,3408.2546,0
2003-07-07,6730.0000,6730.0000,6730.0000,6730.0000,3408.2546,0
2003-07-08,6730.0000,6730.0000,6730.0000,6730.0000,3408.2546,0
2003-07-09,6730.0000,6730.0000,6730.0000,6730.0000,3408.2546,0
2003-07-10,6730.0000,6730.0000,6730.0000,6730.0000,3408.2546,0
2003-07-11,6730.0000,6730.0000,6730.0000,6730.0000,3408.2546,0
2003-07-14,6730.0000,6730.0000,6730.0000,6730.0000,3408.2546,0
2003-07-15,6730.0000,6730.0000,6730.0000,6730.0000,3408.2546,0
2003-07-16,6730.0000,6730.0000,6730.0000,6730.0000,3408.2546,0
2003-07-17,6730.0000,6730.0000,6730.0000,6730.0000,3408.2546,0
2003-07-18,6730.0000,6730.0000,6730.0000,6730.0000,3408.2546,0
2003-07-21,6730.0000,6730.0000,6730.0000,6730.0000,3408.2546,0
2003-07-22,6210.0000,6570.0000,6150.0000,6400.0000,3241.1348,1153500
2003-07-23,6400.0000,6490.0000,6180.0000,6190.0000,3134.7837,725700
2003-07-24,6050.0000,6300.0000,6010.0000,6240.0000,3160.1062,743700
2003-07-25,6100.0000,7170.0000,6100.0000,7030.0000,3560.1829,1568700
2003-07-28,7210.0000,7240.0000,6850.0000,7050.0000,3570.3120,805300
2003-07-29,6980.0000,7170.0000,6880.0000,7150.0000,3620.9543,420700
2003-07-30,7030.0000,7320.0000,7030.0000,7170.0000,3631.0825,586500
2003-07-31,7230.0000,7230.0000,7070.0000,7090.0000,3590.5691,254000
2003-08-01,7150.0000,7220.0000,7080.0000,7080.0000,3585.5049,427700
2003-08-04,6990.0000,7130.0000,6850.0000,6950.0000,3519.6697,294200
2003-08-05,6950.0000,7020.0000,6840.0000,6840.0000,3463.9624,344000
2003-08-06,6660.0000,6700.0000,6580.0000,6620.0000,3352.5483,352500
2003-08-07,6620.0000,6650.0000,6410.0000,6530.0000,3306.9692,369600
2003-08-08,6550.0000,6620.0000,6520.0000,6560.0000,3322.1619,309600
2003-08-11,6450.0000,6630.0000,6400.0000,6610.0000,3347.4836,242100
2003-08-12,6660.0000,6670.0000,6530.0000,6590.0000,3337.3547,148600
2003-08-13,6580.0000,6730.0000,6550.0000,6660.0000,3372.8044,223300
2003-08-14,6740.0000,6930.0000,6670.0000,6780.0000,3433.5769,297700
2003-08-15,6780.0000,6780.0000,6780.0000,6780.0000,3433.5769,0
2003-08-18,6850.0000,6980.0000,6820.0000,6850.0000,3469.0264,371400
2003-08-19,6980.0000,6980.0000,6780.0000,6790.0000,3438.6404,350500
2003-08-20,6790.0000,6820.0000,6530.0000,6600.0000,3342.4199,420000
2003-08-21,6620.0000,7140.0000,6600.0000,7050.0000,3570.3120,1116800
2003-08-22,7000.0000,7000.0000,6810.0000,6900.0000,3494.3472,467800
2003-08-25,6980.0000,7050.0000,6860.0000,6890.0000,3489.2832,330700
2003-08-26,6810.0000,6860.0000,6610.0000,6670.0000,3377.8694,294300
2003-08-27,6730.0000,7050.0000,6700.0000,6700.0000,3393.0618,818700
2003-08-28,6810.0000,6950.0000,6720.0000,6750.0000,3418.3833,419900
2003-08-29,6840.0000,6840.0000,6640.0000,6760.0000,3423.4482,366000
2003-09-01,6710.0000,6870.0000,6710.0000,6740.0000,3413.3193,293900
2003-09-02,6770.0000,6890.0000,6750.0000,6830.0000,3458.8977,308600
2003-09-03,6990.0000,6990.0000,6800.0000,6810.0000,3448.7693,589100
2003-09-04,6810.0000,7120.0000,6810.0000,7000.0000,3544.9905,1152400
2003-09-05,7010.0000,7010.0000,6790.0000,6790.0000,3438.6404,327900
2003-09-08,6740.0000,6740.0000,6520.0000,6530.0000,3306.9692,535500
2003-09-09,6570.0000,6630.0000,6530.0000,6560.0000,3322.1619,412000
2003-09-10,6560.0000,6560.0000,6560.0000,6560.0000,3322.1619,0
2003-09-11,6560.0000,6560.0000,6560.0000,6560.0000,3322.1619,0
2003-09-12,6560.0000,6560.0000,6560.0000,6560.0000,3322.1619,0
2003-09-15,6560.0000,6630.0000,6490.0000,6540.0000,3312.0339,281900
2003-09-16,6510.0000,6640.0000,6510.0000,6620.0000,3352.5483,171300
2003-09-17,6630.0000,6700.0000,6510.0000,6520.0000,3301.9050,256600
2003-09-18,6570.0000,6610.0000,6450.0000,6450.0000,3266.4553,182700
2003-09-19,6540.0000,6600.0000,6260.0000,6300.0000,3190.4917,316200
2003-09-22,6120.0000,6250.0000,5820.0000,5860.0000,2967.6633,503200
2003-09-23,5720.0000,5780.0000,5640.0000,5710.0000,2891.6990,574900
2003-09-24,5800.0000,5890.0000,5760.0000,5850.0000,2962.5989,597000
2003-09-25,5620.0000,5760.0000,5620.0000,5690.0000,2881.5708,223500
2003-09-26,5570.0000,5730.0000,5560.0000,5560.0000,2815.7356,282400
2003-09-29,5530.0000,5610.0000,5500.0000,5530.0000,2800.5417,191500
2003-09-30,5610.0000,5660.0000,5500.0000,5500.0000,2785.3494,290900
2003-10-01,5380.0000,5480.0000,5160.0000,5280.0000,2673.9353,397700
2003-10-02,5360.0000,5370.0000,5080.0000,5100.0000,2582.7781,905800
2003-10-03,5100.0000,5100.0000,5100.0000,5100.0000,2582.7781,0
2003-10-06,5130.0000,5200.0000,5120.0000,5170.0000,2618.2283,392600
2003-10-07,5200.0000,5210.0000,5050.0000,5070.0000,2567.5862,304600
2003-10-08,5100.0000,5130.0000,5000.0000,5000.0000,2532.1362,300500
2003-10-09,5000.0000,5060.0000,4980.0000,4990.0000,2527.0718,335500
2003-10-10,5050.0000,5440.0000,5040.0000,5400.0000,2734.7065,796200
2003-10-13,5300.0000,5570.0000,5250.0000,5500.0000,2785.3494,455300
2003-10-14,5600.0000,5670.0000,5470.0000,5530.0000,2800.5417,335000
2003-10-15,5600.0000,5620.0000,5460.0000,5520.0000,2795.4783,201400
2003-10-16,5490.0000,5550.0000,5420.0000,5500.0000,2785.3494,285800
2003-10-17,5430.0000,5530.0000,5290.0000,5300.0000,2684.0642,438800
2003-10-20,5240.0000,5360.0000,5240.0000,5300.0000,2684.0642,212300
2003-10-21,5370.0000,5430.0000,5260.0000,5280.0000,2673.9353,283500
2003-10-22,5250.0000,5280.0000,5100.0000,5110.0000,2587.8430,233600
2003-10-23,5020.0000,5070.0000,4980.0000,5000.0000,2532.1362,433100
2003-10-24,4950.0000,5150.0000,4950.0000,5060.0000,2562.5220,461200
2003-10-27,5130.0000,5280.0000,5130.0000,5260.0000,2663.8074,456300
2003-10-28,5300.0000,5390.0000,5220.0000,5260.0000,2663.8074,465700
2003-10-29,5380.0000,5380.0000,5130.0000,5130.0000,2597.9709,786600
2003-10-30,5170.0000,5210.0000,5130.0000,5210.0000,2638.4856,429600
2003-10-31,5200.0000,5230.0000,5030.0000,5130.0000,2597.9709,255800
2003-11-03,5020.0000,5170.0000,5020.0000,5130.0000,2597.9709,290000
2003-11-04,5160.0000,5360.0000,5160.0000,5300.0000,2684.0642,643100
2003-11-05,5300.0000,5500.0000,5280.0000,5470.0000,2770.1565,553100
2003-11-06,5520.0000,5680.0000,5460.0000,5510.0000,2790.4131,644500
2003-11-07,5520.0000,5770.0000,5520.0000,5740.0000,2906.8928,604800
2003-11-10,5820.0000,5830.0000,5580.0000,5650.0000,2861.3137,324000
2003-11-11,5520.0000,5590.0000,5320.0000,5400.0000,2734.7065,468700
2003-11-12,5390.0000,5440.0000,5340.0000,5400.0000,2734.7065,281600
2003-11-13,5500.0000,5530.0000,5400.0000,5480.0000,2775.2212,355600
2003-11-14,5430.0000,5730.0000,5430.0000,5610.0000,2841.0552,490100
2003-11-17,5730.0000,5890.0000,5700.0000,5800.0000,2937.2781,1241900
2003-11-18,5750.0000,5930.0000,5750.0000,5870.0000,2972.7273,607300
2003-11-19,5730.0000,5850.0000,5700.0000,5770.0000,2922.0845,715000
2003-11-20,5850.0000,5960.0000,5770.0000,5800.0000,2937.2781,437700
2003-11-21,5750.0000,5790.0000,5530.0000,5580.0000,2825.8638,493700
2003-11-24,5420.0000,5490.0000,5150.0000,5160.0000,2613.1641,417600
2003-11-25,5300.0000,5340.0000,5250.0000,5320.0000,2694.1926,182600
2003-11-26,5300.0000,5420.0000,5300.0000,5360.0000,2714.4497,166400
2003-11-27,5410.0000,5410.0000,5230.0000,5300.0000,2684.0642,174600
2003-11-28,5300.0000,5460.0000,5300.0000,5380.0000,2724.5789,228900
2003-12-01,5500.0000,5680.0000,5430.0000,5660.0000,2866.3787,284000
2003-12-02,5740.0000,5790.0000,5640.0000,5670.0000,2871.4426,205100
2003-12-03,5690.0000,5710.0000,5580.0000,5630.0000,2851.1843,227300
2003-12-04,5630.0000,5800.0000,5610.0000,5700.0000,2886.6350,250000
2003-12-05,5730.0000,5750.0000,5610.0000,5720.0000,2896.7637,207700
2003-12-08,5610.0000,5720.0000,5560.0000,5590.0000,2830.9280,227900
2003-12-09,5650.0000,5700.0000,5610.0000,5630.0000,2851.1843,130800
2003-12-10,5620.0000,5750.0000,5560.0000,5750.0000,2911.9556,204300
2003-12-11,5740.0000,5780.0000,5680.0000,5770.0000,2922.0845,188500
2003-12-12,5900.0000,5930.0000,5800.0000,5830.0000,2952.4700,387900
2003-12-15,5940.0000,5970.0000,5880.0000,5960.0000,3018.3059,330600
2003-12-16,5830.0000,5910.0000,5800.0000,5830.0000,2952.4700,341500
2003-12-17,5900.0000,5900.0000,5580.0000,5680.0000,2876.5063,423500
2003-12-18,5680.0000,5850.0000,5680.0000,5760.0000,2917.0203,271800
2003-12-19,5820.0000,5870.0000,5760.0000,5810.0000,2942.3420,336300
2003-12-22,5730.0000,5870.0000,5620.0000,5620.0000,2846.1208,342100
2003-12-23,5750.0000,5760.0000,5610.0000,5660.0000,2866.3787,113600
2003-12-24,5660.0000,5660.0000,5460.0000,5500.0000,2785.3494,140200
2003-12-25,5500.0000,5500.0000,5500.0000,5500.0000,2785.3494,0
2003-12-26,5400.0000,5530.0000,5400.0000,5500.0000,2785.3494,152900
2003-12-29,5450.0000,5610.0000,5450.0000,5610.0000,2976.3440,207500
2003-12-30,5670.0000,5700.0000,5620.0000,5690.0000,3018.7881,119700
2003-12-31,5690.0000,5690.0000,5690.0000,5690.0000,3018.7881,0
2004-01-01,5690.0000,5690.0000,5690.0000,5690.0000,3018.7881,0
2004-01-02,5890.0000,6090.0000,5810.0000,5880.0000,3119.5918,665500
2004-01-05,5800.0000,5970.0000,5780.0000,5920.0000,3140.8125,271900
2004-01-06,5960.0000,6000.0000,5840.0000,5900.0000,3130.2024,290200
2004-01-07,5830.0000,5910.0000,5710.0000,5720.0000,3034.7048,220800
2004-01-08,5680.0000,5770.0000,5540.0000,5540.0000,2939.2063,425700
2004-01-09,5570.0000,5890.0000,5570.0000,5870.0000,3114.2856,777800
2004-01-12,5930.0000,6160.0000,5820.0000,6110.0000,3241.6169,789700
2004-01-13,6190.0000,6200.0000,5990.0000,6030.0000,3199.1736,249100
2004-01-14,6000.0000,6100.0000,5930.0000,5930.0000,3146.1189,135800
2004-01-15,5950.0000,6020.0000,5880.0000,5960.0000,3162.0349,196100
2004-01-16,6000.0000,6020.0000,5860.0000,5880.0000,3119.5918,104800
2004-01-19,5880.0000,5960.0000,5850.0000,5900.0000,3130.2024,149200
2004-01-20,5900.0000,6110.0000,5900.0000,6050.0000,3209.7834,267400
2004-01-21,6050.0000,6050.0000,6050.0000,6050.0000,3209.7834,0
2004-01-22,6050.0000,6050.0000,6050.0000,6050.0000,3209.7834,0
2004-01-23,6050.0000,6050.0000,6050.0000,6050.0000,3209.7834,0
2004-01-26,6050.0000,6050.0000,5960.0000,6050.0000,3209.7834,113000
2004-01-27,6080.0000,6090.0000,5840.0000,5840.0000,3098.3696,182700
2004-01-28,5890.0000,5890.0000,5700.0000,5700.0000,3024.0940,275700
2004-01-29,5610.0000,5650.0000,5490.0000,5530.0000,2933.9011,447700
2004-01-30,5480.0000,5530.0000,5220.0000,5320.0000,2822.4873,580500
2004-02-02,5320.0000,5410.0000,5320.0000,5350.0000,2838.4041,162800
2004-02-03,5300.0000,5370.0000,5210.0000,5250.0000,2785.3496,160600
2004-02-04,5150.0000,5350.0000,5130.0000,5130.0000,2721.6846,383800
2004-02-05,5150.0000,5210.0000,5100.0000,5180.0000,2748.2117,341200
2004-02-06,5160.0000,5230.0000,5150.0000,5200.0000,2758.8220,217300
2004-02-09,5230.0000,5240.0000,5130.0000,5160.0000,2737.6008,377300
2004-02-10,5180.0000,5270.0000,5160.0000,5170.0000,2742.9058,345300
2004-02-11,5200.0000,5460.0000,5110.0000,5450.0000,2891.4590,914800
2004-02-12,5490.0000,6260.0000,5460.0000,6260.0000,3321.1973,2887700
2004-02-13,6700.0000,7180.0000,6600.0000,6900.0000,3660.7449,4953200
2004-02-16,7000.0000,7000.0000,6640.0000,6910.0000,3666.0513,1219300
2004-02-17,6910.0000,6910.0000,6550.0000,6590.0000,3496.2764,941800
2004-02-18,6600.0000,6730.0000,6570.0000,6610.0000,3506.8877,780400
2004-02-19,6550.0000,6650.0000,6320.0000,6550.0000,3475.0559,812500
2004-02-20,6480.0000,7060.0000,6450.0000,6850.0000,3634.2180,1313100
2004-02-23,6850.0000,7450.0000,6710.0000,7200.0000,3819.9080,1206700
2004-02-24,7250.0000,7270.0000,6980.0000,7010.0000,3719.1047,411500
2004-02-25,7000.0000,7150.0000,6860.0000,6900.0000,3660.7449,430500
2004-02-26,6890.0000,6990.0000,6550.0000,6600.0000,3501.5825,634000
2004-02-27,6650.0000,6690.0000,6510.0000,6590.0000,3496.2764,378200
2004-03-01,6590.0000,6590.0000,6590.0000,6590.0000,3496.2764,0
2004-03-02,6630.0000,6920.0000,6550.0000,6850.0000,3634.2180,1027100
2004-03-03,6750.0000,6820.0000,6650.0000,6670.0000,3538.7202,230200
2004-03-04,6690.0000,7010.0000,6690.0000,6870.0000,3644.8286,668600
2004-03-05,6860.0000,6900.0000,6710.0000,6740.0000,3575.8582,518000
2004-03-08,6830.0000,6830.0000,6600.0000,6640.0000,3522.8037,453500
2004-03-09,6560.0000,6720.0000,6560.0000,6580.0000,3490.9712,287300
2004-03-10,6500.0000,6500.0000,6320.0000,6470.0000,3432.6118,333600
2004-03-11,6330.0000,6390.0000,6230.0000,6290.0000,3337.1138,294500
2004-03-12,6200.0000,6200.0000,5510.0000,5810.0000,3082.4536,1057600
2004-03-15,5880.0000,6050.0000,5830.0000,6040.0000,3204.4788,393200
2004-03-16,5920.0000,5990.0000,5850.0000,5900.0000,3130.2024,202200
2004-03-17,5930.0000,6290.0000,5930.0000,6180.0000,3278.7549,362600
2004-03-18,6300.0000,6320.0000,6130.0000,6130.0000,3252.2275,197500
2004-03-19,6150.0000,6220.0000,6110.0000,6160.0000,3268.1440,154700
2004-03-22,6170.0000,6200.0000,6000.0000,6000.0000,3183.2566,134100
2004-03-23,5900.0000,6120.0000,5860.0000,6100.0000,3236.3105,132000
2004-03-24,6020.0000,6120.0000,5980.0000,6000.0000,3183.2566,172000
2004-03-25,5920.0000,6070.0000,5790.0000,5800.0000,3077.1487,247600
2004-03-26,5950.0000,5950.0000,5800.0000,5830.0000,3093.0642,182400
2004-03-29,5890.0000,6060.0000,5880.0000,5950.0000,3156.7300,314700
2004-03-30,5970.0000,6050.0000,5850.0000,5850.0000,3183.9426,117500
2004-03-31,5910.0000,5950.0000,5780.0000,5880.0000,3200.2705,160400
2004-04-01,5830.0000,5930.0000,5800.0000,5850.0000,3183.9426,183300
2004-04-02,5850.0000,6000.0000,5850.0000,5940.0000,3232.9263,285300
2004-04-05,5940.0000,5940.0000,5940.0000,5940.0000,3232.9263,0
2004-04-06,6090.0000,6100.0000,5920.0000,6100.0000,3320.0083,277400
2004-04-07,6140.0000,6800.0000,6050.0000,6630.0000,3608.4680,1201300
2004-04-08,6600.0000,6660.0000,6370.0000,6500.0000,3537.7136,281400
2004-04-09,6410.0000,6490.0000,6270.0000,6280.0000,3417.9766,201800
2004-04-12,6300.0000,6480.0000,6300.0000,6390.0000,3477.8452,287200
2004-04-13,6420.0000,6540.0000,6290.0000,6310.0000,3434.3032,253300
2004-04-14,6190.0000,6230.0000,6110.0000,6170.0000,3358.1067,136200
2004-04-15,6170.0000,6170.0000,6170.0000,6170.0000,3358.1067,0
2004-04-16,6140.0000,6200.0000,6110.0000,6110.0000,3325.4519,152500
2004-04-19,6060.0000,6100.0000,6040.0000,6090.0000,3314.5659,131700
2004-04-20,6100.0000,6320.0000,6100.0000,6200.0000,3374.4351,233200
2004-04-21,6190.0000,6240.0000,6120.0000,6150.0000,3347.2222,233700
2004-04-22,6240.0000,6580.0000,6100.0000,6470.0000,3521.3865,1045500
2004-04-23,6630.0000,7000.0000,6620.0000,7000.0000,3809.8455,1404700
2004-04-26,7000.0000,7070.0000,6790.0000,6900.0000,3755.4192,533800
2004-04-27,6850.0000,6880.0000,6580.0000,6670.0000,3630.2388,501900
2004-04-28,6610.0000,6690.0000,6490.0000,6570.0000,3575.8127,344700
2004-04-29,6550.0000,6570.0000,6190.0000,6430.0000,3499.6160,1084300
2004-04-30,6420.0000,6590.0000,6300.0000,6500.0000,3537.7136,372200
2004-05-03,6400.0000,6700.0000,6400.0000,6630.0000,3608.4680,246800
2004-05-04,6650.0000,6710.0000,6580.0000,6600.0000,3592.1406,261300
2004-05-05,6600.0000,6600.0000,6600.0000,6600.0000,3592.1406,0
2004-05-06,6640.0000,6640.0000,6200.0000,6200.0000,3374.4351,370600
2004-05-07,6140.0000,6200.0000,5960.0000,6050.0000,3292.7952,267700
2004-05-10,6000.0000,6080.0000,5700.0000,5740.0000,3124.0740,411100
2004-05-11,5560.0000,5850.0000,5560.0000,5750.0000,3129.5154,452300
2004-05-12,5850.0000,5980.0000,5750.0000,5970.0000,3249.2544,271300
2004-05-13,5940.0000,6000.0000,5810.0000,5960.0000,3243.8118,441300
2004-05-14,6000.0000,6180.0000,5900.0000,5990.0000,3260.1404,666000
2004-05-17,6050.0000,6100.0000,5590.0000,5850.0000,3183.9426,369800
2004-05-18,5700.0000,5740.0000,5500.0000,5700.0000,3102.3035,445200
2004-05-19,5750.0000,6040.0000,5750.0000,5960.0000,3243.8118,524700
2004-05-20,5900.0000,5970.0000,5640.0000,5800.0000,3156.7300,249400
2004-05-21,5780.0000,5990.0000,5780.0000,5970.0000,3249.2544,279600
2004-05-24,5900.0000,6140.0000,5900.0000,6110.0000,3325.4519,403500
2004-05-25,5960.0000,6140.0000,5910.0000,6030.0000,3281.9106,285400
2004-05-26,6030.0000,6030.0000,6030.0000,6030.0000,3281.9106,0
2004-05-27,6090.0000,6160.0000,6010.0000,6140.0000,3341.7793,233800
2004-05-28,6140.0000,6270.0000,5860.0000,5870.0000,3194.8276,387300
2004-05-31,5870.0000,5960.0000,5820.0000,5830.0000,3173.0574,141900
2004-06-01,5820.0000,5960.0000,5820.0000,5920.0000,3222.0408,74100
2004-06-02,5870.0000,6120.0000,5850.0000,6000.0000,3265.5820,197800
2004-06-03,6100.0000,6230.0000,5840.0000,5840.0000,3178.4998,504500
2004-06-04,5940.0000,5950.0000,5800.0000,5860.0000,3189.3855,97900
2004-06-07,5910.0000,6350.0000,5910.0000,6350.0000,3456.0742,457700
2004-06-08,6380.0000,6470.0000,6230.0000,6330.0000,3445.1897,220300
2004-06-09,6410.0000,6650.0000,6200.0000,6270.0000,3412.5334,369700
2004-06-10,6290.0000,6290.0000,6160.0000,6240.0000,3396.2058,76200
2004-06-11,6210.0000,6240.0000,6000.0000,6040.0000,3287.3530,134900
2004-06-14,5920.0000,6070.0000,5850.0000,5910.0000,3216.5981,118000
2004-06-15,5920.0000,6240.0000,5920.0000,6150.0000,3347.2222,254200
2004-06-16,6240.0000,6410.0000,6200.0000,6300.0000,3428.8621,419500
2004-06-17,6300.0000,6300.0000,6090.0000,6200.0000,3374.4351,193900
2004-06-18,6130.0000,6200.0000,6000.0000,6030.0000,3281.9106,54700
2004-06-21,5900.0000,6070.0000,5870.0000,5900.0000,3211.1555,142000
2004-06-22,5880.0000,5940.0000,5800.0000,5810.0000,3162.1721,129700
2004-06-23,5800.0000,5820.0000,5580.0000,5660.0000,3080.5332,306200
2004-06-24,5740.0000,5990.0000,5740.0000,5960.0000,3243.8118,252800
2004-06-25,5870.0000,6060.0000,5810.0000,6050.0000,3292.7952,205200
2004-06-28,6000.0000,6040.0000,5900.0000,5990.0000,3260.1404,90600
2004-06-29,5880.0000,5980.0000,5880.0000,5980.0000,3254.6965,71300
2004-06-30,6010.0000,6220.0000,6010.0000,6190.0000,3368.9917,166000
2004-07-01,6190.0000,6250.0000,6080.0000,6150.0000,3347.2222,225600
2004-07-02,6040.0000,6130.0000,5970.0000,6130.0000,3336.3367,103000
2004-07-05,6150.0000,6480.0000,6150.0000,6410.0000,3488.7297,245600
2004-07-06,6480.0000,6500.0000,6250.0000,6260.0000,3407.0901,89800
2004-07-07,6070.0000,6200.0000,6070.0000,6140.0000,3341.7793,83600
2004-07-08,6060.0000,6200.0000,6050.0000,6080.0000,3309.1235,36600
2004-07-09,6050.0000,6240.0000,6050.0000,6210.0000,3379.8774,86700
2004-07-12,6170.0000,6270.0000,6160.0000,6190.0000,3368.9917,108500
2004-07-13,6140.0000,6180.0000,5990.0000,6020.0000,3276.4673,251200
2004-07-14,5970.0000,6350.0000,5960.0000,6030.0000,3281.9106,498900
2004-07-15,6130.0000,6150.0000,5880.0000,5990.0000,3260.1404,143900
2004-07-16,6000.0000,6030.0000,5870.0000,5940.0000,3232.9263,137100
2004-07-19,5810.0000,5900.0000,5730.0000,5860.0000,3189.3855,581100
2004-07-20,5920.0000,5920.0000,5750.0000,5860.0000,3189.3855,292300
2004-07-21,5910.0000,6060.0000,5860.0000,5920.0000,3222.0408,430300
2004-07-22,5820.0000,5850.0000,5760.0000,5800.0000,3156.7300,115500
2004-07-23,5750.0000,5820.0000,5700.0000,5710.0000,3107.7458,153200
2004-07-26,5620.0000,5730.0000,5620.0000,5730.0000,3118.6309,80900
2004-07-27,5660.0000,5900.0000,5640.0000,5850.0000,3183.9426,172600
2004-07-28,5890.0000,6050.0000,5850.0000,5860.0000,3189.3855,185500
2004-07-29,5820.0000,5940.0000,5760.0000,5930.0000,3227.4839,128500
2004-07-30,5870.0000,5970.0000,5830.0000,5830.0000,3173.0574,93900
2004-08-02,5760.0000,5870.0000,5750.0000,5860.0000,3189.3855,120800
2004-08-03,5820.0000,5940.0000,5820.0000,5880.0000,3200.2705,88800
2004-08-04,5800.0000,5900.0000,5800.0000,5870.0000,3194.8276,72600
2004-08-05,5870.0000,5940.0000,5700.0000,5830.0000,3173.0574,295100
2004-08-06,5760.0000,5830.0000,5700.0000,5700.0000,3102.3035,238800
2004-08-09,5700.0000,5760.0000,5670.0000,5690.0000,3096.8604,107200
2004-08-10,5740.0000,5740.0000,5670.0000,5680.0000,3091.4177,69800
2004-08-11,5730.0000,5820.0000,5710.0000,5710.0000,3107.7458,104400
2004-08-12,5680.0000,5820.0000,5680.0000,5760.0000,3134.9585,67100
2004-08-13,5750.0000,6070.0000,5750.0000,6050.0000,3292.7952,446500
2004-08-16,6050.0000,6100.0000,5960.0000,6010.0000,3271.0256,126400
2004-08-17,6090.0000,6140.0000,5950.0000,5990.0000,3260.1404,72800
2004-08-18,5960.0000,6080.0000,5960.0000,6020.0000,3276.4673,80000
2004-08-19,6090.0000,6220.0000,6020.0000,6180.0000,3363.5503,392600
2004-08-20,6170.0000,6180.0000,6010.0000,6050.0000,3292.7952,93500
2004-08-23,6090.0000,6090.0000,5980.0000,5980.0000,3254.6965,83500
2004-08-24,5960.0000,6030.0000,5900.0000,5990.0000,3260.1404,118300
2004-08-25,5950.0000,6050.0000,5900.0000,6050.0000,3292.7952,153700
2004-08-26,6100.0000,6140.0000,6050.0000,6080.0000,3309.1235,230700
2004-08-27,6100.0000,6120.0000,6040.0000,6080.0000,3309.1235,144000
2004-08-30,6100.0000,6100.0000,6000.0000,6000.0000,3265.5820,99700
2004-08-31,5970.0000,6050.0000,5970.0000,6030.0000,3281.9106,55400
2004-09-01,6050.0000,6200.0000,6000.0000,6200.0000,3374.4351,190400
2004-09-02,6190.0000,6380.0000,6110.0000,6360.0000,3461.5173,380400
2004-09-03,6400.0000,6460.0000,6350.0000,6450.0000,3510.5005,636000
2004-09-06,6500.0000,6550.0000,6350.0000,6480.0000,3526.8289,627300
2004-09-07,6400.0000,6430.0000,6210.0000,6260.0000,3407.0901,224200
2004-09-08,6270.0000,6300.0000,6190.0000,6200.0000,3374.4351,191600
2004-09-09,6140.0000,6280.0000,6080.0000,6140.0000,3341.7793,95500
2004-09-10,6190.0000,6190.0000,6030.0000,6160.0000,3352.6648,86700
2004-09-13,6200.0000,6630.0000,6190.0000,6560.0000,3570.3701,665200
2004-09-14,6700.0000,6750.0000,6530.0000,6750.0000,3673.7798,897400
2004-09-15,6800.0000,6800.0000,6570.0000,6650.0000,3619.3533,411700
2004-09-16,6450.0000,6590.0000,6450.0000,6500.0000,3537.7136,307300
2004-09-17,6500.0000,6540.0000,6380.0000,6400.0000,3483.2883,53900
2004-09-20,6420.0000,6720.0000,6420.0000,6700.0000,3646.5662,356000
2004-09-21,6700.0000,6940.0000,6620.0000,6850.0000,3728.2065,337700
2004-09-22,6830.0000,6940.0000,6630.0000,6630.0000,3608.4680,58900
2004-09-23,6600.0000,6840.0000,6550.0000,6820.0000,3711.8779,153300
2004-09-24,6800.0000,6800.0000,6670.0000,6690.0000,3641.1245,52500
2004-09-27,6690.0000,6690.0000,6690.0000,6690.0000,3641.1245,0
2004-09-28,6690.0000,6690.0000,6690.0000,6690.0000,3641.1245,0
2004-09-29,6690.0000,6690.0000,6690.0000,6690.0000,3641.1245,0
2004-09-30,6600.0000,6650.0000,6480.0000,6540.0000,3559.4846,96100
2004-10-01,6600.0000,6620.0000,6540.0000,6600.0000,3592.1406,77000
2004-10-04,6770.0000,6850.0000,6700.0000,6850.0000,3728.2065,364000
2004-10-05,6900.0000,6900.0000,6720.0000,6870.0000,3739.0916,180300
2004-10-06,6780.0000,7000.0000,6750.0000,6900.0000,3755.4192,282400
2004-10-07,6820.0000,7000.0000,6820.0000,6900.0000,3755.4192,72600
2004-10-08,6890.0000,6890.0000,6700.0000,6740.0000,3668.3372,160300
2004-10-11,6700.0000,6800.0000,6600.0000,6750.0000,3673.7798,71900
2004-10-12,6710.0000,6810.0000,6670.0000,6740.0000,3668.3372,136100
2004-10-13,6710.0000,6800.0000,6710.0000,6740.0000,3668.3372,136500
2004-10-14,6740.0000,6750.0000,6650.0000,6650.0000,3619.3533,129900
2004-10-15,6400.0000,6470.0000,6340.0000,6400.0000,3483.2883,514700
2004-10-18,6480.0000,6480.0000,6390.0000,6400.0000,3483.2883,169700
2004-10-19,6470.0000,6510.0000,6420.0000,6500.0000,3537.7136,72200
2004-10-20,6400.0000,6560.0000,6350.0000,6350.0000,3456.0742,112400
2004-10-21,6380.0000,6400.0000,6330.0000,6350.0000,3456.0742,136100
2004-10-22,6350.0000,6420.0000,6230.0000,6280.0000,3417.9766,88700
2004-10-25,6200.0000,6220.0000,6060.0000,6110.0000,3325.4519,58900
2004-10-26,6100.0000,6310.0000,6100.0000,6310.0000,3434.3032,43700
2004-10-27,6260.0000,6380.0000,6170.0000,6190.0000,3368.9917,161000
2004-10-28,6500.0000,6680.0000,6390.0000,6450.0000,3510.5005,216400
2004-10-29,6550.0000,6570.0000,6370.0000,6400.0000,3483.2883,208200
2004-11-01,6400.0000,6490.0000,6350.0000,6400.0000,3483.2883,59900
2004-11-02,6410.0000,6470.0000,6410.0000,6430.0000,3499.6160,64900
2004-11-03,6450.0000,6520.0000,6390.0000,6520.0000,3548.5989,88500
2004-11-04,6690.0000,6990.0000,6540.0000,6990.0000,3804.4038,868900
2004-11-05,7020.0000,7450.0000,7000.0000,7450.0000,4054.7644,1469900
2004-11-08,7500.0000,8100.0000,7230.0000,7890.0000,4294.2402,1047900
2004-11-09,7720.0000,7960.0000,7650.0000,7920.0000,4310.5684,388000
2004-11-10,7850.0000,7960.0000,7800.0000,7900.0000,4299.6841,319600
2004-11-11,8000.0000,8290.0000,8000.0000,8290.0000,4511.9458,639800
2004-11-12,8410.0000,8980.0000,8410.0000,8950.0000,4871.1611,701600
2004-11-15,9130.0000,9900.0000,9070.0000,9400.0000,5116.0776,1276200
2004-11-16,9490.0000,9650.0000,9010.0000,9350.0000,5088.8647,753300
2004-11-17,9500.0000,9500.0000,8780.0000,8970.0000,4882.0449,604700
2004-11-18,8710.0000,8910.0000,8200.0000,8360.0000,4550.0444,1044300
2004-11-19,8400.0000,8630.0000,8390.0000,8420.0000,4582.7002,432000
2004-11-22,8180.0000,8390.0000,8180.0000,8300.0000,4517.3887,285400
2004-11-23,8310.0000,8630.0000,8280.0000,8500.0000,4626.2422,417300
2004-11-24,8500.0000,9200.0000,8500.0000,9150.0000,4980.0137,802800
2004-11-25,9380.0000,9380.0000,8910.0000,9150.0000,4980.0137,368000
2004-11-26,9150.0000,9200.0000,8990.0000,9040.0000,4920.1445,292900
2004-11-29,9010.0000,9100.0000,8820.0000,8900.0000,4843.9463,150600
2004-11-30,8870.0000,9050.0000,8680.0000,8900.0000,4843.9463,208700
2004-12-01,8800.0000,9230.0000,8800.0000,9150.0000,4980.0137,190700
2004-12-02,9290.0000,9880.0000,9290.0000,9880.0000,5377.3252,850700
2004-12-03,9980.0000,9980.0000,9450.0000,9570.0000,5208.6021,158400
2004-12-06,9560.0000,9560.0000,9200.0000,9200.0000,5007.2266,124600
2004-12-07,9150.0000,9410.0000,9110.0000,9200.0000,5007.2266,117100
2004-12-08,9050.0000,9330.0000,9050.0000,9200.0000,5007.2266,112100
2004-12-09,9210.0000,9250.0000,8880.0000,9100.0000,4952.8003,294500
2004-12-10,8990.0000,9380.0000,8980.0000,8990.0000,4892.9302,284300
2004-12-13,8850.0000,9000.0000,8750.0000,8820.0000,4800.4062,151300
2004-12-14,8910.0000,8950.0000,8680.0000,8910.0000,4849.3896,155100
2004-12-15,8910.0000,9070.0000,8680.0000,8780.0000,4778.6353,176100
2004-12-16,8800.0000,8930.0000,8720.0000,8870.0000,4827.6182,150800
2004-12-17,9000.0000,9950.0000,9000.0000,9480.0000,5159.6201,850600
2004-12-20,9450.0000,9480.0000,9120.0000,9480.0000,5159.6201,199300
2004-12-21,9420.0000,9510.0000,9120.0000,9120.0000,4963.6846,163500
2004-12-22,9200.0000,9530.0000,9200.0000,9290.0000,5056.2095,490200
2004-12-23,9340.0000,9430.0000,9060.0000,9060.0000,4931.0288,374000
2004-12-24,9100.0000,9110.0000,8970.0000,9060.0000,4931.0288,192000
2004-12-27,9000.0000,9060.0000,8840.0000,8990.0000,4892.9302,144200
2004-12-28,8770.0000,9000.0000,8770.0000,8920.0000,4854.8315,136700
2004-12-29,8930.0000,9370.0000,8900.0000,9360.0000,5094.3086,270200
2004-12-30,9390.0000,9800.0000,9280.0000,9800.0000,5333.7842,529600
2004-12-31,9800.0000,9800.0000,9800.0000,9800.0000,5333.7842,0
2005-01-03,9800.0000,9800.0000,9510.0000,9550.0000,5197.7183,109000
2005-01-04,9600.0000,9800.0000,9380.0000,9570.0000,5208.6021,227500
2005-01-05,9390.0000,9730.0000,9390.0000,9590.0000,5219.4888,136300
2005-01-06,9670.0000,9800.0000,9510.0000,9510.0000,5175.9482,277600
2005-01-07,9500.0000,9790.0000,9500.0000,9790.0000,5328.3408,584700
2005-01-10,9630.0000,9800.0000,9510.0000,9510.0000,5175.9482,353400
2005-01-11,9500.0000,9700.0000,9340.0000,9680.0000,5268.4731,227900
2005-01-12,9630.0000,9750.0000,9470.0000,9470.0000,5154.1768,150000
2005-01-13,9500.0000,9630.0000,9380.0000,9620.0000,5235.8174,99600
2005-01-14,9540.0000,9730.0000,9540.0000,9700.0000,5279.3589,105800
2005-01-17,9800.0000,10600.0000,9750.0000,10500.0000,5714.7695,777600
2005-01-18,10500.0000,10800.0000,10350.0000,10450.0000,5687.5552,434800
2005-01-19,10500.0000,10550.0000,10200.0000,10300.0000,5605.9175,247800
2005-01-20,10500.0000,10550.0000,10250.0000,10400.0000,5660.3423,412400
2005-01-21,10350.0000,10950.0000,10250.0000,10800.0000,5878.0474,254700
2005-01-24,11000.0000,11350.0000,10800.0000,11150.0000,6068.5391,522900
2005-01-25,11250.0000,12350.0000,11100.0000,11200.0000,6095.7534,1309000
2005-01-26,11600.0000,11950.0000,11150.0000,11300.0000,6150.1807,744300
2005-01-27,11450.0000,12100.0000,11200.0000,11950.0000,6503.9507,942500
2005-01-28,11600.0000,12200.0000,11600.0000,12050.0000,6558.3784,223700
2005-01-31,12100.0000,12450.0000,11850.0000,12450.0000,6776.0830,602900
2005-02-01,12600.0000,12600.0000,12250.0000,12500.0000,6803.2969,272600
2005-02-02,12500.0000,12500.0000,11800.0000,12200.0000,6640.0166,471100
2005-02-03,12000.0000,12200.0000,11950.0000,12000.0000,6531.1641,203700
2005-02-04,11850.0000,12750.0000,11850.0000,12700.0000,6912.1484,498900
2005-02-07,12900.0000,13100.0000,12750.0000,13100.0000,7129.8560,251100
2005-02-08,13100.0000,13100.0000,13100.0000,13100.0000,7129.8560,0
2005-02-09,13100.0000,13100.0000,13100.0000,13100.0000,7129.8560,0
2005-02-10,13100.0000,13100.0000,13100.0000,13100.0000,7129.8560,0
2005-02-11,12800.0000,13150.0000,12700.0000,13100.0000,7129.8560,166300
2005-02-14,13100.0000,13200.0000,12750.0000,13000.0000,7075.4272,475300
2005-02-15,13200.0000,13550.0000,12800.0000,13150.0000,7157.0669,410700
2005-02-16,13000.0000,13150.0000,12550.0000,12650.0000,6884.9360,563500
2005-02-17,12600.0000,12750.0000,12300.0000,12600.0000,6857.7241,224900
2005-02-18,12550.0000,12800.0000,12350.0000,12800.0000,6966.5767,276900
2005-02-21,12950.0000,13100.0000,12600.0000,12600.0000,6857.7241,295700
2005-02-22,12400.0000,13100.0000,12000.0000,13000.0000,7075.4272,1025200
2005-02-23,13000.0000,13000.0000,12500.0000,12900.0000,7021.0010,309200
2005-02-24,12650.0000,13800.0000,12500.0000,13800.0000,7510.8384,780400
2005-02-25,13900.0000,14300.0000,13350.0000,13350.0000,7265.9214,437000
2005-02-28,13700.0000,15350.0000,13650.0000,15350.0000,8354.4482,1711500
2005-03-01,15350.0000,15350.0000,15350.0000,15350.0000,8354.4482,0
2005-03-02,16000.0000,16600.0000,15100.0000,16000.0000,8708.2188,1448700
2005-03-03,15600.0000,15750.0000,14700.0000,15300.0000,8327.2344,720600
2005-03-04,15450.0000,15450.0000,14500.0000,14700.0000,8000.6763,406300
2005-03-07,14600.0000,15100.0000,14600.0000,15000.0000,8163.9536,423400
2005-03-08,15000.0000,15950.0000,14650.0000,15200.0000,8272.8086,717900
2005-03-09,14900.0000,15300.0000,14700.0000,14950.0000,8136.7432,255400
2005-03-10,14900.0000,15350.0000,14850.0000,15200.0000,8272.8086,280100
2005-03-11,15350.0000,15750.0000,15200.0000,15350.0000,8354.4482,338100
2005-03-14,15700.0000,15750.0000,15300.0000,15750.0000,8572.1543,504200
2005-03-15,16000.0000,16000.0000,15100.0000,15300.0000,8327.2344,453500
2005-03-16,15100.0000,15800.0000,14750.0000,15550.0000,8463.2998,343700
2005-03-17,15300.0000,15500.0000,15000.0000,15000.0000,8163.9536,218700
2005-03-18,14800.0000,15350.0000,14800.0000,15300.0000,8327.2344,262800
2005-03-21,15350.0000,15350.0000,14600.0000,15000.0000,8163.9536,229200
2005-03-22,15000.0000,15150.0000,14850.0000,15050.0000,8191.1670,148200
2005-03-23,15050.0000,15050.0000,14450.0000,14500.0000,7891.8232,412600
2005-03-24,14550.0000,14650.0000,13400.0000,13700.0000,7456.4131,649900
2005-03-25,13850.0000,14200.0000,13400.0000,14100.0000,7674.1191,231000
2005-03-28,14300.0000,14600.0000,14300.0000,14400.0000,7837.3975,190000
2005-03-29,14300.0000,14550.0000,13600.0000,13600.0000,7401.9863,186300
2005-03-30,13700.0000,13900.0000,13450.0000,13700.0000,7741.0088,143300
2005-03-31,14050.0000,14100.0000,13600.0000,13700.0000,7741.0088,277800
2005-04-01,13900.0000,14900.0000,13800.0000,14900.0000,8419.0527,420600
2005-04-04,14900.0000,15000.0000,14450.0000,15000.0000,8475.5547,188300
2005-04-05,15000.0000,15000.0000,15000.0000,15000.0000,8475.5547,0
2005-04-06,15100.0000,15100.0000,14650.0000,15000.0000,8475.5547,155500
2005-04-07,14900.0000,15300.0000,14900.0000,15150.0000,8560.3154,213900
2005-04-08,15400.0000,15400.0000,14850.0000,14850.0000,8390.8027,109000
2005-04-11,14850.0000,14850.0000,14600.0000,14650.0000,8277.7920,154000
2005-04-12,14400.0000,14700.0000,14100.0000,14100.0000,7967.0239,179100
2005-04-13,14300.0000,14400.0000,14000.0000,14100.0000,7967.0239,267300
2005-04-14,14000.0000,14000.0000,13700.0000,13750.0000,7769.2607,255600
2005-04-15,13950.0000,14000.0000,13700.0000,13800.0000,7797.5117,319500
2005-04-18,13550.0000,13600.0000,13350.0000,13500.0000,7628.0005,407700
2005-04-19,13500.0000,13850.0000,13500.0000,13850.0000,7825.7632,139200
2005-04-20,14000.0000,14850.0000,14000.0000,14300.0000,8080.0308,353700
2005-04-21,14200.0000,14300.0000,13850.0000,14300.0000,8080.0308,221800
2005-04-22,14850.0000,15000.0000,14650.0000,14800.0000,8362.5498,472500
2005-04-25,14500.0000,14900.0000,14500.0000,14800.0000,8362.5498,72900
2005-04-26,14850.0000,15050.0000,14800.0000,14850.0000,8390.8027,178200
2005-04-27,14500.0000,14700.0000,14150.0000,14500.0000,8193.0381,125000
2005-04-28,14500.0000,14600.0000,14050.0000,14350.0000,8108.2832,93100
2005-04-29,13900.0000,14200.0000,13800.0000,14200.0000,8023.5273,128500
2005-05-02,14200.0000,14350.0000,13650.0000,13750.0000,7769.2607,179600
2005-05-03,13700.0000,13950.0000,13500.0000,13500.0000,7628.0005,230300
2005-05-04,13600.0000,13950.0000,13500.0000,13850.0000,7825.7632,155800
2005-05-05,13850.0000,13850.0000,13850.0000,13850.0000,7825.7632,0
2005-05-06,13900.0000,14200.0000,13800.0000,14000.0000,7910.5186,170500
2005-05-09,14050.0000,14200.0000,13900.0000,14050.0000,7938.7725,111200
2005-05-10,14200.0000,14200.0000,13900.0000,14150.0000,7995.2754,54000
2005-05-11,14000.0000,14050.0000,13700.0000,13950.0000,7882.2681,97400
2005-05-12,13950.0000,13950.0000,13650.0000,13900.0000,7854.0171,86700
2005-05-13,13900.0000,14100.0000,13650.0000,14000.0000,7910.5186,440500
2005-05-16,14000.0000,14300.0000,13950.0000,14100.0000,7967.0239,110800
2005-05-17,14200.0000,14250.0000,13900.0000,13900.0000,7854.0171,104600
2005-05-18,13950.0000,14050.0000,13850.0000,13900.0000,7854.0171,100500
2005-05-19,14050.0000,14250.0000,14000.0000,14250.0000,8051.7798,235000
2005-05-20,14400.0000,14400.0000,14100.0000,14400.0000,8136.5342,92600
2005-05-23,14800.0000,15250.0000,14650.0000,15150.0000,8560.3154,467400
2005-05-24,15250.0000,15300.0000,15000.0000,15200.0000,8588.5645,130600
2005-05-25,15300.0000,15600.0000,15250.0000,15500.0000,8758.0732,395400
2005-05-26,15500.0000,15700.0000,15500.0000,15700.0000,8871.0840,168400
2005-05-27,15850.0000,16300.0000,15800.0000,16300.0000,9210.1055,289500
2005-05-30,16350.0000,16900.0000,16350.0000,16800.0000,9492.6230,403200
2005-05-31,16700.0000,17250.0000,16400.0000,17200.0000,9718.6396,622200
2005-06-01,17150.0000,17150.0000,16650.0000,16700.0000,9436.1201,659700
2005-06-02,16600.0000,17000.0000,16500.0000,16800.0000,9492.6230,231500
2005-06-03,16700.0000,16950.0000,16550.0000,16800.0000,9492.6230,184300
2005-06-06,16800.0000,16800.0000,16800.0000,16800.0000,9492.6230,0
2005-06-07,16600.0000,16650.0000,16400.0000,16400.0000,9266.6074,235100
2005-06-08,16150.0000,17200.0000,16100.0000,16950.0000,9577.3799,294400
2005-06-09,17200.0000,17400.0000,16700.0000,17400.0000,9831.6465,510400
2005-06-10,17400.0000,17450.0000,17150.0000,17200.0000,9718.6396,239000
2005-06-13,17050.0000,17500.0000,16900.0000,16900.0000,9549.1270,155100
2005-06-14,16600.0000,17150.0000,16600.0000,16800.0000,9492.6230,269300
2005-06-15,17200.0000,17850.0000,16900.0000,17850.0000,10085.9111,317500
2005-06-16,17900.0000,18050.0000,17500.0000,18050.0000,10198.9199,257500
2005-06-17,18000.0000,18350.0000,17800.0000,18050.0000,10198.9199,168200
2005-06-20,18000.0000,18050.0000,17550.0000,17700.0000,10001.1562,197400
2005-06-21,17950.0000,17950.0000,17700.0000,17800.0000,10057.6592,106600
2005-06-22,17000.0000,18150.0000,17000.0000,17800.0000,10057.6592,490000
2005-06-23,17700.0000,17900.0000,17450.0000,17750.0000,10029.4092,395100
2005-06-24,17450.0000,18100.0000,17450.0000,18100.0000,10227.1729,382700
2005-06-27,17700.0000,18050.0000,17650.0000,17900.0000,10114.1660,231200
2005-06-28,17750.0000,18300.0000,17750.0000,17900.0000,10114.1660,330300
2005-06-29,18300.0000,18700.0000,18100.0000,18300.0000,10340.1807,266900
2005-06-30,18450.0000,18650.0000,18050.0000,18600.0000,10509.6904,272800
2005-07-01,18400.0000,19650.0000,18400.0000,19500.0000,11018.2256,287000
2005-07-04,19800.0000,19850.0000,19450.0000,19700.0000,11131.2305,193300
2005-07-05,19700.0000,19800.0000,19300.0000,19400.0000,10961.7227,155000
2005-07-06,19300.0000,19500.0000,18450.0000,18500.0000,10453.1865,332200
2005-07-07,18150.0000,18400.0000,18000.0000,18100.0000,10227.1729,433600
2005-07-08,18000.0000,18450.0000,17850.0000,18050.0000,10198.9199,179700
2005-07-11,18200.0000,19600.0000,18200.0000,19500.0000,11018.2256,352400
2005-07-12,19750.0000,19950.0000,19000.0000,19200.0000,10848.7109,254400
2005-07-13,19900.0000,20800.0000,19800.0000,20800.0000,11752.7705,846100
2005-07-14,20850.0000,22150.0000,20600.0000,21650.0000,12233.0537,526000
2005-07-15,22500.0000,23300.0000,22000.0000,23050.0000,13024.1055,1475600
2005-07-18,23000.0000,23250.0000,22600.0000,23100.0000,13052.3594,397700
2005-07-19,23000.0000,23000.0000,22200.0000,22600.0000,12769.8408,490700
2005-07-20,22650.0000,23300.0000,22300.0000,22600.0000,12769.8408,684400
2005-07-21,22650.0000,22700.0000,21700.0000,21700.0000,12261.3066,256900
2005-07-22,21400.0000,22300.0000,21400.0000,21500.0000,12148.2998,128300
2005-07-25,21050.0000,22400.0000,21050.0000,22400.0000,12656.8320,169700
2005-07-26,22600.0000,22950.0000,22550.0000,22650.0000,12798.0898,387000
2005-07-27,22750.0000,23800.0000,22500.0000,22650.0000,12798.0898,460100
2005-07-28,22900.0000,23200.0000,22600.0000,23000.0000,12995.8506,318900
2005-07-29,23600.0000,23600.0000,22950.0000,23500.0000,13278.3691,476800
2005-08-01,22700.0000,23350.0000,22700.0000,23050.0000,13024.1055,170800
2005-08-02,23000.0000,23050.0000,22700.0000,22850.0000,12911.0986,117700
2005-08-03,22700.0000,23500.0000,22700.0000,23350.0000,13193.6162,322600
2005-08-04,23150.0000,23350.0000,21750.0000,22000.0000,12430.8154,389500
2005-08-05,21650.0000,22000.0000,21100.0000,21350.0000,12063.5430,209500
2005-08-08,20700.0000,21800.0000,20700.0000,21400.0000,12091.7949,214400
2005-08-09,21200.0000,22550.0000,21150.0000,22550.0000,12741.5869,137100
2005-08-10,22350.0000,23400.0000,22300.0000,23050.0000,13024.1055,243400
2005-08-11,23100.0000,24350.0000,23050.0000,24300.0000,13730.4023,350300
2005-08-12,24750.0000,24750.0000,23050.0000,23100.0000,13052.3594,569000
2005-08-15,23100.0000,23100.0000,23100.0000,23100.0000,13052.3594,0
2005-08-16,23250.0000,23450.0000,22100.0000,22300.0000,12600.3262,320300
2005-08-17,21900.0000,22100.0000,21600.0000,22000.0000,12430.8154,309000
2005-08-18,22500.0000,23400.0000,22250.0000,22250.0000,12572.0781,781400
2005-08-19,22150.0000,22450.0000,21850.0000,22100.0000,12487.3213,243100
2005-08-22,22250.0000,23750.0000,22000.0000,23750.0000,13419.6289,547300
2005-08-23,24200.0000,24750.0000,23900.0000,24650.0000,13928.1660,570200
2005-08-24,24650.0000,24850.0000,23200.0000,23750.0000,13419.6289,300700
2005-08-25,23550.0000,24650.0000,23150.0000,24500.0000,13843.4102,475200
2005-08-26,24000.0000,25100.0000,23600.0000,23650.0000,13363.1279,177800
2005-08-29,23000.0000,23000.0000,21600.0000,22200.0000,12543.8242,263300
2005-08-30,22700.0000,23250.0000,22050.0000,22500.0000,12713.3350,328300
2005-08-31,22450.0000,22700.0000,21900.0000,22550.0000,12741.5869,224900
2005-09-01,22700.0000,23300.0000,22500.0000,23000.0000,12995.8506,355900
2005-09-02,23300.0000,23650.0000,23000.0000,23050.0000,13024.1055,276100
2005-09-05,23300.0000,23300.0000,22800.0000,23000.0000,12995.8506,133500
2005-09-06,23000.0000,23800.0000,23000.0000,23500.0000,13278.3691,260400
2005-09-07,23800.0000,23900.0000,23500.0000,23800.0000,13447.8848,337800
2005-09-08,24100.0000,25000.0000,24050.0000,25000.0000,14125.9287,680600
2005-09-09,25300.0000,26700.0000,24750.0000,26450.0000,14945.2314,560000
2005-09-12,26750.0000,27850.0000,26100.0000,27000.0000,15256.0010,484500
2005-09-13,27300.0000,27300.0000,25800.0000,25800.0000,14577.9561,173700
2005-09-14,25900.0000,26800.0000,25700.0000,26600.0000,15029.9863,212200
2005-09-15,26750.0000,27300.0000,25700.0000,26600.0000,15029.9863,270200
2005-09-16,26900.0000,27900.0000,26700.0000,27900.0000,15764.5361,264200
2005-09-19,27900.0000,27900.0000,27900.0000,27900.0000,15764.5361,0
2005-09-20,29000.0000,29350.0000,28300.0000,28950.0000,16357.8242,379300
2005-09-21,28950.0000,29550.0000,28500.0000,28800.0000,16273.0684,242100
2005-09-22,28400.0000,29300.0000,28300.0000,29100.0000,16442.5781,248300
2005-09-23,29100.0000,29150.0000,27850.0000,27950.0000,15792.7881,1748900
2005-09-26,29000.0000,29150.0000,28450.0000,28950.0000,16357.8242,451500
2005-09-27,29500.0000,29600.0000,28600.0000,29000.0000,16386.0762,267500
2005-09-28,29500.0000,30900.0000,29200.0000,30900.0000,17459.6504,580900
2005-09-29,31200.0000,31700.0000,30750.0000,30800.0000,17403.1445,355264
2005-09-30,32500.0000,32500.0000,30000.0000,30500.0000,17233.6328,475318
2005-10-03,30500.0000,30500.0000,30500.0000,30500.0000,17233.6328,0
2005-10-04,30950.0000,32000.0000,30900.0000,31950.0000,18052.9375,227630
2005-10-05,32300.0000,32300.0000,31000.0000,31100.0000,17572.6523,210890
2005-10-06,30200.0000,30450.0000,28250.0000,29000.0000,16386.0762,589656
2005-10-07,29450.0000,29900.0000,29200.0000,29550.0000,16696.8457,513341
2005-10-10,29000.0000,29850.0000,28950.0000,29200.0000,16499.0840,379594
2005-10-11,29000.0000,30850.0000,28900.0000,30850.0000,17431.3945,234552
2005-10-12,31450.0000,31450.0000,30100.0000,30200.0000,17064.1191,339908
2005-10-13,30100.0000,30250.0000,29000.0000,30000.0000,16951.1094,421686
2005-10-14,30100.0000,30450.0000,28250.0000,28500.0000,16103.5596,290746
2005-10-17,28500.0000,28900.0000,27600.0000,27850.0000,15736.2822,240100
2005-10-18,28000.0000,28450.0000,27300.0000,27650.0000,15623.2773,202140
2005-10-19,27050.0000,27100.0000,24900.0000,25200.0000,14238.9385,497252
2005-10-20,25950.0000,27800.0000,25950.0000,27400.0000,15482.0176,582527
2005-10-21,26500.0000,27850.0000,26400.0000,27600.0000,15595.0234,480905
2005-10-24,27900.0000,27900.0000,27050.0000,27500.0000,15538.5215,155060
2005-10-25,28400.0000,28550.0000,27500.0000,27500.0000,15538.5215,236934
2005-10-26,27550.0000,28000.0000,27300.0000,27650.0000,15623.2773,165220
2005-10-27,27500.0000,27750.0000,26500.0000,27000.0000,15256.0010,178300
2005-10-28,26300.0000,27300.0000,26300.0000,26700.0000,15086.4922,289210
2005-10-31,27100.0000,27200.0000,26800.0000,26800.0000,15142.9922,232673
2005-11-01,27950.0000,30800.0000,27700.0000,30700.0000,17346.6406,907279
2005-11-02,31000.0000,31350.0000,30350.0000,30800.0000,17403.1445,426882
2005-11-03,31500.0000,31700.0000,30550.0000,31000.0000,17516.1465,307945
2005-11-04,31100.0000,31750.0000,29700.0000,30450.0000,17205.3770,322030
2005-11-07,30600.0000,31200.0000,29700.0000,30000.0000,16951.1094,296823
2005-11-08,30500.0000,30600.0000,29900.0000,30050.0000,16979.3652,145543
2005-11-09,29650.0000,30050.0000,28400.0000,28800.0000,16273.0684,504765
2005-11-10,28550.0000,29700.0000,28550.0000,29200.0000,16499.0840,300644
2005-11-11,30300.0000,31250.0000,30200.0000,31100.0000,17572.6523,499800
2005-11-14,31100.0000,31100.0000,30350.0000,30500.0000,17233.6328,191101
2005-11-15,30500.0000,31250.0000,29950.0000,30800.0000,17403.1445,313204
2005-11-16,31250.0000,33700.0000,31100.0000,33500.0000,18928.7441,722439
2005-11-17,34150.0000,35550.0000,33700.0000,34650.0000,19578.5352,1642869
2005-11-18,34950.0000,35650.0000,34550.0000,35000.0000,19776.3008,329395
2005-11-21,35050.0000,36450.0000,34500.0000,35450.0000,20030.5645,232252
2005-11-22,35050.0000,35450.0000,33800.0000,34000.0000,19211.2637,374870
2005-11-23,34500.0000,37950.0000,34150.0000,37950.0000,21443.1562,496198
2005-11-24,37950.0000,38250.0000,37050.0000,37250.0000,21047.6289,279610
2005-11-25,37400.0000,39300.0000,37400.0000,37850.0000,21386.6523,262045
2005-11-28,37850.0000,38350.0000,35950.0000,36350.0000,20539.0996,334474
2005-11-29,35300.0000,36050.0000,34000.0000,34500.0000,19493.7812,622182
2005-11-30,35300.0000,37200.0000,34900.0000,35600.0000,20115.3184,699266
2005-12-01,34850.0000,36300.0000,34850.0000,36200.0000,20454.3457,311525
2005-12-02,37500.0000,37550.0000,35250.0000,35400.0000,20002.3125,404245
2005-12-05,35000.0000,36200.0000,34800.0000,36200.0000,20454.3457,293397
2005-12-06,36000.0000,36500.0000,35550.0000,35700.0000,20171.8223,266828
2005-12-07,35500.0000,36300.0000,35050.0000,35700.0000,20171.8223,196515
2005-12-08,35700.0000,36750.0000,35350.0000,36000.0000,20341.3398,327538
2005-12-09,35600.0000,36550.0000,35550.0000,36000.0000,20341.3398,277730
2005-12-12,36500.0000,39100.0000,36500.0000,38950.0000,22008.1953,664182
2005-12-13,39000.0000,40950.0000,39000.0000,40000.0000,22601.4883,457860
2005-12-14,40200.0000,40750.0000,38550.0000,39600.0000,22375.4648,276242
2005-12-15,40000.0000,40700.0000,39400.0000,40550.0000,22912.2578,159738
2005-12-16,39600.0000,40700.0000,39000.0000,40000.0000,22601.4883,167879
2005-12-19,40000.0000,40600.0000,39200.0000,40500.0000,22883.9980,152570
2005-12-20,39900.0000,40600.0000,39750.0000,40550.0000,22912.2578,129890
2005-12-21,40500.0000,42050.0000,40100.0000,41700.0000,23562.0469,293146
2005-12-22,41750.0000,41800.0000,39700.0000,40000.0000,22601.4883,272300
2005-12-23,40000.0000,40300.0000,38300.0000,38700.0000,21866.9375,211166
2005-12-26,38700.0000,40000.0000,38700.0000,38950.0000,22008.1953,139700
2005-12-27,38750.0000,39850.0000,38550.0000,39000.0000,22036.4512,109658
2005-12-28,39050.0000,41500.0000,38750.0000,41500.0000,23449.0410,244398
2005-12-29,41500.0000,43200.0000,40850.0000,43000.0000,24296.5996,568033
2006-01-02,43000.0000,43000.0000,41650.0000,42300.0000,23901.0684,208076
2006-01-03,42300.0000,43000.0000,41750.0000,42450.0000,23985.8242,290409
2006-01-04,43000.0000,43200.0000,41850.0000,42050.0000,23759.8105,244247
2006-01-05,42250.0000,42250.0000,40200.0000,41300.0000,23336.0332,346598
2006-01-06,41300.0000,42300.0000,41300.0000,42200.0000,23844.5664,200368
2006-01-09,42800.0000,43200.0000,41850.0000,42550.0000,24042.3320,362503
2006-01-10,42100.0000,43000.0000,40250.0000,40800.0000,23053.5137,302714
2006-01-11,40000.0000,40700.0000,39600.0000,40000.0000,22601.4883,181879
2006-01-12,40000.0000,40000.0000,39250.0000,39300.0000,22205.9590,251064
2006-01-13,38500.0000,40000.0000,38500.0000,39950.0000,22573.2266,331640
2006-01-16,39950.0000,40100.0000,39350.0000,39600.0000,22375.4648,172277
2006-01-17,39250.0000,39950.0000,35150.0000,35650.0000,20143.5762,572963
2006-01-18,35000.0000,36650.0000,32500.0000,35650.0000,20143.5762,1014339
2006-01-19,36000.0000,36700.0000,35000.0000,35500.0000,20058.8184,350730
2006-01-20,35250.0000,37400.0000,34400.0000,34500.0000,19493.7812,381434
2006-01-23,33500.0000,35150.0000,31000.0000,31500.0000,17798.6719,441076
2006-01-24,31850.0000,34500.0000,31100.0000,33600.0000,18985.2461,673115
2006-01-25,34900.0000,36400.0000,34500.0000,36250.0000,20482.5938,517611
2006-01-26,36300.0000,37350.0000,35600.0000,37050.0000,20934.6289,183237
2006-01-27,37400.0000,39000.0000,37400.0000,39000.0000,22036.4512,252266
2006-01-31,39200.0000,40200.0000,38300.0000,39600.0000,22375.4648,197374
2006-02-01,39300.0000,40100.0000,38000.0000,38000.0000,21471.4121,244927
2006-02-02,38300.0000,39100.0000,36600.0000,38150.0000,21556.1699,158061
2006-02-03,37000.0000,37350.0000,34300.0000,36000.0000,20341.3398,518420
2006-02-06,35900.0000,35900.0000,33850.0000,35050.0000,19804.5488,599603
2006-02-07,35000.0000,35200.0000,32750.0000,32800.0000,18533.2148,578147
2006-02-08,32500.0000,33200.0000,31450.0000,31550.0000,17826.9219,490880
2006-02-09,32150.0000,33250.0000,31700.0000,32300.0000,18250.6973,380446
2006-02-10,32050.0000,34450.0000,32050.0000,34250.0000,19352.5215,339445
2006-02-13,34950.0000,34950.0000,33250.0000,33550.0000,18956.9980,234897
2006-02-14,33150.0000,34400.0000,32650.0000,34000.0000,19211.2637,257287
2006-02-15,34650.0000,34900.0000,32150.0000,32200.0000,18194.1914,465371
2006-02-16,32200.0000,33050.0000,31800.0000,32900.0000,18589.7207,486271
2006-02-17,33300.0000,34400.0000,33000.0000,33700.0000,19041.7480,500004
2006-02-20,35700.0000,37400.0000,35200.0000,36550.0000,20652.1055,634480
2006-02-21,36100.0000,36900.0000,35300.0000,36000.0000,20341.3398,215565
2006-02-22,35900.0000,36450.0000,34150.0000,34700.0000,19606.7891,294299
2006-02-23,35000.0000,35300.0000,34350.0000,34900.0000,19719.7969,236945
2006-02-24,35300.0000,35950.0000,35100.0000,35450.0000,20030.5645,224570
2006-02-27,35600.0000,37250.0000,35500.0000,37100.0000,20962.8730,491355
2006-02-28,37100.0000,38000.0000,36550.0000,37750.0000,21330.1543,186342
2006-03-02,38000.0000,38400.0000,37000.0000,37350.0000,21104.1328,287708
2006-03-03,36900.0000,37900.0000,35500.0000,35500.0000,20058.8184,263725
2006-03-06,35000.0000,35400.0000,34650.0000,35050.0000,19804.5488,439044
2006-03-07,34950.0000,35150.0000,33650.0000,34200.0000,19324.2715,371376
2006-03-08,34250.0000,34800.0000,33850.0000,34200.0000,19324.2715,184858
2006-03-09,33900.0000,35950.0000,33900.0000,34450.0000,19465.5312,180629
2006-03-10,34350.0000,35500.0000,34100.0000,35350.0000,19974.0605,87065
2006-03-13,36000.0000,36450.0000,35200.0000,35550.0000,20087.0684,86594
2006-03-14,35850.0000,35950.0000,33700.0000,34100.0000,19267.7656,125524
2006-03-15,34500.0000,35150.0000,34100.0000,34100.0000,19267.7656,127740
2006-03-16,34250.0000,34600.0000,33150.0000,33600.0000,18985.2461,164160
2006-03-17,33600.0000,33650.0000,32600.0000,33500.0000,18928.7441,175820
2006-03-20,33300.0000,34500.0000,33300.0000,34150.0000,19296.0156,71319
2006-03-21,34600.0000,34950.0000,33550.0000,33550.0000,18956.9980,151592
2006-03-22,32950.0000,33500.0000,32100.0000,32200.0000,18194.1914,252626
2006-03-23,32650.0000,32850.0000,32000.0000,32350.0000,18278.9492,155113
2006-03-24,32250.0000,33000.0000,32050.0000,32900.0000,18589.7207,158684
2006-03-27,33250.0000,33300.0000,32000.0000,32000.0000,18081.1875,352922
2006-03-28,32100.0000,32750.0000,31900.0000,32500.0000,18363.7070,173722
2006-03-29,32100.0000,33400.0000,32100.0000,32700.0000,18476.7109,238224
2006-03-30,32600.0000,33050.0000,32150.0000,32900.0000,19176.1465,139659
2006-03-31,32600.0000,34850.0000,32550.0000,34800.0000,20283.5879,246889
2006-04-03,35200.0000,37000.0000,35000.0000,36900.0000,21507.5918,343780
2006-04-04,37900.0000,39400.0000,37150.0000,39300.0000,22906.4648,674790
2006-04-05,39400.0000,39400.0000,37850.0000,39000.0000,22731.6035,264097
2006-04-06,39100.0000,39300.0000,38250.0000,38650.0000,22527.5996,178953
2006-04-07,39000.0000,39400.0000,38000.0000,39150.0000,22819.0352,189370
2006-04-10,39300.0000,40300.0000,39150.0000,39500.0000,23023.0430,408736
2006-04-11,39900.0000,39900.0000,37900.0000,38700.0000,22556.7461,129702
2006-04-12,38000.0000,38000.0000,37150.0000,37600.0000,21915.5957,161917
2006-04-13,38000.0000,38400.0000,37350.0000,38400.0000,22381.8867,162068
2006-04-14,38850.0000,40000.0000,38600.0000,40000.0000,23314.4688,294123
2006-04-17,40000.0000,40200.0000,39500.0000,39700.0000,23139.6035,189165
2006-04-18,38950.0000,39950.0000,38850.0000,39500.0000,23023.0430,275038
2006-04-19,40300.0000,41600.0000,39800.0000,41000.0000,23897.3242,517250
2006-04-20,40900.0000,41400.0000,40250.0000,41000.0000,23897.3242,410576
2006-04-21,40800.0000,41850.0000,40500.0000,41650.0000,24276.1855,274590
2006-04-24,41650.0000,41650.0000,39500.0000,41000.0000,23897.3242,195657
2006-04-25,40450.0000,41450.0000,39350.0000,41000.0000,23897.3242,219625
2006-04-26,40150.0000,41600.0000,39800.0000,41300.0000,24072.1836,224046
2006-04-27,40800.0000,41050.0000,40200.0000,40800.0000,23780.7500,181931
2006-04-28,40800.0000,41200.0000,39050.0000,40400.0000,23547.6074,170417
2006-05-02,40000.0000,40100.0000,39100.0000,39200.0000,22848.1758,124889
2006-05-03,39100.0000,40400.0000,38650.0000,39900.0000,23256.1816,169310
2006-05-04,40000.0000,40500.0000,38800.0000,38800.0000,22615.0352,129705
2006-05-08,39700.0000,39800.0000,39000.0000,39000.0000,22731.6035,153169
2006-05-09,39000.0000,39000.0000,37800.0000,38200.0000,22265.3145,142470
2006-05-10,38000.0000,38550.0000,37450.0000,37500.0000,21857.3125,72433
2006-05-11,37500.0000,38300.0000,37450.0000,38000.0000,22148.7441,107912
2006-05-12,37600.0000,37900.0000,36400.0000,36600.0000,21332.7363,168618
2006-05-15,36000.0000,36300.0000,34200.0000,35100.0000,20458.4434,407587
2006-05-16,35100.0000,35450.0000,32000.0000,33800.0000,19700.7207,475584
2006-05-17,33400.0000,34150.0000,33400.0000,34100.0000,19875.5801,190886
2006-05-18,32900.0000,33600.0000,32500.0000,33600.0000,19584.1504,257500
2006-05-19,33800.0000,35400.0000,33600.0000,35300.0000,20575.0137,257600
2006-05-22,33800.0000,35400.0000,33600.0000,35300.0000,20575.0137,327951
2006-05-23,34500.0000,34950.0000,33200.0000,33300.0000,19409.2949,231493
2006-05-24,32800.0000,34350.0000,32600.0000,33850.0000,19729.8691,136221
2006-05-25,34000.0000,34000.0000,32500.0000,32700.0000,19059.5742,117192
2006-05-26,33500.0000,33600.0000,32650.0000,33000.0000,19234.4355,155263
2006-05-29,33800.0000,34100.0000,33100.0000,33250.0000,19380.1523,124200
2006-05-30,33250.0000,33400.0000,31850.0000,32500.0000,18943.0039,119357
2006-05-31,33800.0000,34100.0000,33100.0000,33250.0000,19380.1523,124670
2006-06-01,31850.0000,32200.0000,30000.0000,30350.0000,17689.8496,220238
2006-06-02,31500.0000,33000.0000,30500.0000,32100.0000,18709.8594,222054
2006-06-05,33000.0000,33000.0000,31100.0000,32400.0000,18884.7109,103502
2006-06-07,31000.0000,31400.0000,28400.0000,28400.0000,16553.2734,413104
2006-06-08,28650.0000,29500.0000,28400.0000,28600.0000,16669.8438,646424
2006-06-09,29300.0000,29450.0000,28750.0000,29000.0000,16902.9863,254437
2006-06-12,28500.0000,30150.0000,28500.0000,30000.0000,17485.8496,247749
2006-06-13,29000.0000,29450.0000,28450.0000,28550.0000,16640.7031,388946
2006-06-14,28200.0000,28850.0000,28100.0000,28700.0000,16728.1270,521034
2006-06-15,29100.0000,29300.0000,27500.0000,27500.0000,16028.6943,407240
2006-06-16,28500.0000,31000.0000,28400.0000,30500.0000,17777.2793,469741
2006-06-19,30500.0000,30600.0000,29450.0000,30550.0000,17806.4219,82607
2006-06-20,30000.0000,30150.0000,28550.0000,28800.0000,16786.4160,83700
2006-06-21,28950.0000,29250.0000,28550.0000,28800.0000,16786.4160,118902
2006-06-22,29500.0000,29800.0000,28750.0000,29100.0000,16961.2734,210330
2006-06-23,28600.0000,28800.0000,28100.0000,28300.0000,16494.9824,129590
2006-06-26,28700.0000,28850.0000,28200.0000,28450.0000,16582.4141,182030
2006-06-27,28550.0000,28750.0000,28150.0000,28550.0000,16640.7031,423567
2006-06-28,27750.0000,27900.0000,27250.0000,27550.0000,16057.8359,240355
2006-06-29,28000.0000,29100.0000,28000.0000,28700.0000,16728.1270,652704
2006-06-30,29900.0000,31650.0000,29800.0000,31000.0000,18068.7070,606662
2006-07-03,31500.0000,32900.0000,31000.0000,32550.0000,18972.1465,541990
2006-07-04,32850.0000,32850.0000,31750.0000,32550.0000,18972.1465,122900
2006-07-05,31650.0000,32750.0000,31100.0000,32500.0000,18943.0039,286100
2006-07-06,31800.0000,31800.0000,30300.0000,30850.0000,17981.2832,690500
2006-07-07,31350.0000,32150.0000,30900.0000,31800.0000,18535.0020,270200
2006-07-10,31400.0000,32550.0000,31100.0000,32500.0000,18943.0039,437100
2006-07-11,31900.0000,33400.0000,31850.0000,32650.0000,19030.4336,280300
2006-07-12,32500.0000,33250.0000,31950.0000,32400.0000,18884.7109,198300
2006-07-13,31900.0000,33100.0000,31850.0000,32950.0000,19205.2910,291700
2006-07-14,32100.0000,33100.0000,31500.0000,33000.0000,19234.4355,186100
2006-07-18,32100.0000,32900.0000,31300.0000,31950.0000,18622.4316,199200
2006-07-19,32000.0000,33250.0000,32000.0000,32800.0000,19117.8594,191400
2006-07-20,34100.0000,36250.0000,34100.0000,36050.0000,21012.1602,450000
2006-07-21,35000.0000,36100.0000,34000.0000,36050.0000,21012.1602,289689
2006-07-24,35250.0000,37000.0000,35000.0000,36250.0000,21128.7324,220597
2006-07-25,37500.0000,37700.0000,36250.0000,36900.0000,21507.5918,206180
2006-07-26,36550.0000,37250.0000,36350.0000,36800.0000,21449.3086,138100
2006-07-27,36450.0000,36750.0000,35450.0000,36050.0000,21012.1602,334500
2006-07-28,36050.0000,36400.0000,35600.0000,36350.0000,21187.0195,115425
2006-07-31,36850.0000,37050.0000,35750.0000,35850.0000,20895.5879,206085
2006-08-01,35600.0000,36450.0000,35600.0000,36250.0000,21128.7324,201032
2006-08-02,36250.0000,36250.0000,35250.0000,36000.0000,20983.0215,191824
2006-08-03,36450.0000,37650.0000,36300.0000,37300.0000,21740.7402,171350
2006-08-04,37700.0000,37700.0000,37300.0000,37650.0000,21944.7441,238397
2006-08-07,37650.0000,37750.0000,36450.0000,36650.0000,21361.8770,136926
2006-08-08,36650.0000,37400.0000,36100.0000,37400.0000,21799.0254,133761
2006-08-09,36700.0000,37800.0000,36500.0000,37450.0000,21828.1660,131528
2006-08-10,37050.0000,37450.0000,36300.0000,37400.0000,21799.0254,149440
2006-08-11,37750.0000,37850.0000,36700.0000,36700.0000,21391.0273,144167
2006-08-14,37350.0000,38200.0000,37100.0000,37450.0000,21828.1660,213115
2006-08-16,37950.0000,38550.0000,37900.0000,38400.0000,22381.8867,128074
2006-08-17,38600.0000,39400.0000,35400.0000,38050.0000,22177.8828,275131
2006-08-18,38450.0000,38500.0000,37800.0000,37900.0000,22090.4609,86734
2006-08-21,37900.0000,38400.0000,37350.0000,37350.0000,21769.8809,77200
2006-08-22,37300.0000,38750.0000,37300.0000,38400.0000,22381.8867,99000
2006-08-23,38400.0000,38450.0000,37650.0000,38400.0000,22381.8867,174174
2006-08-24,38000.0000,38000.0000,37200.0000,37700.0000,21973.8828,151411
2006-08-25,37350.0000,38450.0000,37350.0000,37700.0000,21973.8828,88558
2006-08-28,38050.0000,38050.0000,37150.0000,37300.0000,21740.7402,87212
2006-08-29,37500.0000,37900.0000,36950.0000,37900.0000,22090.4609,91461
2006-08-30,37900.0000,38350.0000,37100.0000,37300.0000,21740.7402,142252
2006-08-31,37550.0000,39700.0000,37550.0000,38900.0000,22673.3184,297911
2006-09-01,39000.0000,39250.0000,38500.0000,38900.0000,22673.3184,39168
2006-09-04,39500.0000,39500.0000,38550.0000,38800.0000,22615.0352,38388
2006-09-05,38600.0000,39100.0000,38050.0000,38500.0000,22440.1758,98768
2006-09-06,38450.0000,38500.0000,37550.0000,37550.0000,21886.4531,103384
2006-09-07,37450.0000,38200.0000,37000.0000,37850.0000,22061.3125,85455
2006-09-08,37800.0000,38900.0000,37500.0000,38750.0000,22585.8848,88183
2006-09-11,39000.0000,39050.0000,38000.0000,38700.0000,22556.7461,43076
2006-09-12,38200.0000,38900.0000,38100.0000,38300.0000,22323.6016,97169
2006-09-13,39000.0000,39000.0000,37950.0000,38100.0000,22207.0273,85487
2006-09-14,38000.0000,39650.0000,37850.0000,39650.0000,23110.4648,249050
2006-09-15,39500.0000,40400.0000,39000.0000,40350.0000,23518.4688,119667
2006-09-18,40100.0000,42000.0000,40100.0000,41000.0000,23897.3242,132029
2006-09-19,41000.0000,41550.0000,40800.0000,41100.0000,23955.6055,43461
2006-09-20,40850.0000,41850.0000,40500.0000,41100.0000,23955.6055,105380
2006-09-21,41500.0000,43100.0000,41500.0000,42850.0000,24975.6211,172213
2006-09-22,42500.0000,42600.0000,40800.0000,40900.0000,23839.0449,235720
2006-09-25,40800.0000,41150.0000,39750.0000,41000.0000,23897.3242,128228
2006-09-26,41650.0000,41650.0000,40000.0000,40000.0000,23314.4688,83476
2006-09-27,40800.0000,41450.0000,40150.0000,40300.0000,23489.3242,240071
2006-09-28,40850.0000,41400.0000,40300.0000,40450.0000,23576.7520,142611
2006-09-29,40800.0000,41450.0000,40250.0000,40950.0000,23868.1836,138423
2006-10-02,40500.0000,41900.0000,40300.0000,41000.0000,23897.3242,68769
2006-10-04,40250.0000,41400.0000,40250.0000,40800.0000,23780.7500,118569
2006-10-09,40350.0000,41850.0000,38850.0000,39500.0000,23023.0430,155580
2006-10-10,39500.0000,41200.0000,39500.0000,40950.0000,23868.1836,252260
2006-10-11,40500.0000,41300.0000,40400.0000,41000.0000,23897.3242,102785
2006-10-12,41000.0000,41750.0000,40600.0000,41350.0000,24101.3301,88602
2006-10-13,41350.0000,42400.0000,41300.0000,41900.0000,24421.9023,222323
2006-10-16,41900.0000,42450.0000,41200.0000,41700.0000,24305.3281,75694
2006-10-17,42000.0000,42450.0000,41050.0000,41500.0000,24188.7578,104007
2006-10-18,41000.0000,41950.0000,41000.0000,41500.0000,24188.7578,210752
2006-10-19,41600.0000,41850.0000,41300.0000,41700.0000,24305.3281,74621
2006-10-20,41700.0000,41900.0000,41500.0000,41900.0000,24421.9023,63040
2006-10-23,42250.0000,42400.0000,41800.0000,42000.0000,24480.1895,58767
2006-10-24,42900.0000,42900.0000,42100.0000,42650.0000,24859.0508,142062
2006-10-25,42650.0000,43300.0000,42450.0000,43000.0000,25063.0527,139640
2006-10-26,43000.0000,43350.0000,43000.0000,43200.0000,25179.6191,87312
2006-10-27,43000.0000,43500.0000,42750.0000,43350.0000,25267.0508,80880
2006-10-30,43000.0000,44500.0000,42600.0000,44500.0000,25937.3496,94086
2006-10-31,44000.0000,45000.0000,44000.0000,45000.0000,26228.7754,167893
2006-11-01,45000.0000,45750.0000,44700.0000,45000.0000,26228.7754,137692
2006-11-02,45000.0000,45750.0000,44700.0000,45000.0000,26228.7754,137692
2006-11-03,44500.0000,45150.0000,44350.0000,44600.0000,25995.6250,143644
2006-11-06,44000.0000,44300.0000,43300.0000,44000.0000,25645.9121,120380
2006-11-07,44000.0000,44500.0000,43300.0000,43950.0000,25616.7695,184000
2006-11-08,43550.0000,43900.0000,42650.0000,42700.0000,24888.1953,150856
2006-11-09,42900.0000,43650.0000,42200.0000,43650.0000,25441.9082,165327
2006-11-10,43600.0000,44200.0000,43300.0000,43600.0000,25412.7715,88979
2006-11-13,43750.0000,44500.0000,43000.0000,44500.0000,25937.3496,86423
2006-11-14,44500.0000,44900.0000,44300.0000,44900.0000,26170.4902,81079
2006-11-15,44550.0000,46100.0000,44550.0000,45700.0000,26636.7793,184570
2006-11-16,45700.0000,46250.0000,45600.0000,45900.0000,26753.3477,104891
2006-11-17,45900.0000,46000.0000,45150.0000,45150.0000,26316.2031,100824
2006-11-20,45250.0000,45500.0000,44550.0000,44950.0000,26199.6328,105680
2006-11-21,44950.0000,45600.0000,44100.0000,44900.0000,26170.4902,122976
2006-11-22,44700.0000,46300.0000,44700.0000,45850.0000,26724.2070,637716
2006-11-23,45850.0000,47550.0000,45500.0000,47000.0000,27394.4941,227890
2006-11-24,47000.0000,49500.0000,47000.0000,48700.0000,28385.3613,242620
2006-11-27,48250.0000,49800.0000,48250.0000,49500.0000,28851.6504,134791
2006-11-28,48500.0000,48500.0000,46750.0000,47350.0000,27598.4941,167032
2006-11-29,47350.0000,47500.0000,46200.0000,47200.0000,27511.0664,833701
2006-11-30,47500.0000,48000.0000,47200.0000,47800.0000,27860.7852,98069
2006-12-01,47200.0000,48450.0000,47200.0000,48400.0000,28210.5000,78300
2006-12-04,48100.0000,48300.0000,47450.0000,47750.0000,27831.6484,67183
2006-12-05,47200.0000,47700.0000,46700.0000,46850.0000,27307.0742,688185
2006-12-06,46850.0000,47350.0000,46300.0000,46850.0000,27307.0742,78856
2006-12-07,46300.0000,46850.0000,45050.0000,45350.0000,26432.7734,204183
2006-12-08,45000.0000,45000.0000,42850.0000,43950.0000,25616.7695,239379
2006-12-11,43500.0000,44050.0000,43050.0000,43500.0000,25354.4824,109600
2006-12-12,43400.0000,44500.0000,41500.0000,41500.0000,24188.7578,206003
2006-12-13,41950.0000,42400.0000,41400.0000,41800.0000,24363.6152,253291
2006-12-14,42200.0000,44000.0000,41900.0000,44000.0000,25645.9121,403996
2006-12-15,44000.0000,44450.0000,43350.0000,43600.0000,25412.7715,164456
2006-12-18,46500.0000,46500.0000,44050.0000,44800.0000,26112.2012,251330
2006-12-19,44500.0000,44700.0000,43500.0000,44400.0000,25879.0566,142273
2006-12-20,44350.0000,45450.0000,44300.0000,45200.0000,26345.3496,144579
2006-12-21,45200.0000,45600.0000,44700.0000,45000.0000,26228.7754,92062
2006-12-22,45200.0000,45700.0000,44150.0000,45700.0000,26636.7793,97921
2006-12-26,45450.0000,45500.0000,44150.0000,45500.0000,26520.2148,129202
2006-12-27,45500.0000,45950.0000,44600.0000,45950.0000,26782.4941,91150
2006-12-28,46350.0000,46350.0000,45300.0000,46300.0000,26986.4941,148113
2007-01-02,46000.0000,46350.0000,45550.0000,46350.0000,27015.6406,56056
2007-01-03,46350.0000,46350.0000,44200.0000,44350.0000,25849.9141,168162
2007-01-04,44750.0000,44850.0000,42700.0000,43050.0000,25092.1914,157625
2007-01-05,42800.0000,43400.0000,41700.0000,43400.0000,25296.1953,133405
2007-01-08,42800.0000,43400.0000,41900.0000,42500.0000,24771.6172,91297
2007-01-09,42500.0000,42600.0000,42300.0000,42300.0000,24655.0449,216140
2007-01-10,42000.0000,42900.0000,41900.0000,42850.0000,24975.6211,274228
2007-01-11,42500.0000,44600.0000,42500.0000,44200.0000,25762.4863,183154
2007-01-12,44900.0000,45100.0000,44250.0000,45000.0000,26228.7754,171013
2007-01-15,44700.0000,45350.0000,44600.0000,44800.0000,26112.2012,128170
2007-01-16,44800.0000,45000.0000,44500.0000,44700.0000,26053.9180,192605
2007-01-17,44650.0000,44650.0000,43200.0000,43850.0000,25558.4844,180668
2007-01-18,43500.0000,44000.0000,42650.0000,43500.0000,25354.4824,147000
2007-01-19,42600.0000,42950.0000,41450.0000,42250.0000,24625.9043,119567
2007-01-22,41500.0000,42000.0000,40800.0000,41400.0000,24130.4727,120719
2007-01-23,40800.0000,41500.0000,40800.0000,41200.0000,24013.9043,155120
2007-01-24,41200.0000,42400.0000,41200.0000,41300.0000,24072.1836,362060
2007-01-25,41950.0000,42050.0000,35800.0000,41700.0000,24305.3281,218410
2007-01-26,41000.0000,41500.0000,40100.0000,41000.0000,23897.3242,150505
2007-01-29,41300.0000,41350.0000,40250.0000,40300.0000,23489.3242,73143
2007-01-30,40050.0000,41200.0000,40000.0000,41000.0000,23897.3242,168041
2007-01-31,41000.0000,41400.0000,40250.0000,40900.0000,23839.0449,78176
2007-02-01,40900.0000,42550.0000,40900.0000,42550.0000,24800.7656,164740
2007-02-02,42950.0000,44250.0000,42700.0000,44000.0000,25645.9121,318270
2007-02-05,44050.0000,45850.0000,43600.0000,45550.0000,26549.3457,505600
2007-02-06,45550.0000,46000.0000,44800.0000,46000.0000,26811.6270,121761
2007-02-07,46150.0000,46550.0000,46000.0000,46500.0000,27103.0664,198100
2007-02-08,46150.0000,46700.0000,44800.0000,45500.0000,26520.2148,130788
2007-02-09,46000.0000,46000.0000,44900.0000,45000.0000,26228.7754,100083
2007-02-12,44000.0000,44200.0000,43200.0000,44000.0000,25645.9121,250690
2007-02-13,43650.0000,44400.0000,43650.0000,44250.0000,25791.6289,122400
2007-02-14,44600.0000,45500.0000,44600.0000,45200.0000,26345.3496,195813
2007-02-15,46000.0000,48050.0000,45600.0000,47650.0000,27773.3613,299112
2007-02-16,47900.0000,50500.0000,47750.0000,49700.0000,28968.2266,310894
2007-02-20,49800.0000,49900.0000,48250.0000,49900.0000,29084.7969,170531
2007-02-21,49100.0000,49300.0000,48350.0000,48800.0000,28443.6484,180834
2007-02-22,48900.0000,50100.0000,48900.0000,49600.0000,28909.9355,306770
2007-02-23,49600.0000,52000.0000,49400.0000,51500.0000,30017.3750,376703
2007-02-26,52300.0000,52400.0000,51100.0000,52100.0000,30367.0957,287519
2007-02-27,51300.0000,51700.0000,48900.0000,48900.0000,28501.9336,184373
2007-02-28,45300.0000,47400.0000,45300.0000,47000.0000,27394.4941,370432
2007-03-01,47000.0000,47000.0000,47000.0000,47000.0000,27394.4941,0
2007-03-05,47150.0000,47600.0000,46800.0000,47200.0000,27511.0664,162680
2007-03-06,46800.0000,48950.0000,46700.0000,48950.0000,28531.0801,97575
2007-03-07,49100.0000,50200.0000,48700.0000,49300.0000,28735.0801,101320
2007-03-08,49350.0000,51200.0000,49300.0000,50400.0000,29376.2324,212728
2007-03-09,50000.0000,50000.0000,48650.0000,48800.0000,28443.6484,153090
2007-03-12,48900.0000,49150.0000,48850.0000,49000.0000,28560.2227,73989
2007-03-13,49000.0000,49000.0000,47550.0000,47700.0000,27802.4980,115139
2007-03-14,46650.0000,47000.0000,45350.0000,46250.0000,26957.3496,233403
2007-03-15,46200.0000,46850.0000,45650.0000,46550.0000,27132.2070,120330
2007-03-16,47000.0000,47350.0000,45800.0000,45800.0000,26695.0586,88368
2007-03-19,45400.0000,46250.0000,45300.0000,45950.0000,26782.4941,240870
2007-03-20,46400.0000,47100.0000,46300.0000,46850.0000,27307.0742,92590
2007-03-21,47700.0000,48350.0000,47200.0000,48050.0000,28006.5000,127600
2007-03-22,48700.0000,49000.0000,48500.0000,48700.0000,28385.3613,143065
2007-03-23,48650.0000,48700.0000,47900.0000,48700.0000,28385.3613,76931
2007-03-26,48700.0000,49750.0000,48700.0000,49200.0000,28676.7949,70454
2007-03-27,49900.0000,50500.0000,49050.0000,50500.0000,29434.5117,173402
2007-03-28,50600.0000,50600.0000,48600.0000,48700.0000,28385.3613,281668
2007-03-29,49200.0000,49800.0000,47200.0000,49700.0000,29390.6816,78148
2007-03-30,50200.0000,50200.0000,48050.0000,49500.0000,29272.4004,129746
2007-04-02,49000.0000,49400.0000,47100.0000,47100.0000,27853.1348,207461
2007-04-03,47100.0000,47350.0000,45950.0000,46100.0000,27261.7715,235432
2007-04-04,47000.0000,49350.0000,47000.0000,49000.0000,28976.7188,238837
2007-04-05,49300.0000,50100.0000,48200.0000,49100.0000,29035.8613,106100
2007-04-06,49400.0000,49400.0000,47500.0000,47750.0000,28237.5195,89709
2007-04-09,47500.0000,48650.0000,47500.0000,48650.0000,28769.7441,115406
2007-04-10,49100.0000,49700.0000,48000.0000,48200.0000,28503.6367,191170
2007-04-11,48000.0000,49500.0000,47500.0000,49300.0000,29154.1270,182854
2007-04-12,49000.0000,50100.0000,48800.0000,49800.0000,29449.8105,271832
2007-04-13,50300.0000,54000.0000,50100.0000,53900.0000,31874.3984,448243
2007-04-16,54000.0000,54100.0000,52400.0000,53900.0000,31874.3984,276776
2007-04-17,54000.0000,54200.0000,51700.0000,52300.0000,30928.2188,214600
2007-04-18,52800.0000,52800.0000,51600.0000,52100.0000,30809.9453,224239
2007-04-19,52000.0000,52300.0000,50300.0000,50400.0000,29804.6309,149207
2007-04-20,51700.0000,53900.0000,50900.0000,53400.0000,31578.7207,177920
2007-04-23,54000.0000,54700.0000,53400.0000,54000.0000,31933.5332,208623
2007-04-24,53600.0000,53600.0000,51400.0000,53300.0000,31519.5859,237284
2007-04-25,53300.0000,55600.0000,52000.0000,54000.0000,31933.5332,405385
2007-04-26,55200.0000,57400.0000,54700.0000,56400.0000,33352.7969,442227
2007-04-27,55900.0000,57000.0000,55400.0000,56400.0000,33352.7969,152389
2007-04-30,56300.0000,56400.0000,55000.0000,55500.0000,32820.5742,69250
2007-05-02,55500.0000,56900.0000,55500.0000,56400.0000,33352.7969,152054
2007-05-03,57000.0000,59000.0000,56800.0000,58900.0000,34831.2070,193424
2007-05-04,58900.0000,60500.0000,58100.0000,60000.0000,35481.7031,229424
2007-05-07,60100.0000,60300.0000,59300.0000,59700.0000,35304.2891,124506
2007-05-08,59100.0000,60000.0000,57400.0000,58500.0000,34594.6602,190190
2007-05-09,58000.0000,59900.0000,57500.0000,59100.0000,34949.4766,131166
2007-05-10,59100.0000,59500.0000,58400.0000,58700.0000,34712.9258,110140
2007-05-11,58400.0000,58800.0000,56900.0000,58400.0000,34535.5234,144345
2007-05-14,58100.0000,60000.0000,57900.0000,58400.0000,34535.5234,143616
2007-05-15,58300.0000,59000.0000,56700.0000,56700.0000,33530.2070,125050
2007-05-16,56600.0000,56700.0000,55300.0000,56000.0000,33116.2500,117710
2007-05-17,56600.0000,57600.0000,56400.0000,56600.0000,33471.0703,172657
2007-05-18,56800.0000,58800.0000,56300.0000,58100.0000,34358.1133,161098
2007-05-21,58300.0000,60100.0000,58100.0000,60000.0000,35481.7031,149664
2007-05-22,60100.0000,62500.0000,59200.0000,62500.0000,36960.1133,229150
2007-05-23,61900.0000,62200.0000,60400.0000,61300.0000,36250.4727,310181
2007-05-25,59900.0000,60000.0000,58900.0000,59500.0000,35186.0234,170305
2007-05-28,59500.0000,61500.0000,59200.0000,61000.0000,36073.0586,229239
2007-05-29,61400.0000,62200.0000,60500.0000,61200.0000,36191.3359,161932
2007-05-30,61200.0000,63100.0000,59900.0000,62700.0000,37078.3789,268586
2007-05-31,63000.0000,64500.0000,62200.0000,64500.0000,38142.8281,297496
2007-06-01,64500.0000,71600.0000,64000.0000,69000.0000,40803.9609,525500
2007-06-04,69500.0000,71100.0000,67900.0000,69000.0000,40803.9609,353012
2007-06-05,67800.0000,68800.0000,64900.0000,65000.0000,38438.5117,583538
2007-06-07,64200.0000,65800.0000,63700.0000,65000.0000,38438.5117,362031
2007-06-08,63600.0000,65400.0000,62400.0000,64300.0000,38024.5586,322810
2007-06-11,65000.0000,65200.0000,62100.0000,63200.0000,37374.0625,267823
2007-06-12,62700.0000,64700.0000,62300.0000,64500.0000,38142.8281,304807
2007-06-13,63500.0000,66100.0000,63300.0000,65000.0000,38438.5117,600021
2007-06-14,66100.0000,66500.0000,65200.0000,66000.0000,39029.8711,632544
2007-06-15,66500.0000,70400.0000,65600.0000,68500.0000,40508.2773,793787
2007-06-18,70500.0000,74300.0000,70300.0000,73600.0000,43524.2305,739736
2007-06-19,73900.0000,73900.0000,69500.0000,69500.0000,41099.6367,679399
2007-06-20,68600.0000,69200.0000,65600.0000,67400.0000,39857.7734,617700
2007-06-21,66900.0000,68500.0000,65800.0000,67100.0000,39680.3672,445963
2007-06-22,67100.0000,67600.0000,65900.0000,66700.0000,39443.8281,279652
2007-06-25,65800.0000,67500.0000,65100.0000,65100.0000,38497.6445,280747
2007-06-26,65600.0000,66500.0000,63700.0000,64200.0000,37965.4180,216358
2007-06-27,64300.0000,64300.0000,60500.0000,60500.0000,35777.3867,290167
2007-06-28,61300.0000,64100.0000,60800.0000,63000.0000,37255.7891,368361
2007-06-29,62500.0000,63700.0000,62500.0000,63200.0000,37374.0625,313600
2007-07-02,63200.0000,65200.0000,62900.0000,64800.0000,38320.2305,512181
2007-07-03,66000.0000,68100.0000,65600.0000,68000.0000,40212.5977,631988
2007-07-04,68100.0000,68600.0000,66200.0000,67500.0000,39916.9141,358043
2007-07-05,68200.0000,69500.0000,67800.0000,67800.0000,40094.3242,261663
2007-07-06,67800.0000,68900.0000,66600.0000,68900.0000,40744.8203,171108
2007-07-09,68800.0000,69600.0000,67400.0000,69000.0000,40803.9609,229174
2007-07-10,68500.0000,69100.0000,66900.0000,67300.0000,39798.6445,200391
2007-07-11,66600.0000,67000.0000,63900.0000,63900.0000,37788.0117,395500
2007-07-12,64000.0000,64600.0000,62500.0000,63400.0000,37492.3359,417995
2007-07-13,65200.0000,65500.0000,63900.0000,64100.0000,37906.2891,241274
2007-07-16,64100.0000,65300.0000,63300.0000,64300.0000,38024.5586,223815
2007-07-18,65000.0000,65100.0000,63400.0000,64100.0000,37906.2891,584791
2007-07-19,64300.0000,64600.0000,63100.0000,63600.0000,37610.6016,265210
2007-07-20,64000.0000,66400.0000,63600.0000,66400.0000,39266.4102,437994
2007-07-23,65600.0000,68000.0000,64700.0000,67800.0000,40094.3242,557000
2007-07-24,67600.0000,67700.0000,65700.0000,66900.0000,39562.0977,514087
2007-07-25,65800.0000,66900.0000,65300.0000,66500.0000,39325.5586,378067
2007-07-26,67400.0000,67900.0000,65900.0000,65900.0000,38970.7383,368341
2007-07-27,63900.0000,64300.0000,60200.0000,62000.0000,36664.4297,417346
2007-07-30,61500.0000,62900.0000,60900.0000,62900.0000,37196.6484,193396
2007-07-31,63300.0000,64500.0000,62200.0000,63500.0000,37551.4648,299406
2007-08-01,62000.0000,62600.0000,60100.0000,61000.0000,36073.0586,351252
2007-08-02,61100.0000,61700.0000,56600.0000,57600.0000,34062.4336,433409
2007-08-03,58500.0000,59200.0000,57000.0000,57100.0000,33766.7539,314798
2007-08-06,55500.0000,56300.0000,54300.0000,55300.0000,32702.2969,263410
2007-08-07,57000.0000,59100.0000,56800.0000,58100.0000,34358.1133,476439
2007-08-08,58800.0000,59200.0000,57500.0000,58800.0000,34772.0625,408700
2007-08-09,59600.0000,59700.0000,56600.0000,57000.0000,33707.6211,429752
2007-08-10,54100.0000,55300.0000,51700.0000,52800.0000,31223.8887,599586
2007-08-13,53600.0000,54000.0000,52500.0000,53000.0000,31342.1699,229824
2007-08-14,53600.0000,54900.0000,51700.0000,53200.0000,31460.4395,300448
2007-08-16,50700.0000,50900.0000,46350.0000,48700.0000,28799.3125,529509
2007-08-17,47900.0000,50500.0000,47700.0000,48550.0000,28710.6113,509456
2007-08-20,51000.0000,53200.0000,50100.0000,52500.0000,31046.4844,392824
2007-08-21,52400.0000,53100.0000,51500.0000,52300.0000,30928.2188,235074
2007-08-22,52600.0000,53700.0000,52000.0000,53200.0000,31460.4395,243451
2007-08-23,54400.0000,55600.0000,53900.0000,54300.0000,32110.9453,289382
2007-08-24,54400.0000,55400.0000,53700.0000,55000.0000,32524.8926,133813
2007-08-27,56100.0000,56600.0000,55300.0000,55500.0000,32820.5742,380895
2007-08-28,56000.0000,56400.0000,55000.0000,55600.0000,32879.7148,174125
2007-08-29,53500.0000,56000.0000,53100.0000,55900.0000,33057.1211,226585
2007-08-30,57900.0000,59300.0000,57500.0000,58300.0000,34476.3984,311767
2007-08-31,58300.0000,60400.0000,58300.0000,60400.0000,35718.2461,289237
2007-09-03,60400.0000,60900.0000,59500.0000,60300.0000,35659.1094,146822
2007-09-04,60300.0000,60500.0000,59200.0000,60100.0000,35540.8398,138152
2007-09-05,60300.0000,60500.0000,59300.0000,60300.0000,35659.1094,206819
2007-09-06,60000.0000,60200.0000,58700.0000,60000.0000,35481.7031,229931
2007-09-07,59500.0000,60000.0000,58000.0000,58600.0000,34653.7930,136853
2007-09-10,57700.0000,58000.0000,55200.0000,56400.0000,33352.7969,141700
2007-09-11,58400.0000,58400.0000,55500.0000,56700.0000,33530.2070,171768
2007-09-12,56300.0000,57000.0000,53700.0000,55000.0000,32524.8926,228342
2007-09-13,53800.0000,57500.0000,53300.0000,54100.0000,31992.6621,346391
2007-09-14,54900.0000,55700.0000,53500.0000,53800.0000,31815.2598,275983
2007-09-17,53400.0000,54800.0000,52500.0000,53200.0000,31460.4395,330600
2007-09-18,53000.0000,53000.0000,51000.0000,51200.0000,30277.7168,291382
2007-09-19,53100.0000,58400.0000,53100.0000,56000.0000,33116.2500,690482
2007-09-20,56700.0000,58900.0000,56300.0000,58500.0000,34594.6602,267260
2007-09-21,57500.0000,60800.0000,57500.0000,59700.0000,35304.2891,275517
2007-09-27,60500.0000,61200.0000,59700.0000,60000.0000,35481.7031,407100
2007-09-28,59800.0000,60400.0000,59100.0000,60200.0000,35599.9727,116236
2007-10-01,60000.0000,62800.0000,60000.0000,62400.0000,36900.9688,259756
2007-10-02,63500.0000,64300.0000,62900.0000,64000.0000,37847.1523,438109
2007-10-04,63000.0000,63500.0000,60700.0000,63000.0000,37255.7891,509114
2007-10-05,64000.0000,67300.0000,63200.0000,65200.0000,38556.7812,601955
2007-10-08,66900.0000,72500.0000,66500.0000,70800.0000,41868.3984,599947
2007-10-09,71400.0000,71400.0000,67700.0000,70100.0000,41454.4531,346530
2007-10-10,72000.0000,72400.0000,70600.0000,71400.0000,42223.2266,227237
2007-10-11,72400.0000,73200.0000,72000.0000,73000.0000,43169.4062,431577
2007-10-12,73000.0000,75600.0000,70300.0000,73400.0000,43405.9492,684138
2007-10-15,74100.0000,75800.0000,72300.0000,74200.0000,43879.0391,206715
2007-10-16,73500.0000,74500.0000,71900.0000,72500.0000,42873.7227,231644
2007-10-17,72500.0000,73000.0000,67500.0000,68900.0000,40744.8203,370049
2007-10-18,69900.0000,69900.0000,67000.0000,67700.0000,40035.1836,345388
2007-10-19,67800.0000,67900.0000,65700.0000,65800.0000,38911.6016,205946
2007-10-22,63500.0000,64600.0000,61900.0000,64100.0000,37906.2891,363550
2007-10-23,65500.0000,68300.0000,65200.0000,67500.0000,39916.9141,312932
2007-10-24,68500.0000,75000.0000,68300.0000,72000.0000,42578.0508,474784
2007-10-25,74500.0000,74600.0000,72600.0000,73500.0000,43465.0820,406040
2007-10-26,73600.0000,75100.0000,72400.0000,73300.0000,43346.8164,267944
2007-10-29,74100.0000,76200.0000,74100.0000,75700.0000,44766.0859,420148
2007-10-30,75800.0000,81700.0000,75800.0000,80000.0000,47308.9414,501255
2007-10-31,79900.0000,80500.0000,77200.0000,80000.0000,47308.9414,224399
2007-11-01,80000.0000,89400.0000,80000.0000,86000.0000,50857.1094,619242
2007-11-02,83100.0000,84000.0000,81300.0000,81300.0000,48077.7148,303858
2007-11-05,81200.0000,83000.0000,77200.0000,81300.0000,48077.7148,209482
2007-11-06,81300.0000,81600.0000,77900.0000,80800.0000,47782.0195,225819
2007-11-07,81300.0000,84700.0000,80400.0000,80400.0000,47545.4883,456300
2007-11-08,79000.0000,79000.0000,73800.0000,75000.0000,44352.1250,398100
2007-11-09,76500.0000,80500.0000,76000.0000,78000.0000,46126.2148,278749
2007-11-12,76400.0000,76400.0000,71800.0000,72100.0000,42637.1719,168616
2007-11-13,72500.0000,73500.0000,69700.0000,70000.0000,41395.3203,289486
2007-11-14,73300.0000,74100.0000,72000.0000,73500.0000,43465.0820,250493
2007-11-15,73000.0000,75300.0000,70500.0000,71000.0000,41986.6836,259370
2007-11-16,69100.0000,69400.0000,65900.0000,67800.0000,40094.3242,270733
2007-11-19,68300.0000,70600.0000,66400.0000,67600.0000,39976.0469,229447
2007-11-20,66000.0000,67000.0000,63700.0000,65000.0000,38438.5117,332095
2007-11-21,65500.0000,68500.0000,63300.0000,65200.0000,38556.7812,426387
2007-11-22,63600.0000,68700.0000,63600.0000,66000.0000,39029.8711,217814
2007-11-23,66600.0000,67500.0000,62600.0000,64500.0000,38142.8281,258027
2007-11-26,64600.0000,68200.0000,63600.0000,68200.0000,40330.8711,228500
2007-11-27,66900.0000,71100.0000,65100.0000,69100.0000,40863.0938,150210
2007-11-28,70800.0000,71500.0000,69100.0000,70300.0000,41572.7305,154860
2007-11-29,72000.0000,73000.0000,70900.0000,71900.0000,42518.9102,167300
2007-11-30,70900.0000,74700.0000,70900.0000,72500.0000,42873.7227,162053
2007-12-03,73900.0000,74900.0000,72500.0000,73000.0000,43169.4062,71300
2007-12-04,75900.0000,75900.0000,73500.0000,75100.0000,44411.2578,165995
2007-12-05,75100.0000,77400.0000,74000.0000,77400.0000,45771.4023,117430
2007-12-06,77500.0000,80000.0000,77300.0000,78800.0000,46599.3008,168119
2007-12-07,79100.0000,80100.0000,78500.0000,79000.0000,46717.5703,300600
2007-12-10,79900.0000,80800.0000,74900.0000,77900.0000,46067.0703,255902
2007-12-11,77900.0000,78300.0000,74500.0000,75500.0000,44647.8086,110208
2007-12-12,75300.0000,75300.0000,73600.0000,74100.0000,43819.9062,129715
2007-12-13,74900.0000,76600.0000,70700.0000,72700.0000,42992.0000,355663
2007-12-14,72500.0000,76600.0000,72500.0000,74800.0000,44233.8555,213104
2007-12-17,74100.0000,77300.0000,73000.0000,74600.0000,44115.5898,138100
2007-12-18,74400.0000,74400.0000,70400.0000,71300.0000,42164.0898,430400
2007-12-20,71900.0000,73100.0000,68300.0000,68400.0000,40449.1445,328500
2007-12-21,69000.0000,72100.0000,68200.0000,70400.0000,41631.8633,232859
2007-12-24,71800.0000,79500.0000,71000.0000,77000.0000,45534.8516,255974
2007-12-26,75900.0000,79000.0000,75200.0000,77700.0000,45948.7969,66500
2007-12-27,77100.0000,78800.0000,76000.0000,76100.0000,45002.6250,131610
2007-12-28,76100.0000,79900.0000,74600.0000,79900.0000,47249.7969,145597
2008-01-02,78000.0000,78000.0000,72500.0000,72500.0000,42873.7227,180984
2008-01-03,72800.0000,74100.0000,71700.0000,72800.0000,43051.1367,131537
2008-01-04,72500.0000,73400.0000,70700.0000,71000.0000,41986.6836,146646
2008-01-07,69800.0000,75000.0000,69500.0000,73600.0000,43524.2305,212627
2008-01-08,75000.0000,77400.0000,73000.0000,74500.0000,44056.4336,179877
2008-01-09,73000.0000,77000.0000,72000.0000,74500.0000,44056.4336,183635
2008-01-10,74900.0000,75500.0000,71000.0000,71000.0000,41986.6836,198588
2008-01-11,71800.0000,73300.0000,68000.0000,69100.0000,40863.0938,218456
2008-01-14,68200.0000,70000.0000,66400.0000,67700.0000,40035.1836,152832
2008-01-15,67800.0000,68200.0000,61700.0000,65300.0000,38615.9180,243929
2008-01-16,64900.0000,68400.0000,64100.0000,66000.0000,39029.8711,240347
2008-01-17,67700.0000,68800.0000,65500.0000,65500.0000,38734.1914,145613
2008-01-18,66400.0000,67300.0000,63400.0000,66000.0000,39029.8711,251825
2008-01-21,68000.0000,68000.0000,62900.0000,64400.0000,38083.6953,232727
2008-01-22,61100.0000,61800.0000,54800.0000,54800.0000,32406.6250,690501
2008-01-23,57200.0000,59700.0000,57000.0000,58400.0000,34535.5234,754963
2008-01-24,59900.0000,61500.0000,58600.0000,58600.0000,34653.7930,303366
2008-01-25,60100.0000,60600.0000,57900.0000,59500.0000,35186.0234,284207
2008-01-28,59200.0000,60000.0000,52700.0000,53900.0000,31874.3984,282926
2008-01-29,55600.0000,55800.0000,51100.0000,51100.0000,30218.5801,415810
2008-01-30,51400.0000,52400.0000,46350.0000,46500.0000,27498.3203,469697
2008-01-31,45800.0000,50400.0000,45200.0000,49150.0000,29065.4297,592226
2008-02-01,50300.0000,52400.0000,49850.0000,52400.0000,30987.3574,537595
2008-02-04,52000.0000,58500.0000,52000.0000,56500.0000,33411.9375,427615
2008-02-05,55600.0000,56800.0000,55200.0000,56800.0000,33589.3477,137769
2008-02-11,53900.0000,54300.0000,52200.0000,53400.0000,31578.7207,365262
2008-02-12,53400.0000,54400.0000,50300.0000,50800.0000,30041.1719,364478
2008-02-13,52000.0000,53200.0000,51300.0000,51300.0000,30336.8516,217804
2008-02-14,52800.0000,55000.0000,52600.0000,54100.0000,31992.6621,231897
2008-02-15,53300.0000,53700.0000,52200.0000,53100.0000,31401.3086,197765
2008-02-18,53200.0000,55200.0000,52800.0000,53400.0000,31578.7207,210395
2008-02-19,55000.0000,57400.0000,55000.0000,56100.0000,33175.3906,223684
2008-02-20,55500.0000,55900.0000,53900.0000,55000.0000,32524.8926,178917
2008-02-21,55900.0000,56500.0000,53200.0000,53600.0000,31696.9863,215882
2008-02-22,52700.0000,52800.0000,50900.0000,51700.0000,30573.4062,230841
2008-02-25,52100.0000,52700.0000,51500.0000,52100.0000,30809.9453,197423
2008-02-26,52900.0000,53100.0000,50800.0000,51200.0000,30277.7168,259274
2008-02-27,51600.0000,52200.0000,50800.0000,51100.0000,30218.5801,246766
2008-02-28,51800.0000,53100.0000,51700.0000,52900.0000,31283.0391,264137
2008-02-29,52100.0000,52400.0000,51500.0000,51900.0000,30691.6719,175019
2008-03-03,50000.0000,50500.0000,49850.0000,50200.0000,29686.3555,216391
2008-03-04,50800.0000,51200.0000,49700.0000,50200.0000,29686.3555,132720
2008-03-05,50900.0000,51900.0000,50000.0000,51900.0000,30691.6719,125645
2008-03-06,51500.0000,51700.0000,50200.0000,50200.0000,29686.3555,285686
2008-03-07,49450.0000,49450.0000,47250.0000,47400.0000,28030.5430,318136
2008-03-10,45500.0000,48200.0000,44600.0000,45000.0000,26611.2734,457956
2008-03-11,45000.0000,47650.0000,44700.0000,46050.0000,27232.2051,327929
2008-03-12,48250.0000,49500.0000,47100.0000,47250.0000,27941.8438,224738
2008-03-13,47200.0000,47850.0000,44650.0000,45000.0000,26611.2734,361820
2008-03-14,46200.0000,46600.0000,41650.0000,42500.0000,25132.8730,496269
2008-03-17,41750.0000,41750.0000,38450.0000,39600.0000,23417.9199,879595
2008-03-18,40000.0000,40600.0000,38950.0000,39900.0000,23595.3359,373208
2008-03-19,41900.0000,42750.0000,41700.0000,42650.0000,25221.5801,474656
2008-03-20,41950.0000,43800.0000,41700.0000,42900.0000,25369.4160,312551
2008-03-21,44450.0000,45500.0000,43600.0000,45500.0000,26906.9609,307781
2008-03-24,46350.0000,46350.0000,44100.0000,46000.0000,27202.6426,202931
2008-03-25,46600.0000,46800.0000,45550.0000,46000.0000,27202.6426,248273
2008-03-26,46050.0000,46050.0000,44050.0000,44500.0000,26315.5996,327638
2008-03-27,44400.0000,45750.0000,44150.0000,44250.0000,26167.7539,172021
2008-03-28,43500.0000,46600.0000,43250.0000,46150.0000,27890.1074,387430
2008-03-31,46700.0000,46850.0000,45650.0000,46500.0000,28101.6309,203605
2008-04-01,46400.0000,49000.0000,46300.0000,48000.0000,29008.1348,288692
2008-04-02,50700.0000,55200.0000,50000.0000,54500.0000,32936.3203,865703
2008-04-03,53900.0000,54900.0000,52400.0000,54200.0000,32755.0156,438926
2008-04-04,53400.0000,57200.0000,52600.0000,57100.0000,34507.5898,443166
2008-04-07,56800.0000,56800.0000,54500.0000,54500.0000,32936.3203,338139
2008-04-08,53900.0000,54000.0000,51900.0000,52700.0000,31848.5176,318317
2008-04-10,51300.0000,53400.0000,51200.0000,53000.0000,32029.8164,313439
2008-04-11,53000.0000,53800.0000,51500.0000,53000.0000,32029.8164,214762
2008-04-14,51200.0000,51300.0000,49200.0000,50000.0000,30216.8145,340855
2008-04-15,50000.0000,51600.0000,49900.0000,50400.0000,30458.5469,251682
2008-04-16,51400.0000,53200.0000,51300.0000,52500.0000,31727.6484,296365
2008-04-17,53900.0000,54300.0000,52100.0000,52700.0000,31848.5176,381890
2008-04-18,52900.0000,53000.0000,51200.0000,51600.0000,31183.7520,254798
2008-04-21,52700.0000,54500.0000,52300.0000,54000.0000,32634.1543,256657
2008-04-22,54200.0000,54300.0000,52000.0000,52100.0000,31485.9199,232886
2008-04-23,52100.0000,53800.0000,52000.0000,53100.0000,32090.2520,168725
2008-04-24,53300.0000,55100.0000,51900.0000,53300.0000,32211.1133,339873
2008-04-25,55300.0000,55800.0000,54200.0000,55300.0000,33419.7930,282337
2008-04-28,55400.0000,55800.0000,54000.0000,54900.0000,33178.0508,178586
2008-04-29,54900.0000,54900.0000,51900.0000,52300.0000,31606.7812,287699
2008-04-30,52300.0000,53600.0000,51900.0000,53000.0000,32029.8164,140566
2008-05-01,53000.0000,53000.0000,53000.0000,53000.0000,32029.8164,0
2008-05-02,53900.0000,55000.0000,53800.0000,55000.0000,33238.4922,233159
2008-05-05,55000.0000,55000.0000,55000.0000,55000.0000,33238.4922,0
2008-05-06,54500.0000,54700.0000,53300.0000,54700.0000,33057.1836,260377
2008-05-07,54300.0000,54700.0000,52500.0000,53700.0000,32452.8516,274996
2008-05-08,52100.0000,53800.0000,52000.0000,52600.0000,31788.0840,314816
2008-05-09,52700.0000,52900.0000,49850.0000,50200.0000,30337.6738,385645
2008-05-12,50200.0000,50200.0000,50200.0000,50200.0000,30337.6738,0
2008-05-13,50200.0000,50500.0000,49300.0000,49500.0000,29914.6387,308897
2008-05-14,49050.0000,49350.0000,46000.0000,46800.0000,28282.9336,466488
2008-05-15,46600.0000,50700.0000,46600.0000,49000.0000,29612.4766,456570
2008-05-16,50300.0000,51100.0000,49500.0000,50700.0000,30639.8477,395010
2008-05-19,50000.0000,51000.0000,49350.0000,50100.0000,30277.2422,325203
2008-05-20,49900.0000,50000.0000,48050.0000,48250.0000,29159.2207,306219
2008-05-21,47500.0000,47500.0000,46400.0000,46600.0000,28162.0703,359567
2008-05-22,46000.0000,46500.0000,45600.0000,45950.0000,27769.2520,306708
2008-05-23,46150.0000,47300.0000,45500.0000,46400.0000,28041.1973,272016
2008-05-26,46200.0000,46750.0000,45450.0000,45850.0000,27708.8164,221910
2008-05-27,45800.0000,47550.0000,45800.0000,46800.0000,28282.9336,243020
2008-05-28,47050.0000,47200.0000,44250.0000,45250.0000,27346.2051,396165
2008-05-29,45300.0000,47050.0000,45300.0000,47000.0000,28403.7969,214785
2008-05-30,47000.0000,47400.0000,46500.0000,47250.0000,28554.8828,125440
2008-06-02,47200.0000,47200.0000,45450.0000,46250.0000,27950.5469,206480
2008-06-03,45400.0000,45900.0000,42800.0000,43200.0000,26107.3242,635895
2008-06-04,43400.0000,44350.0000,43200.0000,44000.0000,26590.7930,263850
2008-06-05,43750.0000,44650.0000,43150.0000,44650.0000,26983.6113,254923
2008-06-06,44650.0000,44650.0000,44650.0000,44650.0000,26983.6113,0
2008-06-09,43400.0000,44250.0000,42900.0000,44200.0000,26711.6543,175634
2008-06-10,44300.0000,44450.0000,43200.0000,43800.0000,26469.9199,181332
2008-06-11,43900.0000,43900.0000,42200.0000,42650.0000,25774.9395,231509
2008-06-12,42000.0000,42300.0000,40850.0000,41800.0000,25261.2520,297080
2008-06-13,42150.0000,43000.0000,41800.0000,43000.0000,25986.4570,133729
2008-06-16,43600.0000,44950.0000,43300.0000,44250.0000,26741.8711,227167
2008-06-17,44550.0000,44700.0000,43550.0000,44450.0000,26862.7402,108742
2008-06-18,44100.0000,45050.0000,43750.0000,44900.0000,27134.6992,214944
2008-06-19,44500.0000,44500.0000,43300.0000,43550.0000,26318.8438,210992
2008-06-20,43700.0000,44700.0000,43200.0000,44700.0000,27013.8262,127261
2008-06-23,43900.0000,44700.0000,43700.0000,44400.0000,26832.5254,116333
2008-06-24,44100.0000,44200.0000,42300.0000,43500.0000,26288.6211,235045
2008-06-25,43300.0000,44200.0000,42500.0000,44000.0000,26590.7930,202473
2008-06-26,43000.0000,44200.0000,42700.0000,43050.0000,26016.6738,286414
2008-06-27,41800.0000,42000.0000,41100.0000,41800.0000,25261.2520,156828
2008-06-30,41600.0000,42000.0000,41450.0000,41850.0000,25291.4707,148030
2008-07-01,41500.0000,42600.0000,41500.0000,41700.0000,25200.8184,119254
2008-07-02,41950.0000,41950.0000,40200.0000,41100.0000,24838.2168,342722
2008-07-03,40150.0000,41450.0000,40050.0000,40950.0000,24747.5664,296201
2008-07-04,40650.0000,41000.0000,39100.0000,39850.0000,24082.7949,278741
2008-07-07,39750.0000,39750.0000,38850.0000,39450.0000,23841.0566,118224
2008-07-08,39100.0000,39350.0000,38150.0000,38600.0000,23327.3711,136327
2008-07-09,39400.0000,40750.0000,38600.0000,39450.0000,23841.0566,246573
2008-07-10,39000.0000,41100.0000,39000.0000,40300.0000,24354.7500,236214
2008-07-11,40450.0000,40800.0000,38750.0000,40750.0000,24626.6973,392528
2008-07-14,39800.0000,40900.0000,39500.0000,40600.0000,24536.0469,176769
2008-07-15,39800.0000,40300.0000,39100.0000,39500.0000,23871.2812,231473
2008-07-16,39800.0000,40500.0000,38550.0000,39900.0000,24113.0117,190208
2008-07-17,41200.0000,41700.0000,40800.0000,41200.0000,24898.6484,154636
2008-07-18,42500.0000,42500.0000,40150.0000,40150.0000,24264.0977,93794
2008-07-21,40500.0000,43400.0000,40500.0000,42750.0000,25835.3691,263674
2008-07-22,42500.0000,43700.0000,42200.0000,43550.0000,26318.8438,121238
2008-07-23,44500.0000,45400.0000,44000.0000,44500.0000,26892.9590,299847
2008-07-24,44800.0000,45600.0000,44250.0000,45600.0000,27557.7246,143818
2008-07-25,44200.0000,45000.0000,42500.0000,43700.0000,26409.4941,190161
2008-07-28,43700.0000,44250.0000,42000.0000,42000.0000,25382.1191,160475
2008-07-29,41100.0000,41300.0000,40100.0000,40900.0000,24717.3496,168342
2008-07-30,41800.0000,42350.0000,41450.0000,41450.0000,25049.7344,148012
2008-07-31,42100.0000,42500.0000,41450.0000,42350.0000,25593.6367,138106
2008-08-01,42100.0000,42100.0000,40700.0000,41750.0000,25231.0352,82560
2008-08-04,41300.0000,41600.0000,39600.0000,39800.0000,24052.5840,127033
2008-08-05,40000.0000,40650.0000,39650.0000,40150.0000,24264.0977,223221
2008-08-06,41400.0000,42550.0000,40850.0000,42000.0000,25382.1191,216184
2008-08-07,42700.0000,42700.0000,40700.0000,40850.0000,24687.1348,194304
2008-08-08,40100.0000,41300.0000,39800.0000,41150.0000,24868.4297,133185
2008-08-11,42050.0000,43300.0000,41900.0000,42900.0000,25926.0234,215547
2008-08-12,42350.0000,43500.0000,41850.0000,43000.0000,25986.4570,155988
2008-08-13,42500.0000,42800.0000,41650.0000,42300.0000,25563.4199,130975
2008-08-14,41400.0000,42250.0000,41250.0000,41500.0000,25079.9492,205498
2008-08-15,41500.0000,41500.0000,41500.0000,41500.0000,25079.9492,0
2008-08-18,41800.0000,41800.0000,40200.0000,40350.0000,24384.9668,288895
2008-08-19,40000.0000,40050.0000,38450.0000,38800.0000,23448.2441,341317
2008-08-20,38000.0000,38750.0000,37000.0000,37500.0000,22662.6074,387647
2008-08-21,37500.0000,37500.0000,35050.0000,35300.0000,21333.0684,611242
2008-08-22,35100.0000,35350.0000,34500.0000,35300.0000,21333.0684,393012
2008-08-25,35400.0000,35800.0000,34800.0000,35000.0000,21151.7695,287862
2008-08-26,34400.0000,35400.0000,34300.0000,35200.0000,21272.6309,161107
2008-08-27,35050.0000,36600.0000,34000.0000,35600.0000,21514.3672,157704
2008-08-28,36400.0000,36400.0000,34550.0000,35150.0000,21242.4160,166215
2008-08-29,35500.0000,36650.0000,35500.0000,36000.0000,21756.1035,242161
2008-09-01,35200.0000,35800.0000,34700.0000,34850.0000,21061.1152,222548
2008-09-02,34500.0000,35400.0000,34200.0000,34500.0000,20849.6016,337973
2008-09-03,33600.0000,35450.0000,33600.0000,35150.0000,21242.4160,367266
2008-09-04,34500.0000,34850.0000,33950.0000,34100.0000,20607.8633,349827
2008-09-05,33100.0000,33400.0000,32900.0000,33150.0000,20033.7422,543289
2008-09-08,34700.0000,36900.0000,34600.0000,36200.0000,21876.9707,887408
2008-09-09,35600.0000,35750.0000,33800.0000,34200.0000,20668.2969,482290
2008-09-10,33400.0000,35950.0000,33100.0000,35700.0000,21574.7969,841213
2008-09-11,35550.0000,35700.0000,34000.0000,34000.0000,20547.4316,918460
2008-09-12,35050.0000,35750.0000,34550.0000,35750.0000,21605.0195,979237
2008-09-15,35550.0000,35550.0000,35550.0000,35550.0000,21484.1504,0
2008-09-16,30250.0000,30950.0000,30250.0000,30500.0000,18432.2520,1227260
2008-09-17,31600.0000,34100.0000,31400.0000,33500.0000,20245.2598,865700
2008-09-18,30750.0000,31100.0000,29400.0000,30500.0000,18432.2520,2473
2008-09-19,32050.0000,32250.0000,30800.0000,31050.0000,18764.6348,1126194
2008-09-22,31700.0000,32100.0000,31350.0000,31700.0000,19157.4590,351017
2008-09-23,31150.0000,32850.0000,31100.0000,32100.0000,19399.1914,283638
2008-09-24,32400.0000,33650.0000,31850.0000,32700.0000,19761.7910,216550
2008-09-25,32850.0000,34350.0000,32200.0000,33950.0000,20517.2129,265810
2008-09-26,33950.0000,34600.0000,32150.0000,33100.0000,20003.5254,484323
2008-09-29,33400.0000,33500.0000,32100.0000,32100.0000,19399.1914,227117
2008-09-30,28500.0000,36900.0000,28500.0000,31500.0000,19036.5879,2701809
2008-10-01,31500.0000,31550.0000,30250.0000,31000.0000,18734.4199,248120
2008-10-02,31350.0000,31500.0000,29850.0000,30400.0000,18371.8184,305446
2008-10-03,30400.0000,30400.0000,30400.0000,30400.0000,18371.8184,0
2008-10-06,29100.0000,29450.0000,25850.0000,25850.0000,15622.0889,1072000
2008-10-07,25000.0000,25600.0000,22300.0000,25000.0000,15108.4072,591320
2008-10-08,23900.0000,24450.0000,23200.0000,23200.0000,14020.5986,561540
2008-10-09,23500.0000,24700.0000,23200.0000,23550.0000,14232.1172,465032
2008-10-10,22050.0000,22400.0000,20150.0000,22400.0000,13537.1328,481645
2008-10-13,23000.0000,24850.0000,22800.0000,24000.0000,14504.0674,336630
2008-10-14,26200.0000,27600.0000,26200.0000,27600.0000,16679.6758,477130
2008-10-15,27250.0000,28950.0000,26300.0000,27600.0000,16679.6758,855955
2008-10-16,25800.0000,26450.0000,24050.0000,24750.0000,14957.3193,931660
2008-10-17,26000.0000,26100.0000,24900.0000,25000.0000,15108.4072,424806
2008-10-20,26000.0000,27700.0000,25000.0000,26950.0000,16286.8564,302207
2008-10-21,27450.0000,27700.0000,26500.0000,26900.0000,16256.6445,216213
2008-10-22,27250.0000,27400.0000,24300.0000,25000.0000,15108.4072,276445
2008-10-23,21500.0000,24850.0000,21500.0000,24000.0000,14504.0674,347085
2008-10-24,24000.0000,24500.0000,21900.0000,22000.0000,13295.3965,542177
2008-10-27,21250.0000,24600.0000,21250.0000,23100.0000,13960.1680,564442
2008-10-28,22000.0000,25500.0000,21550.0000,24400.0000,14745.8008,373001
2008-10-29,25600.0000,26100.0000,20850.0000,23000.0000,13899.7314,446463
2008-10-30,24600.0000,26000.0000,23000.0000,25800.0000,15591.8760,477094
2008-10-31,25050.0000,27000.0000,24050.0000,25000.0000,15108.4072,545227
2008-11-03,26100.0000,28300.0000,25700.0000,27550.0000,16649.4609,318160
2008-11-04,27650.0000,28700.0000,27000.0000,28400.0000,17163.1445,246614
2008-11-05,29300.0000,32100.0000,29000.0000,29800.0000,18009.2168,308265
2008-11-06,27750.0000,29300.0000,26500.0000,28400.0000,17163.1445,263191
2008-11-07,27000.0000,28850.0000,26500.0000,28200.0000,17042.2812,290904
2008-11-10,28700.0000,29250.0000,27200.0000,27550.0000,16649.4609,203035
2008-11-11,26550.0000,28300.0000,25900.0000,27400.0000,16558.8125,151660
2008-11-12,26400.0000,27300.0000,25850.0000,26800.0000,16196.2080,145181
2008-11-13,25600.0000,26700.0000,23250.0000,26700.0000,16135.7754,167544
2008-11-14,27250.0000,27400.0000,25150.0000,25250.0000,15259.4893,203443
2008-11-17,25000.0000,27100.0000,23500.0000,24800.0000,14987.5371,242552
2008-11-18,24000.0000,25250.0000,23500.0000,23800.0000,14383.2002,258426
2008-11-19,24250.0000,24400.0000,23350.0000,24200.0000,14624.9365,134060
2008-11-20,22950.0000,23600.0000,21900.0000,21900.0000,13234.9600,142819
2008-11-21,21500.0000,23150.0000,20700.0000,22600.0000,13657.9980,309276
2008-11-24,22100.0000,22300.0000,20100.0000,20600.0000,12449.3242,349020
2008-11-25,22000.0000,22650.0000,21550.0000,21800.0000,13174.5283,370577
2008-11-26,21850.0000,24050.0000,21850.0000,22750.0000,13748.6475,460347
2008-11-27,23350.0000,24950.0000,23050.0000,23450.0000,14171.6836,387363
2008-11-28,23850.0000,25050.0000,23600.0000,25000.0000,15108.4072,242001
2008-12-01,24700.0000,24900.0000,23600.0000,24900.0000,15047.9697,76680
2008-12-02,23500.0000,25650.0000,23250.0000,24750.0000,14957.3193,199622
2008-12-03,25500.0000,26300.0000,24850.0000,24900.0000,15047.9697,228032
2008-12-04,25350.0000,25750.0000,23650.0000,24050.0000,14534.2842,152531
2008-12-05,24800.0000,25700.0000,24150.0000,24300.0000,14685.3682,159918
2008-12-08,24650.0000,26950.0000,24500.0000,26100.0000,15773.1719,221720
2008-12-09,26600.0000,26850.0000,25800.0000,26500.0000,16014.9082,296252
2008-12-10,26900.0000,27250.0000,26250.0000,26950.0000,16286.8564,334696
2008-12-11,27300.0000,28900.0000,27150.0000,27950.0000,16891.1973,473855
2008-12-12,27200.0000,27900.0000,25250.0000,26500.0000,16014.9082,212923
2008-12-15,27900.0000,29300.0000,27650.0000,27750.0000,16770.3281,290343
2008-12-16,27750.0000,28500.0000,27200.0000,27850.0000,16830.7598,203675
2008-12-17,29300.0000,29350.0000,26500.0000,27150.0000,16407.7266,239886
2008-12-18,27550.0000,28200.0000,26300.0000,26650.0000,16105.5566,251644
2008-12-19,26650.0000,27000.0000,25650.0000,26000.0000,15712.7393,207979
2008-12-22,26200.0000,27100.0000,26000.0000,26150.0000,15803.3906,123539
2008-12-23,25800.0000,26100.0000,25050.0000,25500.0000,15410.5723,166619
2008-12-24,25900.0000,25900.0000,23350.0000,24750.0000,14957.3193,1060181
2008-12-25,24950.0000,24950.0000,24950.0000,24950.0000,15078.1865,0
2008-12-26,24750.0000,24900.0000,23700.0000,23950.0000,14473.8506,105294
2008-12-29,23950.0000,24050.0000,23100.0000,23700.0000,14322.7656,115128
2008-12-30,24200.0000,24550.0000,23850.0000,23850.0000,14413.4160,93446
2008-12-31,23850.0000,23850.0000,23850.0000,23850.0000,14413.4160,0
2009-01-02,24150.0000,24750.0000,23200.0000,24400.0000,14745.8008,242783
2009-01-05,25250.0000,26550.0000,25050.0000,25200.0000,15229.2734,482565
2009-01-06,25200.0000,26350.0000,25200.0000,26200.0000,15833.6064,314690
2009-01-07,27000.0000,29350.0000,26450.0000,29100.0000,17586.1797,575485
2009-01-08,28200.0000,29250.0000,27700.0000,28600.0000,17284.0137,431809
2009-01-09,29200.0000,29750.0000,27650.0000,28750.0000,17374.6641,284403
2009-01-12,28100.0000,29450.0000,27100.0000,29100.0000,17586.1797,254793
2009-01-13,28500.0000,29000.0000,27800.0000,28000.0000,16921.4121,330024
2009-01-14,28050.0000,28600.0000,27250.0000,28200.0000,17042.2812,191708
2009-01-15,27000.0000,27000.0000,25900.0000,26500.0000,16014.9082,276382
2009-01-16,26550.0000,26900.0000,25900.0000,26350.0000,15924.2588,134570
2009-01-19,26450.0000,28000.0000,26250.0000,27250.0000,16468.1602,231589
2009-01-20,27150.0000,27150.0000,26050.0000,27100.0000,16377.5078,110510
2009-01-21,26100.0000,26350.0000,25500.0000,25700.0000,15531.4336,157338
2009-01-22,26600.0000,27250.0000,25800.0000,26300.0000,15894.0420,186014
2009-01-23,25950.0000,26400.0000,25400.0000,26200.0000,15833.6064,110493
2009-01-28,27000.0000,28500.0000,26850.0000,28000.0000,16921.4121,174230
2009-01-29,28550.0000,28750.0000,27750.0000,28400.0000,17163.1445,177025
2009-01-30,27700.0000,28400.0000,27400.0000,28400.0000,17163.1445,143735
2009-02-02,27600.0000,28550.0000,26550.0000,27300.0000,16498.3770,268958
2009-02-03,27600.0000,28100.0000,26850.0000,27500.0000,16619.2461,299728
2009-02-04,28300.0000,30850.0000,27950.0000,30650.0000,18522.9004,501339
2009-02-05,30100.0000,31350.0000,29600.0000,29950.0000,18099.8691,302272
2009-02-06,30900.0000,32300.0000,30350.0000,31500.0000,19036.5879,549878
2009-02-09,32150.0000,33000.0000,31050.0000,31800.0000,19217.8906,310494
2009-02-10,32950.0000,33050.0000,30650.0000,31050.0000,18764.6348,278830
2009-02-11,29850.0000,30200.0000,29300.0000,29650.0000,17918.5645,442277
2009-02-12,29650.0000,29650.0000,27650.0000,27800.0000,16800.5449,528514
2009-02-13,28050.0000,29450.0000,27900.0000,29450.0000,17797.7012,407027
2009-02-16,28700.0000,28800.0000,27300.0000,27350.0000,16528.5918,502538
2009-02-17,26800.0000,27100.0000,25550.0000,25750.0000,15561.6562,390248
2009-02-18,25450.0000,26500.0000,25200.0000,25800.0000,15591.8760,309717
2009-02-19,25800.0000,26450.0000,25350.0000,25550.0000,15440.7891,222492
2009-02-20,24900.0000,25250.0000,23450.0000,23800.0000,14383.2002,260786
2009-02-23,23700.0000,25050.0000,22700.0000,24750.0000,14957.3193,225459
2009-02-24,23600.0000,24700.0000,23000.0000,24600.0000,14866.6680,317239
2009-02-25,25500.0000,25500.0000,23100.0000,23300.0000,14081.0352,473711
2009-02-26,23500.0000,24150.0000,21800.0000,22200.0000,13416.2627,332725
2009-02-27,22200.0000,23050.0000,22050.0000,22750.0000,13748.6475,258991
2009-03-02,22350.0000,22350.0000,20450.0000,20900.0000,12630.6260,439936
2009-03-03,20350.0000,21450.0000,20300.0000,21100.0000,12751.4951,247428
2009-03-04,21100.0000,22600.0000,20700.0000,22100.0000,13355.8271,218192
2009-03-05,22400.0000,22650.0000,21650.0000,22100.0000,13355.8271,246151
2009-03-06,21100.0000,21800.0000,21100.0000,21750.0000,13144.3105,190717
2009-03-09,21850.0000,22450.0000,21400.0000,21750.0000,13144.3105,249513
2009-03-10,21400.0000,23700.0000,21400.0000,23400.0000,14141.4668,599469
2009-03-11,24250.0000,25500.0000,23700.0000,24950.0000,15078.1865,844356
2009-03-12,24900.0000,25100.0000,23700.0000,24750.0000,14957.3193,392772
2009-03-13,25300.0000,25400.0000,24000.0000,24050.0000,14534.2842,192062
2009-03-16,24200.0000,25300.0000,24100.0000,24350.0000,14715.5830,268045
2009-03-17,24900.0000,27900.0000,24750.0000,26400.0000,15954.4727,677563
2009-03-18,27050.0000,27600.0000,26200.0000,27300.0000,16498.3770,341841
2009-03-19,28200.0000,28250.0000,27400.0000,27800.0000,16800.5449,288812
2009-03-20,27600.0000,28000.0000,26450.0000,27200.0000,16437.9414,251637
2009-03-23,27150.0000,27800.0000,27150.0000,27800.0000,16800.5449,35960
2009-03-24,29500.0000,29650.0000,28800.0000,29500.0000,17827.9199,454472
2009-03-25,29250.0000,30050.0000,29050.0000,30000.0000,18130.0820,248739
2009-03-26,29800.0000,30850.0000,29300.0000,30400.0000,18371.8184,325846
2009-03-27,30500.0000,31650.0000,30200.0000,30900.0000,18673.9883,470347
2009-03-30,30350.0000,31500.0000,29350.0000,30000.0000,18188.9512,229661
2009-03-31,30000.0000,30100.0000,29400.0000,29700.0000,18007.0586,481810
2009-04-01,30400.0000,31850.0000,29250.0000,30100.0000,18249.5781,432759
2009-04-02,31000.0000,31350.0000,30550.0000,31000.0000,18795.2480,660902
2009-04-03,31500.0000,32500.0000,31250.0000,31500.0000,19098.3945,893723
2009-04-06,31900.0000,33150.0000,31850.0000,32500.0000,19704.6934,830941
2009-04-07,32750.0000,34200.0000,32000.0000,33550.0000,20341.3086,405534
2009-04-08,33150.0000,33350.0000,31800.0000,32250.0000,19553.1191,254496
2009-04-09,32650.0000,35650.0000,32400.0000,35500.0000,21523.5898,1215517
2009-04-10,37000.0000,39500.0000,36000.0000,36900.0000,22372.4043,570058
2009-04-13,37050.0000,37250.0000,34900.0000,35250.0000,21372.0156,571609
2009-04-14,35750.0000,36000.0000,34000.0000,34350.0000,20826.3457,435460
2009-04-15,33400.0000,33950.0000,32100.0000,33350.0000,20220.0488,440531
2009-04-16,34000.0000,34600.0000,32750.0000,33600.0000,20371.6230,402640
2009-04-17,33600.0000,33950.0000,31150.0000,31850.0000,19310.6035,553055
2009-04-20,31600.0000,33250.0000,31000.0000,32650.0000,19795.6426,350822
2009-04-21,31900.0000,35900.0000,31500.0000,34500.0000,20917.2910,635029
2009-04-22,34550.0000,35000.0000,33600.0000,34900.0000,21159.8105,350138
2009-04-23,35100.0000,35200.0000,33350.0000,34000.0000,20614.1406,303137
2009-04-24,34200.0000,34900.0000,32400.0000,33300.0000,20189.7344,252794
2009-04-27,33600.0000,33700.0000,31200.0000,31500.0000,19098.3945,330881
2009-04-28,31450.0000,32200.0000,29700.0000,29950.0000,18158.6328,286425
2009-04-29,30100.0000,31700.0000,30100.0000,31000.0000,18795.2480,231803
2009-04-30,31800.0000,33550.0000,31700.0000,32500.0000,19704.6934,401472
2009-05-04,33000.0000,35300.0000,33000.0000,35000.0000,21220.4414,765671
2009-05-06,34900.0000,35450.0000,34500.0000,35000.0000,21220.4414,361434
2009-05-07,35800.0000,36100.0000,35400.0000,36000.0000,21826.7402,483190
2009-05-08,35950.0000,36600.0000,35700.0000,36400.0000,22069.2559,504307
2009-05-11,36050.0000,36750.0000,35800.0000,36350.0000,22038.9473,239301
2009-05-12,35700.0000,36800.0000,35600.0000,36350.0000,22038.9473,186954
2009-05-13,36500.0000,37350.0000,36500.0000,37150.0000,22523.9863,707751
2009-05-14,36250.0000,37100.0000,35900.0000,36500.0000,22129.8906,763857
2009-05-15,36750.0000,36800.0000,35800.0000,35950.0000,21796.4258,471041
2009-05-18,35600.0000,35600.0000,33000.0000,34000.0000,20614.1406,923755
2009-05-19,35300.0000,35500.0000,34300.0000,35100.0000,21281.0684,931715
2009-05-20,35350.0000,36300.0000,35100.0000,36100.0000,21887.3652,500708
2009-05-21,35600.0000,36550.0000,34750.0000,35500.0000,21523.5898,444074
2009-05-22,35700.0000,36350.0000,35500.0000,36350.0000,22038.9473,445300
2009-05-25,36050.0000,36100.0000,32900.0000,34850.0000,21129.4961,421164
2009-05-26,34850.0000,35100.0000,32900.0000,33700.0000,20432.2520,457262
2009-05-27,34100.0000,34200.0000,32650.0000,32700.0000,19825.9551,298838
2009-05-28,32050.0000,32800.0000,31050.0000,32800.0000,19886.5820,274937
2009-05-29,32800.0000,32850.0000,31450.0000,32000.0000,19401.5469,331259
2009-06-01,31900.0000,33600.0000,31650.0000,33450.0000,20280.6758,416048
2009-06-02,34000.0000,35000.0000,33250.0000,33700.0000,20432.2520,655936
2009-06-03,34000.0000,34500.0000,33150.0000,33500.0000,20310.9941,207521
2009-06-04,33200.0000,33500.0000,32200.0000,32350.0000,19613.7480,213271
2009-06-05,32650.0000,33400.0000,31850.0000,33100.0000,20068.4727,257657
2009-06-08,32700.0000,34100.0000,32700.0000,33600.0000,20371.6230,172070
2009-06-09,34800.0000,36450.0000,34500.0000,34800.0000,21099.1836,979501
2009-06-10,34800.0000,36200.0000,34550.0000,35950.0000,21796.4258,623308
2009-06-11,35350.0000,37550.0000,35350.0000,36600.0000,22190.5156,1034434
2009-06-12,36500.0000,37950.0000,36450.0000,37300.0000,22614.9277,286826
2009-06-15,37000.0000,38000.0000,36250.0000,37500.0000,22736.1855,246602
2009-06-16,36900.0000,38700.0000,36100.0000,38000.0000,23039.3340,361746
2009-06-17,38000.0000,38650.0000,36600.0000,37550.0000,22766.5020,325944
2009-06-18,38300.0000,38300.0000,36350.0000,36800.0000,22311.7852,381634
2009-06-19,36800.0000,37750.0000,36500.0000,37550.0000,22766.5020,268994
2009-06-22,37550.0000,39250.0000,37000.0000,39000.0000,23645.6387,204978
2009-06-23,38250.0000,38250.0000,36750.0000,37850.0000,22948.3906,262780
2009-06-24,37900.0000,38300.0000,36850.0000,37200.0000,22554.2969,165686
2009-06-25,37300.0000,39250.0000,37200.0000,38350.0000,23251.5410,394026
2009-06-26,38500.0000,38850.0000,37400.0000,38350.0000,23251.5410,133150
2009-06-29,38600.0000,38900.0000,36600.0000,37350.0000,22645.2422,177170
2009-06-30,37650.0000,39000.0000,36700.0000,36700.0000,22251.1465,303660
2009-07-01,36350.0000,37550.0000,35550.0000,36200.0000,21948.0000,301560
2009-07-02,36700.0000,36700.0000,34950.0000,35100.0000,21281.0684,321872
2009-07-03,34350.0000,35100.0000,34250.0000,35000.0000,21220.4414,256659
2009-07-06,35300.0000,35800.0000,35000.0000,35300.0000,21402.3320,220894
2009-07-07,35600.0000,36150.0000,35100.0000,35100.0000,21281.0684,271150
2009-07-08,35000.0000,35700.0000,34700.0000,35550.0000,21553.9004,171942
2009-07-09,35850.0000,36300.0000,35450.0000,35700.0000,21644.8477,241028
2009-07-10,36000.0000,36300.0000,34900.0000,35400.0000,21462.9590,197754
2009-07-13,35100.0000,35400.0000,33600.0000,34000.0000,20614.1406,242681
2009-07-14,34800.0000,35000.0000,33900.0000,33900.0000,20553.5078,161639
2009-07-15,34250.0000,34900.0000,34200.0000,34550.0000,20947.6016,368461
2009-07-16,35200.0000,36000.0000,34550.0000,34550.0000,20947.6016,315841
2009-07-17,35100.0000,35900.0000,34800.0000,35700.0000,21644.8477,335243
2009-07-20,36000.0000,37750.0000,36000.0000,36650.0000,22220.8301,391884
2009-07-21,37650.0000,38050.0000,37050.0000,37950.0000,23009.0176,429331
2009-07-22,38200.0000,38400.0000,37950.0000,38050.0000,23069.6465,246086
2009-07-23,37800.0000,38750.0000,37800.0000,38350.0000,23251.5410,194408
2009-07-24,38900.0000,40350.0000,38650.0000,39800.0000,24130.6699,452109
2009-07-27,39800.0000,41000.0000,39500.0000,40850.0000,24767.2910,301934
2009-07-28,40350.0000,40350.0000,38700.0000,39000.0000,23645.6387,336460
2009-07-29,38900.0000,39300.0000,38100.0000,38950.0000,23615.3145,247476
2009-07-30,38950.0000,38950.0000,37900.0000,38400.0000,23281.8516,224120
2009-07-31,38700.0000,40250.0000,38700.0000,40100.0000,24312.5605,522043
2009-08-03,40050.0000,41800.0000,39700.0000,40700.0000,24676.3418,298555
2009-08-04,41100.0000,41800.0000,39700.0000,40700.0000,24676.3418,231048
2009-08-05,40300.0000,40650.0000,38750.0000,39800.0000,24130.6699,386780
2009-08-06,39750.0000,40200.0000,38650.0000,39800.0000,24130.6699,296201
2009-08-07,39950.0000,41100.0000,39250.0000,41000.0000,24858.2344,215472
2009-08-10,41100.0000,41550.0000,39900.0000,40000.0000,24251.9336,207912
2009-08-11,39500.0000,40050.0000,38900.0000,39600.0000,24009.4121,228910
2009-08-12,39200.0000,39300.0000,37900.0000,38000.0000,23039.3340,328160
2009-08-13,38550.0000,38850.0000,37500.0000,37500.0000,22736.1855,288589
2009-08-14,37900.0000,38900.0000,37400.0000,37950.0000,23009.0176,531140
2009-08-17,37950.0000,38000.0000,35850.0000,36100.0000,21887.3652,452260
2009-08-18,35550.0000,36200.0000,34850.0000,35250.0000,21372.0156,426300
2009-08-19,35650.0000,35750.0000,34650.0000,34800.0000,21099.1836,340921
2009-08-20,35100.0000,35700.0000,34400.0000,35600.0000,21584.2188,593707
2009-08-21,35700.0000,36200.0000,33800.0000,34150.0000,20705.0859,745063
2009-08-24,35100.0000,36300.0000,34500.0000,35800.0000,21705.4805,817678
2009-08-25,36000.0000,36600.0000,35800.0000,36100.0000,21887.3652,516744
2009-08-26,36500.0000,36550.0000,35450.0000,35650.0000,21614.5293,554506
2009-08-27,35900.0000,35900.0000,34950.0000,35750.0000,21675.1621,329067
2009-08-28,36300.0000,37200.0000,35900.0000,37150.0000,22523.9863,547755
2009-08-31,37100.0000,37100.0000,35800.0000,35800.0000,21705.4805,292700
2009-09-01,35550.0000,35950.0000,35150.0000,35550.0000,21553.9004,383769
2009-09-02,34800.0000,35250.0000,34650.0000,34650.0000,21008.2344,286467
2009-09-03,34800.0000,36150.0000,34650.0000,35250.0000,21372.0156,235813
2009-09-04,36000.0000,36550.0000,35600.0000,36150.0000,21917.6816,292806
2009-09-07,36650.0000,36800.0000,36000.0000,36600.0000,22190.5156,226257
2009-09-08,36300.0000,36500.0000,35400.0000,35800.0000,21705.4805,347573
2009-09-09,36300.0000,36300.0000,35600.0000,35900.0000,21766.1094,169747
2009-09-10,36100.0000,37000.0000,35700.0000,36900.0000,22372.4043,406353
2009-09-11,37000.0000,37800.0000,36500.0000,37250.0000,22584.6133,332722
2009-09-14,37550.0000,37700.0000,36050.0000,36050.0000,21857.0547,247104
2009-09-15,36400.0000,36650.0000,35700.0000,35800.0000,21705.4805,212219
2009-09-16,36150.0000,37500.0000,35800.0000,35850.0000,21735.7930,444747
2009-09-17,36800.0000,39100.0000,36600.0000,38000.0000,23039.3340,1224620
2009-09-18,38200.0000,38200.0000,37250.0000,38000.0000,23039.3340,721205
2009-09-21,38000.0000,38250.0000,37050.0000,37050.0000,22463.3516,205575
2009-09-22,37300.0000,38100.0000,37050.0000,37050.0000,22463.3516,277226
2009-09-23,37150.0000,37300.0000,36000.0000,36050.0000,21857.0547,288573
2009-09-24,35900.0000,36700.0000,35000.0000,36000.0000,21826.7402,338843
2009-09-25,36000.0000,36300.0000,35250.0000,36000.0000,21826.7402,190460
2009-09-28,36000.0000,36000.0000,35200.0000,35200.0000,21341.6973,186680
2009-09-29,35500.0000,35700.0000,34700.0000,34950.0000,21190.1211,194144
2009-09-30,35050.0000,36050.0000,34900.0000,35000.0000,21220.4414,283959
2009-10-01,35550.0000,35800.0000,34850.0000,35350.0000,21432.6484,273376
2009-10-05,34450.0000,36000.0000,34300.0000,35450.0000,21493.2773,271416
2009-10-06,36200.0000,36300.0000,35350.0000,36300.0000,22008.6270,209794
2009-10-07,36400.0000,36750.0000,36350.0000,36350.0000,22038.9473,200098
2009-10-08,36200.0000,36500.0000,35750.0000,36500.0000,22129.8906,169442
2009-10-09,36750.0000,37500.0000,36550.0000,37150.0000,22523.9863,279507
2009-10-12,37350.0000,37700.0000,37150.0000,37650.0000,22827.1309,138982
2009-10-13,37350.0000,37750.0000,36450.0000,36700.0000,22251.1465,214656
2009-10-14,36700.0000,37050.0000,36000.0000,36000.0000,21826.7402,227264
2009-10-15,36250.0000,36900.0000,36000.0000,36000.0000,21826.7402,277390
2009-10-16,36050.0000,36700.0000,36000.0000,36000.0000,21826.7402,111123
2009-10-19,36350.0000,36350.0000,35450.0000,35550.0000,21553.9004,176457
2009-10-20,35600.0000,36050.0000,35600.0000,35850.0000,21735.7930,104918
2009-10-21,35450.0000,36600.0000,35450.0000,36250.0000,21978.3105,172745
2009-10-22,35650.0000,36200.0000,34700.0000,35000.0000,21220.4414,184209
2009-10-23,35250.0000,35500.0000,35050.0000,35250.0000,21372.0156,71136
2009-10-26,34900.0000,35700.0000,34700.0000,35450.0000,21493.2773,87531
2009-10-27,35000.0000,35250.0000,34550.0000,34550.0000,20947.6016,117892
2009-10-28,34350.0000,34650.0000,32700.0000,32700.0000,19825.9551,261296
2009-10-29,32000.0000,33100.0000,31300.0000,31650.0000,19189.3418,225106
2009-10-30,32450.0000,32900.0000,31850.0000,32300.0000,19583.4336,311434
2009-11-02,31250.0000,32150.0000,31100.0000,31100.0000,18855.8789,149554
2009-11-03,31350.0000,32450.0000,31150.0000,31800.0000,19280.2871,218488
2009-11-04,32100.0000,32850.0000,31600.0000,32850.0000,19916.9004,180865
2009-11-05,32450.0000,32650.0000,31250.0000,31250.0000,18946.8203,136773
2009-11-06,32000.0000,32200.0000,31600.0000,31800.0000,19280.2871,113890
2009-11-09,32050.0000,32700.0000,32050.0000,32550.0000,19735.0078,117260
2009-11-10,33350.0000,33400.0000,32900.0000,32900.0000,19947.2129,148452
2009-11-11,33300.0000,33300.0000,32800.0000,33200.0000,20129.1035,113993
2009-11-12,33000.0000,33000.0000,32000.0000,32000.0000,19401.5469,362233
2009-11-13,32300.0000,32450.0000,31600.0000,32000.0000,19401.5469,120241
2009-11-16,31900.0000,32100.0000,31250.0000,31550.0000,19128.7090,310939
2009-11-17,31750.0000,32100.0000,31500.0000,31550.0000,19128.7090,215352
2009-11-18,31700.0000,32200.0000,31150.0000,31750.0000,19249.9727,723815
2009-11-19,32100.0000,32400.0000,31700.0000,32050.0000,19431.8613,467511
2009-11-20,31800.0000,32200.0000,31650.0000,32000.0000,19401.5469,213720
2009-11-23,32000.0000,32150.0000,31900.0000,32000.0000,19401.5469,152143
2009-11-24,32550.0000,32550.0000,31500.0000,31550.0000,19128.7090,317415
2009-11-25,31750.0000,32200.0000,31350.0000,32200.0000,19522.8047,129100
2009-11-26,32150.0000,32500.0000,31950.0000,32050.0000,19431.8613,192700
2009-11-27,31350.0000,31750.0000,29600.0000,29600.0000,17946.4297,265192
2009-11-30,30250.0000,30950.0000,29950.0000,30600.0000,18552.7266,181941
2009-12-01,30300.0000,30750.0000,30150.0000,30700.0000,18613.3555,120638
2009-12-02,30800.0000,31700.0000,30700.0000,31400.0000,19037.7637,154702
2009-12-03,31400.0000,32350.0000,31400.0000,32300.0000,19583.4336,214460
2009-12-04,31800.0000,33100.0000,31650.0000,32750.0000,19856.2695,270587
2009-12-07,32750.0000,33000.0000,32150.0000,32550.0000,19735.0078,114649
2009-12-08,32650.0000,32750.0000,32100.0000,32150.0000,19492.4902,91222
2009-12-09,31700.0000,32600.0000,31700.0000,32600.0000,19765.3223,63934
2009-12-10,32800.0000,33500.0000,31800.0000,33500.0000,20310.9941,302499
2009-12-11,33150.0000,34500.0000,32800.0000,33900.0000,20553.5078,267678
2009-12-14,34000.0000,34500.0000,33700.0000,34200.0000,20735.4023,180356
2009-12-15,34400.0000,34450.0000,33600.0000,34000.0000,20614.1406,153176
2009-12-16,34450.0000,34450.0000,33800.0000,34000.0000,20614.1406,70096
2009-12-17,33700.0000,33950.0000,33350.0000,33500.0000,20310.9941,61180
2009-12-18,33300.0000,33600.0000,32800.0000,32950.0000,19977.5312,58740
2009-12-21,33000.0000,33950.0000,32500.0000,33350.0000,20220.0488,134475
2009-12-22,33450.0000,33800.0000,33300.0000,33300.0000,20189.7344,54205
2009-12-23,33200.0000,33600.0000,32800.0000,33000.0000,20007.8438,61536
2009-12-24,32800.0000,33850.0000,32800.0000,33800.0000,20492.8828,88570
2009-12-28,33700.0000,34000.0000,33000.0000,33000.0000,20007.8438,59139
2009-12-29,33050.0000,33450.0000,32650.0000,33100.0000,20068.4727,48163
2009-12-30,33100.0000,33500.0000,32250.0000,33500.0000,20310.9941,111301
2010-01-04,33450.0000,34250.0000,33400.0000,34250.0000,20765.7207,110865
2010-01-05,34350.0000,34700.0000,33800.0000,34600.0000,20977.9219,144207
2010-01-06,34850.0000,34900.0000,34300.0000,34300.0000,20796.0312,83836
2010-01-07,35000.0000,35000.0000,33600.0000,33600.0000,20371.6230,74165
2010-01-08,34300.0000,35900.0000,34100.0000,35850.0000,21735.7930,230880
2010-01-11,36200.0000,36400.0000,35600.0000,35600.0000,21584.2188,92575
2010-01-12,35600.0000,35600.0000,34350.0000,35200.0000,21341.6973,117439
2010-01-13,34700.0000,34900.0000,34150.0000,34150.0000,20705.0859,76375
2010-01-14,34250.0000,35000.0000,34200.0000,34950.0000,21190.1211,134266
2010-01-15,34800.0000,35150.0000,34100.0000,34100.0000,20674.7715,144084
2010-01-18,34000.0000,34000.0000,33000.0000,33550.0000,20341.3086,187720
2010-01-19,33600.0000,34000.0000,33350.0000,33500.0000,20310.9941,123180
2010-01-20,33650.0000,34200.0000,33200.0000,33200.0000,20129.1035,155664
2010-01-21,33300.0000,34100.0000,33100.0000,33900.0000,20553.5078,95931
2010-01-22,33300.0000,33450.0000,31950.0000,32000.0000,19401.5469,173756
2010-01-25,31550.0000,31550.0000,30950.0000,31350.0000,19007.4512,116878
2010-01-26,31350.0000,31650.0000,30950.0000,31400.0000,19037.7637,113785
2010-01-27,31200.0000,32100.0000,31200.0000,32050.0000,19431.8613,186956
2010-01-28,31850.0000,32100.0000,31400.0000,31800.0000,19280.2871,201042
2010-01-29,31350.0000,32000.0000,30700.0000,30700.0000,18613.3555,123752
2010-02-01,30500.0000,30850.0000,30150.0000,30350.0000,18401.1523,110581
2010-02-02,30600.0000,30750.0000,30300.0000,30500.0000,18492.0957,417737
2010-02-03,30600.0000,31150.0000,30550.0000,30800.0000,18673.9883,69746
2010-02-04,30650.0000,30650.0000,30150.0000,30300.0000,18370.8418,108070
2010-02-05,29500.0000,30500.0000,29000.0000,29850.0000,18098.0039,205927
2010-02-08,29900.0000,30100.0000,29450.0000,29900.0000,18128.3184,111938
2010-02-09,29500.0000,30000.0000,29100.0000,29650.0000,17976.7422,140532
2010-02-10,29800.0000,29950.0000,29250.0000,29350.0000,17794.8555,96509
2010-02-11,29500.0000,30650.0000,29350.0000,30650.0000,18583.0449,137736
2010-02-12,30350.0000,30650.0000,29700.0000,30100.0000,18249.5781,119799
2010-02-16,29800.0000,30400.0000,29800.0000,30250.0000,18340.5254,70448
2010-02-17,30800.0000,31250.0000,30450.0000,31150.0000,18886.1914,132378
2010-02-18,30950.0000,31000.0000,30650.0000,30900.0000,18734.6191,58343
2010-02-19,30800.0000,30950.0000,30150.0000,30450.0000,18461.7793,77651
2010-02-22,30700.0000,31750.0000,30700.0000,31550.0000,19128.7090,122363
2010-02-23,31300.0000,31700.0000,31150.0000,31650.0000,19189.3418,83610
2010-02-24,31250.0000,31550.0000,31100.0000,31150.0000,18886.1914,97337
2010-02-25,31300.0000,31400.0000,30150.0000,30150.0000,18279.8926,111221
2010-02-26,30300.0000,30800.0000,30000.0000,30300.0000,18370.8418,151496
2010-03-02,31150.0000,31150.0000,30350.0000,30700.0000,18613.3555,124924
2010-03-03,30500.0000,30950.0000,30300.0000,30950.0000,18764.9316,147307
2010-03-04,30650.0000,30950.0000,30500.0000,30600.0000,18552.7266,83097
2010-03-05,30600.0000,31550.0000,30600.0000,31550.0000,19128.7090,114665
2010-03-08,31750.0000,34050.0000,31500.0000,34050.0000,20644.4531,176047
2010-03-09,32800.0000,33150.0000,32550.0000,32650.0000,19795.6426,136744
2010-03-10,32900.0000,33250.0000,32650.0000,33150.0000,20098.7871,65758
2010-03-11,33350.0000,33450.0000,32800.0000,33100.0000,20068.4727,116324
2010-03-12,33100.0000,33500.0000,33000.0000,33250.0000,20159.4199,62110
2010-03-15,33000.0000,33350.0000,32750.0000,32750.0000,19856.2695,55279
2010-03-16,32700.0000,33100.0000,32200.0000,32300.0000,19583.4336,161601
2010-03-17,32700.0000,33850.0000,32700.0000,33500.0000,20310.9941,163488
2010-03-18,33000.0000,33600.0000,32850.0000,32850.0000,19916.9004,85930
2010-03-19,32900.0000,33750.0000,32900.0000,33750.0000,20462.5684,77190
2010-03-22,33500.0000,33500.0000,32700.0000,32850.0000,19916.9004,91753
2010-03-23,33100.0000,33350.0000,32550.0000,32800.0000,19886.5820,250656
2010-03-24,33150.0000,33350.0000,32550.0000,32700.0000,19825.9551,166479
2010-03-25,32750.0000,33400.0000,32400.0000,32650.0000,19795.6426,91116
2010-03-26,32650.0000,32900.0000,32450.0000,32750.0000,19856.2695,71409
2010-03-29,32500.0000,34000.0000,32100.0000,32250.0000,19553.1191,98329
2010-03-30,32300.0000,32400.0000,31350.0000,31500.0000,19522.1309,164078
2010-03-31,31800.0000,31850.0000,30800.0000,31100.0000,19274.2344,204860
2010-04-01,31100.0000,31950.0000,30900.0000,31900.0000,19770.0332,218217
2010-04-02,31800.0000,32000.0000,31300.0000,31350.0000,19429.1699,167531
2010-04-05,31550.0000,31650.0000,30750.0000,31650.0000,19615.0957,203623
2010-04-06,31900.0000,32450.0000,31700.0000,31750.0000,19677.0723,268901
2010-04-07,32000.0000,32800.0000,31950.0000,32600.0000,20203.8555,277640
2010-04-08,32550.0000,32800.0000,32300.0000,32550.0000,20172.8691,106889
2010-04-09,32350.0000,32800.0000,31700.0000,32000.0000,19832.0098,161673
2010-04-12,32000.0000,32200.0000,31300.0000,31400.0000,19460.1543,110313
2010-04-13,31400.0000,31550.0000,31000.0000,31050.0000,19243.2461,114896
2010-04-14,31450.0000,31800.0000,31150.0000,31550.0000,19553.1172,193570
2010-04-15,32600.0000,36200.0000,32100.0000,35600.0000,22063.1074,1298550
2010-04-16,35200.0000,35350.0000,33800.0000,33800.0000,20947.5586,333729
2010-04-19,33500.0000,34100.0000,33200.0000,33500.0000,20761.6348,324035
2010-04-20,33800.0000,33850.0000,33100.0000,33400.0000,20699.6562,291861
2010-04-21,33500.0000,34650.0000,33500.0000,34650.0000,21474.3438,196860
2010-04-22,34200.0000,34250.0000,33450.0000,33500.0000,20761.6348,110213
2010-04-23,33700.0000,33900.0000,33350.0000,33650.0000,20854.5957,83230
2010-04-26,34000.0000,35000.0000,34000.0000,34700.0000,21505.3379,204035
2010-04-27,34750.0000,35150.0000,34150.0000,35000.0000,21691.2617,168181
2010-04-28,33850.0000,34300.0000,33450.0000,34300.0000,21257.4336,218335
2010-04-29,34700.0000,34700.0000,32900.0000,33200.0000,20575.7090,191531
2010-04-30,33600.0000,33950.0000,32750.0000,32750.0000,20296.8203,191720
2010-05-03,32800.0000,32800.0000,31750.0000,31950.0000,19801.0176,205654
2010-05-04,32250.0000,32350.0000,31300.0000,31650.0000,19615.0957,232065
2010-05-06,30700.0000,30900.0000,30300.0000,30650.0000,18995.3477,272734
2010-05-07,29050.0000,29700.0000,28950.0000,29400.0000,18220.6582,476937
2010-05-10,29850.0000,30300.0000,29600.0000,30200.0000,18716.4531,215064
2010-05-11,31000.0000,31950.0000,30650.0000,31950.0000,19801.0176,474156
2010-05-12,31950.0000,32550.0000,31700.0000,32350.0000,20048.9180,239911
2010-05-13,32900.0000,32950.0000,32100.0000,32400.0000,20079.9082,197687
2010-05-14,31850.0000,33000.0000,31150.0000,33000.0000,20451.7578,240230
2010-05-17,32000.0000,32650.0000,31600.0000,32650.0000,20234.8477,138485
2010-05-18,32250.0000,32600.0000,31350.0000,31400.0000,19460.1543,89438
2010-05-19,30950.0000,31350.0000,30300.0000,30600.0000,18964.3574,124602
2010-05-20,31200.0000,31950.0000,30200.0000,30200.0000,18716.4531,125438
2010-05-24,30000.0000,30900.0000,29500.0000,29500.0000,18282.6309,201955
2010-05-25,29200.0000,29350.0000,28550.0000,28750.0000,17817.8203,303253
2010-05-26,28800.0000,29300.0000,28150.0000,28500.0000,17662.8848,192866
2010-05-27,28050.0000,29200.0000,27800.0000,28900.0000,17910.7812,145622
2010-05-28,30150.0000,30900.0000,29600.0000,30400.0000,18840.4043,247060
2010-05-31,30700.0000,31500.0000,30350.0000,31500.0000,19522.1309,177439
2010-06-01,31000.0000,32200.0000,30900.0000,32000.0000,19832.0098,231634
2010-06-03,32500.0000,32700.0000,31950.0000,32400.0000,20079.9082,280094
2010-06-04,32300.0000,32300.0000,31200.0000,31200.0000,19336.2090,118287
2010-06-07,30200.0000,30450.0000,29650.0000,30000.0000,18592.5098,206937
2010-06-08,30150.0000,30850.0000,30000.0000,30600.0000,18964.3574,158922
2010-06-09,30600.0000,30800.0000,30100.0000,30500.0000,18902.3809,177907
2010-06-10,30500.0000,31400.0000,30400.0000,30400.0000,18840.4043,234401
2010-06-11,30950.0000,31250.0000,30750.0000,31050.0000,19243.2461,126140
2010-06-14,31450.0000,32200.0000,31300.0000,31450.0000,19491.1445,243255
2010-06-15,31400.0000,31900.0000,31000.0000,31200.0000,19336.2090,281501
2010-06-16,31550.0000,31800.0000,31250.0000,31650.0000,19615.0957,170581
2010-06-17,31500.0000,32000.0000,31500.0000,31750.0000,19677.0723,127384
2010-06-18,31750.0000,31950.0000,31500.0000,31950.0000,19801.0176,106280
2010-06-21,32050.0000,32850.0000,32050.0000,32300.0000,20017.9316,310891
2010-06-22,31950.0000,32100.0000,31550.0000,31700.0000,19646.0840,115257
2010-06-23,31500.0000,32050.0000,31150.0000,31900.0000,19770.0332,136399
2010-06-24,31900.0000,32550.0000,31650.0000,32500.0000,20141.8809,131236
2010-06-25,32000.0000,32150.0000,31550.0000,31850.0000,19739.0488,156067
2010-06-28,31950.0000,32500.0000,31500.0000,32300.0000,20017.9316,59485
2010-06-29,32200.0000,32650.0000,31650.0000,31700.0000,19646.0840,93251
2010-06-30,30850.0000,31800.0000,30850.0000,31500.0000,19522.1309,242493
2010-07-01,31050.0000,31400.0000,30550.0000,30900.0000,19150.2852,108214
2010-07-02,30900.0000,31050.0000,29850.0000,29900.0000,18530.5312,216068
2010-07-05,29800.0000,30300.0000,29550.0000,30000.0000,18592.5098,141560
2010-07-06,29650.0000,29950.0000,29200.0000,29900.0000,18530.5312,175979
2010-07-07,30150.0000,30150.0000,29500.0000,29900.0000,18530.5312,89683
2010-07-08,30700.0000,30750.0000,30400.0000,30500.0000,18902.3809,246247
2010-07-09,30950.0000,31500.0000,30400.0000,31500.0000,19522.1309,166150
2010-07-12,31750.0000,31750.0000,31250.0000,31600.0000,19584.1094,64060
2010-07-13,31400.0000,32350.0000,31400.0000,32350.0000,20048.9180,244465
2010-07-14,32600.0000,34350.0000,32600.0000,33750.0000,20916.5723,620201
2010-07-15,33600.0000,34450.0000,33150.0000,33750.0000,20916.5723,316734
2010-07-16,34000.0000,34750.0000,33750.0000,34100.0000,21133.4844,382728
2010-07-19,33450.0000,34000.0000,32650.0000,33450.0000,20730.6445,287899
2010-07-20,33200.0000,34650.0000,32850.0000,34500.0000,21381.3828,298920
2010-07-21,34700.0000,34950.0000,33850.0000,34550.0000,21412.3691,398781
2010-07-22,34100.0000,34200.0000,33000.0000,33000.0000,20451.7578,183351
2010-07-23,33500.0000,34300.0000,33200.0000,34200.0000,21195.4590,160705
2010-07-26,34300.0000,34900.0000,34150.0000,34400.0000,21319.4102,193482
2010-07-27,34850.0000,34950.0000,34250.0000,34400.0000,21319.4102,183967
2010-07-28,34600.0000,35200.0000,34400.0000,35150.0000,21784.2227,244048
2010-07-29,35000.0000,35150.0000,34600.0000,34650.0000,21474.3438,125462
2010-07-30,34550.0000,34550.0000,33650.0000,33800.0000,20947.5586,122105
2010-08-02,34100.0000,35100.0000,33950.0000,34750.0000,21536.3223,139732
2010-08-03,35000.0000,35300.0000,33850.0000,34000.0000,21071.5078,188719
2010-08-04,34200.0000,34250.0000,33350.0000,34200.0000,21195.4590,152350
2010-08-05,34200.0000,34900.0000,33350.0000,33700.0000,20885.5820,171495
2010-08-06,33700.0000,34650.0000,33400.0000,34200.0000,21195.4590,137443
2010-08-09,34200.0000,35100.0000,34100.0000,34850.0000,21598.2969,193990
2010-08-10,34950.0000,35100.0000,34150.0000,34500.0000,21381.3828,122738
2010-08-11,34400.0000,34500.0000,33200.0000,33300.0000,20637.6836,139434
2010-08-12,32500.0000,32750.0000,31700.0000,31700.0000,19646.0840,203164
2010-08-13,31850.0000,32100.0000,31500.0000,32050.0000,19862.9961,243234
2010-08-16,31350.0000,31650.0000,30950.0000,31500.0000,19522.1309,203407
2010-08-17,31500.0000,32050.0000,31350.0000,31650.0000,19615.0957,124545
2010-08-18,31850.0000,32050.0000,31450.0000,31700.0000,19646.0840,190150
2010-08-19,31750.0000,32200.0000,31650.0000,31850.0000,19739.0488,191224
2010-08-20,31600.0000,31800.0000,31400.0000,31700.0000,19646.0840,194686
2010-08-23,32050.0000,33050.0000,32000.0000,33000.0000,20451.7578,159440
2010-08-24,32500.0000,32600.0000,32050.0000,32100.0000,19893.9805,107460
2010-08-25,31950.0000,31950.0000,31650.0000,31900.0000,19770.0332,143524
2010-08-26,32000.0000,32150.0000,31650.0000,32100.0000,19893.9805,110188
2010-08-27,31800.0000,32250.0000,31350.0000,31500.0000,19522.1309,139584
2010-08-30,31900.0000,32350.0000,31700.0000,32150.0000,19924.9707,132932
2010-08-31,31700.0000,31900.0000,31250.0000,31450.0000,19491.1445,96136
2010-09-01,31500.0000,31950.0000,31300.0000,31450.0000,19491.1445,95648
2010-09-02,32000.0000,32000.0000,31350.0000,31750.0000,19677.0723,120304
2010-09-03,31850.0000,32050.0000,31500.0000,32000.0000,19832.0098,90201
2010-09-06,32300.0000,33250.0000,32300.0000,33250.0000,20606.6973,172881
2010-09-07,32600.0000,32800.0000,32000.0000,32400.0000,20079.9082,170708
2010-09-08,32200.0000,32850.0000,31800.0000,32750.0000,20296.8203,72151
2010-09-09,32850.0000,32900.0000,31850.0000,32800.0000,20327.8086,149366
2010-09-10,32550.0000,33500.0000,32300.0000,33050.0000,20482.7461,367351
2010-09-13,33250.0000,34100.0000,33250.0000,33600.0000,20823.6074,215835
2010-09-14,33800.0000,34250.0000,33500.0000,33700.0000,20885.5820,146596
2010-09-15,33400.0000,34750.0000,33400.0000,34750.0000,21536.3223,161001
2010-09-16,35000.0000,35250.0000,34500.0000,35150.0000,21784.2227,177165
2010-09-17,35250.0000,36150.0000,35000.0000,36150.0000,22403.9688,182867
2010-09-20,35700.0000,36100.0000,34600.0000,34600.0000,21443.3594,162949
2010-09-24,34750.0000,35100.0000,34100.0000,35050.0000,21722.2461,128374
2010-09-27,35500.0000,35900.0000,35300.0000,35700.0000,22125.0820,135930
2010-09-28,35250.0000,35800.0000,35000.0000,35700.0000,22125.0820,91632
2010-09-29,35850.0000,35900.0000,35050.0000,35500.0000,22001.1328,98375
2010-09-30,35250.0000,35700.0000,34700.0000,35000.0000,21691.2617,110772
2010-10-01,35000.0000,36600.0000,34900.0000,35900.0000,22249.0332,177051
2010-10-04,36300.0000,37200.0000,36100.0000,37100.0000,22992.7324,273558
2010-10-05,36800.0000,38150.0000,36800.0000,37900.0000,23488.5352,229069
2010-10-06,38250.0000,38500.0000,37600.0000,38100.0000,23612.4805,157940
2010-10-07,37950.0000,39000.0000,37800.0000,39000.0000,24170.2637,124065
2010-10-08,39000.0000,39000.0000,37800.0000,38000.0000,23550.5078,129117
2010-10-11,38000.0000,38000.0000,37050.0000,37900.0000,23488.5352,83385
2010-10-12,37550.0000,37900.0000,36450.0000,36550.0000,22651.8711,125534
2010-10-13,36750.0000,37200.0000,36400.0000,36900.0000,22868.7812,103845
2010-10-14,37100.0000,38000.0000,37100.0000,38000.0000,23550.5078,204433
2010-10-15,38000.0000,38000.0000,37250.0000,38000.0000,23550.5078,147766
2010-10-18,37600.0000,37750.0000,36500.0000,36500.0000,22620.8867,91715
2010-10-19,36700.0000,37000.0000,36250.0000,36700.0000,22744.8320,136129
2010-10-20,36300.0000,37550.0000,35550.0000,37150.0000,23023.7266,96723
2010-10-21,37200.0000,37250.0000,36150.0000,36700.0000,22744.8320,131141
2010-10-22,36450.0000,37300.0000,36300.0000,36500.0000,22620.8867,113534
2010-10-25,36350.0000,37400.0000,36350.0000,37150.0000,23023.7266,102891
2010-10-26,36950.0000,37200.0000,36300.0000,37200.0000,23054.7109,159027
2010-10-27,37150.0000,37200.0000,36000.0000,36050.0000,22341.9980,114909
2010-10-28,35750.0000,36650.0000,35600.0000,35950.0000,22280.0234,92211
2010-10-29,36450.0000,36450.0000,34850.0000,35450.0000,21970.1484,147197
2010-11-01,35450.0000,36750.0000,35100.0000,36750.0000,22775.8223,85361
2010-11-02,36500.0000,36700.0000,35850.0000,36200.0000,22434.9629,67490
2010-11-03,36300.0000,37250.0000,36150.0000,36650.0000,22713.8438,93951
2010-11-04,36750.0000,37500.0000,36500.0000,36750.0000,22775.8223,63895
2010-11-05,37900.0000,38400.0000,37800.0000,38000.0000,23550.5078,141393
2010-11-08,38050.0000,38700.0000,37700.0000,38550.0000,23891.3750,100715
2010-11-09,38400.0000,39700.0000,38050.0000,39000.0000,24170.2637,132875
2010-11-10,39000.0000,39950.0000,38800.0000,39950.0000,24759.0156,146806
2010-11-11,40000.0000,40100.0000,37500.0000,37500.0000,23240.6348,339529
2010-11-12,38300.0000,38600.0000,35650.0000,35650.0000,22094.0938,272448
2010-11-15,35650.0000,36150.0000,35450.0000,35500.0000,22001.1328,102037
2010-11-16,35200.0000,35950.0000,34200.0000,34900.0000,21629.2832,201761
2010-11-17,34500.0000,35300.0000,34150.0000,35100.0000,21753.2344,128075
2010-11-18,34850.0000,36850.0000,34650.0000,36500.0000,22620.8867,151422
2010-11-19,36500.0000,36500.0000,36000.0000,36450.0000,22589.8984,96146
2010-11-22,36550.0000,36950.0000,36000.0000,36500.0000,22620.8867,106215
2010-11-23,36200.0000,36550.0000,35250.0000,35450.0000,21970.1484,165421
2010-11-24,34450.0000,35950.0000,34000.0000,35500.0000,22001.1328,142783
2010-11-25,35600.0000,35650.0000,34600.0000,34950.0000,21660.2656,146378
2010-11-26,35150.0000,35550.0000,34350.0000,34850.0000,21598.2969,79101
2010-11-29,35050.0000,35250.0000,33900.0000,34000.0000,21071.5078,88058
2010-11-30,33650.0000,34650.0000,33650.0000,34550.0000,21412.3691,92622
2010-12-01,35000.0000,35000.0000,34000.0000,34400.0000,21319.4102,116689
2010-12-02,34700.0000,34800.0000,34150.0000,34300.0000,21257.4336,209956
2010-12-03,34550.0000,34550.0000,33900.0000,33950.0000,21040.5215,118588
2010-12-06,34200.0000,34250.0000,33200.0000,33650.0000,20854.5957,167692
2010-12-07,33450.0000,34600.0000,33450.0000,34500.0000,21381.3828,194089
2010-12-08,34200.0000,34700.0000,33850.0000,34700.0000,21505.3379,198190
2010-12-09,34650.0000,35550.0000,34550.0000,35550.0000,22032.1172,252153
2010-12-10,35250.0000,35900.0000,35100.0000,35900.0000,22249.0332,173355
2010-12-13,36150.0000,37200.0000,35750.0000,37000.0000,22930.7578,233295
2010-12-14,36900.0000,37200.0000,36600.0000,37000.0000,22930.7578,132890
2010-12-15,36850.0000,38300.0000,36500.0000,38000.0000,23550.5078,237775
2010-12-16,37750.0000,41500.0000,37750.0000,40550.0000,25130.8711,857835
2010-12-17,40450.0000,41900.0000,39600.0000,41400.0000,25657.6562,566016
2010-12-20,40550.0000,42350.0000,40150.0000,41550.0000,25750.6230,250326
2010-12-21,41600.0000,42150.0000,40900.0000,41200.0000,25533.7090,188483
2010-12-22,41800.0000,42750.0000,40700.0000,42200.0000,26153.4609,144823
2010-12-23,42600.0000,48500.0000,42600.0000,43800.0000,27145.0566,408033
2010-12-24,44050.0000,45000.0000,43400.0000,43800.0000,27145.0566,161766
2010-12-27,43800.0000,45000.0000,42000.0000,42000.0000,26029.5098,269313
2010-12-28,42100.0000,43750.0000,41700.0000,43500.0000,26959.1348,172783
2010-12-29,43250.0000,44600.0000,43250.0000,43700.0000,27083.0820,164155
2010-12-30,43950.0000,45000.0000,42850.0000,44650.0000,27671.8457,249347
2011-01-03,45100.0000,45500.0000,44150.0000,44450.0000,27547.9004,105232
2011-01-04,44900.0000,45200.0000,44650.0000,45200.0000,28012.7129,128087
2011-01-05,44700.0000,44800.0000,43250.0000,43700.0000,27083.0820,193782
2011-01-06,43750.0000,44350.0000,42600.0000,44000.0000,27269.0098,213572
2011-01-07,43900.0000,45900.0000,43400.0000,45650.0000,28291.5957,167707
2011-01-10,45200.0000,47650.0000,45050.0000,47500.0000,29438.1367,337718
2011-01-11,47150.0000,47500.0000,45900.0000,47300.0000,29314.1836,303661
2011-01-12,47100.0000,47100.0000,46350.0000,46550.0000,28849.3848,238102
2011-01-13,46300.0000,49750.0000,45550.0000,48000.0000,29748.0098,373762
2011-01-14,48300.0000,51700.0000,47550.0000,50900.0000,31545.2852,351915
2011-01-17,50500.0000,52700.0000,50200.0000,50300.0000,31173.4297,329407
2011-01-18,50100.0000,51600.0000,49500.0000,51500.0000,31917.1367,240171
2011-01-19,50700.0000,51200.0000,48200.0000,48300.0000,29933.9355,450732
2011-01-20,48000.0000,49800.0000,47200.0000,48500.0000,30057.8809,584849
2011-01-21,48900.0000,48900.0000,47400.0000,47700.0000,29562.0859,312966
2011-01-24,47150.0000,48500.0000,46750.0000,48500.0000,30057.8809,201341
2011-01-25,48000.0000,49000.0000,47400.0000,47500.0000,29438.1367,150244
2011-01-26,47300.0000,49050.0000,47250.0000,49050.0000,30398.7461,118609
2011-01-27,48750.0000,50400.0000,48750.0000,50000.0000,30987.5156,142379
2011-01-28,50100.0000,52200.0000,49850.0000,52200.0000,32350.9648,245714
2011-01-31,51000.0000,52000.0000,49900.0000,50400.0000,31235.4141,202879
2011-02-01,51000.0000,51000.0000,49000.0000,49500.0000,30677.6406,188499
2011-02-07,49850.0000,50600.0000,49850.0000,50000.0000,30987.5156,218796
2011-02-08,50300.0000,50400.0000,48950.0000,48950.0000,30336.7754,210943
2011-02-09,49300.0000,49550.0000,46400.0000,46500.0000,28818.3926,272717
2011-02-10,45800.0000,46350.0000,44750.0000,45000.0000,27888.7598,425979
2011-02-11,44800.0000,46800.0000,42700.0000,43500.0000,26959.1348,425782
2011-02-14,44150.0000,44700.0000,43150.0000,44100.0000,27330.9805,103494
2011-02-15,43550.0000,44100.0000,42200.0000,42800.0000,26525.3125,299256
2011-02-16,42800.0000,43650.0000,42550.0000,43350.0000,26866.1719,159015
2011-02-17,43600.0000,43650.0000,40900.0000,42100.0000,26091.4844,180759
2011-02-18,42200.0000,43000.0000,41300.0000,42500.0000,26339.3848,180333
2011-02-21,42550.0000,43500.0000,40850.0000,43200.0000,26773.2109,187622
2011-02-22,42850.0000,42850.0000,40800.0000,40800.0000,25285.8125,256062
2011-02-23,40500.0000,41950.0000,40500.0000,41600.0000,25781.6055,128978
2011-02-24,41850.0000,42100.0000,40500.0000,40750.0000,25254.8223,94671
2011-02-25,41000.0000,42600.0000,40650.0000,42550.0000,26370.3730,128844
2011-02-28,42500.0000,42500.0000,40950.0000,41800.0000,25905.5625,127961
2011-03-02,41250.0000,42300.0000,41050.0000,41950.0000,25998.5176,135490
2011-03-03,42200.0000,43000.0000,42050.0000,42900.0000,26587.2871,80740
2011-03-04,43050.0000,43550.0000,42750.0000,43500.0000,26959.1348,168990
2011-03-07,43350.0000,43700.0000,42650.0000,43150.0000,26742.2266,134920
2011-03-08,42650.0000,43900.0000,42600.0000,43750.0000,27114.0703,161980
2011-03-09,44050.0000,45500.0000,43950.0000,45500.0000,28198.6367,232235
2011-03-10,46000.0000,46000.0000,43550.0000,43900.0000,27207.0410,236296
2011-03-11,43150.0000,43450.0000,42150.0000,42150.0000,26122.4766,156642
2011-03-14,41250.0000,41250.0000,38750.0000,39850.0000,24697.0488,184439
2011-03-15,39850.0000,40700.0000,36150.0000,37600.0000,23302.6035,489705
2011-03-16,38600.0000,40950.0000,38550.0000,40950.0000,25378.7754,391465
2011-03-17,39600.0000,41300.0000,38700.0000,41000.0000,25409.7656,294639
2011-03-18,40700.0000,41850.0000,40300.0000,41350.0000,25626.6719,135770
2011-03-21,40800.0000,41900.0000,40800.0000,41100.0000,25471.7324,108697
2011-03-22,41300.0000,41700.0000,40700.0000,41100.0000,25471.7324,102686
2011-03-23,41000.0000,41150.0000,39250.0000,39250.0000,24325.1953,268721
2011-03-24,39300.0000,40300.0000,39300.0000,39600.0000,24542.1113,138998
2011-03-25,40200.0000,40850.0000,39750.0000,39950.0000,24759.0156,202806
2011-03-28,39950.0000,40100.0000,38950.0000,39300.0000,24356.1875,183211
2011-03-29,39150.0000,40100.0000,39100.0000,39350.0000,24387.1738,180868
2011-03-30,39100.0000,39650.0000,38850.0000,39600.0000,24986.5977,217152
2011-03-31,39900.0000,41900.0000,39850.0000,41900.0000,26437.8340,360279
2011-04-01,42050.0000,44100.0000,41800.0000,43600.0000,27510.4941,458093
2011-04-04,43900.0000,44400.0000,43300.0000,44050.0000,27794.4336,189440
2011-04-05,44100.0000,45600.0000,44100.0000,45200.0000,28520.0566,332047
2011-04-06,44800.0000,45000.0000,43450.0000,43600.0000,27510.4941,267594
2011-04-07,43700.0000,43750.0000,42150.0000,42250.0000,26658.6777,187900
2011-04-08,42100.0000,43300.0000,42000.0000,42050.0000,26532.4863,304291
2011-04-11,42300.0000,42650.0000,41300.0000,41400.0000,26122.3516,179269
2011-04-12,41100.0000,41650.0000,40050.0000,40800.0000,25743.7676,189779
2011-04-13,40700.0000,41000.0000,39600.0000,41000.0000,25869.9668,188004
2011-04-14,40800.0000,40800.0000,39600.0000,40200.0000,25365.1855,320374
2011-04-15,40200.0000,41750.0000,40200.0000,40850.0000,25775.3223,233445
2011-04-18,41100.0000,41450.0000,39550.0000,39850.0000,25144.3418,173457
2011-04-19,39250.0000,39300.0000,38500.0000,38800.0000,24481.8223,203385
2011-04-20,39300.0000,40850.0000,39000.0000,40350.0000,25459.8281,294747
2011-04-21,41100.0000,42000.0000,40650.0000,41400.0000,26122.3516,402450
2011-04-22,41100.0000,42450.0000,41100.0000,41400.0000,26122.3516,173060
2011-04-25,41200.0000,41200.0000,39600.0000,39900.0000,25175.8887,293836
2011-04-26,40100.0000,40100.0000,38900.0000,39500.0000,24923.5059,182739
2011-04-27,40250.0000,43450.0000,40000.0000,41850.0000,26406.2910,527756
2011-04-28,42200.0000,42500.0000,40550.0000,40550.0000,25586.0234,298679
2011-04-29,40800.0000,42250.0000,40700.0000,41950.0000,26469.3848,358199
2011-05-02,42200.0000,42650.0000,41400.0000,42500.0000,26816.4277,278428
2011-05-03,42200.0000,42200.0000,41300.0000,41500.0000,26185.4473,153996
2011-05-04,41550.0000,41550.0000,38850.0000,38900.0000,24544.9180,650839
2011-05-06,38250.0000,38550.0000,37800.0000,38200.0000,24103.2305,283289
2011-05-09,38200.0000,38550.0000,37500.0000,37550.0000,23693.1035,210333
2011-05-11,37850.0000,38150.0000,36650.0000,37350.0000,23566.9062,413611
2011-05-12,36700.0000,37050.0000,36400.0000,36400.0000,22967.4785,244429
2011-05-13,36500.0000,36700.0000,35150.0000,35600.0000,22462.6973,274742
2011-05-16,35300.0000,35300.0000,34150.0000,35200.0000,22210.3086,290172
2011-05-17,35200.0000,35750.0000,34800.0000,35300.0000,22273.4082,191888
2011-05-18,35100.0000,35400.0000,34600.0000,34650.0000,21863.2773,205855
2011-05-19,34950.0000,35400.0000,34850.0000,34900.0000,22021.0176,303872
2011-05-20,35050.0000,35200.0000,33450.0000,33550.0000,21169.1992,323023
2011-05-23,33750.0000,33750.0000,31750.0000,31750.0000,20033.4453,335937
2011-05-24,31600.0000,32750.0000,31600.0000,31950.0000,20159.6445,217411
2011-05-25,31900.0000,32100.0000,30800.0000,31750.0000,20033.4453,238994
2011-05-26,32000.0000,33600.0000,32000.0000,33600.0000,21200.7520,271280
2011-05-27,33100.0000,33550.0000,32550.0000,33500.0000,21137.6523,162526
2011-05-30,33700.0000,33750.0000,32200.0000,32900.0000,20759.0684,128184
2011-05-31,32900.0000,33800.0000,32350.0000,33800.0000,21326.9434,216590
2011-06-01,33800.0000,34250.0000,33400.0000,34000.0000,21453.1406,154640
2011-06-02,33300.0000,34050.0000,32950.0000,33200.0000,20948.3594,153748
2011-06-03,33250.0000,33900.0000,33050.0000,33900.0000,21390.0449,92770
2011-06-07,33450.0000,34300.0000,33000.0000,34000.0000,21453.1406,92431
2011-06-08,33900.0000,34550.0000,33350.0000,34200.0000,21579.3379,152664
2011-06-09,33800.0000,34550.0000,33550.0000,34250.0000,21610.8828,144913
2011-06-10,34500.0000,35250.0000,33550.0000,33800.0000,21326.9434,185257
2011-06-13,33200.0000,34350.0000,33200.0000,33900.0000,21390.0449,121772
2011-06-14,33900.0000,35250.0000,33850.0000,35000.0000,22084.1152,241568
2011-06-15,35050.0000,35300.0000,34700.0000,35000.0000,22084.1152,153507
2011-06-16,34800.0000,35000.0000,34250.0000,34700.0000,21894.8262,130663
2011-06-17,35000.0000,35450.0000,34800.0000,35450.0000,22368.0547,380694
2011-06-20,35450.0000,36500.0000,35150.0000,36450.0000,22999.0273,254765
2011-06-21,36450.0000,37300.0000,36000.0000,36450.0000,22999.0273,292843
2011-06-22,36600.0000,37850.0000,36300.0000,37000.0000,23346.0605,402824
2011-06-23,36500.0000,36500.0000,35400.0000,35450.0000,22368.0547,430258
2011-06-24,35550.0000,37000.0000,35550.0000,36700.0000,23156.7715,387370
2011-06-27,36000.0000,36200.0000,35550.0000,35650.0000,22494.2480,108119
2011-06-28,36000.0000,36500.0000,35550.0000,35950.0000,22683.5410,157822
2011-06-29,36300.0000,36850.0000,35800.0000,36550.0000,23062.1250,266180
2011-06-30,36300.0000,36500.0000,35750.0000,36100.0000,22778.1855,299885
2011-07-01,36250.0000,36650.0000,35900.0000,35900.0000,22651.9902,206757
2011-07-04,36300.0000,39250.0000,36250.0000,39200.0000,24734.2051,660640
2011-07-05,38800.0000,39750.0000,38750.0000,39550.0000,24955.0488,206165
2011-07-06,39300.0000,41000.0000,39300.0000,40950.0000,25838.4121,338157
2011-07-07,40600.0000,42450.0000,40600.0000,42200.0000,26627.1348,331042
2011-07-08,42300.0000,42450.0000,41400.0000,41850.0000,26406.2910,156759
2011-07-11,41750.0000,41750.0000,40300.0000,40950.0000,25838.4121,281721
2011-07-12,40150.0000,40650.0000,38800.0000,40350.0000,25459.8281,203886
2011-07-13,40500.0000,40700.0000,39000.0000,39800.0000,25112.7949,195769
2011-07-14,39850.0000,39950.0000,38450.0000,39050.0000,24639.5645,309222
2011-07-15,38900.0000,40900.0000,38800.0000,40900.0000,25806.8652,165772
2011-07-18,40300.0000,41050.0000,39600.0000,40550.0000,25586.0234,155709
2011-07-19,40150.0000,41300.0000,40150.0000,40850.0000,25775.3223,153472
2011-07-20,41200.0000,41800.0000,40950.0000,40950.0000,25838.4121,168504
2011-07-21,41200.0000,41300.0000,39700.0000,40050.0000,25270.5371,118156
2011-07-22,40700.0000,42000.0000,40700.0000,42000.0000,26500.9375,186635
2011-07-25,41600.0000,43050.0000,41200.0000,43000.0000,27131.9180,219501
2011-07-26,43150.0000,43300.0000,41800.0000,42650.0000,26911.0742,353451
2011-07-27,42650.0000,44700.0000,41700.0000,44500.0000,28078.3770,298301
2011-07-28,43150.0000,44050.0000,42750.0000,43300.0000,27321.2070,113571
2011-07-29,43800.0000,43800.0000,41700.0000,41700.0000,26311.6426,107560
2011-08-01,42400.0000,43450.0000,42400.0000,43400.0000,27384.3047,207676
2011-08-02,43400.0000,43400.0000,40650.0000,40800.0000,25743.7676,366020
2011-08-03,39450.0000,40000.0000,37950.0000,39000.0000,24608.0156,432254
2011-08-04,39250.0000,39300.0000,38050.0000,38050.0000,24008.5859,262820
2011-08-05,36550.0000,37450.0000,36200.0000,36700.0000,23156.7715,252295
2011-08-08,35800.0000,36900.0000,34500.0000,35900.0000,22651.9902,321864
2011-08-09,34300.0000,34650.0000,31800.0000,33450.0000,21106.1035,366881
2011-08-10,34900.0000,35000.0000,32750.0000,32750.0000,20664.4238,343390
2011-08-11,31650.0000,33500.0000,30500.0000,32400.0000,20443.5781,293754
2011-08-12,33500.0000,34100.0000,32700.0000,33600.0000,21200.7520,264770
2011-08-16,34300.0000,36200.0000,34300.0000,35150.0000,22178.7617,147764
2011-08-17,35000.0000,36600.0000,34600.0000,35450.0000,22368.0547,232063
2011-08-18,35300.0000,35750.0000,34400.0000,35500.0000,22399.5996,203217
2011-08-19,34200.0000,34800.0000,32500.0000,32550.0000,20538.2285,162054
2011-08-22,32450.0000,33100.0000,31000.0000,31100.0000,19623.3145,223213
2011-08-23,31700.0000,34000.0000,31150.0000,33650.0000,21232.2988,171893
2011-08-24,33750.0000,34950.0000,32650.0000,33800.0000,21326.9434,193411
2011-08-25,34200.0000,34950.0000,34050.0000,34450.0000,21737.0742,141158
2011-08-26,33800.0000,35450.0000,33800.0000,34450.0000,21737.0742,113886
2011-08-29,35450.0000,37150.0000,34700.0000,36550.0000,23062.1250,186201
2011-08-30,37000.0000,39000.0000,37000.0000,37550.0000,23693.1035,246569
2011-08-31,37600.0000,39400.0000,36750.0000,38700.0000,24418.7207,149232
2011-09-01,38200.0000,40900.0000,38150.0000,38750.0000,24450.2715,303981
2011-09-02,38450.0000,38900.0000,36700.0000,38900.0000,24544.9180,170578
2011-09-05,37900.0000,37900.0000,36900.0000,37200.0000,23472.2598,112994
2011-09-06,36550.0000,36650.0000,34550.0000,35150.0000,22178.7617,245840
2011-09-07,36000.0000,36650.0000,33850.0000,34750.0000,21926.3691,345320
2011-09-08,33400.0000,33400.0000,30750.0000,31300.0000,19749.5078,869516
2011-09-09,30750.0000,32700.0000,30600.0000,31600.0000,19938.8008,338833
2011-09-14,31600.0000,31850.0000,30100.0000,30200.0000,19055.4336,161349
2011-09-15,31000.0000,31300.0000,28350.0000,28550.0000,18014.3262,335833
2011-09-16,29450.0000,32800.0000,29450.0000,31750.0000,20033.4453,633254
2011-09-19,31400.0000,32800.0000,31050.0000,31400.0000,19812.6074,221149
2011-09-20,31750.0000,32700.0000,31050.0000,32100.0000,20254.2871,199720
2011-09-21,31850.0000,35150.0000,31850.0000,34750.0000,21926.3691,268816
2011-09-22,33300.0000,33750.0000,32200.0000,33500.0000,21137.6523,249144
2011-09-23,31750.0000,32400.0000,31300.0000,31400.0000,19812.6074,207216
2011-09-26,31600.0000,32200.0000,31000.0000,31500.0000,19875.7051,157621
2011-09-27,33000.0000,33650.0000,31900.0000,32950.0000,20790.6172,158360
2011-09-28,32800.0000,33200.0000,32100.0000,32100.0000,20254.2871,144905
2011-09-29,32100.0000,34000.0000,31750.0000,33850.0000,21358.4902,221538
2011-09-30,33800.0000,35050.0000,33050.0000,34500.0000,21768.6250,223342
2011-10-04,33250.0000,33300.0000,31900.0000,33300.0000,21011.4570,146026
2011-10-05,33800.0000,33800.0000,31900.0000,31900.0000,20128.0938,220315
2011-10-06,32900.0000,34350.0000,32600.0000,34100.0000,21516.2363,125038
2011-10-07,34600.0000,35600.0000,33000.0000,34350.0000,21673.9805,295495
2011-10-10,33750.0000,34600.0000,32850.0000,33150.0000,20916.8125,297593
2011-10-11,34250.0000,35550.0000,33200.0000,33200.0000,20948.3594,338485
2011-10-12,33500.0000,35700.0000,33050.0000,35350.0000,22304.9590,256251
2011-10-13,35400.0000,36600.0000,35200.0000,36200.0000,22841.2871,223107
2011-10-14,36200.0000,37050.0000,35300.0000,36150.0000,22809.7383,172485
2011-10-17,36300.0000,37050.0000,36100.0000,36300.0000,22904.3828,104559
2011-10-18,35650.0000,35650.0000,34750.0000,34800.0000,21957.9219,79752
2011-10-19,35400.0000,35900.0000,34550.0000,35900.0000,22651.9902,104777
2011-10-20,35950.0000,36250.0000,34650.0000,35000.0000,22084.1152,109394
2011-10-21,35100.0000,35350.0000,33900.0000,34750.0000,21926.3691,176846
2011-10-24,35350.0000,38050.0000,35200.0000,38050.0000,24008.5859,186765
2011-10-25,37900.0000,38100.0000,36250.0000,36600.0000,23093.6719,148913
2011-10-26,36550.0000,36950.0000,35650.0000,36650.0000,23125.2207,132952
2011-10-27,37000.0000,38400.0000,36100.0000,38400.0000,24229.4258,168224
2011-10-28,39900.0000,40150.0000,37500.0000,38000.0000,23977.0391,202650
2011-10-31,37450.0000,38400.0000,36950.0000,37450.0000,23630.0020,120145
2011-11-01,36900.0000,38450.0000,36850.0000,37200.0000,23472.2598,87437
2011-11-02,36750.0000,37700.0000,35600.0000,35900.0000,22651.9902,192246
2011-11-03,36150.0000,36500.0000,35350.0000,36500.0000,23030.5762,104209
2011-11-04,36900.0000,38500.0000,36650.0000,38000.0000,23977.0391,204156
2011-11-07,37900.0000,38000.0000,37000.0000,37000.0000,23346.0605,74828
2011-11-08,37450.0000,37800.0000,36800.0000,36800.0000,23219.8750,73723
2011-11-09,37400.0000,37550.0000,36350.0000,36350.0000,22935.9316,94023
2011-11-10,35700.0000,36250.0000,33700.0000,33700.0000,21263.8457,180200
2011-11-11,34400.0000,35350.0000,33850.0000,35350.0000,22304.9590,130900
2011-11-14,35600.0000,36400.0000,34100.0000,35950.0000,22683.5410,127840
2011-11-15,35900.0000,36050.0000,34500.0000,34950.0000,22052.5664,149322
2011-11-16,35150.0000,35750.0000,34100.0000,34500.0000,21768.6250,96241
2011-11-17,34150.0000,34350.0000,33250.0000,34200.0000,21579.3379,212207
2011-11-18,33600.0000,33600.0000,32100.0000,32100.0000,20254.2871,331204
2011-11-21,32600.0000,32650.0000,32050.0000,32300.0000,20380.4805,60004
2011-11-22,32300.0000,33800.0000,31850.0000,33500.0000,21137.6523,133772
2011-11-23,33500.0000,33500.0000,32200.0000,32600.0000,20569.7734,87907
2011-11-24,32200.0000,34200.0000,32200.0000,33900.0000,21390.0449,113261
2011-11-25,33900.0000,34450.0000,33400.0000,33700.0000,21263.8457,76260
2011-11-28,34150.0000,36000.0000,34100.0000,36000.0000,22715.0918,175942
2011-11-29,35950.0000,37250.0000,35450.0000,37250.0000,23503.8027,155311
2011-11-30,36900.0000,37500.0000,35650.0000,37050.0000,23377.6113,159880
2011-12-01,38100.0000,39500.0000,38050.0000,39000.0000,24608.0156,267270
2011-12-02,39350.0000,39600.0000,37650.0000,37650.0000,23756.1992,187955
2011-12-05,38000.0000,39300.0000,37850.0000,39150.0000,24702.6582,122594
2011-12-06,39150.0000,39250.0000,37100.0000,37900.0000,23913.9414,129125
2011-12-07,38200.0000,39150.0000,38150.0000,38800.0000,24481.8223,142174
2011-12-08,38100.0000,38850.0000,36900.0000,37450.0000,23630.0020,281743
2011-12-09,36750.0000,37400.0000,35800.0000,35800.0000,22588.8945,151093
2011-12-12,36600.0000,37250.0000,35950.0000,36500.0000,23030.5762,128200
2011-12-13,35900.0000,36900.0000,35650.0000,35900.0000,22651.9902,115886
2011-12-14,36250.0000,37000.0000,35600.0000,35950.0000,22683.5410,85254
2011-12-15,36650.0000,36650.0000,34550.0000,34800.0000,21957.9219,191119
2011-12-16,35300.0000,36150.0000,34800.0000,35250.0000,22241.8594,85228
2011-12-19,35000.0000,35000.0000,32200.0000,32750.0000,20664.4238,243051
2011-12-20,33200.0000,34200.0000,33000.0000,34100.0000,21516.2363,96199
2011-12-21,34800.0000,35500.0000,34800.0000,35500.0000,22399.5996,73208
2011-12-22,35500.0000,35800.0000,34900.0000,35800.0000,22588.8945,53560
2011-12-23,36000.0000,36750.0000,35700.0000,36100.0000,22778.1855,108176
2011-12-26,36200.0000,36550.0000,35100.0000,36050.0000,22746.6387,47521
2011-12-27,35700.0000,36400.0000,34850.0000,36000.0000,22715.0918,55436
2011-12-28,35600.0000,36350.0000,35050.0000,35950.0000,22683.5410,69899
2011-12-29,35700.0000,36700.0000,35150.0000,36350.0000,22935.9316,95930
2012-01-02,36000.0000,36350.0000,35400.0000,35700.0000,22525.7969,45468
2012-01-03,35850.0000,38000.0000,35850.0000,38000.0000,23977.0391,172710
2012-01-04,38100.0000,38200.0000,36900.0000,37600.0000,23724.6426,80322
2012-01-05,37600.0000,38150.0000,37200.0000,37500.0000,23661.5527,65260
2012-01-06,37100.0000,37650.0000,36050.0000,36600.0000,23093.6719,87340
2012-01-09,36300.0000,36300.0000,35400.0000,35450.0000,22368.0547,99220
2012-01-10,35750.0000,36350.0000,35350.0000,35350.0000,22304.9590,164034
2012-01-11,35450.0000,36300.0000,35450.0000,35900.0000,22651.9902,110417
2012-01-12,35500.0000,36850.0000,35500.0000,36750.0000,23188.3184,112303
2012-01-13,36750.0000,37600.0000,36750.0000,37600.0000,23724.6426,76830
2012-01-16,37450.0000,38100.0000,36300.0000,38100.0000,24040.1348,116700
2012-01-17,38150.0000,39300.0000,38100.0000,38500.0000,24292.5273,174685
2012-01-18,38500.0000,39300.0000,37700.0000,38600.0000,24355.6191,108536
2012-01-19,39300.0000,40000.0000,39300.0000,39750.0000,25081.2402,167361
2012-01-20,39500.0000,41150.0000,39300.0000,41150.0000,25964.6113,318565
2012-01-25,41150.0000,41400.0000,40250.0000,40250.0000,25396.7285,136195
2012-01-26,40350.0000,41350.0000,39400.0000,39550.0000,24955.0488,166221
2012-01-27,39400.0000,41100.0000,39350.0000,40900.0000,25806.8652,275950
2012-01-30,40400.0000,41100.0000,40200.0000,40900.0000,25806.8652,179740
2012-01-31,40900.0000,41100.0000,40400.0000,40800.0000,25743.7676,161194
2012-02-01,40700.0000,41150.0000,40050.0000,40500.0000,25554.4766,180134
2012-02-02,41000.0000,42050.0000,41000.0000,41500.0000,26185.4473,149602
2012-02-03,41500.0000,42850.0000,41450.0000,42800.0000,27005.7188,244956
2012-02-06,43000.0000,43550.0000,42700.0000,43500.0000,27447.4004,163625
2012-02-07,42950.0000,43500.0000,41650.0000,41650.0000,26280.0996,160507
2012-02-08,41250.0000,43800.0000,41250.0000,43450.0000,27415.8418,118952
2012-02-09,43300.0000,43300.0000,41850.0000,42800.0000,27005.7188,177532
2012-02-10,42400.0000,43200.0000,41500.0000,42650.0000,26911.0742,148685
2012-02-13,42200.0000,44100.0000,42200.0000,43400.0000,27384.3047,185591
2012-02-14,43000.0000,43600.0000,42250.0000,43000.0000,27131.9180,152868
2012-02-15,42800.0000,44200.0000,42800.0000,44100.0000,27825.9805,128481
2012-02-16,43400.0000,44200.0000,43100.0000,43550.0000,27478.9453,108632
2012-02-17,43800.0000,44200.0000,43600.0000,43800.0000,27636.6895,227597
2012-02-20,44450.0000,44500.0000,43200.0000,43400.0000,27384.3047,77453
2012-02-21,42850.0000,43750.0000,42400.0000,42500.0000,26816.4277,119845
2012-02-22,42200.0000,42200.0000,41050.0000,41300.0000,26059.2520,168606
2012-02-23,41750.0000,41750.0000,40300.0000,41100.0000,25933.0586,181963
2012-02-24,41450.0000,43450.0000,41450.0000,43200.0000,27258.1055,95540
2012-02-27,43300.0000,44100.0000,42800.0000,43800.0000,27636.6895,104806
2012-02-28,43500.0000,45500.0000,43500.0000,45000.0000,28393.8633,138818
2012-02-29,45000.0000,46700.0000,44400.0000,45250.0000,28551.6074,170882
2012-03-02,46000.0000,46650.0000,45000.0000,45950.0000,28993.2832,185168
2012-03-05,45300.0000,46600.0000,45100.0000,46350.0000,29245.6797,123440
2012-03-06,46350.0000,46750.0000,44600.0000,45050.0000,28425.4102,117740
2012-03-07,45250.0000,45250.0000,43300.0000,43500.0000,27447.4004,209642
2012-03-08,43750.0000,45600.0000,43100.0000,45000.0000,28393.8633,210015
2012-03-09,45000.0000,45250.0000,44150.0000,44350.0000,27983.7324,74983
2012-03-12,44850.0000,44900.0000,43650.0000,44450.0000,28046.8242,129874
2012-03-13,44700.0000,45450.0000,44650.0000,45000.0000,28393.8633,109380
2012-03-14,46400.0000,46600.0000,45450.0000,45450.0000,28677.7969,174659
2012-03-15,45200.0000,47200.0000,45200.0000,47000.0000,29655.8125,199001
2012-03-16,46700.0000,48000.0000,46250.0000,47400.0000,29908.2012,193141
2012-03-19,47700.0000,48950.0000,47200.0000,47600.0000,30034.3887,212848
2012-03-20,47200.0000,47600.0000,46350.0000,46550.0000,29371.8770,111113
2012-03-21,45950.0000,46100.0000,44650.0000,44700.0000,28204.5684,162268
2012-03-22,45000.0000,45250.0000,43750.0000,44800.0000,28267.6641,141905
2012-03-23,44800.0000,45300.0000,43950.0000,45000.0000,28393.8633,113014
2012-03-26,45100.0000,45850.0000,44650.0000,44650.0000,28173.0195,90283
2012-03-27,45600.0000,45700.0000,44700.0000,44800.0000,28267.6641,92000
2012-03-28,44500.0000,45200.0000,43800.0000,44550.0000,28109.9258,99593
2012-03-29,43750.0000,45500.0000,43700.0000,45050.0000,28879.1777,94510
2012-03-30,45500.0000,45800.0000,44100.0000,45050.0000,28879.1777,134419
2012-04-02,44700.0000,45400.0000,44250.0000,44300.0000,28398.3965,55351
2012-04-03,44300.0000,45350.0000,44200.0000,45000.0000,28847.1270,103201
2012-04-04,44950.0000,44950.0000,42750.0000,43100.0000,27629.1367,137890
2012-04-05,43400.0000,43500.0000,41300.0000,42500.0000,27244.5078,205228
2012-04-06,42650.0000,42650.0000,41600.0000,41850.0000,26827.8301,91796
2012-04-09,42150.0000,42150.0000,40500.0000,40950.0000,26250.8828,94395
2012-04-10,41350.0000,41900.0000,40550.0000,41700.0000,26731.6699,119930
2012-04-12,41300.0000,41300.0000,40200.0000,40900.0000,26218.8301,173872
2012-04-13,41600.0000,42050.0000,40600.0000,41400.0000,26539.3535,147268
2012-04-16,40700.0000,41700.0000,40050.0000,41050.0000,26314.9922,127431
2012-04-17,41400.0000,42500.0000,41100.0000,42100.0000,26988.0879,113759
2012-04-18,42200.0000,42800.0000,41750.0000,42300.0000,27116.2969,151981
2012-04-19,41900.0000,43000.0000,41750.0000,42500.0000,27244.5078,171610
2012-04-20,42500.0000,42500.0000,41350.0000,42500.0000,27244.5078,52559
2012-04-23,42500.0000,43300.0000,42050.0000,42750.0000,27404.7715,83196
2012-04-24,41900.0000,42100.0000,40050.0000,41900.0000,26859.8789,219587
2012-04-25,42250.0000,42250.0000,40350.0000,40600.0000,26026.5137,126523
2012-04-26,40750.0000,40800.0000,39300.0000,39900.0000,25577.7852,112143
2012-04-27,39900.0000,40350.0000,39150.0000,39150.0000,25097.0000,75921
2012-04-30,39500.0000,39650.0000,38700.0000,39000.0000,25000.8457,47156
2012-05-02,38900.0000,43250.0000,38800.0000,42400.0000,27180.4023,182740
2012-05-03,42600.0000,42700.0000,42050.0000,42650.0000,27340.6719,52500
2012-05-04,42050.0000,42750.0000,41550.0000,42750.0000,27404.7715,45464
2012-05-07,42450.0000,42450.0000,40100.0000,40100.0000,25705.9941,136886
2012-05-08,40250.0000,42450.0000,40200.0000,42400.0000,27180.4023,91339
2012-05-09,42300.0000,42300.0000,40500.0000,41850.0000,26827.8301,80110
2012-05-10,41500.0000,41850.0000,40250.0000,41600.0000,26667.5605,142917
2012-05-11,41100.0000,41150.0000,39600.0000,40000.0000,25641.8906,125664
2012-05-14,40200.0000,40300.0000,39100.0000,39100.0000,25064.9512,103052
2012-05-15,39100.0000,39400.0000,38600.0000,38600.0000,24744.4219,72784
2012-05-16,38350.0000,39200.0000,37750.0000,39050.0000,25032.8945,100907
2012-05-17,38300.0000,39850.0000,37850.0000,38550.0000,24712.3691,163510
2012-05-18,37500.0000,37500.0000,35350.0000,36500.0000,23398.2305,217014
2012-05-21,36500.0000,37050.0000,34950.0000,34950.0000,22404.6055,132678
2012-05-22,35600.0000,36200.0000,35100.0000,35900.0000,23013.5957,135592
2012-05-23,35800.0000,35800.0000,34650.0000,35800.0000,22949.4941,134008
2012-05-24,35950.0000,37000.0000,35350.0000,36950.0000,23686.6973,65879
2012-05-25,36650.0000,37500.0000,36100.0000,36950.0000,23686.6973,100461
2012-05-29,37200.0000,38600.0000,36700.0000,38100.0000,24423.8965,112125
2012-05-30,37800.0000,39700.0000,37300.0000,39400.0000,25257.2617,140829
2012-05-31,38500.0000,40100.0000,37500.0000,40100.0000,25705.9941,311320
2012-06-01,39250.0000,39450.0000,37700.0000,37700.0000,24167.4824,142795
2012-06-04,36250.0000,37300.0000,35800.0000,35900.0000,23013.5957,136405
2012-06-05,36550.0000,37500.0000,36350.0000,37050.0000,23750.8027,102383
2012-06-07,37850.0000,38550.0000,37650.0000,38550.0000,24712.3691,81176
2012-06-08,38350.0000,38500.0000,37500.0000,37650.0000,24135.4336,46974
2012-06-11,38550.0000,39000.0000,38250.0000,38400.0000,24616.2129,38995
2012-06-12,37300.0000,37650.0000,36600.0000,37000.0000,23718.7480,196610
2012-06-13,37400.0000,37400.0000,36150.0000,36350.0000,23302.0703,120607
2012-06-14,36050.0000,36900.0000,35800.0000,36900.0000,23654.6387,193814
2012-06-15,36800.0000,37500.0000,36200.0000,37500.0000,24039.2695,112890
2012-06-18,38100.0000,38500.0000,37650.0000,37650.0000,24135.4336,110987
2012-06-19,37450.0000,37900.0000,36350.0000,36550.0000,23430.2793,109497
2012-06-20,37050.0000,37500.0000,36450.0000,37250.0000,23879.0078,100394
2012-06-21,37250.0000,37600.0000,37050.0000,37600.0000,24103.3711,72100
2012-06-22,37000.0000,37200.0000,36000.0000,36000.0000,23077.7051,167258
2012-06-25,36000.0000,36200.0000,35400.0000,36000.0000,23077.7051,111230
2012-06-26,35700.0000,35900.0000,35200.0000,35800.0000,22949.4941,115808
2012-06-27,35850.0000,36450.0000,35300.0000,36450.0000,23366.1719,126311
2012-06-28,36200.0000,36600.0000,35650.0000,36600.0000,23462.3320,164720
2012-06-29,35800.0000,38000.0000,35800.0000,38000.0000,24359.7969,145757
2012-07-02,37600.0000,38050.0000,37000.0000,37000.0000,23718.7480,104414
2012-07-03,37150.0000,37950.0000,37150.0000,37850.0000,24263.6367,91475
2012-07-04,37700.0000,38000.0000,37100.0000,37500.0000,24039.2695,116440
2012-07-05,37300.0000,38400.0000,37300.0000,38200.0000,24488.0000,182776
2012-07-06,38000.0000,38850.0000,37600.0000,37850.0000,24263.6367,87233
2012-07-09,37750.0000,38200.0000,37000.0000,37000.0000,23718.7480,69470
2012-07-10,37200.0000,37450.0000,36300.0000,36850.0000,23622.5918,91164
2012-07-11,36800.0000,37300.0000,36200.0000,36950.0000,23686.6973,61282
2012-07-12,37300.0000,37400.0000,35200.0000,35200.0000,22564.8652,125363
2012-07-13,35350.0000,37000.0000,34950.0000,36900.0000,23654.6387,195667
2012-07-16,36650.0000,37400.0000,36150.0000,37400.0000,23975.1660,97093
2012-07-17,37200.0000,37700.0000,36700.0000,37250.0000,23879.0078,82698
2012-07-18,37400.0000,37400.0000,35600.0000,35750.0000,22917.4375,120587
2012-07-19,36600.0000,36650.0000,35300.0000,35750.0000,22917.4375,140877
2012-07-20,35750.0000,35750.0000,35000.0000,35000.0000,22436.6543,119588
2012-07-23,34750.0000,34750.0000,33250.0000,33400.0000,21410.9805,146345
2012-07-24,33200.0000,33500.0000,33000.0000,33000.0000,21154.5586,99678
2012-07-25,32250.0000,32500.0000,31450.0000,31950.0000,20481.4609,216646
2012-07-26,31950.0000,32150.0000,31300.0000,31700.0000,20321.1973,189592
2012-07-27,32400.0000,32600.0000,32100.0000,32600.0000,20898.1406,143109
2012-07-30,33150.0000,33750.0000,33050.0000,33450.0000,21443.0312,191205
2012-07-31,33050.0000,34850.0000,33050.0000,34600.0000,22180.2383,246419
2012-08-01,34500.0000,35300.0000,34050.0000,34850.0000,22340.4980,228187
2012-08-02,34850.0000,35350.0000,34650.0000,34700.0000,22244.3379,90898
2012-08-03,34450.0000,34450.0000,33650.0000,33800.0000,21667.3945,79586
2012-08-06,34750.0000,35150.0000,34600.0000,34850.0000,22340.4980,90114
2012-08-07,34600.0000,35350.0000,34400.0000,35150.0000,22532.8125,186990
2012-08-08,35200.0000,37450.0000,35200.0000,37100.0000,23782.8496,370304
2012-08-09,37100.0000,38900.0000,37100.0000,38800.0000,24872.6348,261963
2012-08-10,38500.0000,38850.0000,38150.0000,38800.0000,24872.6348,114288
2012-08-13,38950.0000,39500.0000,38150.0000,38150.0000,24455.9551,120330
2012-08-14,39050.0000,39400.0000,37950.0000,38200.0000,24488.0000,122929
2012-08-16,37650.0000,38100.0000,37150.0000,37200.0000,23846.9590,123046
2012-08-17,37650.0000,37850.0000,37200.0000,37550.0000,24071.3262,138371
2012-08-20,37900.0000,38450.0000,37700.0000,38300.0000,24552.1113,63810
2012-08-21,38900.0000,38900.0000,37400.0000,37500.0000,24039.2695,92398
2012-08-22,37600.0000,37800.0000,36500.0000,37350.0000,23943.1172,78136
2012-08-23,37650.0000,38400.0000,37450.0000,38400.0000,24616.2129,59840
2012-08-24,37900.0000,38000.0000,37000.0000,37000.0000,23718.7480,62325
2012-08-27,37700.0000,38500.0000,37700.0000,38400.0000,24616.2129,102840
2012-08-28,37850.0000,38300.0000,37100.0000,37750.0000,24199.5312,98996
2012-08-29,37750.0000,38900.0000,37350.0000,38450.0000,24648.2617,97446
2012-08-30,38000.0000,38350.0000,37300.0000,37400.0000,23975.1660,72443
2012-08-31,37400.0000,38150.0000,36650.0000,38150.0000,24455.9551,115301
2012-09-03,38000.0000,38650.0000,37350.0000,38400.0000,24616.2129,109103
2012-09-04,37850.0000,39200.0000,37800.0000,38800.0000,24872.6348,142161
2012-09-05,38300.0000,38800.0000,37450.0000,37450.0000,24007.2168,55812
2012-09-06,37550.0000,37900.0000,36700.0000,36750.0000,23558.4824,85130
2012-09-07,37800.0000,38100.0000,37100.0000,38000.0000,24359.7969,169238
2012-09-10,38000.0000,38050.0000,37300.0000,37300.0000,23911.0684,46910
2012-09-11,37050.0000,37250.0000,36650.0000,36650.0000,23494.3809,71696
2012-09-12,36900.0000,37800.0000,36900.0000,37000.0000,23718.7480,119917
2012-09-13,37050.0000,37200.0000,36650.0000,36800.0000,23590.5430,120308
2012-09-14,38200.0000,42300.0000,38000.0000,42000.0000,26923.9844,559959
2012-09-17,41700.0000,44000.0000,41600.0000,43200.0000,27693.2422,328323
2012-09-18,42950.0000,43450.0000,42300.0000,43250.0000,27725.2930,161347
2012-09-19,43300.0000,43500.0000,42300.0000,42400.0000,27180.4023,140031
2012-09-20,42100.0000,43000.0000,41750.0000,41950.0000,26891.9277,120294
2012-09-21,42750.0000,42850.0000,41500.0000,41750.0000,26763.7227,108826
2012-09-24,41350.0000,42450.0000,40600.0000,40700.0000,26090.6250,114816
2012-09-25,40150.0000,40550.0000,39650.0000,40550.0000,25994.4609,105806
2012-09-26,39800.0000,40200.0000,39550.0000,40200.0000,25770.0996,70306
2012-09-27,39700.0000,40100.0000,38650.0000,40000.0000,25641.8906,135357
2012-09-28,40350.0000,40350.0000,39550.0000,40100.0000,25705.9941,73732
2012-10-02,39750.0000,40400.0000,39200.0000,39200.0000,25129.0527,46994
2012-10-04,39300.0000,40200.0000,38250.0000,38400.0000,24616.2129,138743
2012-10-05,38800.0000,40150.0000,38750.0000,39900.0000,25577.7852,135210
2012-10-08,40000.0000,40100.0000,39150.0000,39400.0000,25257.2617,58723
2012-10-09,39050.0000,40450.0000,39050.0000,39950.0000,25609.8320,66332
2012-10-10,39800.0000,39800.0000,38400.0000,38400.0000,24616.2129,72710
2012-10-11,38050.0000,39100.0000,37700.0000,37950.0000,24327.7402,99399
2012-10-12,38100.0000,38650.0000,37900.0000,38050.0000,24391.8516,55166
2012-10-15,37700.0000,38400.0000,37400.0000,37600.0000,24103.3711,51461
2012-10-16,38250.0000,38500.0000,37150.0000,37400.0000,23975.1660,89495
2012-10-17,37950.0000,39400.0000,37800.0000,38800.0000,24872.6348,219688
2012-10-18,39400.0000,39500.0000,38800.0000,39000.0000,25000.8457,113421
2012-10-19,39000.0000,39750.0000,38800.0000,39000.0000,25000.8457,147803
2012-10-22,38150.0000,40350.0000,38150.0000,39100.0000,25064.9512,84060
2012-10-23,39450.0000,40250.0000,39100.0000,39900.0000,25577.7852,125178
2012-10-24,39600.0000,40250.0000,38600.0000,38600.0000,24744.4219,137466
2012-10-25,38200.0000,38300.0000,36950.0000,37300.0000,23911.0684,128512
2012-10-26,37300.0000,37300.0000,36500.0000,36550.0000,23430.2793,65896
2012-10-29,36700.0000,37450.0000,36100.0000,36250.0000,23237.9629,72623
2012-10-30,36350.0000,37150.0000,36100.0000,36100.0000,23141.8027,60148
2012-10-31,36550.0000,37750.0000,36250.0000,37300.0000,23911.0684,119378
2012-11-01,37150.0000,37200.0000,36050.0000,36700.0000,23526.4355,109578
2012-11-02,37150.0000,38250.0000,37100.0000,37750.0000,24199.5312,196178
2012-11-05,37600.0000,38900.0000,37200.0000,38450.0000,24648.2617,89533
2012-11-06,38450.0000,38900.0000,37550.0000,38850.0000,24904.6855,81274
2012-11-07,39000.0000,39500.0000,38450.0000,39000.0000,25000.8457,113189
2012-11-08,38200.0000,39000.0000,38200.0000,38250.0000,24520.0586,86280
2012-11-09,37650.0000,38700.0000,37150.0000,38650.0000,24776.4785,86279
2012-11-12,38650.0000,38650.0000,37700.0000,38250.0000,24520.0586,50342
2012-11-13,38550.0000,38550.0000,36900.0000,37150.0000,23814.9102,58296
2012-11-14,37100.0000,37350.0000,36200.0000,36450.0000,23366.1719,112359
2012-11-15,35750.0000,35800.0000,35200.0000,35500.0000,22757.1797,110409
2012-11-16,35050.0000,35900.0000,34900.0000,34950.0000,22404.6055,91504
2012-11-19,35250.0000,36000.0000,35100.0000,35800.0000,22949.4941,104472
2012-11-20,36400.0000,36450.0000,35600.0000,36450.0000,23366.1719,98122
2012-11-21,36450.0000,36750.0000,35700.0000,36250.0000,23237.9629,58166
2012-11-22,36700.0000,37250.0000,36250.0000,37100.0000,23782.8496,78080
2012-11-23,36850.0000,37200.0000,36350.0000,36550.0000,23430.2793,59912
2012-11-26,36600.0000,37350.0000,36350.0000,37200.0000,23846.9590,44711
2012-11-27,37400.0000,38050.0000,37050.0000,37600.0000,24103.3711,89056
2012-11-28,37900.0000,38200.0000,36600.0000,38200.0000,24488.0000,74431
2012-11-29,38300.0000,39000.0000,37950.0000,39000.0000,25000.8457,85529
2012-11-30,38550.0000,39350.0000,38400.0000,39350.0000,25225.2129,115741
2012-12-03,39400.0000,39400.0000,38850.0000,38900.0000,24936.7363,54390
2012-12-04,38300.0000,39400.0000,38300.0000,38450.0000,24648.2617,36209
2012-12-05,38450.0000,39500.0000,38050.0000,39350.0000,25225.2129,75060
2012-12-06,39050.0000,39200.0000,38450.0000,38900.0000,24936.7363,69811
2012-12-07,39100.0000,39450.0000,38350.0000,39050.0000,25032.8945,118414
2012-12-10,38650.0000,39050.0000,37750.0000,37800.0000,24231.5879,75763
2012-12-11,38000.0000,39850.0000,37800.0000,39600.0000,25385.4688,171388
2012-12-12,40050.0000,41000.0000,40000.0000,40750.0000,26122.6758,197008
2012-12-13,40200.0000,41500.0000,39800.0000,41500.0000,26603.4590,237870
2012-12-14,41650.0000,41650.0000,40500.0000,40800.0000,26154.7266,79434
2012-12-17,40900.0000,41350.0000,39800.0000,39950.0000,25609.8320,89690
2012-12-18,40450.0000,41650.0000,40350.0000,41450.0000,26571.4102,140431
2012-12-20,41700.0000,42900.0000,41200.0000,42500.0000,27244.5078,138297
2012-12-21,43000.0000,43000.0000,41450.0000,41900.0000,26859.8789,111096
2012-12-24,42350.0000,42800.0000,40550.0000,40950.0000,26250.8828,99534
2012-12-26,41200.0000,42050.0000,40800.0000,41400.0000,26539.3535,86862
2012-12-27,41400.0000,42500.0000,40800.0000,42500.0000,27244.5078,63534
2012-12-28,42550.0000,42950.0000,42150.0000,42550.0000,27276.5645,68713
2013-01-02,43000.0000,45000.0000,42850.0000,44700.0000,28654.8145,238268
2013-01-03,45100.0000,45400.0000,43900.0000,45000.0000,28847.1270,177757
2013-01-04,44700.0000,45300.0000,43300.0000,45150.0000,28943.2832,140136
2013-01-07,44600.0000,45050.0000,43800.0000,45000.0000,28847.1270,84371
2013-01-08,44450.0000,44850.0000,43350.0000,43350.0000,27789.3945,94301
2013-01-09,42950.0000,43550.0000,42650.0000,43350.0000,27789.3945,70902
2013-01-10,42800.0000,43850.0000,42050.0000,43400.0000,27821.4492,151383
2013-01-11,43500.0000,43700.0000,42400.0000,42400.0000,27180.4023,72871
2013-01-14,42200.0000,42650.0000,41850.0000,42600.0000,27308.6113,95290
2013-01-15,42100.0000,42800.0000,42000.0000,42600.0000,27308.6113,100950
2013-01-16,42550.0000,42700.0000,41750.0000,42050.0000,26956.0371,103844
2013-01-17,42400.0000,43700.0000,41950.0000,43550.0000,27917.6094,106005
2013-01-18,43550.0000,44600.0000,43550.0000,44500.0000,28526.6074,84253
2013-01-21,44150.0000,44650.0000,43350.0000,44350.0000,28430.4512,73675
2013-01-22,43950.0000,44300.0000,43550.0000,44300.0000,28398.3965,58072
2013-01-23,43850.0000,45150.0000,43250.0000,43250.0000,27725.2930,143371
2013-01-24,43150.0000,44350.0000,42550.0000,44000.0000,28206.0781,120655
2013-01-25,43850.0000,44500.0000,43350.0000,44450.0000,28494.5488,112846
2013-01-28,44450.0000,45750.0000,44100.0000,44600.0000,28590.7070,151811
2013-01-29,44500.0000,45100.0000,43850.0000,44650.0000,28622.7617,93344
2013-01-30,44450.0000,44850.0000,43250.0000,43500.0000,27885.5566,155431
2013-01-31,43200.0000,43700.0000,42100.0000,42300.0000,27116.2969,142225
2013-02-01,42200.0000,42700.0000,42000.0000,42300.0000,27116.2969,75269
2013-02-04,42650.0000,43150.0000,42100.0000,42300.0000,27116.2969,87996
2013-02-05,41600.0000,42300.0000,41150.0000,41150.0000,26379.0938,81653
2013-02-06,41500.0000,42000.0000,41250.0000,41600.0000,26667.5605,63327
2013-02-07,41400.0000,42250.0000,41300.0000,41800.0000,26795.7773,92972
2013-02-08,41450.0000,42500.0000,41150.0000,42300.0000,27116.2969,78362
2013-02-12,42000.0000,42250.0000,41300.0000,41300.0000,26475.2539,62019
2013-02-13,41400.0000,43400.0000,41400.0000,42950.0000,27532.9805,69980
2013-02-14,43000.0000,43900.0000,42950.0000,43300.0000,27757.3457,80585
2013-02-15,43300.0000,43950.0000,43000.0000,43500.0000,27885.5566,60308
2013-02-18,43750.0000,43800.0000,43100.0000,43800.0000,28077.8652,43635
2013-02-19,43650.0000,43900.0000,43350.0000,43900.0000,28141.9746,72611
2013-02-20,44050.0000,46000.0000,43850.0000,45900.0000,29424.0703,199967
2013-02-21,45400.0000,45550.0000,44700.0000,44850.0000,28750.9746,117945
2013-02-22,45200.0000,46700.0000,44700.0000,45150.0000,28943.2832,122902
2013-02-25,45350.0000,45600.0000,44700.0000,44850.0000,28750.9746,79832
2013-02-26,44500.0000,45750.0000,44350.0000,45400.0000,29103.5391,97011
2013-02-27,45750.0000,46100.0000,45000.0000,45800.0000,29359.9629,126409
2013-02-28,46300.0000,48000.0000,46050.0000,46050.0000,29520.2227,139444
2013-03-04,45600.0000,46050.0000,44400.0000,44400.0000,28462.4941,91205
2013-03-05,44750.0000,45050.0000,44300.0000,44500.0000,28526.6074,62570
2013-03-06,45300.0000,46200.0000,44400.0000,45500.0000,29167.6543,131611
2013-03-07,45150.0000,45500.0000,43950.0000,44200.0000,28334.2871,115340
2013-03-08,44250.0000,44450.0000,43750.0000,44450.0000,28494.5488,91132
2013-03-11,44450.0000,45300.0000,43950.0000,45200.0000,28975.3359,103175
2013-03-12,45650.0000,45650.0000,44400.0000,44650.0000,28622.7617,108905
2013-03-13,44350.0000,44800.0000,44000.0000,44050.0000,28238.1309,93216
2013-03-14,43900.0000,45100.0000,43550.0000,44400.0000,28462.4941,120672
2013-03-15,44700.0000,45200.0000,43300.0000,43300.0000,27757.3457,206296
2013-03-18,43300.0000,44500.0000,43100.0000,44000.0000,28206.0781,109361
2013-03-19,44000.0000,44550.0000,43650.0000,44400.0000,28462.4941,70086
2013-03-20,43900.0000,44000.0000,42600.0000,42950.0000,27532.9805,161495
2013-03-21,43100.0000,43300.0000,42350.0000,42600.0000,27308.6113,65281
2013-03-22,42250.0000,43650.0000,42250.0000,43450.0000,27853.4961,82525
2013-03-25,43700.0000,44450.0000,43550.0000,44050.0000,28238.1309,82186
2013-03-26,44200.0000,44200.0000,43400.0000,44000.0000,28206.0781,111766
2013-03-27,44450.0000,44450.0000,43300.0000,44200.0000,28334.2871,110239
2013-03-28,44150.0000,44350.0000,43700.0000,44350.0000,28821.6875,52189
2013-03-29,44400.0000,46000.0000,44400.0000,45850.0000,29796.4961,130424
2013-04-01,46200.0000,46800.0000,45500.0000,46550.0000,30251.4023,73903
2013-04-02,46300.0000,47100.0000,45200.0000,46450.0000,30186.4121,128592
2013-04-03,46450.0000,46850.0000,45700.0000,46050.0000,29926.4727,116212
2013-04-04,45850.0000,46850.0000,45100.0000,46100.0000,29958.9570,90293
2013-04-05,45350.0000,46050.0000,45150.0000,45500.0000,29569.0430,60676
2013-04-08,45000.0000,45700.0000,43500.0000,45100.0000,29309.0918,147508
2013-04-09,45350.0000,46150.0000,44500.0000,46150.0000,29991.4551,126537
2013-04-10,47900.0000,48000.0000,46350.0000,47150.0000,30641.3242,109770
2013-04-11,47500.0000,47500.0000,46450.0000,47150.0000,30641.3242,58372
2013-04-12,47500.0000,47750.0000,46200.0000,47350.0000,30771.3008,64220
2013-04-15,46700.0000,47700.0000,46650.0000,47500.0000,30868.7754,62975
2013-04-16,46550.0000,46850.0000,45250.0000,46000.0000,29893.9727,214917
2013-04-17,46050.0000,46450.0000,45550.0000,46000.0000,29893.9727,84042
2013-04-18,45550.0000,46300.0000,45350.0000,45400.0000,29504.0508,65080
2013-04-19,45650.0000,46650.0000,45150.0000,46250.0000,30056.4395,60990
2013-04-22,45700.0000,46950.0000,45700.0000,46750.0000,30381.3750,44304
2013-04-23,46350.0000,46900.0000,46250.0000,46350.0000,30121.4375,35964
2013-04-24,46700.0000,47500.0000,46500.0000,47000.0000,30543.8359,85922
2013-04-25,47500.0000,47500.0000,46600.0000,47400.0000,30803.7910,50483
2013-04-26,46900.0000,47050.0000,46050.0000,46050.0000,29926.4727,100961
2013-04-29,45900.0000,46800.0000,45900.0000,46350.0000,30121.4375,50478
2013-04-30,46450.0000,47100.0000,46200.0000,46300.0000,30088.9316,111990
2013-05-02,45850.0000,46450.0000,44450.0000,44650.0000,29016.6465,97594
2013-05-03,44700.0000,44900.0000,43400.0000,44400.0000,28854.1855,171794
2013-05-06,44550.0000,45750.0000,44000.0000,44400.0000,28854.1855,86978
2013-05-07,44100.0000,44450.0000,43500.0000,43950.0000,28561.7441,135413
2013-05-08,44150.0000,45750.0000,44150.0000,45650.0000,29666.5195,115454
2013-05-09,45900.0000,47400.0000,45500.0000,46650.0000,30316.3867,160009
2013-05-10,47000.0000,47000.0000,44700.0000,44700.0000,29049.1465,72233
2013-05-13,44700.0000,46150.0000,44500.0000,45900.0000,29828.9844,65067
2013-05-14,45550.0000,46200.0000,45150.0000,45750.0000,29731.5039,123182
2013-05-15,45800.0000,45850.0000,45000.0000,45750.0000,29731.5039,101726
2013-05-16,45900.0000,47950.0000,45900.0000,47450.0000,30836.2852,231427
2013-05-20,46950.0000,48250.0000,46300.0000,47100.0000,30608.8320,123792
2013-05-21,47500.0000,47500.0000,46550.0000,46800.0000,30413.8691,48762
2013-05-22,46900.0000,47550.0000,46300.0000,46750.0000,30381.3750,96851
2013-05-23,46450.0000,46800.0000,44750.0000,44750.0000,29081.6387,81603
2013-05-24,44550.0000,46150.0000,44300.0000,45800.0000,29764.0039,114936
2013-05-27,45500.0000,46250.0000,45300.0000,46200.0000,30023.9531,49914
2013-05-28,46200.0000,46400.0000,45700.0000,46100.0000,29958.9570,101496
2013-05-29,46450.0000,46900.0000,46250.0000,46550.0000,30251.4023,116876
2013-05-30,46550.0000,46850.0000,45450.0000,45450.0000,29536.5508,96445
2013-05-31,45550.0000,45900.0000,45000.0000,45000.0000,29244.1074,80528
2013-06-03,44700.0000,45000.0000,44450.0000,45000.0000,29244.1074,101635
2013-06-04,45450.0000,45450.0000,44050.0000,44450.0000,28886.6777,127181
2013-06-05,44000.0000,44050.0000,42650.0000,43550.0000,28301.8008,213822
2013-06-07,42800.0000,44350.0000,42800.0000,43750.0000,28431.7715,89352
2013-06-10,43450.0000,44150.0000,43450.0000,43850.0000,28496.7539,74175
2013-06-11,43850.0000,44050.0000,42300.0000,43750.0000,28431.7715,144973
2013-06-12,43600.0000,43600.0000,42600.0000,42850.0000,27846.8867,74674
2013-06-13,42300.0000,42450.0000,41100.0000,41200.0000,26774.6055,208828
2013-06-14,41500.0000,41700.0000,40600.0000,41200.0000,26774.6055,132482
2013-06-17,41400.0000,41600.0000,39900.0000,40150.0000,26092.2441,132461
2013-06-18,40450.0000,41500.0000,39850.0000,41400.0000,26904.5781,99501
2013-06-19,41550.0000,41550.0000,40450.0000,41300.0000,26839.5918,60688
2013-06-20,40600.0000,41000.0000,38850.0000,39850.0000,25897.2812,190917
2013-06-21,38500.0000,39250.0000,37900.0000,38350.0000,24922.4805,177438
2013-06-24,38350.0000,39050.0000,37450.0000,38250.0000,24857.4883,101852
2013-06-25,37900.0000,39150.0000,37900.0000,38550.0000,25052.4512,141384
2013-06-26,38800.0000,39700.0000,38300.0000,39700.0000,25799.7988,136832
2013-06-27,40250.0000,40900.0000,39650.0000,40300.0000,26189.7188,103526
2013-06-28,39900.0000,41750.0000,39900.0000,41550.0000,27002.0586,129970
2013-07-01,40550.0000,41000.0000,40250.0000,40350.0000,26222.2129,73270
2013-07-02,40400.0000,40650.0000,40050.0000,40150.0000,26092.2441,38052
2013-07-03,39750.0000,40300.0000,39100.0000,39550.0000,25702.3164,56023
2013-07-04,39300.0000,39700.0000,38850.0000,39700.0000,25799.7988,46676
2013-07-05,40350.0000,40400.0000,38950.0000,39000.0000,25344.8926,36550
2013-07-08,39050.0000,39750.0000,38800.0000,39000.0000,25344.8926,37633
2013-07-09,39250.0000,40350.0000,38800.0000,40150.0000,26092.2441,58658
2013-07-10,40400.0000,40400.0000,39350.0000,39900.0000,25929.7754,31831
2013-07-11,40650.0000,41850.0000,40050.0000,41850.0000,27197.0195,74753
2013-07-12,41500.0000,41750.0000,40950.0000,41350.0000,26872.0820,33838
2013-07-15,41050.0000,41650.0000,40550.0000,41300.0000,26839.5918,34594
2013-07-16,40950.0000,41250.0000,40550.0000,41100.0000,26709.6133,36831
2013-07-17,41050.0000,42200.0000,40650.0000,41750.0000,27132.0312,153895
2013-07-18,41100.0000,41200.0000,40450.0000,40900.0000,26579.6426,68521
2013-07-19,40950.0000,41300.0000,40350.0000,41300.0000,26839.5918,60104
2013-07-22,41600.0000,41700.0000,41100.0000,41500.0000,26969.5684,46205
2013-07-23,41550.0000,42750.0000,41050.0000,42500.0000,27619.4375,88465
2013-07-24,42800.0000,42800.0000,41850.0000,42500.0000,27619.4375,27679
2013-07-25,41750.0000,42050.0000,41600.0000,41600.0000,27034.5488,29866
2013-07-26,41650.0000,42000.0000,40750.0000,40950.0000,26612.1328,65134
2013-07-29,41200.0000,41350.0000,40700.0000,40950.0000,26612.1328,51635
2013-07-30,41100.0000,41500.0000,40650.0000,41100.0000,26709.6133,64728
2013-07-31,41300.0000,41350.0000,40600.0000,40600.0000,26384.6816,82518
2013-08-01,40500.0000,40900.0000,40350.0000,40350.0000,26222.2129,107861
2013-08-02,40900.0000,41250.0000,40350.0000,40350.0000,26222.2129,93035
2013-08-05,39950.0000,40550.0000,39950.0000,40300.0000,26189.7188,29734
2013-08-06,40250.0000,40500.0000,39900.0000,39900.0000,25929.7754,39070
2013-08-07,39800.0000,40400.0000,39800.0000,40000.0000,25994.7637,36462
2013-08-08,39900.0000,40500.0000,39800.0000,39800.0000,25864.7891,32586
2013-08-09,39750.0000,40250.0000,39050.0000,39500.0000,25669.8242,50482
2013-08-12,39250.0000,39650.0000,38700.0000,38950.0000,25312.3965,45250
2013-08-13,38950.0000,39400.0000,38800.0000,39250.0000,25507.3613,42820
2013-08-14,39350.0000,39700.0000,38600.0000,39300.0000,25539.8496,55962
2013-08-16,38650.0000,38900.0000,38500.0000,38900.0000,25279.9102,76399
2013-08-19,38650.0000,38800.0000,38300.0000,38650.0000,25117.4375,55381
2013-08-20,38150.0000,38900.0000,38050.0000,38600.0000,25084.9434,147280
2013-08-21,38700.0000,38900.0000,37600.0000,37800.0000,24565.0488,62207
2013-08-22,37100.0000,37400.0000,36900.0000,37100.0000,24110.1387,137147
2013-08-23,37150.0000,38000.0000,36900.0000,37600.0000,24435.0742,112918
2013-08-26,37450.0000,38250.0000,37450.0000,38250.0000,24857.4883,39836
2013-08-27,38000.0000,38250.0000,37350.0000,38000.0000,24695.0215,88585
2013-08-28,37400.0000,38250.0000,36800.0000,38000.0000,24695.0215,103746
2013-08-29,38000.0000,39100.0000,37700.0000,38700.0000,25149.9297,111276
2013-08-30,39100.0000,39500.0000,38700.0000,39300.0000,25539.8496,89085
2013-09-02,39300.0000,39450.0000,38800.0000,38850.0000,25247.4102,41851
2013-09-03,39150.0000,39500.0000,38800.0000,39300.0000,25539.8496,103051
2013-09-04,39300.0000,39500.0000,38950.0000,39100.0000,25409.8828,62858
2013-09-05,39000.0000,39850.0000,39000.0000,39850.0000,25897.2812,116405
2013-09-06,39950.0000,40000.0000,39500.0000,39800.0000,25864.7891,77633
2013-09-09,40100.0000,40900.0000,39750.0000,40900.0000,26579.6426,91241
2013-09-10,40900.0000,41300.0000,40350.0000,41300.0000,26839.5918,139516
2013-09-11,41100.0000,42500.0000,41100.0000,42500.0000,27619.4375,161123
2013-09-12,42450.0000,42750.0000,41650.0000,42150.0000,27391.9785,137232
2013-09-13,41500.0000,42200.0000,41500.0000,42100.0000,27359.4844,69269
2013-09-16,42900.0000,42900.0000,42100.0000,42600.0000,27684.4160,68153
2013-09-17,42400.0000,42850.0000,42350.0000,42600.0000,27684.4160,84838
2013-09-23,43550.0000,43950.0000,42600.0000,43000.0000,27944.3672,68569
2013-09-24,43300.0000,43300.0000,42050.0000,42050.0000,27326.9941,109959
2013-09-25,42000.0000,42100.0000,41100.0000,41400.0000,26904.5781,89434
2013-09-26,41400.0000,42000.0000,41350.0000,41550.0000,27002.0586,77799
2013-09-27,41550.0000,41900.0000,40900.0000,41150.0000,26742.1152,106367
2013-09-30,40850.0000,41450.0000,40150.0000,41450.0000,26937.0684,84996
2013-10-01,41350.0000,41350.0000,40500.0000,40850.0000,26547.1504,81199
2013-10-02,41000.0000,41100.0000,40000.0000,40250.0000,26157.2266,116761
2013-10-04,39850.0000,40000.0000,39300.0000,39550.0000,25702.3164,88469
2013-10-07,39400.0000,39500.0000,38900.0000,39000.0000,25344.8926,94047
2013-10-08,39000.0000,39350.0000,38350.0000,39000.0000,25344.8926,64110
2013-10-10,39200.0000,39500.0000,38500.0000,38800.0000,25214.9180,113359
2013-10-11,40750.0000,41200.0000,39500.0000,40350.0000,26222.2129,123735
2013-10-14,39900.0000,40550.0000,39900.0000,40350.0000,26222.2129,36926
2013-10-15,40450.0000,41250.0000,40300.0000,40900.0000,26579.6426,92428
2013-10-16,40650.0000,41500.0000,40650.0000,41500.0000,26969.5684,63004
2013-10-17,42300.0000,42300.0000,41550.0000,41750.0000,27132.0312,36090
2013-10-18,41750.0000,42400.0000,41350.0000,42350.0000,27521.9531,63122
2013-10-21,42350.0000,42500.0000,41700.0000,42350.0000,27521.9531,55066
2013-10-22,42450.0000,42500.0000,41750.0000,42500.0000,27619.4375,74761
2013-10-23,42250.0000,43200.0000,42250.0000,42600.0000,27684.4160,99991
2013-10-24,42850.0000,42850.0000,41650.0000,42800.0000,27814.3945,65258
2013-10-25,42800.0000,42850.0000,41600.0000,42100.0000,27359.4844,67313
2013-10-28,41600.0000,42400.0000,41550.0000,42100.0000,27359.4844,21895
2013-10-29,41350.0000,42300.0000,41350.0000,41700.0000,27099.5352,74150
2013-10-30,41750.0000,42300.0000,41450.0000,42300.0000,27489.4551,58947
2013-10-31,41700.0000,42400.0000,41100.0000,41350.0000,26872.0820,80672
2013-11-01,41500.0000,41500.0000,41000.0000,41350.0000,26872.0820,61890
2013-11-04,40950.0000,41050.0000,40000.0000,41000.0000,26644.6270,92394
2013-11-05,40500.0000,40950.0000,40300.0000,40950.0000,26612.1328,38431
2013-11-06,40500.0000,40950.0000,39800.0000,40000.0000,25994.7637,84131
2013-11-07,39650.0000,40550.0000,39650.0000,40150.0000,26092.2441,98910
2013-11-08,39750.0000,40350.0000,39300.0000,39950.0000,25962.2676,72489
2013-11-11,39750.0000,40300.0000,39250.0000,40150.0000,26092.2441,60915
2013-11-12,40100.0000,40400.0000,39550.0000,39900.0000,25929.7754,35420
2013-11-13,39750.0000,39800.0000,38700.0000,39200.0000,25474.8652,84192
2013-11-14,38750.0000,39000.0000,38150.0000,38650.0000,25117.4375,117205
2013-11-15,38850.0000,39500.0000,38800.0000,39450.0000,25637.3301,57419
2013-11-18,39450.0000,39650.0000,39050.0000,39650.0000,25767.3066,43372
2013-11-19,39350.0000,40150.0000,39350.0000,39800.0000,25864.7891,67274
2013-11-20,39650.0000,40200.0000,39500.0000,40000.0000,25994.7637,38297
2013-11-21,39800.0000,39800.0000,39000.0000,39550.0000,25702.3164,47589
2013-11-22,39450.0000,39700.0000,39250.0000,39250.0000,25507.3613,31451
2013-11-25,39100.0000,40000.0000,39100.0000,39700.0000,25799.7988,61787
2013-11-26,39050.0000,40550.0000,38600.0000,40550.0000,26352.1875,97576
2013-11-27,40500.0000,40550.0000,39750.0000,40550.0000,26352.1875,43653
2013-11-28,40900.0000,41250.0000,40350.0000,40800.0000,26514.6543,80929
2013-11-29,40450.0000,41000.0000,40250.0000,40650.0000,26417.1758,55850
2013-12-02,40350.0000,40650.0000,39600.0000,39950.0000,25962.2676,51956
2013-12-03,39650.0000,39850.0000,39300.0000,39350.0000,25572.3457,43247
2013-12-04,39100.0000,39350.0000,38800.0000,39000.0000,25344.8926,73374
2013-12-05,39200.0000,39400.0000,38650.0000,39000.0000,25344.8926,105878
2013-12-06,39150.0000,39350.0000,38450.0000,38500.0000,25019.9570,92316
2013-12-09,39000.0000,39500.0000,39000.0000,39250.0000,25507.3613,59888
2013-12-10,39500.0000,39500.0000,38800.0000,39100.0000,25409.8828,39493
2013-12-11,38800.0000,39700.0000,38350.0000,38500.0000,25019.9570,92848
2013-12-12,38400.0000,38850.0000,38000.0000,38150.0000,24792.5059,98947
2013-12-13,38300.0000,38650.0000,38100.0000,38550.0000,25052.4512,61453
2013-12-16,38350.0000,38950.0000,38150.0000,38500.0000,25019.9570,43837
2013-12-17,38900.0000,39100.0000,38550.0000,38700.0000,25149.9297,51645
2013-12-18,38600.0000,39000.0000,38450.0000,38850.0000,25247.4102,73916
2013-12-19,39350.0000,39450.0000,38650.0000,38950.0000,25312.3965,44148
2013-12-20,38950.0000,39400.0000,38900.0000,39400.0000,25604.8398,61117
2013-12-23,39400.0000,39750.0000,39050.0000,39700.0000,25799.7988,92949
2013-12-24,39400.0000,39850.0000,39400.0000,39700.0000,25799.7988,55161
2013-12-26,40000.0000,40100.0000,39650.0000,40000.0000,25994.7637,81669
2013-12-27,39900.0000,40150.0000,39500.0000,40100.0000,26190.6953,25567
2013-12-30,40300.0000,41450.0000,39450.0000,40800.0000,26647.8945,82265
2014-01-02,40900.0000,41150.0000,39800.0000,40500.0000,26451.9531,64667
2014-01-03,40050.0000,40450.0000,38800.0000,39750.0000,25962.1035,148668
2014-01-06,39150.0000,39950.0000,39150.0000,39350.0000,25700.8477,48225
2014-01-07,39050.0000,39900.0000,38950.0000,39600.0000,25864.1328,80448
2014-01-08,39400.0000,39850.0000,39050.0000,39300.0000,25668.1914,68616
2014-01-09,39200.0000,40300.0000,39200.0000,39700.0000,25929.4473,84017
2014-01-10,39900.0000,39900.0000,38900.0000,39550.0000,25831.4785,94783
2014-01-13,39350.0000,39700.0000,39050.0000,39100.0000,25537.5645,46510
2014-01-14,38950.0000,39400.0000,38700.0000,39050.0000,25504.9102,57943
2014-01-15,39050.0000,39850.0000,39050.0000,39650.0000,25896.7891,71338
2014-01-16,40000.0000,40350.0000,39900.0000,40000.0000,26125.3906,78490
2014-01-17,39700.0000,40400.0000,39350.0000,40050.0000,26158.0430,46240
2014-01-20,40000.0000,40150.0000,39600.0000,40000.0000,26125.3906,21304
2014-01-21,39650.0000,40500.0000,39650.0000,40350.0000,26353.9863,33334
2014-01-22,40600.0000,41000.0000,40350.0000,40650.0000,26549.9238,73573
2014-01-23,40800.0000,40850.0000,40200.0000,40450.0000,26419.2969,51526
2014-01-24,40450.0000,40550.0000,39250.0000,39700.0000,25929.4473,86842
2014-01-27,39450.0000,39750.0000,38600.0000,39500.0000,25798.8223,97812
2014-01-28,39500.0000,39650.0000,38650.0000,38950.0000,25439.5957,64017
2014-01-29,38900.0000,39900.0000,38750.0000,39450.0000,25766.1641,110732
2014-02-03,39550.0000,39850.0000,38550.0000,38850.0000,25374.2812,79022
2014-02-04,38450.0000,38600.0000,37550.0000,38250.0000,24982.4043,103816
2014-02-05,38650.0000,38650.0000,37650.0000,38050.0000,24851.7754,57294
2014-02-06,38250.0000,38600.0000,37950.0000,38500.0000,25145.6836,49387
2014-02-07,38750.0000,38750.0000,37900.0000,38250.0000,24982.4043,60452
2014-02-10,38300.0000,38400.0000,37650.0000,38200.0000,24949.7461,61174
2014-02-11,37850.0000,38350.0000,37800.0000,38150.0000,24917.0879,65074
2014-02-12,38150.0000,38850.0000,38050.0000,38650.0000,25243.6562,69191
2014-02-13,38600.0000,38650.0000,37900.0000,38300.0000,25015.0586,44101
2014-02-14,38150.0000,38850.0000,38150.0000,38750.0000,25308.9688,58748
2014-02-17,39150.0000,39250.0000,38650.0000,39250.0000,25635.5332,77740
2014-02-18,39000.0000,39350.0000,38250.0000,39300.0000,25668.1914,47260
2014-02-19,38900.0000,38950.0000,38250.0000,38450.0000,25113.0273,86405
2014-02-20,38150.0000,38300.0000,37700.0000,38050.0000,24851.7754,77184
2014-02-21,37800.0000,38450.0000,37800.0000,38050.0000,24851.7754,66856
2014-02-24,37850.0000,38150.0000,37300.0000,37500.0000,24492.5488,103711
2014-02-25,37800.0000,38650.0000,37600.0000,38300.0000,25015.0586,120936
2014-02-26,38050.0000,38250.0000,37950.0000,38150.0000,24917.0879,72463
2014-02-27,37900.0000,38300.0000,37550.0000,38250.0000,24982.4043,77301
2014-02-28,38250.0000,38950.0000,37850.0000,38450.0000,25113.0273,213648
2014-03-03,38250.0000,38450.0000,37800.0000,38300.0000,25015.0586,56974
2014-03-04,38150.0000,38200.0000,37650.0000,37900.0000,24753.8047,51815
2014-03-05,38200.0000,38300.0000,37700.0000,37900.0000,24753.8047,65316
2014-03-06,37950.0000,38100.0000,37800.0000,38000.0000,24819.1191,23131
2014-03-07,38000.0000,38250.0000,37450.0000,37750.0000,24655.8320,61218
2014-03-10,37650.0000,37750.0000,36750.0000,37000.0000,24165.9805,99052
2014-03-11,36800.0000,36800.0000,36250.0000,36600.0000,23904.7305,126176
2014-03-12,36350.0000,36500.0000,35800.0000,36300.0000,23708.7891,130607
2014-03-13,36500.0000,36700.0000,35800.0000,36350.0000,23741.4473,108950
2014-03-14,36050.0000,36250.0000,35800.0000,35900.0000,23447.5332,70640
2014-03-17,36050.0000,36050.0000,35700.0000,35750.0000,23349.5645,25894
2014-03-18,36000.0000,36250.0000,35800.0000,36000.0000,23512.8496,41450
2014-03-19,36050.0000,36400.0000,35850.0000,36100.0000,23578.1602,46047
2014-03-20,36200.0000,36200.0000,35500.0000,35900.0000,23447.5332,62298
2014-03-21,35900.0000,36100.0000,35700.0000,35950.0000,23480.1934,51888
2014-03-24,36000.0000,36700.0000,36000.0000,36350.0000,23741.4473,27621
2014-03-25,36100.0000,36800.0000,36000.0000,36750.0000,24002.6973,74382
2014-03-26,36750.0000,37200.0000,36700.0000,37100.0000,24231.2969,61898
2014-03-27,37050.0000,37150.0000,36650.0000,37150.0000,24263.9551,35895
2014-03-28,37150.0000,37300.0000,36650.0000,36850.0000,24068.0156,110199
2014-03-31,36650.0000,36900.0000,36400.0000,36800.0000,24035.3535,75443
2014-04-01,36500.0000,36900.0000,36250.0000,36450.0000,23806.7637,107856
2014-04-02,36500.0000,37150.0000,36500.0000,36900.0000,24100.6680,109142
2014-04-03,36700.0000,37250.0000,36400.0000,36600.0000,23904.7305,73571
2014-04-04,36700.0000,36950.0000,36400.0000,36900.0000,24100.6680,111871
2014-04-07,36600.0000,36750.0000,36350.0000,36600.0000,23904.7305,80437
2014-04-08,36400.0000,37000.0000,36400.0000,37000.0000,24165.9805,53711
2014-04-09,37150.0000,38250.0000,37100.0000,38000.0000,24819.1191,202351
2014-04-10,38150.0000,38200.0000,37750.0000,38050.0000,24851.7754,148065
2014-04-11,37550.0000,38150.0000,37200.0000,38050.0000,24851.7754,121487
2014-04-14,37700.0000,38300.0000,37700.0000,38250.0000,24982.4043,48707
2014-04-15,38050.0000,38550.0000,38000.0000,38350.0000,25047.7129,77962
2014-04-16,38050.0000,38300.0000,37850.0000,38200.0000,24949.7461,52419
2014-04-17,38150.0000,38750.0000,37750.0000,38250.0000,24982.4043,84997
2014-04-18,38450.0000,38450.0000,38000.0000,38450.0000,25113.0273,45866
2014-04-21,38300.0000,38550.0000,37900.0000,38150.0000,24917.0879,23383
2014-04-22,38000.0000,38050.0000,37500.0000,37650.0000,24590.5195,50249
2014-04-23,37650.0000,37950.0000,37450.0000,37800.0000,24688.4922,65076
2014-04-24,37700.0000,38250.0000,37700.0000,38000.0000,24819.1191,45348
2014-04-25,37800.0000,38050.0000,37550.0000,37600.0000,24557.8594,64296
2014-04-28,37350.0000,37650.0000,37200.0000,37250.0000,24329.2656,36307
2014-04-29,37150.0000,37600.0000,37150.0000,37550.0000,24525.2051,33964
2014-04-30,37500.0000,37850.0000,37400.0000,37850.0000,24721.1484,49830
2014-05-02,37550.0000,37950.0000,37550.0000,37800.0000,24688.4922,43595
2014-05-07,37500.0000,37500.0000,36300.0000,36350.0000,23741.4473,83132
2014-05-08,36250.0000,36900.0000,35600.0000,36850.0000,24068.0156,95618
2014-05-09,36300.0000,37100.0000,35800.0000,37100.0000,24231.2969,59182
2014-05-12,37200.0000,37200.0000,36300.0000,36950.0000,24133.3262,54727
2014-05-13,36700.0000,37600.0000,36500.0000,37500.0000,24492.5488,60403
2014-05-14,37250.0000,39350.0000,37200.0000,39350.0000,25700.8477,242735
2014-05-15,39600.0000,40200.0000,39300.0000,39500.0000,25798.8223,286976
2014-05-16,39200.0000,39800.0000,39100.0000,39500.0000,25798.8223,64094
2014-05-19,39300.0000,40000.0000,39250.0000,39900.0000,26060.0742,109079
2014-05-20,39550.0000,39800.0000,39000.0000,39300.0000,25668.1914,76107
2014-05-21,39050.0000,39700.0000,38700.0000,39000.0000,25472.2520,80001
2014-05-22,38850.0000,39650.0000,38850.0000,39300.0000,25668.1914,64982
2014-05-23,39600.0000,39950.0000,39250.0000,39950.0000,26092.7305,89116
2014-05-26,39600.0000,39900.0000,39450.0000,39650.0000,25896.7891,44716
2014-05-27,39950.0000,39950.0000,38850.0000,38950.0000,25439.5957,55099
2014-05-28,39100.0000,39950.0000,38800.0000,39650.0000,25896.7891,63422
2014-05-29,39400.0000,39800.0000,38700.0000,38750.0000,25308.9688,55974
2014-05-30,38800.0000,39150.0000,38450.0000,38700.0000,25276.3145,78619
2014-06-02,38550.0000,38850.0000,38000.0000,38300.0000,25015.0586,47930
2014-06-03,37800.0000,38650.0000,37000.0000,38400.0000,25080.3691,100985
2014-06-05,38000.0000,38600.0000,37500.0000,38600.0000,25210.9961,69138
2014-06-09,39000.0000,40400.0000,38950.0000,39500.0000,25798.8223,153362
2014-06-10,40000.0000,40000.0000,39600.0000,40000.0000,26125.3906,76352
2014-06-11,40000.0000,40300.0000,39700.0000,39850.0000,26027.4180,71000
2014-06-12,39650.0000,40450.0000,39450.0000,40100.0000,26190.6953,135130
2014-06-13,39700.0000,40300.0000,39250.0000,39900.0000,26060.0742,130161
2014-06-16,39550.0000,40300.0000,39550.0000,40000.0000,26125.3906,82028
2014-06-17,39850.0000,40150.0000,39750.0000,40150.0000,26223.3574,101065
2014-06-18,40000.0000,40250.0000,39600.0000,39900.0000,26060.0742,66429
2014-06-19,40250.0000,41000.0000,39850.0000,40200.0000,26256.0098,98302
2014-06-20,40400.0000,40450.0000,39400.0000,39400.0000,25733.5039,128071
2014-06-23,39300.0000,39700.0000,39200.0000,39400.0000,25733.5039,68147
2014-06-24,39000.0000,39650.0000,38700.0000,39400.0000,25733.5039,99529
2014-06-25,39400.0000,39750.0000,39000.0000,39450.0000,25766.1641,66523
2014-06-26,39500.0000,40500.0000,39450.0000,40150.0000,26223.3574,63668
2014-06-27,40200.0000,40300.0000,39850.0000,40100.0000,26190.6953,23950
2014-06-30,40550.0000,40550.0000,39900.0000,40200.0000,26256.0098,39984
2014-07-01,39900.0000,40550.0000,39300.0000,39700.0000,25929.4473,63821
2014-07-02,40050.0000,40950.0000,39950.0000,40750.0000,26615.2344,174983
2014-07-03,40700.0000,41150.0000,40500.0000,40800.0000,26647.8945,94558
2014-07-04,41100.0000,41750.0000,40950.0000,41700.0000,27235.7148,112844
2014-07-07,41650.0000,42100.0000,41500.0000,41600.0000,27170.4023,90370
2014-07-08,41300.0000,43200.0000,40900.0000,42950.0000,28052.1348,99849
2014-07-09,42500.0000,43000.0000,42300.0000,42600.0000,27823.5332,62961
2014-07-10,43350.0000,44250.0000,42300.0000,43900.0000,28672.6074,195556
2014-07-11,43950.0000,44650.0000,43150.0000,44000.0000,28737.9238,128138
2014-07-14,44500.0000,44800.0000,44000.0000,44500.0000,29064.5000,106651
2014-07-15,44450.0000,44700.0000,44100.0000,44100.0000,28803.2383,96868
2014-07-16,43450.0000,44350.0000,43350.0000,43850.0000,28639.9512,107721
2014-07-17,43700.0000,44650.0000,43100.0000,43850.0000,28639.9512,90807
2014-07-18,43450.0000,43650.0000,42700.0000,43300.0000,28280.7324,94609
2014-07-21,43100.0000,44550.0000,43100.0000,44300.0000,28933.8652,102639
2014-07-22,43850.0000,44700.0000,43850.0000,44700.0000,29195.1191,67290
2014-07-23,44700.0000,45100.0000,44500.0000,44800.0000,29260.4336,135385
2014-07-24,44500.0000,44950.0000,43450.0000,43450.0000,28378.6992,105009
2014-07-25,43550.0000,44800.0000,43500.0000,44000.0000,28737.9238,147685
2014-07-28,44000.0000,47400.0000,44000.0000,46700.0000,30501.3887,218058
2014-07-29,47300.0000,48100.0000,46700.0000,46950.0000,30664.6738,326006
2014-07-30,46600.0000,47900.0000,46150.0000,46750.0000,30534.0508,237649
2014-07-31,47000.0000,48250.0000,46400.0000,46450.0000,30338.1055,174645
2014-08-01,46400.0000,47250.0000,45750.0000,46250.0000,30207.4805,150583
2014-08-04,46200.0000,46600.0000,45300.0000,46400.0000,30305.4473,153233
2014-08-05,46450.0000,46550.0000,45550.0000,46050.0000,30076.8516,141080
2014-08-06,46250.0000,46850.0000,45650.0000,46200.0000,30174.8242,117305
2014-08-07,46050.0000,46750.0000,45850.0000,46700.0000,30501.3887,72928
2014-08-08,46700.0000,46700.0000,46200.0000,46550.0000,30403.4219,89792
2014-08-11,46600.0000,46900.0000,46050.0000,46500.0000,30370.7637,87389
2014-08-12,46500.0000,48900.0000,46450.0000,48400.0000,31611.7168,251728
2014-08-13,48400.0000,48550.0000,47450.0000,48250.0000,31513.7520,105571
2014-08-14,48100.0000,48650.0000,47200.0000,47450.0000,30991.2383,146622
2014-08-18,47850.0000,47950.0000,46700.0000,47100.0000,30762.6387,78927
2014-08-19,46500.0000,47950.0000,46500.0000,47600.0000,31089.2090,96297
2014-08-20,47600.0000,47900.0000,46600.0000,47600.0000,31089.2090,63188
2014-08-21,47300.0000,47650.0000,45550.0000,47100.0000,30762.6387,157433
2014-08-22,46700.0000,47550.0000,46600.0000,47300.0000,30893.2637,121538
2014-08-25,47300.0000,48300.0000,46800.0000,48200.0000,31481.0918,88744
2014-08-26,48300.0000,48450.0000,47850.0000,48350.0000,31579.0625,98863
2014-08-27,48600.0000,50600.0000,48300.0000,50300.0000,32852.6719,183895
2014-08-28,50100.0000,52000.0000,49900.0000,51100.0000,33375.1836,188217
2014-08-29,50600.0000,51600.0000,49950.0000,50900.0000,33244.5625,150772
2014-09-01,50300.0000,51200.0000,50300.0000,51000.0000,33309.8633,97323
2014-09-02,50600.0000,51000.0000,49350.0000,50200.0000,32787.3555,174493
2014-09-03,49500.0000,52000.0000,49500.0000,51600.0000,33701.7461,206788
2014-09-04,52000.0000,52200.0000,51200.0000,51600.0000,33701.7461,169815
2014-09-05,50800.0000,52700.0000,50800.0000,51600.0000,33701.7461,130058
2014-09-11,51000.0000,52700.0000,51000.0000,52100.0000,34028.3203,168494
2014-09-12,52000.0000,52700.0000,51100.0000,52100.0000,34028.3203,115100
2014-09-15,52100.0000,52700.0000,50800.0000,51200.0000,33440.4961,131799
2014-09-16,52000.0000,53800.0000,51200.0000,53500.0000,34942.7031,123112
2014-09-17,53900.0000,54300.0000,53000.0000,53500.0000,34942.7031,93965
2014-09-18,53000.0000,54500.0000,53000.0000,54400.0000,35530.5312,87177
2014-09-19,54100.0000,54800.0000,54000.0000,54500.0000,35595.8398,114293
2014-09-22,54600.0000,54600.0000,53600.0000,54300.0000,35465.2109,68976
2014-09-23,54500.0000,57000.0000,53800.0000,56800.0000,37098.0469,117303
2014-09-24,57300.0000,57600.0000,55600.0000,57500.0000,37555.2461,180055
2014-09-25,57100.0000,58000.0000,56800.0000,57500.0000,37555.2461,109476
2014-09-26,57000.0000,57500.0000,55700.0000,56700.0000,37032.7344,137689
2014-09-29,56200.0000,57500.0000,55400.0000,57300.0000,37424.6250,137541
2014-09-30,56700.0000,57100.0000,54700.0000,55400.0000,36183.6641,167105
2014-10-01,54700.0000,55400.0000,53100.0000,53900.0000,35203.9609,187618
2014-10-02,53300.0000,54700.0000,52300.0000,54100.0000,35334.5859,213891
2014-10-06,54000.0000,54700.0000,52800.0000,53200.0000,34746.7656,765249
2014-10-07,53200.0000,53800.0000,51300.0000,51600.0000,33701.7461,284656
2014-10-08,51600.0000,51900.0000,50900.0000,50900.0000,33244.5625,251928
2014-10-10,50900.0000,51300.0000,49750.0000,50200.0000,32787.3555,253922
2014-10-13,50100.0000,50800.0000,49900.0000,50600.0000,33048.6133,194085
2014-10-14,51000.0000,53100.0000,49950.0000,52600.0000,34354.8828,280558
2014-10-15,52500.0000,52700.0000,50600.0000,51700.0000,33767.0664,157459
2014-10-16,51600.0000,52100.0000,50900.0000,51700.0000,33767.0664,125560
2014-10-17,52700.0000,52700.0000,50500.0000,51600.0000,33701.7461,143623
2014-10-20,52400.0000,52500.0000,51500.0000,52300.0000,34158.9492,94396
2014-10-21,51800.0000,52800.0000,50500.0000,52700.0000,34420.2031,98562
2014-10-22,53600.0000,54700.0000,53000.0000,54300.0000,35465.2109,137899
2014-10-23,54000.0000,54300.0000,53500.0000,53700.0000,35073.3320,76347
2014-10-24,54500.0000,54500.0000,52300.0000,52600.0000,34354.8828,99587
2014-10-27,53000.0000,53300.0000,51300.0000,52400.0000,34224.2578,77118
2014-10-28,52700.0000,52700.0000,51500.0000,52100.0000,34028.3203,38002
2014-10-29,52800.0000,56200.0000,52200.0000,55800.0000,36444.9141,146715
2014-10-30,55500.0000,55700.0000,53600.0000,55200.0000,36053.0312,121482
2014-10-31,54800.0000,55100.0000,52700.0000,54100.0000,35334.5859,121064
2014-11-03,53500.0000,56800.0000,53500.0000,55700.0000,36379.6016,145169
2014-11-04,56100.0000,56700.0000,55500.0000,56300.0000,36771.4844,102804
2014-11-05,56700.0000,57300.0000,55100.0000,57000.0000,37228.6758,114953
2014-11-06,56200.0000,56600.0000,54400.0000,54900.0000,35857.0898,83915
2014-11-07,54100.0000,55600.0000,54100.0000,55300.0000,36118.3438,57703
2014-11-10,55000.0000,55200.0000,53900.0000,53900.0000,35203.9609,244018
2014-11-11,54000.0000,54600.0000,53000.0000,54200.0000,35399.9023,157976
2014-11-12,53600.0000,54200.0000,53000.0000,53700.0000,35073.3320,116402
2014-11-13,53300.0000,54600.0000,53300.0000,53800.0000,35138.6445,95662
2014-11-14,53500.0000,53600.0000,52000.0000,52300.0000,34158.9492,156390
2014-11-17,53000.0000,53000.0000,51600.0000,51800.0000,33832.3711,134651
2014-11-18,51600.0000,53800.0000,51600.0000,53600.0000,35008.0195,155564
2014-11-19,53700.0000,55200.0000,53100.0000,55200.0000,36053.0312,157319
2014-11-20,54500.0000,55500.0000,54100.0000,54700.0000,35726.4609,78927
2014-11-21,54500.0000,55400.0000,54500.0000,54900.0000,35857.0898,73530
2014-11-24,55400.0000,57400.0000,55100.0000,56900.0000,37163.3711,188946
2014-11-25,56600.0000,57400.0000,56200.0000,57400.0000,37489.9297,175382
2014-11-26,57700.0000,57700.0000,56400.0000,57100.0000,37293.9961,82088
2014-11-27,56500.0000,56700.0000,54800.0000,56100.0000,36640.8555,100781
2014-11-28,55400.0000,57500.0000,55400.0000,57400.0000,37489.9297,69732
2014-12-01,56400.0000,57400.0000,55200.0000,55200.0000,36053.0312,78034
2014-12-02,54900.0000,56400.0000,54700.0000,55900.0000,36510.2344,100860
2014-12-03,55400.0000,56300.0000,54800.0000,56200.0000,36706.1641,74495
2014-12-04,55700.0000,56500.0000,55500.0000,56300.0000,36771.4844,45000
2014-12-05,55800.0000,56000.0000,54900.0000,55500.0000,36248.9727,75770
2014-12-08,54700.0000,55000.0000,54100.0000,54600.0000,35661.1562,83081
2014-12-09,54300.0000,54300.0000,52800.0000,53500.0000,34942.7031,93839
2014-12-10,52700.0000,53200.0000,51700.0000,52000.0000,33963.0000,105410
2014-12-11,51000.0000,51800.0000,50200.0000,50200.0000,32787.3555,215489
2014-12-12,50500.0000,51700.0000,49550.0000,51100.0000,33375.1836,134780
2014-12-15,50000.0000,50900.0000,48850.0000,50900.0000,33244.5625,135763
2014-12-16,49050.0000,51100.0000,49050.0000,50600.0000,33048.6133,133235
2014-12-17,51700.0000,51700.0000,50200.0000,51100.0000,33375.1836,115794
2014-12-18,52200.0000,52200.0000,50200.0000,50900.0000,33244.5625,82646
2014-12-19,51700.0000,51700.0000,49700.0000,49900.0000,32591.4219,145938
2014-12-22,49550.0000,50600.0000,49350.0000,50600.0000,33048.6133,81207
2014-12-23,50600.0000,50600.0000,49050.0000,49250.0000,32166.8828,117982
2014-12-24,49450.0000,49500.0000,48850.0000,49400.0000,32264.8535,78884
2014-12-26,49050.0000,50100.0000,49050.0000,49750.0000,32493.4512,80237
2014-12-29,49200.0000,49500.0000,48100.0000,48700.0000,32261.5957,107523
2014-12-30,48700.0000,48900.0000,47800.0000,48500.0000,32129.0957,95019
2015-01-02,47600.0000,48900.0000,47500.0000,48100.0000,31864.1172,65582
2015-01-05,47300.0000,48950.0000,46550.0000,47500.0000,31466.6387,113359
2015-01-06,46850.0000,47800.0000,46800.0000,47250.0000,31301.0293,54385
2015-01-07,46950.0000,47400.0000,46350.0000,46600.0000,30870.4336,56152
2015-01-08,46200.0000,47600.0000,46200.0000,47250.0000,31301.0293,89812
2015-01-09,48000.0000,50800.0000,47800.0000,50300.0000,33321.5156,184755
2015-01-12,49500.0000,49900.0000,48150.0000,48150.0000,31897.2324,111678
2015-01-13,48550.0000,48900.0000,47450.0000,47750.0000,31632.2520,103951
2015-01-14,47800.0000,49650.0000,47600.0000,49200.0000,32592.8262,136359
2015-01-15,48600.0000,49150.0000,47700.0000,48400.0000,32062.8555,109464
2015-01-16,48650.0000,48650.0000,47100.0000,47450.0000,31433.5234,71978
2015-01-19,48200.0000,49600.0000,47900.0000,48900.0000,32394.0781,100313
2015-01-20,48900.0000,49300.0000,48500.0000,48500.0000,32129.0957,72951
2015-01-21,48600.0000,49400.0000,48500.0000,49350.0000,32692.1934,91776
2015-01-22,49800.0000,49800.0000,48850.0000,49500.0000,32791.5547,98097
2015-01-23,50800.0000,52900.0000,50400.0000,52400.0000,34712.6758,188387
2015-01-26,51900.0000,52400.0000,50500.0000,51200.0000,33917.7305,163799
2015-01-27,51900.0000,52900.0000,51600.0000,52800.0000,34977.6562,99804
2015-01-28,51800.0000,53100.0000,51800.0000,52600.0000,34845.1641,102463
2015-01-29,52200.0000,52500.0000,50100.0000,51700.0000,34248.9648,134110
2015-01-30,51900.0000,53000.0000,51700.0000,52000.0000,34447.6875,181526
2015-02-02,51100.0000,52200.0000,50700.0000,51100.0000,33851.4844,97247
2015-02-03,51500.0000,51700.0000,50700.0000,50700.0000,33586.5000,115143
2015-02-04,51300.0000,52300.0000,51000.0000,52000.0000,34447.6875,108585
2015-02-05,51700.0000,52300.0000,50400.0000,51500.0000,34116.4609,112516
2015-02-06,51200.0000,52600.0000,51200.0000,52600.0000,34845.1641,118918
2015-02-09,52200.0000,52900.0000,51700.0000,51900.0000,34381.4492,55257
2015-02-10,52400.0000,52600.0000,51200.0000,52200.0000,34580.1875,78585
2015-02-11,52600.0000,52900.0000,51500.0000,52100.0000,34513.9414,78096
2015-02-12,52800.0000,53500.0000,51600.0000,53500.0000,35441.3750,96990
2015-02-13,53500.0000,53900.0000,51700.0000,52800.0000,34977.6562,124232
2015-02-16,52300.0000,52900.0000,51900.0000,52500.0000,34778.9219,67823
2015-02-17,52000.0000,52500.0000,51400.0000,51700.0000,34248.9648,124891
2015-02-23,51400.0000,52500.0000,50700.0000,52300.0000,34646.4336,106043
2015-02-24,51700.0000,52000.0000,51300.0000,51700.0000,34248.9648,81132
2015-02-25,52000.0000,54900.0000,51600.0000,53700.0000,35573.8672,144593
2015-02-26,54300.0000,54600.0000,53000.0000,53300.0000,35308.8867,85194
2015-02-27,52900.0000,54900.0000,52900.0000,54600.0000,36170.0781,134100
2015-03-02,54100.0000,54600.0000,52800.0000,52800.0000,34977.6562,128016
2015-03-03,52600.0000,53300.0000,51900.0000,52800.0000,34977.6562,88573
2015-03-04,52600.0000,53400.0000,52100.0000,52100.0000,34513.9414,106094
2015-03-05,51600.0000,52400.0000,51200.0000,51200.0000,33917.7305,98070
2015-03-06,51300.0000,53100.0000,51300.0000,52900.0000,35043.9023,195047
2015-03-09,52200.0000,53100.0000,51900.0000,52500.0000,34778.9219,141389
2015-03-10,52300.0000,53200.0000,52300.0000,52600.0000,34845.1641,129444
2015-03-11,51300.0000,52000.0000,50100.0000,51000.0000,33785.2383,184929
2015-03-12,51000.0000,52500.0000,50800.0000,51600.0000,34182.7109,173630
2015-03-13,52200.0000,52600.0000,51800.0000,52200.0000,34580.1875,63920
2015-03-16,52400.0000,52400.0000,51000.0000,51300.0000,33983.9727,83323
2015-03-17,51700.0000,55500.0000,51600.0000,55500.0000,36766.2891,214762
2015-03-18,56600.0000,56700.0000,54700.0000,55700.0000,36898.7734,177910
2015-03-19,56800.0000,57800.0000,55700.0000,56300.0000,37296.2500,150993
2015-03-20,56400.0000,56700.0000,54800.0000,55700.0000,36898.7734,131979
2015-03-23,56200.0000,59100.0000,56000.0000,57900.0000,38356.1875,256477
2015-03-24,58300.0000,58500.0000,57400.0000,58000.0000,38422.4258,240490
2015-03-25,57500.0000,59400.0000,57300.0000,59300.0000,39283.6211,165491
2015-03-26,59000.0000,59500.0000,57500.0000,58100.0000,38488.6719,144395
2015-03-27,57900.0000,59400.0000,57900.0000,58700.0000,38886.1484,106597
2015-03-30,58700.0000,62400.0000,58500.0000,61900.0000,41006.0078,196134
2015-03-31,62000.0000,65000.0000,61100.0000,62900.0000,41668.4609,201326
2015-04-01,62100.0000,63300.0000,61500.0000,62200.0000,41204.7383,113443
2015-04-02,61800.0000,63200.0000,61300.0000,62200.0000,41204.7383,93015
2015-04-03,63000.0000,65800.0000,62300.0000,65700.0000,43523.3398,112339
2015-04-06,68100.0000,68100.0000,64600.0000,65400.0000,43324.5977,118939
2015-04-07,65400.0000,67000.0000,64100.0000,64900.0000,42993.3750,166143
2015-04-08,64800.0000,68200.0000,64300.0000,67400.0000,44649.5117,189490
2015-04-09,67300.0000,67800.0000,65100.0000,67000.0000,44384.5273,275130
2015-04-10,66600.0000,72000.0000,66600.0000,71600.0000,47431.8281,227507
2015-04-13,71900.0000,74000.0000,70500.0000,72000.0000,47696.8125,241748
2015-04-14,71900.0000,72300.0000,69700.0000,71500.0000,47365.5781,246519
2015-04-15,70700.0000,72200.0000,69800.0000,71700.0000,47498.0703,399364
2015-04-16,71100.0000,71800.0000,69100.0000,71000.0000,47034.3477,258870
2015-04-17,70000.0000,71800.0000,69700.0000,71500.0000,47365.5781,178750
2015-04-20,69900.0000,71100.0000,69200.0000,70500.0000,46703.1289,151921
2015-04-21,71500.0000,71600.0000,70200.0000,70800.0000,46901.8516,161438
2015-04-22,70900.0000,74300.0000,69800.0000,71500.0000,47365.5781,285734
2015-04-23,71700.0000,73600.0000,70400.0000,73200.0000,48491.7539,203083
2015-04-24,73000.0000,73900.0000,68800.0000,70600.0000,46769.3672,233998
2015-04-27,69900.0000,71900.0000,69800.0000,70200.0000,46504.3828,129802
2015-04-28,70200.0000,72600.0000,70200.0000,71700.0000,47498.0703,138260
2015-04-29,72500.0000,72700.0000,69000.0000,69700.0000,46173.1562,173354
2015-04-30,69800.0000,70300.0000,67800.0000,69000.0000,45709.4414,170838
2015-05-04,69800.0000,69800.0000,67100.0000,67400.0000,44649.5117,168586
2015-05-06,66700.0000,66900.0000,63000.0000,65300.0000,43258.3555,257288
2015-05-07,64300.0000,65800.0000,63300.0000,64900.0000,42993.3750,99894
2015-05-08,65200.0000,66200.0000,64000.0000,65100.0000,43125.8672,121272
2015-05-11,66900.0000,67500.0000,65900.0000,66200.0000,43854.5625,204591
2015-05-12,65800.0000,66700.0000,64900.0000,65500.0000,43390.8477,79384
2015-05-13,64800.0000,67600.0000,64800.0000,65900.0000,43655.8242,104070
2015-05-14,65100.0000,66900.0000,65100.0000,66200.0000,43854.5625,72955
2015-05-15,66900.0000,67200.0000,63600.0000,64400.0000,42662.1445,112958
2015-05-18,64400.0000,66400.0000,64400.0000,66200.0000,43854.5625,134347
2015-05-19,65600.0000,67000.0000,65000.0000,65500.0000,43390.8477,110354
2015-05-20,65200.0000,68100.0000,65200.0000,68100.0000,45113.2305,155610
2015-05-21,67800.0000,68200.0000,66200.0000,66400.0000,43987.0547,73829
2015-05-22,66600.0000,69700.0000,66600.0000,69600.0000,46106.9102,133198
2015-05-26,68600.0000,69600.0000,66900.0000,67400.0000,44649.5117,134428
2015-05-27,65800.0000,67200.0000,63500.0000,64500.0000,42728.3867,142229
2015-05-28,64500.0000,67400.0000,64500.0000,67000.0000,44384.5273,119816
2015-05-29,65500.0000,67800.0000,65400.0000,66400.0000,43987.0547,149093
2015-06-01,64700.0000,66100.0000,63100.0000,65000.0000,43059.6172,139304
2015-06-02,64600.0000,66500.0000,63100.0000,63500.0000,42065.9375,151692
2015-06-03,63500.0000,65200.0000,63200.0000,64400.0000,42662.1445,108683
2015-06-04,64400.0000,65300.0000,63200.0000,65000.0000,43059.6172,133154
2015-06-05,64300.0000,65500.0000,63700.0000,65200.0000,43192.1055,121973
2015-06-08,64000.0000,67500.0000,63800.0000,67200.0000,44517.0156,98279
2015-06-09,67200.0000,67300.0000,65600.0000,67000.0000,44384.5273,94655
2015-06-10,67600.0000,68000.0000,64800.0000,64800.0000,42927.1289,134895
2015-06-11,65700.0000,66200.0000,62700.0000,65100.0000,43125.8672,183742
2015-06-12,65100.0000,65800.0000,62200.0000,63300.0000,41933.4414,112164
2015-06-15,62900.0000,64600.0000,61300.0000,61900.0000,41006.0078,79235
2015-06-16,61400.0000,62500.0000,59600.0000,60500.0000,40078.5664,134357
2015-06-17,60900.0000,61500.0000,59600.0000,61400.0000,40674.7734,117943
2015-06-18,61600.0000,62000.0000,60100.0000,61700.0000,40873.5078,134337
2015-06-19,62400.0000,64600.0000,62100.0000,62800.0000,41602.2188,126152
2015-06-22,62800.0000,63900.0000,62500.0000,63600.0000,42132.1758,67970
2015-06-23,64100.0000,68600.0000,63700.0000,64900.0000,42993.3750,218526
2015-06-24,65400.0000,65400.0000,63700.0000,63800.0000,42264.6719,103199
2015-06-25,63500.0000,66700.0000,63500.0000,65500.0000,43390.8477,172648
2015-06-26,65900.0000,67400.0000,65000.0000,66600.0000,44119.5469,122080
2015-06-29,65300.0000,65700.0000,63200.0000,63300.0000,41933.4414,103190
2015-06-30,63000.0000,64300.0000,61800.0000,63700.0000,42198.4297,156001
2015-07-01,63100.0000,64600.0000,62500.0000,64100.0000,42463.4102,84107
2015-07-02,64000.0000,64500.0000,62100.0000,62400.0000,41337.2344,148430
2015-07-03,62400.0000,63900.0000,62000.0000,63700.0000,42198.4297,65926
2015-07-06,62200.0000,62700.0000,59300.0000,61200.0000,40542.2852,159352
2015-07-07,61300.0000,62000.0000,59400.0000,60200.0000,39879.8320,173256
2015-07-08,60600.0000,61100.0000,58500.0000,59600.0000,39482.3594,156448
2015-07-09,59300.0000,61700.0000,57900.0000,61500.0000,40741.0234,152038
2015-07-10,61200.0000,61300.0000,59600.0000,61100.0000,40476.0391,122825
2015-07-13,60600.0000,63500.0000,60400.0000,63000.0000,41734.7109,179273
2015-07-14,63700.0000,64900.0000,63300.0000,63900.0000,42330.9180,199247
2015-07-15,64000.0000,66100.0000,63100.0000,63900.0000,42330.9180,225465
2015-07-16,63500.0000,65400.0000,63400.0000,65300.0000,43258.3555,199177
2015-07-17,66100.0000,66600.0000,65000.0000,65500.0000,43390.8477,193946
2015-07-20,64700.0000,66200.0000,64500.0000,64700.0000,42860.8828,90823
2015-07-21,64700.0000,65700.0000,64300.0000,65100.0000,43125.8672,104035
2015-07-22,64300.0000,65100.0000,62300.0000,63900.0000,42330.9180,123172
2015-07-23,62900.0000,64900.0000,62400.0000,64400.0000,42662.1445,66595
2015-07-24,64900.0000,64900.0000,62500.0000,62500.0000,41403.4766,74562
2015-07-27,61600.0000,61800.0000,60000.0000,61100.0000,40476.0391,115886
2015-07-28,61400.0000,61400.0000,58800.0000,60200.0000,39879.8320,142941
2015-07-29,60100.0000,60800.0000,59100.0000,59500.0000,39416.1094,104753
2015-07-30,59500.0000,61500.0000,59500.0000,60700.0000,40211.0547,195890
2015-07-31,61200.0000,62200.0000,59800.0000,62200.0000,41204.7383,105717
2015-08-03,62200.0000,62500.0000,60700.0000,61800.0000,40939.7617,64693
2015-08-04,62300.0000,62400.0000,61000.0000,61800.0000,40939.7617,85335
2015-08-05,61300.0000,64200.0000,61300.0000,63800.0000,42264.6719,205618
2015-08-06,67300.0000,70000.0000,65300.0000,67300.0000,44583.2734,826828
2015-08-07,67200.0000,67300.0000,64400.0000,66200.0000,43854.5625,251337
2015-08-10,66300.0000,69200.0000,66300.0000,68000.0000,45046.9844,204883
2015-08-11,68200.0000,68800.0000,65200.0000,65200.0000,43192.1055,166491
2015-08-12,65100.0000,65300.0000,61600.0000,63200.0000,41867.1953,204347
2015-08-13,63200.0000,65900.0000,61800.0000,64900.0000,42993.3750,156105
2015-08-14,64900.0000,64900.0000,64900.0000,64900.0000,42993.3750,0
2015-08-17,66300.0000,66300.0000,64100.0000,64600.0000,42794.6328,69857
2015-08-18,65500.0000,66000.0000,64600.0000,65100.0000,43125.8672,123480
2015-08-19,66300.0000,66300.0000,63800.0000,64100.0000,42463.4102,139717
2015-08-20,64000.0000,67000.0000,63300.0000,66700.0000,44185.7891,230635
2015-08-21,65900.0000,65900.0000,63600.0000,64500.0000,42728.3867,215358
2015-08-24,63500.0000,63900.0000,61100.0000,63800.0000,42264.6719,232005
2015-08-25,64100.0000,66000.0000,62200.0000,65000.0000,43059.6172,172107
2015-08-26,65000.0000,67700.0000,63000.0000,67300.0000,44583.2734,172406
2015-08-27,67300.0000,68500.0000,66200.0000,67800.0000,44914.5000,178617
2015-08-28,67900.0000,70800.0000,67900.0000,70100.0000,46438.1445,166783
2015-08-31,69100.0000,71000.0000,68200.0000,69800.0000,46239.4062,279230
2015-09-01,68700.0000,69800.0000,67600.0000,68800.0000,45576.9531,149117
2015-09-02,67500.0000,68400.0000,66000.0000,67300.0000,44583.2734,165101
2015-09-03,67000.0000,67400.0000,64700.0000,65800.0000,43589.5781,174319
2015-09-04,65800.0000,66300.0000,64100.0000,64600.0000,42794.6328,122946
2015-09-07,64600.0000,65500.0000,62200.0000,62700.0000,41535.9688,137676
2015-09-08,63400.0000,63400.0000,60100.0000,60700.0000,40211.0547,159048
2015-09-09,61400.0000,63100.0000,61300.0000,62600.0000,41469.7227,155996
2015-09-10,61400.0000,65100.0000,60800.0000,65100.0000,43125.8672,228833
2015-09-11,64000.0000,65300.0000,63100.0000,63900.0000,42330.9180,139425
2015-09-14,64100.0000,64600.0000,63200.0000,64000.0000,42397.1602,117079
2015-09-15,64000.0000,64000.0000,61600.0000,62000.0000,41072.2500,177782
2015-09-16,62600.0000,63000.0000,62000.0000,62700.0000,41535.9688,138681
2015-09-17,63500.0000,63500.0000,62300.0000,62400.0000,41337.2344,127452
2015-09-18,62200.0000,62800.0000,60200.0000,61000.0000,40409.7969,320585
2015-09-21,60500.0000,61600.0000,60200.0000,61200.0000,40542.2852,78692
2015-09-22,61300.0000,61700.0000,60700.0000,60700.0000,40211.0547,77813
2015-09-23,60100.0000,60400.0000,59300.0000,59300.0000,39283.6211,125320
2015-09-24,59700.0000,60700.0000,59600.0000,60100.0000,39813.5859,89815
2015-09-25,60300.0000,61300.0000,59700.0000,61200.0000,40542.2852,82685
2015-09-30,61000.0000,61200.0000,58900.0000,61100.0000,40476.0391,165400
2015-10-01,60800.0000,63900.0000,60800.0000,63100.0000,41800.9492,203190
2015-10-02,62700.0000,62700.0000,61000.0000,61700.0000,40873.5078,123117
2015-10-05,62100.0000,62100.0000,61100.0000,61200.0000,40542.2852,81578
2015-10-06,61800.0000,62000.0000,60900.0000,61300.0000,40608.5352,77631
2015-10-07,60800.0000,61500.0000,60600.0000,61400.0000,40674.7734,51942
2015-10-08,61600.0000,61700.0000,59200.0000,60500.0000,40078.5664,151794
2015-10-12,60500.0000,62000.0000,60500.0000,61600.0000,40807.2734,138474
2015-10-13,61600.0000,61900.0000,60400.0000,61000.0000,40409.7969,77649
2015-10-14,60900.0000,61000.0000,59100.0000,59100.0000,39151.1328,100236
2015-10-15,59100.0000,60800.0000,58600.0000,60400.0000,40012.3203,106244
2015-10-16,60600.0000,61000.0000,60100.0000,60400.0000,40012.3203,110781
2015-10-19,60400.0000,61000.0000,59900.0000,60400.0000,40012.3203,57857
2015-10-20,60600.0000,62000.0000,60200.0000,62000.0000,41072.2500,96945
2015-10-21,61500.0000,62400.0000,61400.0000,62000.0000,41072.2500,86671
2015-10-22,61200.0000,62200.0000,60300.0000,60600.0000,40144.8164,74875
2015-10-23,61400.0000,63400.0000,60800.0000,60900.0000,40343.5469,141790
2015-10-26,61800.0000,63400.0000,61700.0000,63200.0000,41867.1953,80612
2015-10-27,63100.0000,63100.0000,61500.0000,61900.0000,41006.0078,72394
2015-10-28,62400.0000,62500.0000,60600.0000,62100.0000,41138.4961,50723
2015-10-29,63400.0000,63700.0000,60600.0000,60600.0000,40144.8164,73043
2015-10-30,61200.0000,61900.0000,60500.0000,61000.0000,40409.7969,79967
2015-11-02,60500.0000,60600.0000,57200.0000,58100.0000,38488.6719,277408
2015-11-03,58200.0000,59500.0000,58200.0000,59000.0000,39084.8828,99318
2015-11-04,58500.0000,59900.0000,58000.0000,59600.0000,39482.3594,87275
2015-11-05,59400.0000,59400.0000,58000.0000,58700.0000,38886.1484,73745
2015-11-06,58500.0000,58800.0000,56500.0000,57200.0000,37892.4609,176608
2015-11-09,56900.0000,57000.0000,55700.0000,56100.0000,37163.7656,101919
2015-11-10,55800.0000,55900.0000,54400.0000,55100.0000,36501.3047,100974
2015-11-11,54000.0000,55800.0000,54000.0000,55300.0000,36633.7969,95053
2015-11-12,54800.0000,55600.0000,54100.0000,55100.0000,36501.3047,84733
2015-11-13,54100.0000,55300.0000,53700.0000,54900.0000,36368.8125,90635
2015-11-16,53700.0000,54400.0000,53100.0000,53400.0000,35375.1328,110266
2015-11-17,53500.0000,54300.0000,52800.0000,53700.0000,35573.8672,96992
2015-11-18,53800.0000,53900.0000,52900.0000,53500.0000,35441.3750,90408
2015-11-19,54100.0000,54600.0000,53300.0000,54200.0000,35905.0977,72027
2015-11-20,54400.0000,54800.0000,54000.0000,54700.0000,36236.3203,64831
2015-11-23,55400.0000,55500.0000,54400.0000,54500.0000,36103.8281,50258
2015-11-24,55000.0000,56200.0000,54300.0000,55300.0000,36633.7969,107274
2015-11-25,55000.0000,55200.0000,53600.0000,54000.0000,35772.5977,197375
2015-11-26,54400.0000,54400.0000,53100.0000,54000.0000,35772.5977,85249
2015-11-27,53800.0000,55000.0000,53400.0000,54800.0000,36302.5742,74520
2015-11-30,58700.0000,59000.0000,54500.0000,54700.0000,36236.3203,561605
2015-12-01,55200.0000,55200.0000,53700.0000,55100.0000,36501.3047,159385
2015-12-02,54600.0000,54900.0000,53000.0000,54100.0000,35838.8516,255528
2015-12-03,53100.0000,53900.0000,52900.0000,53200.0000,35242.6328,150074
2015-12-04,52600.0000,53400.0000,52500.0000,52600.0000,34845.1641,134203
2015-12-07,53100.0000,53600.0000,52300.0000,52800.0000,34977.6562,87155
2015-12-08,52800.0000,52800.0000,51000.0000,52100.0000,34513.9414,154285
2015-12-09,52300.0000,52400.0000,51100.0000,51300.0000,33983.9727,101326
2015-12-10,50700.0000,51900.0000,50500.0000,51400.0000,34050.2266,112409
2015-12-11,51000.0000,51800.0000,50700.0000,51000.0000,33785.2383,92359
2015-12-14,50300.0000,50900.0000,49950.0000,50600.0000,33520.2578,75322
2015-12-15,49950.0000,51200.0000,49800.0000,50800.0000,33652.7461,87487
2015-12-16,51200.0000,52200.0000,51100.0000,51100.0000,33851.4844,113520
2015-12-17,51800.0000,52800.0000,51200.0000,51600.0000,34182.7109,135960
2015-12-18,51200.0000,51600.0000,50500.0000,51000.0000,33785.2383,151138
2015-12-21,50600.0000,51700.0000,50600.0000,51000.0000,33785.2383,246076
2015-12-22,51800.0000,53800.0000,51300.0000,52000.0000,34447.6875,319820
2015-12-23,52400.0000,52800.0000,51700.0000,52800.0000,34977.6562,143367
2015-12-24,53700.0000,53700.0000,52000.0000,52500.0000,34778.9219,93709
2015-12-28,52200.0000,52900.0000,51800.0000,52100.0000,34513.9414,99043
2015-12-29,51700.0000,52400.0000,50600.0000,51100.0000,34513.9414,171936
2015-12-30,51100.0000,51600.0000,49550.0000,49550.0000,33467.0430,224252
2016-01-04,48850.0000,49500.0000,46100.0000,46950.0000,31710.9492,367377
2016-01-05,45850.0000,48200.0000,45850.0000,47950.0000,32386.3672,317368
2016-01-06,47650.0000,48350.0000,47400.0000,48050.0000,32453.9121,167263
2016-01-07,47500.0000,48050.0000,46550.0000,46750.0000,31575.8652,148873
2016-01-08,46500.0000,46850.0000,45400.0000,46450.0000,31373.2344,242411
2016-01-11,45500.0000,46350.0000,45350.0000,45600.0000,30799.1309,126439
2016-01-12,45800.0000,46650.0000,45050.0000,45400.0000,30664.0527,146047
2016-01-13,45650.0000,47050.0000,45600.0000,46500.0000,31407.0176,112345
2016-01-14,45700.0000,45950.0000,44400.0000,45400.0000,30664.0527,190290
2016-01-15,46050.0000,46300.0000,43550.0000,43700.0000,29515.8379,194489
2016-01-18,43000.0000,43650.0000,42600.0000,43100.0000,29110.5879,181062
2016-01-19,43100.0000,43850.0000,42150.0000,43700.0000,29515.8379,143263
2016-01-20,43200.0000,43700.0000,40950.0000,41700.0000,28164.9961,160280
2016-01-21,42000.0000,42500.0000,41000.0000,41500.0000,28029.9141,121178
2016-01-22,42000.0000,44900.0000,42000.0000,43700.0000,29515.8379,153344
2016-01-25,44250.0000,44700.0000,43450.0000,43750.0000,29549.6055,81907
2016-01-26,43500.0000,43500.0000,42050.0000,42950.0000,29009.2695,85840
2016-01-27,43500.0000,45450.0000,43450.0000,44650.0000,30157.4844,155136
2016-01-28,43700.0000,45700.0000,43500.0000,45000.0000,30393.8809,161763
2016-01-29,45000.0000,46650.0000,44750.0000,46400.0000,31339.4648,154961
2016-02-01,46700.0000,48200.0000,46300.0000,47450.0000,32048.6582,174975
2016-02-02,46750.0000,47450.0000,46250.0000,46300.0000,31271.9277,112163
2016-02-03,45600.0000,45750.0000,44250.0000,44600.0000,30123.7148,114061
2016-02-04,44900.0000,46250.0000,44700.0000,46150.0000,31170.6113,98785
2016-02-05,46150.0000,47550.0000,45600.0000,46550.0000,31440.7852,107690
2016-02-11,44300.0000,45250.0000,44300.0000,45000.0000,30393.8809,135219
2016-02-12,43500.0000,44100.0000,38050.0000,39000.0000,26341.3633,691150
2016-02-15,40100.0000,40100.0000,38750.0000,39700.0000,26814.1602,354594
2016-02-16,40000.0000,40250.0000,39300.0000,40100.0000,27084.3223,205436
2016-02-17,40000.0000,40450.0000,39750.0000,40100.0000,27084.3223,142909
2016-02-18,40500.0000,41300.0000,40500.0000,41000.0000,27692.2012,133047
2016-02-19,40650.0000,41350.0000,40000.0000,41250.0000,27861.0566,108767
2016-02-22,41250.0000,41550.0000,40800.0000,41150.0000,27793.5176,55812
2016-02-23,41900.0000,41950.0000,41200.0000,41350.0000,27928.5977,85433
2016-02-24,40850.0000,41400.0000,40550.0000,41350.0000,27928.5977,71313
2016-02-25,41450.0000,42900.0000,41450.0000,42350.0000,28604.0195,163471
2016-02-26,42100.0000,42350.0000,41150.0000,41650.0000,28131.2285,153877
2016-02-29,41750.0000,43200.0000,41500.0000,41550.0000,28063.6836,168690
2016-03-02,42400.0000,44250.0000,42250.0000,44000.0000,29718.4648,188600
2016-03-03,44050.0000,45600.0000,43650.0000,45000.0000,30393.8809,163502
2016-03-04,45200.0000,45900.0000,44000.0000,45600.0000,30799.1309,191028
2016-03-07,45900.0000,47550.0000,45450.0000,46500.0000,31407.0176,192579
2016-03-08,46000.0000,46500.0000,44750.0000,45000.0000,30393.8809,202508
2016-03-09,44800.0000,45000.0000,43600.0000,43850.0000,29617.1465,187447
2016-03-10,43950.0000,44100.0000,43550.0000,43900.0000,29650.9160,235266
2016-03-11,44200.0000,44200.0000,43250.0000,43750.0000,29549.6055,127196
2016-03-14,44500.0000,44850.0000,43900.0000,44000.0000,29718.4648,234576
2016-03-15,43550.0000,43850.0000,43000.0000,43400.0000,29313.2109,165944
2016-03-16,43200.0000,44300.0000,43150.0000,44000.0000,29718.4648,163651
2016-03-17,44900.0000,48300.0000,44850.0000,47150.0000,31846.0332,572502
2016-03-18,47700.0000,48500.0000,46800.0000,47000.0000,31744.7188,312785
2016-03-21,47350.0000,47950.0000,45500.0000,45850.0000,30967.9902,167188
2016-03-22,46000.0000,46050.0000,44500.0000,44950.0000,30360.1133,204437
2016-03-23,45100.0000,45700.0000,45050.0000,45700.0000,30866.6758,104035
2016-03-24,45100.0000,45150.0000,43900.0000,45050.0000,30427.6543,176296
2016-03-25,44600.0000,44850.0000,44300.0000,44550.0000,30089.9453,87657
2016-03-28,44200.0000,44350.0000,43050.0000,43600.0000,29448.2930,181831
2016-03-29,43650.0000,44650.0000,43650.0000,44650.0000,30157.4844,151801
2016-03-30,44950.0000,45700.0000,43800.0000,45350.0000,30630.2812,264673
2016-03-31,45350.0000,45500.0000,43100.0000,43950.0000,29684.6875,341781
2016-04-01,43650.0000,44950.0000,43600.0000,44250.0000,29887.3164,270252
2016-04-04,43750.0000,44450.0000,43700.0000,43950.0000,29684.6875,110333
2016-04-05,43550.0000,44200.0000,42650.0000,43000.0000,29043.0410,153284
2016-04-06,42700.0000,42850.0000,42200.0000,42550.0000,28739.1035,149412
2016-04-07,42750.0000,42950.0000,42150.0000,42900.0000,28975.5000,155907
2016-04-08,42350.0000,42550.0000,41800.0000,42400.0000,28637.7891,183853
2016-04-11,42100.0000,42150.0000,41300.0000,41650.0000,28131.2285,193918
2016-04-12,41450.0000,42850.0000,41350.0000,42550.0000,28739.1035,176119
2016-04-14,43250.0000,44700.0000,43250.0000,44500.0000,30056.1777,348746
2016-04-15,44300.0000,45200.0000,44050.0000,45100.0000,30461.4238,175736
2016-04-18,44700.0000,45650.0000,44300.0000,45400.0000,30664.0527,133941
2016-04-19,45500.0000,45850.0000,44950.0000,45050.0000,30427.6543,205259
2016-04-20,45250.0000,47100.0000,45250.0000,46400.0000,31339.4648,254668
2016-04-21,47300.0000,47800.0000,46550.0000,47350.0000,31981.1211,191266
2016-04-22,46750.0000,47850.0000,46400.0000,47400.0000,32014.8926,155092
2016-04-25,47250.0000,47400.0000,46450.0000,46950.0000,31710.9492,99970
2016-04-26,46950.0000,46950.0000,45650.0000,45950.0000,31035.5273,116502
2016-04-27,45600.0000,46100.0000,45050.0000,45300.0000,30596.5039,141952
2016-04-28,45400.0000,46500.0000,45250.0000,45700.0000,30866.6758,197111
2016-04-29,45800.0000,46150.0000,44850.0000,46100.0000,31136.8398,104289
2016-05-02,45550.0000,45550.0000,44750.0000,44850.0000,30292.5684,93234
2016-05-03,45050.0000,45300.0000,44000.0000,44200.0000,29853.5469,128116
2016-05-04,43550.0000,43900.0000,42800.0000,43100.0000,29110.5879,173278
2016-05-09,42600.0000,43100.0000,41650.0000,41750.0000,28198.7695,159790
2016-05-10,41600.0000,42350.0000,41600.0000,42250.0000,28536.4785,98983
2016-05-11,42700.0000,42800.0000,42000.0000,42150.0000,28468.9316,120083
2016-05-12,41550.0000,42400.0000,41200.0000,42400.0000,28637.7891,139861
2016-05-13,42400.0000,42550.0000,41750.0000,42400.0000,28637.7891,123063
2016-05-16,42100.0000,43450.0000,42100.0000,43000.0000,29043.0410,155415
2016-05-17,43850.0000,45250.0000,43300.0000,43950.0000,29684.6875,323406
2016-05-18,44050.0000,44050.0000,42950.0000,43450.0000,29346.9805,118771
2016-05-19,43100.0000,43650.0000,42700.0000,43100.0000,29110.5879,143801
2016-05-20,43300.0000,43400.0000,42500.0000,43150.0000,29144.3613,135266
2016-05-23,43350.0000,43600.0000,42850.0000,43150.0000,29144.3613,87464
2016-05-24,43100.0000,43100.0000,41750.0000,42000.0000,28367.6250,206545
2016-05-25,42850.0000,43450.0000,42600.0000,43450.0000,29346.9805,131424
2016-05-26,43250.0000,43650.0000,42750.0000,43650.0000,29482.0684,156476
2016-05-27,43650.0000,43800.0000,43250.0000,43650.0000,29482.0684,202118
2016-05-30,43500.0000,44950.0000,43350.0000,44550.0000,30089.9453,263382
2016-05-31,44150.0000,44650.0000,44050.0000,44650.0000,30157.4844,277909
2016-06-01,44650.0000,44900.0000,43650.0000,44050.0000,29752.2363,136440
2016-06-02,43800.0000,44050.0000,43250.0000,43900.0000,29650.9160,103413
2016-06-03,43900.0000,43950.0000,42800.0000,43350.0000,29279.4434,188274
2016-06-07,43000.0000,43300.0000,42500.0000,43050.0000,29076.8086,224714
2016-06-08,43050.0000,44350.0000,42650.0000,44350.0000,29954.8574,184251
2016-06-09,44700.0000,46050.0000,44400.0000,45900.0000,31001.7578,333580
2016-06-10,45950.0000,45950.0000,44850.0000,45400.0000,30664.0527,181741
2016-06-13,44900.0000,44900.0000,43950.0000,44650.0000,30157.4844,158701
2016-06-14,44150.0000,44650.0000,43350.0000,43700.0000,29515.8379,166934
2016-06-15,43300.0000,43550.0000,43050.0000,43250.0000,29211.8965,168440
2016-06-16,43200.0000,43200.0000,42000.0000,42100.0000,28435.1641,207715
2016-06-17,42900.0000,43100.0000,42000.0000,42200.0000,28502.7051,144862
2016-06-20,42800.0000,43350.0000,42350.0000,43200.0000,29178.1270,100683
2016-06-21,43350.0000,43700.0000,42800.0000,43700.0000,29515.8379,96899
2016-06-22,43800.0000,44000.0000,43100.0000,43600.0000,29448.2930,126242
2016-06-23,43500.0000,44200.0000,43350.0000,44050.0000,29752.2363,89721
2016-06-24,44400.0000,44600.0000,41650.0000,42350.0000,28604.0195,235574
2016-06-27,41950.0000,42250.0000,40800.0000,41050.0000,27725.9707,177467
2016-06-28,40000.0000,40950.0000,39550.0000,40600.0000,27422.0352,179831
2016-06-29,41200.0000,41700.0000,40600.0000,41650.0000,28131.2285,180992
2016-06-30,41800.0000,42250.0000,41450.0000,42100.0000,28435.1641,140084
2016-07-01,42250.0000,44000.0000,42250.0000,43550.0000,29414.5254,177384
2016-07-04,43700.0000,43700.0000,42900.0000,43200.0000,29178.1270,114147
2016-07-05,43250.0000,43400.0000,42800.0000,43000.0000,29043.0410,70888
2016-07-06,43000.0000,43050.0000,41750.0000,42550.0000,28739.1035,173026
2016-07-07,43000.0000,43650.0000,42450.0000,43350.0000,29279.4434,74425
2016-07-08,42900.0000,43200.0000,42050.0000,42400.0000,28637.7891,326815
2016-07-11,43150.0000,44100.0000,43100.0000,43800.0000,29583.3789,138611
2016-07-12,43800.0000,44500.0000,43200.0000,43500.0000,29380.7500,136379
2016-07-13,43850.0000,45000.0000,43850.0000,44450.0000,30022.4043,172571
2016-07-14,44700.0000,45250.0000,44200.0000,44600.0000,30123.7148,125314
2016-07-15,44950.0000,45700.0000,44750.0000,45050.0000,30427.6543,127486
2016-07-18,44650.0000,44950.0000,44400.0000,44750.0000,30225.0254,75688
2016-07-19,44400.0000,45100.0000,44000.0000,44300.0000,29921.0879,93292
2016-07-20,44200.0000,45000.0000,43900.0000,44600.0000,30123.7148,102710
2016-07-21,44650.0000,45450.0000,44650.0000,44900.0000,30326.3398,98439
2016-07-22,45250.0000,45950.0000,44650.0000,45700.0000,30866.6758,133284
2016-07-25,45950.0000,46600.0000,45800.0000,46450.0000,31373.2344,242134
2016-07-26,46400.0000,46950.0000,45900.0000,46300.0000,31271.9277,107900
2016-07-27,46350.0000,47050.0000,46050.0000,46500.0000,31407.0176,112579
2016-07-28,46450.0000,46700.0000,45900.0000,46300.0000,31271.9277,92215
2016-07-29,46050.0000,46900.0000,45700.0000,46900.0000,31677.1758,185392
2016-08-01,47000.0000,47500.0000,46900.0000,47050.0000,31778.4922,110809
2016-08-02,47100.0000,47200.0000,45300.0000,45650.0000,30832.9062,196058
2016-08-03,45000.0000,45400.0000,43250.0000,44100.0000,29786.0039,206076
2016-08-04,44150.0000,44550.0000,43900.0000,44250.0000,29887.3164,90027
2016-08-05,44050.0000,44500.0000,42150.0000,42350.0000,28604.0195,241330
2016-08-08,42600.0000,43500.0000,42200.0000,43250.0000,29211.8965,291810
2016-08-09,43300.0000,43300.0000,42400.0000,43250.0000,29211.8965,135145
2016-08-10,43000.0000,43600.0000,43000.0000,43350.0000,29279.4434,115286
2016-08-11,43450.0000,43450.0000,42400.0000,43150.0000,29144.3613,158412
2016-08-12,43100.0000,44100.0000,42700.0000,43300.0000,29245.6660,131517
2016-08-16,43700.0000,43800.0000,43000.0000,43100.0000,29110.5879,81821
2016-08-17,42800.0000,43350.0000,42700.0000,42800.0000,28907.9590,127571
2016-08-18,42800.0000,42800.0000,41600.0000,41800.0000,28232.5371,209864
2016-08-19,41800.0000,42150.0000,41450.0000,42000.0000,28367.6250,155169
2016-08-22,42150.0000,42150.0000,41500.0000,41550.0000,28063.6836,139342
2016-08-23,41550.0000,41700.0000,41150.0000,41200.0000,27827.2891,69814
2016-08-24,41100.0000,41450.0000,41000.0000,41300.0000,27894.8301,65127
2016-08-25,41700.0000,42100.0000,41400.0000,41850.0000,28266.3105,110872
2016-08-26,41300.0000,42050.0000,41300.0000,41700.0000,28164.9961,84271
2016-08-29,41450.0000,41450.0000,40900.0000,41150.0000,27793.5176,76807
2016-08-30,41000.0000,41900.0000,41000.0000,41150.0000,27793.5176,56069
2016-08-31,41200.0000,41250.0000,40100.0000,40100.0000,27084.3223,205450
2016-09-01,40050.0000,40500.0000,39850.0000,40350.0000,27253.1797,139375
2016-09-02,40200.0000,40350.0000,39900.0000,40050.0000,27050.5527,108717
2016-09-05,40100.0000,41850.0000,40100.0000,41450.0000,27996.1387,115738
2016-09-06,41600.0000,41900.0000,41450.0000,41700.0000,28164.9961,88809
2016-09-07,41500.0000,42450.0000,41500.0000,42050.0000,28401.3945,122935
2016-09-08,41950.0000,42350.0000,41500.0000,42000.0000,28367.6250,146109
2016-09-09,42000.0000,42200.0000,41600.0000,41750.0000,28198.7695,105166
2016-09-12,41750.0000,41900.0000,41350.0000,41350.0000,27928.5977,70085
2016-09-13,41700.0000,42200.0000,40800.0000,40800.0000,27557.1191,120593
2016-09-19,40150.0000,40800.0000,40150.0000,40550.0000,27388.2656,81265
2016-09-20,41100.0000,41100.0000,40200.0000,40600.0000,27422.0352,93775
2016-09-21,40350.0000,41000.0000,40300.0000,40800.0000,27557.1191,72983
2016-09-22,41150.0000,41550.0000,40700.0000,40800.0000,27557.1191,78787
2016-09-23,41250.0000,41650.0000,40800.0000,41200.0000,27827.2891,128706
2016-09-26,41350.0000,41500.0000,40800.0000,41050.0000,27725.9707,55238
2016-09-27,41000.0000,41150.0000,40250.0000,40800.0000,27557.1191,120636
2016-09-28,40900.0000,40900.0000,40550.0000,40550.0000,27388.2656,51156
2016-09-29,40900.0000,41400.0000,40650.0000,41400.0000,27962.3730,58652
2016-09-30,40900.0000,41150.0000,40650.0000,40750.0000,27523.3477,97542
2016-10-04,40600.0000,40850.0000,40400.0000,40450.0000,27320.7227,112321
2016-10-05,40250.0000,40700.0000,40200.0000,40400.0000,27286.9531,102592
2016-10-06,40400.0000,40500.0000,40150.0000,40150.0000,27118.0977,119186
2016-10-07,40100.0000,40350.0000,40000.0000,40150.0000,27118.0977,172318
2016-10-10,40350.0000,40800.0000,40000.0000,40100.0000,27084.3223,136332
2016-10-11,40550.0000,40900.0000,40200.0000,40300.0000,27219.4102,86632
2016-10-12,40600.0000,40700.0000,40150.0000,40400.0000,27286.9531,86994
2016-10-13,40200.0000,40450.0000,40050.0000,40050.0000,27050.5527,94200
2016-10-14,40100.0000,40600.0000,40100.0000,40600.0000,27422.0352,70509
2016-10-17,40750.0000,40900.0000,40200.0000,40250.0000,27185.6367,97131
2016-10-18,40500.0000,41150.0000,40300.0000,41150.0000,27793.5176,86190
2016-10-19,41150.0000,41600.0000,40750.0000,41300.0000,27894.8301,110621
2016-10-20,41500.0000,41900.0000,41350.0000,41600.0000,28097.4512,64437
2016-10-21,41800.0000,41800.0000,41100.0000,41650.0000,28131.2285,130539
2016-10-24,41350.0000,42000.0000,41150.0000,42000.0000,28367.6250,82005
2016-10-25,41600.0000,42050.0000,41550.0000,41800.0000,28232.5371,67910
2016-10-26,41800.0000,41850.0000,41000.0000,41300.0000,27894.8301,61438
2016-10-27,41100.0000,41700.0000,40800.0000,41700.0000,28164.9961,65680
2016-10-28,41250.0000,41650.0000,41000.0000,41000.0000,27692.2012,56518
2016-10-31,40650.0000,41250.0000,40550.0000,41100.0000,27759.7461,59085
2016-11-01,41000.0000,41150.0000,40250.0000,40700.0000,27489.5742,78607
2016-11-02,40850.0000,40850.0000,40300.0000,40500.0000,27354.4902,74517
2016-11-03,40750.0000,40750.0000,40100.0000,40150.0000,27118.0977,83539
2016-11-04,40200.0000,40450.0000,40000.0000,40450.0000,27320.7227,68438
2016-11-07,40900.0000,41150.0000,40300.0000,41050.0000,27725.9707,64521
2016-11-08,41050.0000,41900.0000,40950.0000,41900.0000,28300.0781,70450
2016-11-09,41900.0000,41900.0000,39650.0000,40500.0000,27354.4902,165311
2016-11-10,40900.0000,41800.0000,40700.0000,41450.0000,27996.1387,115470
2016-11-11,41600.0000,42700.0000,41600.0000,41850.0000,28266.3105,123805
2016-11-14,41900.0000,42300.0000,41550.0000,42200.0000,28502.7051,81538
2016-11-15,42500.0000,43350.0000,41650.0000,43350.0000,29279.4434,101431
2016-11-16,43550.0000,43550.0000,42950.0000,43400.0000,29313.2109,101112
2016-11-17,43350.0000,43350.0000,42650.0000,43000.0000,29043.0410,62662
2016-11-18,42700.0000,42900.0000,40700.0000,40750.0000,27523.3477,208463
2016-11-21,41000.0000,41300.0000,40150.0000,41100.0000,27759.7461,132624
2016-11-22,41450.0000,41450.0000,40600.0000,41150.0000,27793.5176,110362
2016-11-23,41900.0000,43000.0000,41500.0000,42500.0000,28705.3379,244026
2016-11-24,42200.0000,42450.0000,41750.0000,42300.0000,28570.2461,131471
2016-11-25,42400.0000,42750.0000,41800.0000,41950.0000,28333.8496,95149
2016-11-28,41900.0000,42400.0000,41350.0000,42050.0000,28401.3945,91236
2016-11-29,41600.0000,42200.0000,41000.0000,41050.0000,27725.9707,136757
2016-11-30,41200.0000,41200.0000,40050.0000,40050.0000,27050.5527,211283
2016-12-01,40100.0000,41000.0000,40000.0000,40750.0000,27523.3477,106589
2016-12-02,40300.0000,40900.0000,40300.0000,40700.0000,27489.5742,101965
2016-12-05,40350.0000,40650.0000,40050.0000,40450.0000,27320.7227,59982
2016-12-06,40850.0000,40850.0000,40250.0000,40350.0000,27253.1797,62085
2016-12-07,40250.0000,40600.0000,40100.0000,40400.0000,27286.9531,78371
2016-12-08,40600.0000,42000.0000,40450.0000,42000.0000,28367.6250,151325
2016-12-09,41500.0000,42000.0000,41300.0000,42000.0000,28367.6250,220318
2016-12-12,42300.0000,43500.0000,42050.0000,43500.0000,29380.7500,178231
2016-12-13,43450.0000,43450.0000,42300.0000,42900.0000,28975.5000,122577
2016-12-14,43050.0000,43100.0000,42200.0000,42550.0000,28739.1035,78922
2016-12-15,42300.0000,43150.0000,42300.0000,42850.0000,28941.7305,73343
2016-12-16,42600.0000,43250.0000,42600.0000,43050.0000,29076.8086,136676
2016-12-19,43100.0000,43350.0000,42650.0000,42650.0000,28806.6484,63876
2016-12-20,42600.0000,43350.0000,42550.0000,43350.0000,29279.4434,62093
2016-12-21,43100.0000,43300.0000,42250.0000,42450.0000,28671.5586,87000
2016-12-22,42250.0000,42900.0000,41850.0000,42100.0000,28435.1641,104448
2016-12-23,41900.0000,42500.0000,41700.0000,42000.0000,28367.6250,55829
2016-12-26,42000.0000,42300.0000,41800.0000,42250.0000,28536.4785,51124
2016-12-27,42500.0000,42800.0000,42000.0000,42650.0000,28806.6484,73607
2016-12-28,41750.0000,42000.0000,41500.0000,41750.0000,28737.8086,82809
2016-12-29,41950.0000,42100.0000,41250.0000,41900.0000,28841.0625,69324
2017-01-02,42400.0000,42400.0000,41400.0000,41700.0000,28703.3984,31749
2017-01-03,41550.0000,41850.0000,41250.0000,41500.0000,28565.7344,41298
2017-01-04,41500.0000,42650.0000,41150.0000,42600.0000,29322.8926,135533
2017-01-05,42250.0000,43600.0000,42250.0000,43500.0000,29942.3926,123247
2017-01-06,43550.0000,44100.0000,42950.0000,44000.0000,30286.5586,331720
2017-01-09,43650.0000,43950.0000,43000.0000,43600.0000,30011.2227,89496
2017-01-10,43600.0000,44600.0000,43400.0000,43800.0000,30148.8867,124931
2017-01-11,43300.0000,45000.0000,43100.0000,44900.0000,30906.0508,216151
2017-01-12,44900.0000,45100.0000,44500.0000,44950.0000,30940.4707,102638
2017-01-13,44500.0000,45700.0000,44500.0000,45350.0000,31215.8008,176525
2017-01-16,45650.0000,46000.0000,45200.0000,45500.0000,31319.0586,201525
2017-01-17,45900.0000,47000.0000,45150.0000,47000.0000,32351.5449,277464
2017-01-18,46900.0000,46950.0000,46050.0000,46100.0000,31732.0527,122479
2017-01-19,46100.0000,46900.0000,45900.0000,46400.0000,31938.5449,109280
2017-01-20,46850.0000,47050.0000,46300.0000,46450.0000,31972.9707,130288
2017-01-23,46450.0000,46650.0000,45800.0000,46000.0000,31663.2168,67475
2017-01-24,46050.0000,46250.0000,45050.0000,45900.0000,31594.3848,107076
2017-01-25,46300.0000,46300.0000,44200.0000,44450.0000,30596.3066,185393
2017-01-26,44950.0000,46450.0000,44550.0000,46050.0000,31697.6348,139843
2017-01-31,46050.0000,46850.0000,45500.0000,46500.0000,32007.3867,136824
2017-02-01,46900.0000,46900.0000,45850.0000,46200.0000,31800.8867,77163
2017-02-02,45950.0000,47250.0000,45950.0000,46150.0000,31766.4746,117989
2017-02-03,46100.0000,46800.0000,45850.0000,46150.0000,31766.4746,126371
2017-02-06,47000.0000,48000.0000,47000.0000,47000.0000,32351.5449,174980
2017-02-07,47300.0000,47850.0000,46850.0000,47650.0000,32798.9609,121212
2017-02-08,47500.0000,47500.0000,46400.0000,47150.0000,32454.8008,109685
2017-02-09,46800.0000,47800.0000,46700.0000,47450.0000,32661.2949,94860
2017-02-10,48000.0000,48700.0000,47850.0000,48600.0000,33452.8789,182077
2017-02-13,48600.0000,49400.0000,48350.0000,48650.0000,33487.2930,97814
2017-02-14,48550.0000,49100.0000,47900.0000,48700.0000,33521.7109,130507
2017-02-15,48700.0000,49050.0000,48350.0000,48750.0000,33556.1289,119487
2017-02-16,48800.0000,49100.0000,47800.0000,48700.0000,33521.7109,76393
2017-02-17,48150.0000,49050.0000,48150.0000,49050.0000,33762.6289,76682
2017-02-20,48650.0000,49050.0000,47000.0000,47600.0000,32764.5547,107130
2017-02-21,47600.0000,48750.0000,47550.0000,48200.0000,33177.5508,178526
2017-02-22,47850.0000,48100.0000,47200.0000,47400.0000,32626.8848,143659
2017-02-23,47550.0000,48400.0000,47450.0000,48250.0000,33211.9688,135826
2017-02-24,48350.0000,48350.0000,46800.0000,47550.0000,32730.1289,119909
2017-02-27,47700.0000,47700.0000,46450.0000,46950.0000,32317.1328,78031
2017-02-28,47350.0000,47650.0000,46650.0000,47400.0000,32626.8848,159136
2017-03-02,47900.0000,48700.0000,47500.0000,47650.0000,32798.9609,221664
2017-03-03,47150.0000,47650.0000,46200.0000,46550.0000,32041.8008,97996
2017-03-06,46550.0000,46550.0000,45250.0000,45850.0000,31559.9707,101880
2017-03-07,46100.0000,47100.0000,45950.0000,46750.0000,32179.4668,92673
2017-03-08,46300.0000,46950.0000,46100.0000,46800.0000,32213.8809,92014
2017-03-09,46600.0000,47300.0000,46250.0000,47000.0000,32351.5449,124035
2017-03-10,46800.0000,47150.0000,46300.0000,46550.0000,32041.8008,88287
2017-03-13,46400.0000,47500.0000,46400.0000,47000.0000,32351.5449,99978
2017-03-14,47050.0000,48450.0000,47050.0000,48100.0000,33108.7109,132110
2017-03-15,48100.0000,48150.0000,47250.0000,47700.0000,32833.3828,72262
2017-03-16,48500.0000,49450.0000,48200.0000,49400.0000,34003.5469,155552
2017-03-17,49400.0000,50300.0000,49050.0000,49500.0000,34072.3750,153839
2017-03-20,49600.0000,49650.0000,48100.0000,48550.0000,33418.4648,97046
2017-03-21,48900.0000,48900.0000,47950.0000,48300.0000,33246.3828,116491
2017-03-22,47800.0000,47950.0000,47200.0000,47250.0000,32523.6328,119504
2017-03-23,47700.0000,48500.0000,47300.0000,48000.0000,33039.8789,125026
2017-03-24,48000.0000,48450.0000,47450.0000,48000.0000,33039.8789,108027
2017-03-27,47550.0000,47900.0000,46250.0000,47500.0000,32695.7148,123223
2017-03-28,47700.0000,47750.0000,46550.0000,47450.0000,32661.2949,113962
2017-03-29,47800.0000,47850.0000,46850.0000,47850.0000,32936.6328,78647
2017-03-30,47850.0000,48250.0000,47400.0000,47850.0000,32936.6328,96545
2017-03-31,47450.0000,47900.0000,46800.0000,47100.0000,32420.3809,124775
2017-04-03,47100.0000,48000.0000,46550.0000,47900.0000,32971.0508,83383
2017-04-04,47500.0000,48100.0000,47150.0000,48000.0000,33039.8789,54746
2017-04-05,48300.0000,48500.0000,47400.0000,47400.0000,32626.8848,166080
2017-04-06,47550.0000,48150.0000,47250.0000,47900.0000,32971.0508,88855
2017-04-07,47900.0000,48100.0000,47150.0000,47400.0000,32626.8848,91228
2017-04-10,47000.0000,47300.0000,45900.0000,45950.0000,31628.8027,85777
2017-04-11,45800.0000,46450.0000,45450.0000,45800.0000,31525.5508,70421
2017-04-12,45700.0000,46000.0000,45500.0000,45800.0000,31525.5508,57888
2017-04-13,46250.0000,46950.0000,45400.0000,46750.0000,32179.4668,110549
2017-04-14,46300.0000,46700.0000,45800.0000,46200.0000,31800.8867,44021
2017-04-17,46200.0000,47050.0000,46100.0000,46800.0000,32213.8809,62744
2017-04-18,47200.0000,47200.0000,46450.0000,46750.0000,32179.4668,91138
2017-04-19,46350.0000,46850.0000,46150.0000,46300.0000,31869.7148,75983
2017-04-20,46500.0000,46650.0000,46100.0000,46300.0000,31869.7148,76563
2017-04-21,46450.0000,48450.0000,46300.0000,48200.0000,33177.5508,276883
2017-04-24,48200.0000,48500.0000,48050.0000,48150.0000,33143.1328,129659
2017-04-25,48100.0000,50000.0000,47850.0000,49600.0000,34141.2148,212302
2017-04-26,49700.0000,51600.0000,49700.0000,50800.0000,34967.2070,190385
2017-04-27,51400.0000,52300.0000,51000.0000,51700.0000,35586.7070,144431
2017-04-28,50800.0000,51800.0000,50800.0000,51300.0000,35311.3711,118775
2017-05-02,51200.0000,52600.0000,51100.0000,52200.0000,35930.8711,100222
2017-05-04,51700.0000,53100.0000,51700.0000,52800.0000,36343.8672,118234
2017-05-08,52800.0000,54200.0000,52800.0000,54000.0000,37169.8633,139067
2017-05-10,56400.0000,56500.0000,52100.0000,53000.0000,36481.5352,196092
2017-05-11,53000.0000,54500.0000,53000.0000,54500.0000,37514.0312,170791
2017-05-12,53700.0000,54500.0000,53400.0000,53900.0000,37101.0352,163212
2017-05-15,54000.0000,54200.0000,53000.0000,53600.0000,36894.5352,110243
2017-05-16,56000.0000,57500.0000,55100.0000,56900.0000,39166.0273,473965
2017-05-17,56500.0000,57700.0000,55600.0000,56800.0000,39097.1953,265341
2017-05-18,55600.0000,56700.0000,55500.0000,56400.0000,38821.8594,179553
2017-05-19,56300.0000,57800.0000,56100.0000,57700.0000,39716.6914,179930
2017-05-22,58000.0000,58200.0000,56900.0000,57900.0000,39854.3594,141591
2017-05-23,57500.0000,59000.0000,57500.0000,58500.0000,40267.3477,192984
2017-05-24,59000.0000,59500.0000,58500.0000,58800.0000,40473.8555,123887
2017-05-25,59400.0000,60500.0000,58800.0000,60100.0000,41368.6836,160353
2017-05-26,59800.0000,61600.0000,59800.0000,61100.0000,42057.0117,167239
2017-05-29,62300.0000,62300.0000,60300.0000,60600.0000,41712.8516,168173
2017-05-30,60400.0000,61500.0000,59400.0000,60600.0000,41712.8516,173916
2017-05-31,60600.0000,61600.0000,60600.0000,61200.0000,42125.8477,194243
2017-06-01,60800.0000,61900.0000,59500.0000,60800.0000,41850.5156,161018
2017-06-02,60800.0000,63000.0000,60800.0000,62900.0000,43296.0078,179403
2017-06-05,64300.0000,64400.0000,61800.0000,62600.0000,43089.5117,153550
2017-06-07,62000.0000,63400.0000,61100.0000,62800.0000,43227.1797,239675
2017-06-08,63100.0000,63600.0000,61800.0000,63300.0000,43571.3398,212413
2017-06-09,63900.0000,67200.0000,63600.0000,67000.0000,46118.1680,351730
2017-06-12,67000.0000,68200.0000,65400.0000,65900.0000,45361.0000,199331
2017-06-13,66300.0000,68000.0000,65500.0000,68000.0000,46806.4961,150513
2017-06-14,68000.0000,68700.0000,66300.0000,66900.0000,46049.3281,205207
2017-06-15,66400.0000,67500.0000,65400.0000,66900.0000,46049.3281,190692
2017-06-16,66500.0000,67200.0000,65400.0000,66900.0000,46049.3281,131544
2017-06-19,72000.0000,72000.0000,66700.0000,68400.0000,47081.8320,154385
2017-06-20,68000.0000,68900.0000,66600.0000,67000.0000,46118.1680,133972
2017-06-21,66500.0000,67200.0000,63200.0000,67200.0000,46255.8281,148908
2017-06-22,66500.0000,67400.0000,65600.0000,67400.0000,46393.5039,117572
2017-06-23,67800.0000,68900.0000,67300.0000,67500.0000,46462.3320,112631
2017-06-26,67100.0000,67900.0000,66700.0000,67400.0000,46393.5039,58580
2017-06-27,66900.0000,67600.0000,66200.0000,66800.0000,45980.4961,102789
2017-06-28,66500.0000,69500.0000,66100.0000,69200.0000,47632.4922,146607
2017-06-29,69200.0000,70900.0000,69000.0000,70200.0000,48320.8242,187015
2017-06-30,69900.0000,70200.0000,69000.0000,70100.0000,48251.9883,120229
2017-07-03,70100.0000,70300.0000,69400.0000,70300.0000,48389.6602,95636
2017-07-04,70400.0000,72500.0000,70000.0000,70400.0000,48458.4883,154660
2017-07-05,70100.0000,72000.0000,70000.0000,71100.0000,48940.3203,142154
2017-07-06,70600.0000,70900.0000,68700.0000,69700.0000,47976.6602,147412
2017-07-07,69500.0000,71200.0000,69500.0000,70100.0000,48251.9883,162537
2017-07-10,69700.0000,70700.0000,68400.0000,68600.0000,47219.4961,164551
2017-07-11,69200.0000,72000.0000,68800.0000,70800.0000,48733.8281,248633
2017-07-12,70800.0000,71900.0000,70400.0000,70900.0000,48802.6602,155384
2017-07-13,71500.0000,71900.0000,70700.0000,70700.0000,48664.9922,254609
2017-07-14,70800.0000,72500.0000,70700.0000,72200.0000,49697.4883,121633
2017-07-17,72900.0000,74100.0000,71900.0000,72300.0000,49766.3203,164801
2017-07-18,72300.0000,72700.0000,70900.0000,71800.0000,49422.1484,136180
2017-07-19,72500.0000,73800.0000,71200.0000,71400.0000,49146.8203,156757
2017-07-20,71700.0000,72700.0000,71100.0000,72200.0000,49697.4883,168372
2017-07-21,72200.0000,73900.0000,72000.0000,73600.0000,50661.1523,202916
2017-07-24,74800.0000,75000.0000,73600.0000,74100.0000,51005.3125,200063
2017-07-25,74700.0000,75100.0000,74000.0000,74300.0000,51142.9805,210717
2017-07-26,74500.0000,75200.0000,73000.0000,73700.0000,50729.9883,123397
2017-07-27,74400.0000,74400.0000,71600.0000,73300.0000,50454.6562,201395
2017-07-28,74000.0000,74400.0000,67700.0000,68800.0000,47357.1641,491192
2017-07-31,69400.0000,72300.0000,68800.0000,71200.0000,49009.1523,386603
2017-08-01,71200.0000,73200.0000,71200.0000,72800.0000,50110.4805,303817
2017-08-02,72400.0000,72900.0000,70000.0000,72000.0000,49559.8164,192894
2017-08-03,71100.0000,71900.0000,66800.0000,68100.0000,46875.3242,425818
2017-08-04,67600.0000,69700.0000,67500.0000,69200.0000,47632.4922,127546
2017-08-07,68700.0000,70400.0000,68700.0000,68800.0000,47357.1641,112175
2017-08-08,69600.0000,70100.0000,68500.0000,69400.0000,47770.1562,146213
2017-08-09,68300.0000,69800.0000,67900.0000,68500.0000,47150.6680,205563
2017-08-10,67900.0000,69000.0000,66300.0000,66900.0000,46049.3281,230441
2017-08-11,65000.0000,66500.0000,64500.0000,66100.0000,45498.6641,174329
2017-08-14,67300.0000,68600.0000,66900.0000,67000.0000,46118.1680,139149
2017-08-16,67700.0000,68600.0000,66400.0000,66800.0000,45980.4961,192059
2017-08-17,66500.0000,68100.0000,66200.0000,67500.0000,46462.3320,144105
2017-08-18,66700.0000,67900.0000,66700.0000,67700.0000,46600.0000,118154
2017-08-21,67800.0000,68000.0000,67000.0000,67300.0000,46324.6680,73664
2017-08-22,67800.0000,68800.0000,67500.0000,68500.0000,47150.6680,143721
2017-08-23,68600.0000,68800.0000,66800.0000,67500.0000,46462.3320,133534
2017-08-24,67200.0000,67900.0000,66500.0000,67000.0000,46118.1680,90682
2017-08-25,67400.0000,68000.0000,66500.0000,67900.0000,46737.6602,92990
2017-08-28,67200.0000,67900.0000,66300.0000,66900.0000,46049.3281,124515
2017-08-29,66200.0000,66400.0000,64600.0000,65100.0000,44810.3398,222717
2017-08-30,65200.0000,66000.0000,65000.0000,65700.0000,45223.3320,175220
2017-08-31,65800.0000,65900.0000,64400.0000,65700.0000,45223.3320,198454
2017-09-01,65700.0000,65900.0000,64100.0000,64200.0000,44190.8398,139632
2017-09-04,64200.0000,64200.0000,64200.0000,64200.0000,44190.8398,0
2017-09-05,63300.0000,63500.0000,61300.0000,61500.0000,42332.3438,194174
2017-09-06,60800.0000,61200.0000,59500.0000,60300.0000,41506.3516,272230
2017-09-07,60800.0000,62300.0000,60400.0000,62000.0000,42676.5117,286990
2017-09-08,62200.0000,62900.0000,60900.0000,61600.0000,42401.1836,152750
2017-09-11,61600.0000,63400.0000,61400.0000,62600.0000,43089.5117,244480
2017-09-12,63300.0000,63400.0000,62200.0000,63000.0000,43364.8438,141193
2017-09-13,63000.0000,63000.0000,61400.0000,62300.0000,42883.0117,151145
2017-09-14,61800.0000,63700.0000,61700.0000,63600.0000,43777.8398,234489
2017-09-15,63300.0000,64800.0000,62700.0000,64800.0000,44603.8477,182758
2017-09-18,65200.0000,67800.0000,64600.0000,67300.0000,46324.6680,211197
2017-09-19,67100.0000,67700.0000,66300.0000,67100.0000,46187.0000,124732
2017-09-20,66900.0000,67500.0000,66100.0000,66700.0000,45911.6680,98916
2017-09-21,66700.0000,66900.0000,64900.0000,65000.0000,44741.5078,110386
2017-09-25,63900.0000,63900.0000,61800.0000,62800.0000,43227.1797,105884
2017-09-26,62800.0000,62800.0000,62800.0000,62800.0000,43227.1797,0
2017-09-27,61500.0000,61900.0000,60600.0000,61700.0000,42470.0117,122759
2017-09-28,61300.0000,61900.0000,60400.0000,61000.0000,41988.1797,117390
2017-09-29,61100.0000,61800.0000,60800.0000,61200.0000,42125.8477,76084
2017-10-10,61800.0000,63200.0000,61700.0000,62100.0000,42745.3438,233590
2017-10-11,61600.0000,62100.0000,61100.0000,61300.0000,42194.6836,198411
2017-10-12,61900.0000,67900.0000,61900.0000,66200.0000,45567.5000,441752
2017-10-13,66100.0000,66900.0000,64900.0000,66100.0000,45498.6641,206361
2017-10-16,67000.0000,67500.0000,65700.0000,66800.0000,45980.4961,154475
2017-10-17,66900.0000,67900.0000,66300.0000,66900.0000,46049.3281,120244
2017-10-18,66500.0000,66700.0000,64300.0000,66100.0000,45498.6641,210850
2017-10-19,66000.0000,67300.0000,65000.0000,65800.0000,45292.1641,124890
2017-10-20,65300.0000,66400.0000,64200.0000,65400.0000,45016.8359,300588
2017-10-23,65400.0000,65800.0000,64100.0000,64800.0000,44603.8477,110841
2017-10-24,64800.0000,65000.0000,63900.0000,64100.0000,44122.0078,129870
2017-10-25,64500.0000,65400.0000,64200.0000,65300.0000,44948.0078,143360
2017-10-26,65200.0000,65200.0000,62700.0000,63000.0000,43364.8438,151483
2017-10-27,62700.0000,63100.0000,61600.0000,63000.0000,43364.8438,180112
2017-10-30,63800.0000,63900.0000,62100.0000,62500.0000,43020.6836,140395
2017-10-31,62100.0000,63600.0000,61600.0000,63300.0000,43571.3398,183037
2017-11-01,62500.0000,66400.0000,62100.0000,65000.0000,44741.5078,254720
2017-11-02,66500.0000,67900.0000,64900.0000,65100.0000,44810.3398,238897
2017-11-03,65800.0000,66400.0000,64600.0000,65100.0000,44810.3398,124124
2017-11-06,64900.0000,65600.0000,63600.0000,64200.0000,44190.8398,109142
2017-11-07,63900.0000,64800.0000,63700.0000,64500.0000,44397.3438,99614
2017-11-08,63500.0000,64500.0000,63000.0000,63700.0000,43846.6719,94972
2017-11-09,64300.0000,64400.0000,62900.0000,64000.0000,44053.1680,138118
2017-11-10,63500.0000,63800.0000,62900.0000,63000.0000,43364.8438,189595
2017-11-13,63300.0000,66500.0000,63000.0000,65100.0000,44810.3398,221621
2017-11-14,66300.0000,68100.0000,65300.0000,67800.0000,46668.8281,276205
2017-11-15,67800.0000,70300.0000,66800.0000,70000.0000,48183.1562,292018
2017-11-16,69800.0000,69900.0000,67700.0000,68400.0000,47081.8320,270349
2017-11-17,68500.0000,70200.0000,67900.0000,68500.0000,47150.6680,243910
2017-11-20,67900.0000,68000.0000,66200.0000,66800.0000,45980.4961,269581
2017-11-21,66800.0000,67700.0000,66500.0000,67100.0000,46187.0000,173839
2017-11-22,67500.0000,70600.0000,67500.0000,69200.0000,47632.4922,301623
2017-11-23,69200.0000,70000.0000,68200.0000,69800.0000,48045.4922,129094
2017-11-24,70500.0000,70700.0000,69500.0000,70100.0000,48251.9883,147165
2017-11-27,70200.0000,72500.0000,69800.0000,70100.0000,48251.9883,224268
2017-11-28,70200.0000,70400.0000,67700.0000,68800.0000,47357.1641,154674
2017-11-29,68800.0000,69300.0000,67600.0000,68300.0000,47013.0000,110377
2017-11-30,69800.0000,69800.0000,67700.0000,68200.0000,46944.1641,207714
2017-12-01,68200.0000,68800.0000,66400.0000,67100.0000,46187.0000,161742
2017-12-04,67300.0000,68000.0000,67000.0000,67400.0000,46393.5039,111797
2017-12-05,67100.0000,70500.0000,67100.0000,69800.0000,48045.4922,257025
2017-12-06,69400.0000,70400.0000,68800.0000,69000.0000,47494.8281,172087
2017-12-07,69000.0000,69200.0000,67900.0000,68500.0000,47150.6680,120874
2017-12-08,68200.0000,69100.0000,68100.0000,68800.0000,47357.1641,113250
2017-12-11,68900.0000,69100.0000,68300.0000,68800.0000,47357.1641,80704
2017-12-12,68600.0000,68800.0000,66300.0000,67600.0000,46531.1680,114292
2017-12-13,67700.0000,69300.0000,67700.0000,69000.0000,47494.8281,124343
2017-12-14,68600.0000,69800.0000,67500.0000,67500.0000,46462.3320,431299
2017-12-15,67500.0000,69000.0000,66900.0000,68600.0000,47219.4961,241409
2017-12-18,68600.0000,69100.0000,67400.0000,67700.0000,46600.0000,191854
2017-12-19,67800.0000,69000.0000,67800.0000,69000.0000,47494.8281,114407
2017-12-21,67800.0000,67900.0000,66800.0000,67000.0000,46118.1680,160430
2017-12-22,67400.0000,67900.0000,66700.0000,67400.0000,46393.5039,108793
2017-12-26,67700.0000,69500.0000,67700.0000,69000.0000,47494.8281,179409
2017-12-27,68400.0000,68500.0000,66500.0000,67700.0000,47706.2305,166747
2017-12-28,67800.0000,69000.0000,67600.0000,69000.0000,48622.3008,87587
2018-01-02,69000.0000,69400.0000,68600.0000,69000.0000,48622.3008,73220
2018-01-03,68200.0000,69600.0000,68200.0000,68600.0000,48340.4336,108816
2018-01-04,69000.0000,70200.0000,68900.0000,69200.0000,48763.2344,179765
2018-01-05,70000.0000,74400.0000,69900.0000,72500.0000,51088.6484,239570
2018-01-08,73900.0000,79300.0000,73600.0000,79000.0000,55669.0195,288808
2018-01-09,79200.0000,79300.0000,76200.0000,76700.0000,54048.2695,183834
2018-01-10,76700.0000,77300.0000,75900.0000,76300.0000,53766.3984,165608
2018-01-11,77000.0000,77700.0000,76200.0000,76700.0000,54048.2695,228180
2018-01-12,77100.0000,84800.0000,77100.0000,82900.0000,58417.2188,498377
2018-01-15,85200.0000,86400.0000,83400.0000,84100.0000,59262.8281,414795
2018-01-16,83500.0000,83600.0000,80800.0000,80800.0000,56937.4141,328305
2018-01-17,80400.0000,80900.0000,79100.0000,79900.0000,56303.2070,266395
2018-01-18,80500.0000,83800.0000,80300.0000,81900.0000,57712.5586,321918
2018-01-19,81500.0000,83300.0000,81200.0000,83100.0000,58558.1680,232565
2018-01-22,83700.0000,84100.0000,81700.0000,82800.0000,58346.7656,809320
2018-01-23,83400.0000,89200.0000,82700.0000,88500.0000,62363.3867,350365
2018-01-24,88500.0000,91200.0000,87100.0000,87100.0000,61376.8398,323134
2018-01-25,86700.0000,89600.0000,86700.0000,87800.0000,61870.1133,236395
2018-01-26,87500.0000,89000.0000,86100.0000,88600.0000,62433.8555,184670
2018-01-29,90100.0000,93300.0000,90000.0000,91300.0000,64336.4570,392310
2018-01-30,91300.0000,91500.0000,89500.0000,90000.0000,63420.3945,430476
2018-01-31,87600.0000,88900.0000,85700.0000,87400.0000,61588.2500,576111
2018-02-01,87000.0000,88300.0000,85800.0000,87000.0000,61306.3828,426390
2018-02-02,87100.0000,87800.0000,84300.0000,84700.0000,59685.6445,301011
2018-02-05,82600.0000,83500.0000,80400.0000,81900.0000,57712.5586,408401
2018-02-06,78800.0000,81300.0000,77100.0000,80800.0000,56937.4141,414763
2018-02-07,83100.0000,83700.0000,79200.0000,79700.0000,56162.2812,270025
2018-02-08,79200.0000,82800.0000,79200.0000,80900.0000,57007.8906,274909
2018-02-09,78500.0000,80900.0000,78200.0000,80400.0000,56655.5547,350193
2018-02-12,81100.0000,84700.0000,80900.0000,83600.0000,58910.4922,322354
2018-02-13,84900.0000,85200.0000,79900.0000,80000.0000,56373.6875,354662
2018-02-14,79900.0000,80900.0000,79100.0000,79900.0000,56303.2070,228490
2018-02-19,82000.0000,83300.0000,81000.0000,81600.0000,57501.1562,241508
2018-02-20,81300.0000,81300.0000,79200.0000,79300.0000,55880.4219,119385
2018-02-21,79500.0000,81300.0000,78400.0000,80200.0000,56514.6172,340064
2018-02-22,79900.0000,80700.0000,78700.0000,79900.0000,56303.2070,186145
2018-02-23,79900.0000,82400.0000,79200.0000,81800.0000,57642.0859,157434
2018-02-26,82500.0000,84000.0000,82200.0000,83300.0000,58699.1016,172525
2018-02-27,83300.0000,84000.0000,82400.0000,82900.0000,58417.2188,130921
2018-02-28,82000.0000,82600.0000,78000.0000,78500.0000,55316.6680,342919
2018-03-02,77300.0000,80500.0000,77100.0000,80000.0000,56373.6875,213190
2018-03-05,79400.0000,79800.0000,77800.0000,78000.0000,54964.3398,158802
2018-03-06,79300.0000,80000.0000,78800.0000,79500.0000,56021.3438,223093
2018-03-07,79000.0000,79000.0000,77200.0000,78000.0000,54964.3398,143118
2018-03-08,78100.0000,78800.0000,76200.0000,77100.0000,54330.1406,275064
2018-03-09,77700.0000,85400.0000,77700.0000,82700.0000,58276.2969,349050
2018-03-12,84500.0000,86600.0000,83100.0000,86200.0000,60742.6367,278920
2018-03-13,84800.0000,86500.0000,83800.0000,86400.0000,60883.5781,192778
2018-03-14,85000.0000,85900.0000,84200.0000,85400.0000,60178.9023,130987
2018-03-15,85300.0000,85500.0000,83100.0000,84800.0000,59756.1094,128668
2018-03-16,84300.0000,85400.0000,83700.0000,84500.0000,59544.7031,140745
2018-03-19,84600.0000,85200.0000,83200.0000,83500.0000,58840.0234,80525
2018-03-20,82300.0000,84000.0000,82000.0000,84000.0000,59192.3672,107612
2018-03-21,83000.0000,84700.0000,82500.0000,83500.0000,58840.0234,147012
2018-03-22,84000.0000,88200.0000,83900.0000,85000.0000,59897.0469,211373
2018-03-23,82600.0000,83200.0000,81100.0000,81900.0000,57712.5586,262439
2018-03-26,80800.0000,82700.0000,80400.0000,82200.0000,57923.9531,141154
2018-03-27,83000.0000,84500.0000,82400.0000,82900.0000,58417.2188,171983
2018-03-28,81700.0000,81900.0000,80100.0000,81500.0000,57430.6875,159195
2018-03-29,81600.0000,82800.0000,80400.0000,82600.0000,58205.8320,121562
2018-03-30,83500.0000,83500.0000,81900.0000,82700.0000,58276.2969,106079
2018-04-02,82800.0000,83900.0000,80600.0000,81000.0000,57078.3555,150393
2018-04-03,80000.0000,80100.0000,77200.0000,78500.0000,55316.6680,294174
2018-04-04,79100.0000,79500.0000,77300.0000,78000.0000,54964.3398,186818
2018-04-05,79400.0000,79900.0000,78400.0000,79100.0000,55739.4805,144692
2018-04-06,78200.0000,80500.0000,77500.0000,79700.0000,56162.2812,177687
2018-04-09,79200.0000,79900.0000,77800.0000,79600.0000,56091.8203,160359
2018-04-10,79100.0000,81200.0000,78200.0000,80700.0000,56866.9453,186409
2018-04-11,80700.0000,81700.0000,80100.0000,80100.0000,56444.1484,294154
2018-04-12,80100.0000,80700.0000,79200.0000,80000.0000,56373.6875,120363
2018-04-13,79900.0000,84800.0000,79900.0000,84200.0000,59333.3008,326332
2018-04-16,84800.0000,85300.0000,82600.0000,84800.0000,59756.1094,224614
2018-04-17,85600.0000,85900.0000,82900.0000,84200.0000,59333.3008,264293
2018-04-18,84300.0000,86700.0000,84200.0000,84800.0000,59756.1094,276683
2018-04-19,84200.0000,84600.0000,83100.0000,84300.0000,59403.7617,224801
2018-04-20,83600.0000,84100.0000,81800.0000,82600.0000,58205.8320,266001
2018-04-23,82200.0000,83400.0000,81000.0000,83100.0000,58558.1680,264005
2018-04-24,83300.0000,88100.0000,83100.0000,87200.0000,61447.3125,311711
2018-04-25,86500.0000,87400.0000,85300.0000,86600.0000,61024.5156,199080
2018-04-26,86800.0000,89500.0000,86400.0000,87200.0000,61447.3125,176176
2018-04-27,87100.0000,91300.0000,87100.0000,90200.0000,63561.3281,247136
2018-04-30,90700.0000,92700.0000,89400.0000,91100.0000,64195.5273,143429
2018-05-02,90000.0000,90700.0000,88400.0000,89700.0000,63208.9961,117244
2018-05-03,89100.0000,89200.0000,86100.0000,88000.0000,62011.0547,192196
2018-05-04,86600.0000,90500.0000,85500.0000,88900.0000,62645.2578,302961
2018-05-08,88800.0000,89600.0000,87700.0000,88100.0000,62081.5234,191413
2018-05-09,88000.0000,88400.0000,85700.0000,87300.0000,61517.7852,194979
2018-05-10,86800.0000,91600.0000,86800.0000,91400.0000,64406.9336,163452
2018-05-11,91900.0000,95000.0000,91800.0000,94300.0000,66450.4844,313735
2018-05-14,96000.0000,96900.0000,95000.0000,96000.0000,67648.4141,252371
2018-05-15,95000.0000,96200.0000,94600.0000,95300.0000,67155.1406,157956
2018-05-16,94000.0000,95100.0000,92400.0000,95100.0000,67014.2109,150451
2018-05-17,95000.0000,96300.0000,93100.0000,93700.0000,66027.6797,174585
2018-05-18,93600.0000,96000.0000,93500.0000,94800.0000,66802.8203,107562
2018-05-21,96300.0000,96300.0000,93600.0000,94400.0000,66520.9531,117702
2018-05-23,93300.0000,95500.0000,93300.0000,93800.0000,66098.1406,141114
2018-05-24,93800.0000,96700.0000,93400.0000,94100.0000,66309.5547,97944
2018-05-25,93900.0000,95700.0000,93000.0000,94100.0000,66309.5547,147906
2018-05-28,95100.0000,98800.0000,94500.0000,98100.0000,69128.2344,147478
2018-05-29,98000.0000,98900.0000,96400.0000,98100.0000,69128.2344,99964
2018-05-30,96100.0000,97000.0000,92100.0000,94300.0000,66450.4844,249521
2018-05-31,94900.0000,95400.0000,93200.0000,93900.0000,66168.6094,315909
2018-06-01,93900.0000,95000.0000,92800.0000,94500.0000,66591.4141,111886
2018-06-04,94500.0000,94900.0000,92800.0000,93300.0000,65745.8047,119738
2018-06-05,92700.0000,96000.0000,92600.0000,94900.0000,66873.2734,149234
2018-06-07,95700.0000,98500.0000,95500.0000,96600.0000,68071.2266,137342
2018-06-08,95500.0000,96500.0000,93500.0000,94200.0000,66380.0078,126579
2018-06-11,93900.0000,96400.0000,93800.0000,95300.0000,67155.1406,105492
2018-06-12,95900.0000,96300.0000,94100.0000,94600.0000,66661.8828,117851
2018-06-14,93800.0000,93800.0000,89600.0000,90000.0000,63420.3945,271973
2018-06-15,89600.0000,91000.0000,87400.0000,89500.0000,63068.0547,335358
2018-06-18,89500.0000,89900.0000,84100.0000,85700.0000,60390.3086,294059
2018-06-19,84700.0000,86900.0000,84400.0000,85100.0000,59967.5117,182426
2018-06-20,85200.0000,87400.0000,83600.0000,86400.0000,60883.5781,177558
2018-06-21,84700.0000,86100.0000,84500.0000,84600.0000,59615.1680,136813
2018-06-22,83700.0000,85000.0000,81900.0000,83600.0000,58910.4922,217608
2018-06-25,83200.0000,84000.0000,81900.0000,83400.0000,58769.5703,211422
2018-06-26,82000.0000,84900.0000,81900.0000,84400.0000,59474.2383,172920
2018-06-27,83400.0000,84800.0000,82900.0000,83200.0000,58628.6289,153482
2018-06-28,84100.0000,84800.0000,82700.0000,83300.0000,58699.1016,215747
2018-06-29,83800.0000,84700.0000,82300.0000,84100.0000,59262.8281,224107
2018-07-02,83600.0000,84000.0000,80200.0000,80800.0000,56937.4141,270859
2018-07-03,81200.0000,81600.0000,80000.0000,81100.0000,57148.8242,171441
2018-07-04,80200.0000,80700.0000,78500.0000,79900.0000,56303.2070,130016
2018-07-05,79400.0000,80700.0000,78200.0000,79300.0000,55880.4219,105052
2018-07-06,78600.0000,82800.0000,78600.0000,82100.0000,57853.4883,166891
2018-07-09,81600.0000,82300.0000,79500.0000,79700.0000,56162.2812,155445
2018-07-10,80300.0000,82300.0000,79300.0000,79900.0000,56303.2070,333883
2018-07-11,78900.0000,78900.0000,75700.0000,77200.0000,54400.6016,266657
2018-07-12,77400.0000,77500.0000,76100.0000,76800.0000,54118.7383,240902
2018-07-13,77300.0000,79400.0000,77200.0000,78500.0000,55316.6680,183131
2018-07-16,77800.0000,78300.0000,75000.0000,75200.0000,52991.2578,207663
2018-07-17,75200.0000,75300.0000,73600.0000,74100.0000,52216.1211,198836
2018-07-18,75000.0000,75600.0000,73900.0000,74200.0000,52286.5859,119910
2018-07-19,74300.0000,74700.0000,72300.0000,72900.0000,51370.5195,137799
2018-07-20,72400.0000,72900.0000,70800.0000,71400.0000,50313.5117,279857
2018-07-23,72000.0000,72000.0000,68900.0000,69200.0000,48763.2344,1056052
2018-07-24,69700.0000,69800.0000,68000.0000,69000.0000,48622.3008,359599
2018-07-25,69500.0000,70400.0000,69300.0000,70000.0000,49326.9688,317725
2018-07-26,71000.0000,72500.0000,70900.0000,72200.0000,50877.2500,459403
2018-07-27,72700.0000,72700.0000,71200.0000,71900.0000,50665.8516,264860
2018-07-30,71200.0000,72000.0000,69800.0000,71300.0000,50243.0469,133074
2018-07-31,71800.0000,72200.0000,71000.0000,71400.0000,50313.5117,137292
2018-08-01,71600.0000,72200.0000,71000.0000,71700.0000,50524.9102,122117
2018-08-02,71400.0000,71900.0000,68300.0000,68700.0000,48410.9062,201064
2018-08-03,69100.0000,70400.0000,69000.0000,69700.0000,49115.5703,175598
2018-08-06,69800.0000,70500.0000,69200.0000,69900.0000,49256.5039,101971
2018-08-07,69300.0000,70200.0000,68300.0000,70000.0000,49326.9688,181872
2018-08-08,71500.0000,71800.0000,68300.0000,68500.0000,48269.9727,245182
2018-08-09,69100.0000,69100.0000,66800.0000,67400.0000,47494.8320,236199
2018-08-10,67500.0000,68100.0000,65800.0000,65900.0000,46437.8203,187517
2018-08-13,65400.0000,66500.0000,62900.0000,63700.0000,44887.5430,365768
2018-08-14,64000.0000,65600.0000,63900.0000,65000.0000,45803.6211,248108
2018-08-16,64100.0000,65700.0000,64100.0000,65100.0000,45874.0859,162626
2018-08-17,65300.0000,66500.0000,65300.0000,65300.0000,46015.0234,154608
2018-08-20,66300.0000,67100.0000,65000.0000,65300.0000,46015.0234,140820
2018-08-21,65200.0000,68800.0000,64600.0000,68400.0000,48199.5000,261581
2018-08-22,68500.0000,69100.0000,66900.0000,67200.0000,47353.8906,207736
2018-08-23,67600.0000,68800.0000,66900.0000,68500.0000,48269.9727,172381
2018-08-24,68000.0000,68700.0000,66700.0000,68200.0000,48058.5664,154500
2018-08-27,68800.0000,72600.0000,68800.0000,71500.0000,50383.9766,361223
2018-08-28,72500.0000,74400.0000,72000.0000,72000.0000,50736.3125,328165
2018-08-29,72000.0000,73800.0000,71100.0000,72500.0000,51088.6484,222128
2018-08-30,72600.0000,72700.0000,70700.0000,71400.0000,50313.5117,162833
2018-08-31,70500.0000,71600.0000,69300.0000,71300.0000,50243.0469,200896
2018-09-03,71600.0000,72200.0000,70300.0000,71200.0000,50172.5742,82494
2018-09-04,70700.0000,71200.0000,70100.0000,70800.0000,49890.7148,161320
2018-09-05,71000.0000,71000.0000,68800.0000,69000.0000,48622.3008,131657
2018-09-06,69100.0000,69800.0000,67300.0000,67500.0000,47565.2969,189822
2018-09-07,67600.0000,68500.0000,66900.0000,68200.0000,48058.5664,244340
2018-09-10,67500.0000,69400.0000,67500.0000,69000.0000,48622.3008,110507
2018-09-11,68700.0000,70400.0000,68600.0000,69600.0000,49045.1055,177111
2018-09-12,70200.0000,70200.0000,68700.0000,69500.0000,48974.6367,155343
2018-09-13,69900.0000,70000.0000,68500.0000,68500.0000,48269.9727,254961
2018-09-14,69300.0000,71900.0000,69200.0000,71400.0000,50313.5117,361384
2018-09-17,70700.0000,71000.0000,69500.0000,69800.0000,49186.0391,124389
2018-09-18,69300.0000,70200.0000,68600.0000,70000.0000,49326.9688,100084
2018-09-19,70600.0000,72600.0000,69800.0000,72100.0000,50806.7773,170228
2018-09-20,72100.0000,75100.0000,71900.0000,74200.0000,52286.5859,407416
2018-09-21,75600.0000,76400.0000,74200.0000,74700.0000,52638.9336,352616
2018-09-27,74900.0000,75500.0000,74100.0000,75200.0000,52991.2578,170188
2018-09-28,75200.0000,76200.0000,74000.0000,76100.0000,53625.4648,134423
2018-10-01,75700.0000,76200.0000,74800.0000,75600.0000,53273.1367,90894
2018-10-02,74800.0000,75700.0000,71900.0000,72500.0000,51088.6484,197568
2018-10-04,72700.0000,73100.0000,69600.0000,70200.0000,49467.9062,249038
2018-10-05,70200.0000,70800.0000,69500.0000,70300.0000,49538.3750,152607
2018-10-08,70800.0000,70800.0000,69100.0000,69700.0000,49115.5703,123746
2018-10-10,69200.0000,69900.0000,64700.0000,65600.0000,46226.4258,383586
2018-10-11,63200.0000,64400.0000,60900.0000,62100.0000,43760.0703,467888
2018-10-12,62300.0000,63800.0000,61600.0000,63400.0000,44676.1445,233571
2018-10-15,62700.0000,63300.0000,61300.0000,61900.0000,43619.1367,156853
2018-10-16,61800.0000,62900.0000,61100.0000,61500.0000,43337.2656,161613
2018-10-17,63000.0000,64400.0000,62600.0000,63200.0000,44535.2070,157392
2018-10-18,63400.0000,65000.0000,62500.0000,63000.0000,44394.2773,166385
2018-10-19,62400.0000,63000.0000,61100.0000,63000.0000,44394.2773,146893
2018-10-22,62400.0000,63800.0000,61200.0000,63800.0000,44958.0117,132997
2018-10-23,63000.0000,63000.0000,60200.0000,60700.0000,42773.5312,333163
2018-10-24,61600.0000,62300.0000,60600.0000,62200.0000,43830.5391,239268
2018-10-25,60400.0000,62000.0000,60400.0000,62000.0000,43689.6055,184668
2018-10-26,61600.0000,62100.0000,60300.0000,61300.0000,43196.3398,182879
2018-10-29,61300.0000,61800.0000,60200.0000,60700.0000,42773.5312,189341
2018-10-30,60200.0000,61000.0000,58600.0000,60400.0000,42562.1289,309313
2018-10-31,60100.0000,60100.0000,58100.0000,59300.0000,41787.0000,337035
2018-11-01,59500.0000,62400.0000,59100.0000,61500.0000,43337.2656,285433
2018-11-02,62100.0000,66500.0000,61900.0000,66200.0000,46649.2227,335114
2018-11-05,65200.0000,65200.0000,62900.0000,64600.0000,45521.7500,186592
2018-11-06,64800.0000,65200.0000,63500.0000,65000.0000,45803.6211,139779
2018-11-07,65500.0000,67800.0000,64300.0000,64800.0000,45662.6914,183366
2018-11-08,66800.0000,67400.0000,66000.0000,66400.0000,46790.1562,211076
2018-11-09,65700.0000,66300.0000,64100.0000,64700.0000,45592.2148,117705
2018-11-12,64000.0000,65800.0000,63900.0000,65400.0000,46085.4844,137739
2018-11-13,64300.0000,66300.0000,62300.0000,66100.0000,46578.7500,228975
2018-11-14,65300.0000,66300.0000,64300.0000,65000.0000,45803.6211,147349
2018-11-15,64800.0000,66300.0000,64000.0000,66100.0000,46578.7500,140150
2018-11-16,66900.0000,67700.0000,66000.0000,67500.0000,47565.2969,166849
2018-11-19,67400.0000,69000.0000,67200.0000,68700.0000,48410.9062,130825
2018-11-20,67900.0000,68800.0000,64600.0000,66800.0000,47072.0234,158777
2018-11-21,65900.0000,65900.0000,64600.0000,65700.0000,46296.8828,216538
2018-11-22,65900.0000,66500.0000,64900.0000,65400.0000,46085.4844,73151
2018-11-23,65800.0000,66100.0000,63900.0000,64400.0000,45380.8125,108903
2018-11-26,64900.0000,66400.0000,64000.0000,66000.0000,46508.2891,169416
2018-11-27,66400.0000,66900.0000,65100.0000,66700.0000,47001.5586,111504
2018-11-28,67100.0000,67300.0000,65800.0000,67200.0000,47353.8906,154626
2018-11-29,69100.0000,70200.0000,68300.0000,68700.0000,48410.9062,239953
2018-11-30,68900.0000,69000.0000,67200.0000,67700.0000,47706.2305,158203
2018-12-03,68500.0000,70200.0000,68400.0000,69900.0000,49256.5039,150372
2018-12-04,70100.0000,70100.0000,68200.0000,69100.0000,48692.7656,136417
2018-12-05,68300.0000,68400.0000,66600.0000,67800.0000,47776.6953,122759
2018-12-06,68500.0000,68500.0000,64400.0000,65000.0000,45803.6211,210706
2018-12-07,65600.0000,66000.0000,63900.0000,65300.0000,46015.0234,132386
2018-12-10,63600.0000,64700.0000,62400.0000,63400.0000,44676.1445,222375
2018-12-11,62800.0000,64400.0000,62800.0000,63500.0000,44746.6094,80068
2018-12-12,64200.0000,65000.0000,63400.0000,65000.0000,45803.6211,121421
2018-12-13,64600.0000,65300.0000,64300.0000,64700.0000,45592.2148,265392
2018-12-14,64800.0000,65700.0000,62800.0000,64000.0000,45098.9414,150092
2018-12-17,64300.0000,65000.0000,63800.0000,64000.0000,45098.9414,96454
2018-12-18,63500.0000,63800.0000,61700.0000,63000.0000,44394.2773,175368
2018-12-19,62800.0000,63700.0000,61900.0000,63200.0000,44535.2070,169188
2018-12-20,62400.0000,62600.0000,60400.0000,61300.0000,43196.3398,235303
2018-12-21,61000.0000,61200.0000,60100.0000,60800.0000,42844.0000,239597
2018-12-24,60800.0000,61100.0000,59500.0000,60200.0000,42421.1992,167813
2018-12-26,59300.0000,59700.0000,58000.0000,58700.0000,41364.1875,200009
2018-12-27,59000.0000,59800.0000,58100.0000,59400.0000,43181.5977,214970
2018-12-28,59300.0000,59800.0000,58900.0000,59500.0000,43254.2930,145625
2019-01-02,59600.0000,59700.0000,56400.0000,56900.0000,41364.1914,215914
2019-01-03,57000.0000,57300.0000,55500.0000,56800.0000,41291.4961,191026
2019-01-04,56100.0000,57400.0000,55800.0000,57000.0000,41436.8906,141797
2019-01-07,58200.0000,60500.0000,58100.0000,60400.0000,43908.5586,261447
2019-01-08,60800.0000,60800.0000,58900.0000,59300.0000,43108.9062,99439
2019-01-09,59400.0000,61100.0000,59400.0000,60800.0000,44199.3477,178811
2019-01-10,60600.0000,61200.0000,59100.0000,59100.0000,42963.5117,203455
2019-01-11,59400.0000,60100.0000,59000.0000,59500.0000,43254.2930,126905
2019-01-14,59100.0000,59900.0000,58100.0000,58300.0000,42381.9375,120902
2019-01-15,58900.0000,62600.0000,58800.0000,62300.0000,45289.7930,322675
2019-01-16,61700.0000,64100.0000,61200.0000,63600.0000,46234.8398,201022
2019-01-17,63700.0000,64800.0000,62600.0000,63500.0000,46162.1445,139159
2019-01-18,64200.0000,64500.0000,63100.0000,64100.0000,46598.3242,91281
2019-01-21,64400.0000,64500.0000,62700.0000,63500.0000,46162.1445,88882
2019-01-22,63500.0000,63600.0000,61600.0000,62400.0000,45362.4844,112876
2019-01-23,62000.0000,64000.0000,61400.0000,62100.0000,45144.3984,116692
2019-01-24,62700.0000,65100.0000,62500.0000,64900.0000,47179.8945,242548
2019-01-25,64000.0000,65300.0000,63300.0000,64900.0000,47179.8945,147965
2019-01-28,64500.0000,64800.0000,62800.0000,63200.0000,45944.0547,148343
2019-01-29,62500.0000,63600.0000,62200.0000,63300.0000,46016.7500,114163
2019-01-30,63900.0000,64000.0000,61800.0000,64000.0000,46525.6211,215372
2019-01-31,65500.0000,65700.0000,64000.0000,64300.0000,46743.7109,221570
2019-02-01,64300.0000,65200.0000,64000.0000,64200.0000,46671.0156,102290
2019-02-07,64300.0000,65900.0000,64000.0000,65800.0000,47834.1562,127415
2019-02-08,65100.0000,65100.0000,61500.0000,61900.0000,44999.0039,305090
2019-02-11,62100.0000,62700.0000,61600.0000,61700.0000,44853.6133,176229
2019-02-12,61700.0000,62500.0000,61100.0000,62300.0000,45289.7930,150458
2019-02-13,62700.0000,62900.0000,61900.0000,62200.0000,45217.0938,118690
2019-02-14,61600.0000,62600.0000,61400.0000,62600.0000,45507.8789,172364
2019-02-15,62100.0000,62300.0000,60700.0000,60800.0000,44199.3477,171594
2019-02-18,61300.0000,62200.0000,60900.0000,62000.0000,45071.7031,223516
2019-02-19,62000.0000,62300.0000,61200.0000,61900.0000,44999.0039,151544
2019-02-20,62000.0000,63900.0000,61800.0000,63500.0000,46162.1445,267924
2019-02-21,63500.0000,63700.0000,62700.0000,62900.0000,45725.9648,131195
2019-02-22,62900.0000,62900.0000,61600.0000,62300.0000,45289.7930,142934
2019-02-25,62800.0000,63800.0000,62400.0000,63600.0000,46234.8398,168034
2019-02-26,63500.0000,64800.0000,63100.0000,64700.0000,47034.5000,122120
2019-02-27,64400.0000,65400.0000,63800.0000,65100.0000,47325.2852,142325
2019-02-28,65100.0000,65500.0000,63800.0000,64500.0000,46889.1094,218934
2019-03-04,64000.0000,65200.0000,62500.0000,63100.0000,45871.3633,277377
2019-03-05,62800.0000,63600.0000,61500.0000,62000.0000,45071.7031,151771
2019-03-06,62500.0000,63000.0000,61400.0000,62600.0000,45507.8789,128929
2019-03-07,62900.0000,62900.0000,61000.0000,61700.0000,44853.6133,114152
2019-03-08,61100.0000,61700.0000,60400.0000,61200.0000,44490.1289,106566
2019-03-11,60700.0000,60700.0000,59800.0000,60600.0000,44053.9531,145903
2019-03-12,60900.0000,61400.0000,60600.0000,60700.0000,44126.6445,132344
2019-03-13,60500.0000,61300.0000,60300.0000,61000.0000,44344.7383,104802
2019-03-14,61600.0000,62600.0000,60900.0000,62100.0000,45144.3984,235064
2019-03-15,62100.0000,65300.0000,61800.0000,64800.0000,47107.2031,309458
2019-03-18,64800.0000,66700.0000,64800.0000,66400.0000,48270.3398,196070
2019-03-19,66300.0000,67100.0000,65400.0000,65700.0000,47761.4609,125570
2019-03-20,65100.0000,67400.0000,64900.0000,65800.0000,47834.1562,160453
2019-03-21,65800.0000,66900.0000,64400.0000,65500.0000,47616.0742,204209
2019-03-22,65300.0000,65800.0000,64400.0000,64700.0000,47034.5000,160128
2019-03-25,63600.0000,65000.0000,62300.0000,62600.0000,45507.8789,177857
2019-03-26,63000.0000,63600.0000,61900.0000,62500.0000,45435.1836,130004
2019-03-27,62700.0000,62900.0000,61800.0000,62100.0000,45144.3984,114130
2019-03-28,61600.0000,61900.0000,60500.0000,60700.0000,44126.6445,117098
2019-03-29,61300.0000,62600.0000,60700.0000,62100.0000,45144.3984,130082
2019-04-01,61900.0000,64000.0000,61900.0000,63700.0000,46307.5352,157652
2019-04-02,64300.0000,65400.0000,63600.0000,64200.0000,46671.0156,210109
2019-04-03,63200.0000,67700.0000,63200.0000,67400.0000,48997.3047,301116
2019-04-04,67400.0000,70300.0000,67400.0000,68000.0000,49433.4766,369628
2019-04-05,68300.0000,70700.0000,68300.0000,69800.0000,50742.0117,250273
2019-04-08,70500.0000,71000.0000,69400.0000,70700.0000,51396.2812,190643
2019-04-09,70300.0000,71700.0000,69200.0000,70100.0000,50960.0977,239588
2019-04-10,69800.0000,71800.0000,68800.0000,71200.0000,51759.7578,251153
2019-04-11,72400.0000,72800.0000,71100.0000,72200.0000,52486.7227,357207
2019-04-12,72200.0000,72600.0000,70500.0000,72100.0000,52414.0234,209472
2019-04-15,72000.0000,73200.0000,71000.0000,72300.0000,52559.4219,299183
2019-04-16,71600.0000,72700.0000,70300.0000,71400.0000,51905.1523,211463
2019-04-17,70700.0000,72900.0000,70600.0000,72400.0000,52632.1133,201432
2019-04-18,72000.0000,72400.0000,69900.0000,70400.0000,51178.1914,224952
2019-04-19,70600.0000,71900.0000,70400.0000,70800.0000,51468.9766,84535
2019-04-22,71100.0000,73100.0000,70400.0000,71300.0000,51832.4570,140712
2019-04-23,71900.0000,71900.0000,70100.0000,70200.0000,51032.7969,117750
2019-04-24,71200.0000,71300.0000,68600.0000,69200.0000,50305.8320,207363
2019-04-25,68900.0000,69600.0000,68100.0000,69100.0000,50233.1328,116522
2019-04-26,69100.0000,69600.0000,67300.0000,68800.0000,50015.0508,147745
2019-04-29,68200.0000,70000.0000,67900.0000,69800.0000,50742.0117,123890
2019-04-30,69900.0000,70200.0000,67800.0000,68400.0000,49724.2656,145225
2019-05-02,67400.0000,69500.0000,67300.0000,68700.0000,49942.3555,105257
2019-05-03,68100.0000,68700.0000,67300.0000,67400.0000,48997.3047,102088
2019-05-07,66600.0000,66900.0000,65800.0000,66500.0000,48343.0352,173509
2019-05-08,65500.0000,67400.0000,65500.0000,67200.0000,48851.9023,127361
2019-05-09,67200.0000,67300.0000,65100.0000,65100.0000,47325.2852,347158
2019-05-10,66000.0000,67400.0000,64900.0000,66200.0000,48124.9414,269057
2019-05-13,65300.0000,67200.0000,64500.0000,65600.0000,47688.7734,131196
2019-05-14,65500.0000,66900.0000,64500.0000,66300.0000,48197.6406,209282
2019-05-15,68800.0000,70600.0000,68000.0000,69500.0000,50523.9219,450492
2019-05-16,69500.0000,70300.0000,68800.0000,70000.0000,50887.3984,207447
2019-05-17,70700.0000,72700.0000,70500.0000,71200.0000,51759.7578,214681
2019-05-20,72000.0000,72900.0000,70600.0000,71000.0000,51614.3633,141242
2019-05-21,70500.0000,71500.0000,70500.0000,71000.0000,51614.3633,141263
2019-05-22,71100.0000,71300.0000,69300.0000,70800.0000,51468.9766,157369
2019-05-23,70300.0000,71800.0000,70100.0000,70200.0000,51032.7969,165913
2019-05-24,70200.0000,71400.0000,70000.0000,70900.0000,51541.6719,139024
2019-05-27,71500.0000,71500.0000,69600.0000,71200.0000,51759.7578,144710
2019-05-28,71000.0000,71600.0000,70100.0000,71200.0000,51759.7578,225592
2019-05-29,71700.0000,71800.0000,70400.0000,71000.0000,51614.3633,170968
2019-05-30,71400.0000,72300.0000,70900.0000,72300.0000,52559.4219,144060
2019-05-31,71700.0000,72900.0000,71300.0000,72400.0000,52632.1133,184713
2019-06-03,71700.0000,73400.0000,71200.0000,73300.0000,53286.3867,146418
2019-06-04,73400.0000,74200.0000,72500.0000,74100.0000,53867.9531,128814
2019-06-05,75500.0000,75500.0000,73000.0000,74200.0000,53940.6406,170307
2019-06-07,74000.0000,74900.0000,73300.0000,74500.0000,54158.7344,94309
2019-06-10,74900.0000,75000.0000,73600.0000,74600.0000,54231.4297,100978
2019-06-11,74800.0000,75000.0000,74100.0000,74800.0000,54376.8203,113508
2019-06-12,75300.0000,75300.0000,74000.0000,74700.0000,54304.1328,119173
2019-06-13,75000.0000,76000.0000,74100.0000,75900.0000,55176.4844,371682
2019-06-14,75800.0000,75800.0000,73900.0000,75000.0000,54522.2227,188762
2019-06-17,74300.0000,75700.0000,73900.0000,74600.0000,54231.4297,142091
2019-06-18,74300.0000,75700.0000,73500.0000,74500.0000,54158.7344,175330
2019-06-19,74900.0000,78100.0000,74700.0000,78100.0000,56775.8047,204042
2019-06-20,78200.0000,79300.0000,77800.0000,79200.0000,57575.4648,224158
2019-06-21,79600.0000,81300.0000,79200.0000,80300.0000,58375.1250,269805
2019-06-24,80700.0000,82600.0000,80000.0000,82500.0000,59974.4414,237685
2019-06-25,83400.0000,83700.0000,80300.0000,81600.0000,59320.1719,315995
2019-06-26,80900.0000,81200.0000,79600.0000,80700.0000,58665.8984,233748
2019-06-27,80900.0000,82300.0000,80200.0000,81800.0000,59465.5625,168150
2019-06-28,81000.0000,82000.0000,79700.0000,80700.0000,58665.8984,223243
2019-07-01,81500.0000,82000.0000,80200.0000,80800.0000,58738.5977,122901
2019-07-02,80100.0000,81600.0000,79700.0000,81200.0000,59029.3867,175384
2019-07-03,81300.0000,81700.0000,77400.0000,78100.0000,56775.8047,281568
2019-07-04,78700.0000,80600.0000,78200.0000,80600.0000,58593.2148,166859
2019-07-05,80600.0000,80700.0000,78400.0000,79100.0000,57502.7656,110347
2019-07-08,78600.0000,78800.0000,77000.0000,77600.0000,56412.3242,221960
2019-07-09,77200.0000,77900.0000,76600.0000,77200.0000,56121.5352,127369
2019-07-10,77400.0000,78600.0000,76700.0000,77900.0000,56630.4141,123070
2019-07-11,77700.0000,80300.0000,77400.0000,79200.0000,57575.4648,247538
2019-07-12,78600.0000,80100.0000,77800.0000,79300.0000,57648.1641,119307
2019-07-15,79500.0000,79600.0000,77600.0000,78100.0000,56775.8047,88427
2019-07-16,78900.0000,80400.0000,78400.0000,79300.0000,57648.1641,140674
2019-07-17,79000.0000,80000.0000,78000.0000,79700.0000,57938.9453,119960
2019-07-18,79300.0000,80100.0000,75800.0000,76600.0000,55685.3633,250253
2019-07-19,76100.0000,80500.0000,76100.0000,79800.0000,58011.6445,255920
2019-07-22,78900.0000,80500.0000,78600.0000,79900.0000,58084.3281,115506
2019-07-23,79900.0000,81900.0000,79400.0000,81500.0000,59247.4766,169022
2019-07-24,81000.0000,81800.0000,79500.0000,80400.0000,58447.8203,115002
2019-07-25,80100.0000,80300.0000,77700.0000,78800.0000,57284.6797,194502
2019-07-26,78300.0000,78900.0000,77700.0000,78200.0000,56848.5000,165032
2019-07-29,78200.0000,78300.0000,76100.0000,77100.0000,56048.8438,202678
2019-07-30,77500.0000,77500.0000,75600.0000,75700.0000,55031.0898,180350
2019-07-31,75300.0000,76000.0000,73300.0000,74500.0000,54158.7344,217828
2019-08-01,74000.0000,75100.0000,73400.0000,74400.0000,54086.0391,202364
2019-08-02,73100.0000,73900.0000,70800.0000,71700.0000,52123.2383,361703
2019-08-05,70800.0000,71900.0000,69300.0000,70000.0000,50887.3984,303126
2019-08-06,67500.0000,71600.0000,66900.0000,70100.0000,50960.0977,301519
2019-08-07,70000.0000,71400.0000,69600.0000,70000.0000,50887.3984,176093
2019-08-08,71500.0000,72300.0000,70100.0000,70600.0000,51323.5820,310809
2019-08-09,71300.0000,72600.0000,71200.0000,71300.0000,51832.4570,149538
2019-08-12,71000.0000,72100.0000,70600.0000,70900.0000,51541.6719,102215
2019-08-13,70200.0000,70900.0000,68800.0000,68900.0000,50087.7422,167264
2019-08-14,70000.0000,71500.0000,69700.0000,70400.0000,51178.1914,164903
2019-08-16,70300.0000,70300.0000,68900.0000,69200.0000,50305.8320,170466
2019-08-19,70000.0000,72000.0000,70000.0000,71300.0000,51832.4570,128157
2019-08-20,70800.0000,72400.0000,70600.0000,71900.0000,52268.6367,109765
2019-08-21,71800.0000,72900.0000,71400.0000,72300.0000,52559.4219,129056
2019-08-22,72400.0000,73300.0000,72100.0000,72500.0000,52704.8086,145702
2019-08-23,71900.0000,71900.0000,70400.0000,71300.0000,51832.4570,97159
2019-08-26,69700.0000,70000.0000,68200.0000,69900.0000,50814.7031,168778
2019-08-27,70200.0000,70700.0000,69400.0000,69800.0000,50742.0117,173536
2019-08-28,70100.0000,70400.0000,68700.0000,70200.0000,51032.7969,131587
2019-08-29,69700.0000,70300.0000,68100.0000,69000.0000,50160.4375,158285
2019-08-30,70000.0000,72400.0000,69700.0000,72300.0000,52559.4219,206692
2019-09-02,71700.0000,73400.0000,71400.0000,72100.0000,52414.0234,109889
2019-09-03,72000.0000,72200.0000,70100.0000,70400.0000,51178.1914,142436
2019-09-04,70200.0000,71100.0000,70000.0000,71100.0000,51687.0625,148228
2019-09-05,71100.0000,73800.0000,71000.0000,72600.0000,52777.5117,232596
2019-09-06,72500.0000,73000.0000,71300.0000,71700.0000,52123.2383,118187
2019-09-09,71700.0000,72100.0000,70700.0000,71100.0000,51687.0625,135643
2019-09-10,71600.0000,73000.0000,71200.0000,72300.0000,52559.4219,145716
2019-09-11,72600.0000,75100.0000,72500.0000,75100.0000,54594.9180,284635
2019-09-16,76300.0000,79900.0000,75500.0000,79500.0000,57793.5469,480508
2019-09-17,78900.0000,79800.0000,78100.0000,79100.0000,57502.7656,166378
2019-09-18,79200.0000,79800.0000,77900.0000,79500.0000,57793.5469,151779
2019-09-19,79100.0000,79400.0000,76500.0000,77100.0000,56048.8438,158107
2019-09-20,76600.0000,77300.0000,75600.0000,76600.0000,55685.3633,199278
2019-09-23,76500.0000,77100.0000,75200.0000,75700.0000,55031.0898,122387
2019-09-24,75800.0000,76100.0000,75000.0000,76100.0000,55321.8789,115000
2019-09-25,75400.0000,76100.0000,73800.0000,73900.0000,53722.5625,162512
2019-09-26,74100.0000,74700.0000,73300.0000,74300.0000,54013.3438,121692
2019-09-27,74300.0000,74400.0000,73100.0000,73300.0000,53286.3867,88554
2019-09-30,74500.0000,75400.0000,73500.0000,75300.0000,54740.3047,107501
2019-10-01,75100.0000,75600.0000,74200.0000,74700.0000,54304.1328,99395
2019-10-02,74100.0000,74100.0000,72800.0000,73600.0000,53504.4727,146633
2019-10-04,73300.0000,73700.0000,72300.0000,72500.0000,52704.8086,87388
2019-10-07,73000.0000,73000.0000,71700.0000,72200.0000,52486.7227,84901
2019-10-08,72900.0000,73000.0000,71300.0000,72400.0000,52632.1133,130006
2019-10-10,71500.0000,72300.0000,71200.0000,71800.0000,52195.9336,547548
2019-10-11,72800.0000,73800.0000,71800.0000,72200.0000,52486.7227,161127
2019-10-14,73100.0000,73600.0000,72400.0000,73100.0000,53140.9883,129225
2019-10-15,73000.0000,73300.0000,72300.0000,72500.0000,52704.8086,101358
2019-10-16,73300.0000,73400.0000,72300.0000,73300.0000,53286.3867,244444
2019-10-17,73300.0000,73400.0000,70800.0000,71200.0000,51759.7578,259910
2019-10-18,71300.0000,71500.0000,70200.0000,70300.0000,51105.4961,137001
2019-10-21,70700.0000,71100.0000,69200.0000,69600.0000,50596.6172,139768
2019-10-22,69600.0000,70400.0000,69200.0000,70300.0000,51105.4961,147602
2019-10-23,70900.0000,70900.0000,69200.0000,69700.0000,50669.3125,112131
2019-10-24,69800.0000,70300.0000,69200.0000,70100.0000,50960.0977,108014
2019-10-25,69500.0000,71000.0000,69500.0000,70600.0000,51323.5820,131144
2019-10-28,71100.0000,71200.0000,69800.0000,69900.0000,50814.7031,111695
2019-10-29,70300.0000,70300.0000,68800.0000,69300.0000,50378.5312,134250
2019-10-30,69800.0000,69900.0000,67900.0000,68200.0000,49578.8711,183774
2019-10-31,68300.0000,68800.0000,67800.0000,67800.0000,49288.0859,157028
2019-11-01,67400.0000,67800.0000,67100.0000,67400.0000,48997.3047,152451
2019-11-04,68000.0000,71300.0000,67900.0000,71000.0000,51614.3633,237029
2019-11-05,70900.0000,71300.0000,70300.0000,71300.0000,51832.4570,137666
2019-11-06,71400.0000,71600.0000,70300.0000,70400.0000,51178.1914,130762
2019-11-07,70000.0000,71500.0000,69900.0000,71200.0000,51759.7578,153111
2019-11-08,72000.0000,72400.0000,70800.0000,71300.0000,51832.4570,139655
2019-11-11,71000.0000,71200.0000,69600.0000,70200.0000,51032.7969,87577
2019-11-12,70600.0000,71100.0000,69800.0000,70600.0000,51323.5820,113814
2019-11-13,71000.0000,71000.0000,69700.0000,70000.0000,50887.3984,122201
2019-11-14,70600.0000,71100.0000,69900.0000,71100.0000,51687.0625,181318
2019-11-15,70700.0000,73100.0000,70700.0000,73100.0000,53140.9883,210544
2019-11-18,73500.0000,73500.0000,70800.0000,71300.0000,51832.4570,135422
2019-11-19,70600.0000,71700.0000,70300.0000,71400.0000,51905.1523,126009
2019-11-20,70800.0000,71200.0000,70400.0000,70800.0000,51468.9766,113346
2019-11-21,71400.0000,71400.0000,70100.0000,70400.0000,51178.1914,137617
2019-11-22,71100.0000,71500.0000,70300.0000,71200.0000,51759.7578,83426
2019-11-25,71600.0000,72900.0000,71400.0000,72600.0000,52777.5117,151891
2019-11-26,72600.0000,72800.0000,72000.0000,72500.0000,52704.8086,197939
2019-11-27,73100.0000,73400.0000,71900.0000,72800.0000,52922.8945,95482
2019-11-28,72100.0000,72700.0000,71300.0000,72000.0000,52341.3242,82033
2019-11-29,72500.0000,72500.0000,71100.0000,71700.0000,52123.2383,102267
2019-12-02,71900.0000,72100.0000,71100.0000,72000.0000,52341.3242,68142
2019-12-03,72100.0000,72300.0000,71000.0000,71900.0000,52268.6367,100006
2019-12-04,71000.0000,71700.0000,70700.0000,71400.0000,51905.1523,119988
2019-12-05,70900.0000,71700.0000,69400.0000,69800.0000,50742.0117,208977
2019-12-06,70100.0000,70200.0000,64600.0000,67600.0000,49142.6953,547390
2019-12-09,67500.0000,67900.0000,66900.0000,67000.0000,48706.5156,173940
2019-12-10,66800.0000,68100.0000,66800.0000,67800.0000,49288.0859,136628
2019-12-11,67900.0000,69600.0000,67400.0000,68200.0000,49578.8711,202631
2019-12-12,69100.0000,70600.0000,68300.0000,70100.0000,50960.0977,472526
2019-12-13,70800.0000,71900.0000,70300.0000,71900.0000,52268.6367,227736
2019-12-16,71500.0000,72500.0000,70900.0000,71500.0000,51977.8477,145681
2019-12-17,71100.0000,72000.0000,71000.0000,71900.0000,52268.6367,177765
2019-12-18,71300.0000,71900.0000,70900.0000,70900.0000,51541.6719,132165
2019-12-19,71700.0000,72800.0000,70900.0000,72200.0000,52486.7227,149421
2019-12-20,72000.0000,72600.0000,71700.0000,72600.0000,52777.5117,142711
2019-12-23,72600.0000,73400.0000,72300.0000,73100.0000,53140.9883,93295
2019-12-24,72700.0000,73400.0000,72600.0000,73000.0000,53068.2930,76174
2019-12-26,73000.0000,73400.0000,72300.0000,73200.0000,53213.6797,97745
2019-12-27,71900.0000,73500.0000,71500.0000,72400.0000,54803.2812,110456
2019-12-30,72900.0000,73600.0000,72100.0000,72400.0000,54803.2812,103871
2020-01-02,72300.0000,72400.0000,70700.0000,70900.0000,53667.8555,89751
2020-01-03,71800.0000,72300.0000,71000.0000,71600.0000,54197.7227,122503
2020-01-06,70700.0000,70900.0000,69200.0000,69500.0000,52608.1211,152742
2020-01-07,70100.0000,70600.0000,69300.0000,70200.0000,53137.9883,153464
2020-01-08,68900.0000,69500.0000,67700.0000,69100.0000,52305.3398,198963
2020-01-09,69200.0000,70100.0000,68500.0000,69000.0000,52229.6484,317981
2020-01-10,69300.0000,69800.0000,68800.0000,69200.0000,52381.0391,144732
2020-01-13,69500.0000,70200.0000,68500.0000,70100.0000,53062.2969,125924
2020-01-14,70900.0000,72400.0000,70400.0000,72400.0000,54803.2812,254689
2020-01-15,71900.0000,73400.0000,71600.0000,72800.0000,55106.0586,153545
2020-01-16,73300.0000,73400.0000,72200.0000,73400.0000,55560.2344,129683
2020-01-17,73300.0000,74300.0000,73200.0000,73700.0000,55787.3203,147942
2020-01-20,73400.0000,75200.0000,73300.0000,74600.0000,56468.5742,144838
2020-01-21,74300.0000,74700.0000,73700.0000,74500.0000,56392.8828,136265
2020-01-22,75000.0000,75800.0000,74400.0000,75800.0000,57376.9180,165505
2020-01-23,74700.0000,75500.0000,73800.0000,74200.0000,56165.7891,149386
2020-01-28,72200.0000,73000.0000,69300.0000,69500.0000,52608.1211,299548
2020-01-29,69900.0000,70000.0000,68700.0000,68900.0000,52153.9570,179623
2020-01-30,69000.0000,69300.0000,67200.0000,67400.0000,51018.5273,193442
2020-01-31,68700.0000,68700.0000,66500.0000,66500.0000,50337.2734,168557
2020-02-03,65000.0000,66700.0000,65000.0000,66100.0000,50034.4883,154933
2020-02-04,65800.0000,67300.0000,65700.0000,66300.0000,50185.8789,197748
2020-02-05,66700.0000,67000.0000,65300.0000,65500.0000,49580.3164,247100
2020-02-06,66800.0000,69600.0000,66800.0000,69400.0000,52532.4297,252251
2020-02-07,69800.0000,70000.0000,68700.0000,69000.0000,52229.6484,265592
2020-02-10,67800.0000,68400.0000,67000.0000,67400.0000,51018.5273,183360
2020-02-11,68000.0000,68700.0000,67800.0000,68600.0000,51926.8672,180293
2020-02-12,68100.0000,69700.0000,68100.0000,69500.0000,52608.1211,206892
2020-02-13,69800.0000,70300.0000,68600.0000,69100.0000,52305.3398,255322
2020-02-14,68600.0000,69600.0000,68600.0000,68800.0000,52078.2578,133882
2020-02-17,68800.0000,69100.0000,68200.0000,68900.0000,52153.9570,117803
2020-02-18,68200.0000,69300.0000,68100.0000,69300.0000,52456.7344,197572
2020-02-19,69700.0000,69700.0000,67800.0000,68300.0000,51699.7812,159725
2020-02-20,68300.0000,69200.0000,67100.0000,67700.0000,51245.6094,138998
2020-02-21,66400.0000,67600.0000,66300.0000,66700.0000,50488.6602,129101
2020-02-24,65500.0000,65800.0000,62900.0000,62900.0000,47612.2422,202661
2020-02-25,62800.0000,65300.0000,62800.0000,64100.0000,48520.5859,198145
2020-02-26,62400.0000,65600.0000,62400.0000,65000.0000,49201.8438,188030
2020-02-27,64200.0000,65500.0000,64000.0000,65000.0000,49201.8438,138213
2020-02-28,64300.0000,64300.0000,62100.0000,62800.0000,47536.5508,222785
2020-03-02,62900.0000,63200.0000,60700.0000,61800.0000,46779.5977,199535
2020-03-03,63400.0000,64600.0000,63100.0000,63400.0000,47990.7227,166973
2020-03-04,62900.0000,64700.0000,62900.0000,64100.0000,48520.5859,179021
2020-03-05,64500.0000,66000.0000,64200.0000,65700.0000,49731.7070,200507
2020-03-06,64700.0000,65100.0000,63500.0000,63700.0000,48217.8047,141420
2020-03-09,63700.0000,63700.0000,63700.0000,63700.0000,48217.8047,0
2020-03-10,62100.0000,62600.0000,59500.0000,61500.0000,46552.5156,205262
2020-03-11,60700.0000,63200.0000,60200.0000,60900.0000,46098.3438,205278
2020-03-12,60900.0000,60900.0000,60900.0000,60900.0000,46098.3438,0
2020-03-13,51800.0000,55800.0000,51500.0000,54800.0000,41480.9375,380603
2020-03-16,54500.0000,54900.0000,51400.0000,51500.0000,38982.9961,308312
2020-03-17,47600.0000,50800.0000,47600.0000,48400.0000,36636.4492,332055
2020-03-18,48400.0000,49000.0000,45450.0000,45550.0000,34479.1406,232774
2020-03-19,46350.0000,46850.0000,38800.0000,39250.0000,29710.3418,410100
2020-03-20,39700.0000,40900.0000,35750.0000,37050.0000,28045.0508,899740
2020-03-23,34300.0000,34500.0000,30000.0000,32000.0000,24222.4434,721787
2020-03-24,33500.0000,38450.0000,32850.0000,38450.0000,29104.7832,662454
2020-03-25,41400.0000,48200.0000,40100.0000,48200.0000,36485.0586,746504
2020-03-26,48200.0000,49500.0000,45900.0000,46400.0000,35122.5430,491056
2020-03-27,49000.0000,49000.0000,45350.0000,46550.0000,35236.0898,317152
2020-03-30,44600.0000,50000.0000,43800.0000,48050.0000,36371.5156,392926
2020-03-31,48700.0000,49950.0000,47700.0000,49750.0000,37658.3320,364707
2020-04-01,49500.0000,49500.0000,45000.0000,45000.0000,34062.8125,363100
2020-04-02,45000.0000,46450.0000,42800.0000,46000.0000,34819.7656,327561
2020-04-03,45650.0000,46600.0000,44550.0000,44700.0000,33835.7305,272323
2020-04-06,45600.0000,46950.0000,45000.0000,46700.0000,35349.6328,246932
2020-04-07,47800.0000,48200.0000,45700.0000,47000.0000,35576.7148,317248
2020-04-08,46400.0000,46950.0000,45500.0000,45700.0000,34592.6797,290405
2020-04-09,46650.0000,47000.0000,45750.0000,46800.0000,35425.3242,328840
2020-04-10,47300.0000,47700.0000,46300.0000,47200.0000,35728.1133,355226
2020-04-13,47200.0000,47700.0000,45350.0000,45400.0000,34365.5977,238961
2020-04-14,45650.0000,47300.0000,45400.0000,46750.0000,35387.4805,217873
2020-04-16,45550.0000,45950.0000,44700.0000,45450.0000,34403.4414,448814
2020-04-17,46200.0000,50400.0000,46000.0000,49100.0000,37166.3164,655648
2020-04-20,49150.0000,49650.0000,47550.0000,47650.0000,36068.7305,337378
2020-04-21,47200.0000,48550.0000,46050.0000,47450.0000,35917.3477,325370
2020-04-22,46400.0000,47300.0000,46100.0000,46900.0000,35501.0195,225573
2020-04-23,47400.0000,47750.0000,46700.0000,47000.0000,35576.7148,203895
2020-04-24,46900.0000,46900.0000,45900.0000,46000.0000,34819.7656,195146
2020-04-27,46300.0000,47900.0000,46100.0000,47500.0000,35955.1914,318531
2020-04-28,47700.0000,48900.0000,46850.0000,47450.0000,35917.3477,296908
2020-04-29,47800.0000,51600.0000,47600.0000,50100.0000,37923.2656,648728
2020-05-04,48350.0000,48700.0000,47100.0000,47850.0000,36220.1250,446697
2020-05-06,48750.0000,49300.0000,48000.0000,48550.0000,36749.9961,301297
2020-05-07,47850.0000,48400.0000,47750.0000,48100.0000,36409.3633,225123
2020-05-08,48550.0000,49550.0000,48300.0000,48500.0000,36712.1406,269184
2020-05-11,48700.0000,48900.0000,47800.0000,47800.0000,36182.2773,230723
2020-05-12,47700.0000,47700.0000,46450.0000,46600.0000,35273.9336,265925
2020-05-13,45750.0000,46800.0000,45700.0000,46650.0000,35311.7852,131950
2020-05-14,46600.0000,46600.0000,44850.0000,45500.0000,34441.2930,447960
2020-05-15,46000.0000,46200.0000,44900.0000,45400.0000,34365.5977,206690
2020-05-18,45100.0000,46600.0000,44100.0000,46300.0000,35046.8516,291077
2020-05-19,48500.0000,50400.0000,48000.0000,49950.0000,37809.7227,705386
2020-05-20,49300.0000,50000.0000,48950.0000,49550.0000,37506.9453,212857
2020-05-21,50100.0000,52700.0000,49600.0000,51300.0000,38831.6094,534357
2020-05-22,51900.0000,51900.0000,48600.0000,48800.0000,36939.2266,398456
2020-05-25,49300.0000,49300.0000,47550.0000,48650.0000,36825.6875,248926
2020-05-26,49000.0000,50700.0000,48700.0000,50700.0000,38377.4336,380488
2020-05-27,51800.0000,51800.0000,50100.0000,51100.0000,38680.2148,555597
2020-05-28,52000.0000,54600.0000,50700.0000,51200.0000,38755.9141,868917
2020-05-29,51200.0000,53800.0000,50600.0000,52700.0000,39891.3398,615920
2020-06-01,52900.0000,55300.0000,52900.0000,55100.0000,41708.0234,415894
2020-06-02,54800.0000,56200.0000,53500.0000,55400.0000,41935.1133,401838
2020-06-03,56700.0000,59100.0000,56500.0000,57500.0000,43524.7070,709222
2020-06-04,59700.0000,60000.0000,55100.0000,55500.0000,42010.8047,634217
2020-06-05,55100.0000,55900.0000,54200.0000,55600.0000,42086.4961,440532
2020-06-08,57300.0000,58500.0000,56300.0000,57700.0000,43676.0938,511241
2020-06-09,57100.0000,57900.0000,55200.0000,55600.0000,42086.4961,519909
2020-06-10,55200.0000,55500.0000,54000.0000,54200.0000,41026.7656,374139
2020-06-11,53500.0000,54300.0000,51300.0000,54300.0000,41102.4648,616897
2020-06-12,50900.0000,52500.0000,50200.0000,52400.0000,39664.2578,539897
2020-06-15,51000.0000,52000.0000,48600.0000,48650.0000,36825.6875,458717
2020-06-16,49950.0000,51300.0000,49800.0000,51000.0000,38604.5234,336320
2020-06-17,51000.0000,51200.0000,49400.0000,49500.0000,37469.0938,322554
2020-06-18,49150.0000,50700.0000,48700.0000,49750.0000,37658.3320,409452
2020-06-19,50500.0000,50700.0000,48350.0000,49050.0000,37128.4688,479261
2020-06-22,48300.0000,49000.0000,48000.0000,48000.0000,36333.6641,237075
2020-06-23,48400.0000,48650.0000,46600.0000,46650.0000,35311.7852,395683
2020-06-24,47150.0000,48550.0000,47000.0000,48250.0000,36522.9062,413134
2020-06-25,47000.0000,47400.0000,46250.0000,46400.0000,35122.5430,399502
2020-06-26,46900.0000,47100.0000,46050.0000,46300.0000,35046.8516,274010
2020-06-29,45200.0000,45200.0000,44450.0000,44600.0000,33760.0312,302263
2020-06-30,45050.0000,45550.0000,44500.0000,44500.0000,33684.3359,252313
2020-07-01,44800.0000,46700.0000,44600.0000,45450.0000,34403.4414,318923
2020-07-02,46000.0000,46350.0000,45250.0000,45650.0000,34554.8281,169486
2020-07-03,45800.0000,46200.0000,45300.0000,45650.0000,34554.8281,200589
2020-07-06,45650.0000,46550.0000,45000.0000,46200.0000,34971.1602,270286
2020-07-07,46900.0000,46950.0000,45000.0000,45050.0000,34100.6641,399721
2020-07-08,45050.0000,45200.0000,44400.0000,44700.0000,33835.7305,322971
2020-07-09,44700.0000,45300.0000,44250.0000,44250.0000,33495.1016,390584
2020-07-10,44250.0000,44350.0000,42650.0000,42700.0000,32321.8242,427637
2020-07-13,43000.0000,45150.0000,42900.0000,45000.0000,34062.8125,428892
2020-07-14,44900.0000,45300.0000,44300.0000,44800.0000,33911.4219,230405
2020-07-15,46400.0000,46950.0000,45400.0000,46000.0000,34819.7656,692870
2020-07-16,46250.0000,48750.0000,46150.0000,47750.0000,36144.4297,873522
2020-07-17,47800.0000,48900.0000,47800.0000,48650.0000,36825.6875,565225
2020-07-20,48700.0000,49300.0000,47600.0000,48300.0000,36560.7539,423620
2020-07-21,48700.0000,50900.0000,48150.0000,50500.0000,38226.0469,653869
2020-07-22,50700.0000,52000.0000,50200.0000,51300.0000,38831.6094,559846
2020-07-23,50900.0000,51300.0000,49750.0000,51300.0000,38831.6094,469531
2020-07-24,50700.0000,51100.0000,49650.0000,50200.0000,37998.9609,303161
2020-07-27,49900.0000,51400.0000,49450.0000,50000.0000,37847.5703,278524
2020-07-28,50400.0000,51000.0000,49800.0000,49850.0000,37734.0273,302470
2020-07-29,49600.0000,50400.0000,48900.0000,49850.0000,37734.0273,291818
2020-07-30,50200.0000,50900.0000,49300.0000,49350.0000,37355.5547,325919
2020-07-31,49450.0000,49700.0000,48600.0000,48700.0000,36863.5352,314733
2020-08-03,48750.0000,51300.0000,48650.0000,51200.0000,38755.9141,603757
2020-08-04,52000.0000,53900.0000,51700.0000,53600.0000,40572.5977,606381
2020-08-05,56100.0000,58800.0000,54500.0000,58200.0000,44054.5703,1189232
2020-08-06,59700.0000,62800.0000,57000.0000,57500.0000,43524.7070,1147594
2020-08-07,59600.0000,60700.0000,57200.0000,60400.0000,45719.8672,589577
2020-08-10,61700.0000,67100.0000,60800.0000,66900.0000,50640.0508,1075156
2020-08-11,67100.0000,69600.0000,64600.0000,64800.0000,49050.4531,841912
2020-08-12,64900.0000,66000.0000,61400.0000,63900.0000,48369.1953,784714
2020-08-13,64700.0000,65500.0000,61400.0000,62900.0000,47612.2422,735297
2020-08-14,63100.0000,64200.0000,60400.0000,63800.0000,48293.5000,639637
2020-08-18,64900.0000,64900.0000,59700.0000,60200.0000,45568.4727,885028
2020-08-19,60100.0000,62200.0000,59900.0000,60700.0000,45946.9492,459423
2020-08-20,60100.0000,60700.0000,57300.0000,57600.0000,43600.4023,649718
2020-08-21,58300.0000,59000.0000,57200.0000,57900.0000,43827.4883,351614
2020-08-24,57500.0000,59100.0000,56600.0000,58800.0000,44508.7461,387574
2020-08-25,59500.0000,63500.0000,59500.0000,63400.0000,47990.7227,602646
2020-08-26,63300.0000,63300.0000,61200.0000,62700.0000,47460.8555,389741
2020-08-27,62200.0000,62400.0000,60100.0000,60100.0000,45492.7812,452250
2020-08-28,61700.0000,62500.0000,61300.0000,62300.0000,47158.0742,437369
2020-08-31,62900.0000,64100.0000,60900.0000,60900.0000,46098.3438,553887
2020-09-01,61400.0000,63500.0000,61300.0000,63000.0000,47687.9414,412253
2020-09-02,64500.0000,67700.0000,63900.0000,66200.0000,50110.1797,914269
2020-09-03,66900.0000,70600.0000,65700.0000,68700.0000,52002.5625,933127
2020-09-04,65900.0000,70300.0000,65700.0000,69000.0000,52229.6484,853272
2020-09-07,70000.0000,88400.0000,69200.0000,82200.0000,62221.3984,3486985
2020-09-08,84100.0000,85400.0000,78400.0000,78400.0000,59344.9883,1534809
2020-09-09,75800.0000,80800.0000,75700.0000,76100.0000,57604.0000,1074803
2020-09-10,78100.0000,80000.0000,76700.0000,80000.0000,60556.1211,1103534
2020-09-11,79000.0000,80900.0000,77400.0000,78400.0000,59344.9883,565138
2020-09-14,79200.0000,79300.0000,77500.0000,78100.0000,59117.9102,416880
2020-09-15,78600.0000,89100.0000,76900.0000,81100.0000,61388.7656,3712374
2020-09-16,82100.0000,83200.0000,80000.0000,80600.0000,61010.2891,803432
2020-09-17,81400.0000,81600.0000,78900.0000,79500.0000,60177.6406,635456
2020-09-18,79300.0000,80100.0000,77400.0000,78100.0000,59117.9102,477044
2020-09-21,77800.0000,78600.0000,74400.0000,75700.0000,57301.2227,561967
2020-09-22,74500.0000,75500.0000,71200.0000,72000.0000,54500.5039,840493
2020-09-23,72700.0000,73800.0000,69500.0000,72000.0000,54500.5039,675372
2020-09-24,76400.0000,76800.0000,70400.0000,71500.0000,54122.0273,1605148
2020-09-25,71600.0000,72200.0000,68800.0000,70000.0000,52986.6016,612012
2020-09-28,70900.0000,71200.0000,69600.0000,70000.0000,52986.6016,427749
2020-09-29,71000.0000,73400.0000,71000.0000,72500.0000,54878.9766,612115
2020-10-05,71700.0000,74300.0000,71500.0000,73800.0000,55863.0117,449819
2020-10-06,73900.0000,74400.0000,72300.0000,72700.0000,55030.3711,386414
2020-10-07,72100.0000,72700.0000,71400.0000,72200.0000,54651.8945,292066
2020-10-08,72700.0000,72900.0000,71500.0000,72100.0000,54576.1953,389003
2020-10-12,72500.0000,72500.0000,71400.0000,71400.0000,54046.3320,279787
2020-10-13,71600.0000,72000.0000,70200.0000,70700.0000,53516.4688,272174
2020-10-14,70200.0000,70600.0000,69100.0000,69200.0000,52381.0391,353971
2020-10-15,69000.0000,70300.0000,66700.0000,67300.0000,50942.8281,652285
2020-10-16,67600.0000,68500.0000,66000.0000,67900.0000,51397.0000,366281
2020-10-19,67800.0000,68900.0000,66800.0000,67800.0000,51321.3047,276099
2020-10-20,67400.0000,68400.0000,66400.0000,68300.0000,51699.7812,233727
2020-10-21,68600.0000,72200.0000,68200.0000,72100.0000,54576.1953,467790
2020-10-22,71500.0000,73900.0000,70500.0000,72200.0000,54651.8945,648297
2020-10-23,72500.0000,73600.0000,72400.0000,73100.0000,55333.1484,331350
2020-10-26,73200.0000,73500.0000,70200.0000,70300.0000,53213.6914,353078
2020-10-27,70200.0000,71500.0000,68200.0000,70700.0000,53516.4688,321207
2020-10-28,72200.0000,73300.0000,71200.0000,72300.0000,54727.5898,292331
2020-10-29,71000.0000,71400.0000,69800.0000,71400.0000,54046.3320,339121
2020-10-30,71300.0000,71300.0000,68600.0000,68600.0000,51926.8672,286425
2020-11-02,68600.0000,69800.0000,68600.0000,69700.0000,52759.5117,178837
2020-11-03,70000.0000,71800.0000,69600.0000,71400.0000,54046.3320,244619
2020-11-04,72100.0000,72500.0000,70300.0000,70900.0000,53667.8555,274146
2020-11-05,71500.0000,72700.0000,71000.0000,72200.0000,54651.8945,271760
2020-11-06,72600.0000,72800.0000,70800.0000,71200.0000,53894.9375,258582
2020-11-09,71800.0000,73500.0000,71300.0000,72400.0000,54803.2812,486115
2020-11-10,73900.0000,74100.0000,72000.0000,72500.0000,54878.9766,391540
2020-11-11,72300.0000,78000.0000,72200.0000,77200.0000,58436.6445,1057131
2020-11-12,77700.0000,77800.0000,74800.0000,75200.0000,56922.7461,734128
2020-11-13,74700.0000,76100.0000,73400.0000,74000.0000,56014.4062,432276
2020-11-16,74800.0000,77900.0000,74600.0000,77200.0000,58436.6445,688676
2020-11-17,77000.0000,77400.0000,74500.0000,75600.0000,57225.5312,602841
2020-11-18,75600.0000,76300.0000,74600.0000,75500.0000,57149.8320,321035
2020-11-19,74700.0000,74900.0000,73600.0000,74000.0000,56014.4062,341142
2020-11-20,74100.0000,75400.0000,73600.0000,74800.0000,56619.9609,284451
2020-11-23,74500.0000,76800.0000,73900.0000,76100.0000,57604.0000,488268
2020-11-24,76600.0000,76700.0000,75200.0000,75900.0000,57452.6055,369265
2020-11-25,76900.0000,79300.0000,75400.0000,76600.0000,57982.4844,857590
2020-11-26,76600.0000,78800.0000,76100.0000,78400.0000,59344.9883,464665
2020-11-27,78400.0000,78700.0000,76200.0000,77100.0000,58360.9570,453051
2020-11-30,77300.0000,77700.0000,74100.0000,74100.0000,56090.1016,597389
2020-12-01,75100.0000,76800.0000,75000.0000,76500.0000,57906.7812,342000
2020-12-02,76800.0000,77600.0000,76100.0000,77400.0000,58588.0352,358798
2020-12-03,77400.0000,78800.0000,76100.0000,77900.0000,58966.5156,559983
2020-12-04,78300.0000,82200.0000,77800.0000,80700.0000,61085.9805,977923
2020-12-07,81600.0000,82100.0000,78500.0000,79900.0000,60480.4102,589878
2020-12-08,80000.0000,80200.0000,77500.0000,77800.0000,58890.8164,410050
2020-12-09,78200.0000,79000.0000,77600.0000,78000.0000,59042.2109,348847
2020-12-10,77300.0000,78500.0000,76800.0000,78000.0000,59042.2109,617234
2020-12-11,78400.0000,79800.0000,78200.0000,79000.0000,59799.1680,341959
2020-12-14,78800.0000,78800.0000,77500.0000,77600.0000,58739.4375,303425
2020-12-15,77500.0000,77700.0000,76200.0000,77000.0000,58285.2617,336375
2020-12-16,77400.0000,78100.0000,76500.0000,76800.0000,58133.8672,289029
2020-12-17,76600.0000,76800.0000,75400.0000,75600.0000,57225.5312,408279
2020-12-18,75800.0000,76400.0000,75400.0000,75700.0000,57301.2227,271153
2020-12-21,76200.0000,76900.0000,75000.0000,76800.0000,58133.8672,240792
2020-12-22,77000.0000,78900.0000,76500.0000,77100.0000,58360.9570,512620
2020-12-23,78100.0000,79400.0000,77400.0000,79300.0000,60026.2539,519477
2020-12-24,79500.0000,80600.0000,79500.0000,80000.0000,60556.1211,386634
2020-12-28,80800.0000,80800.0000,78700.0000,80000.0000,60556.1211,416592
2020-12-29,78600.0000,79800.0000,78200.0000,79100.0000,62207.6406,533457
2020-12-30,79000.0000,79400.0000,77900.0000,79000.0000,62129.0078,377201
2021-01-04,78900.0000,83600.0000,78300.0000,82300.0000,64724.2695,736512
2021-01-05,81400.0000,83300.0000,79800.0000,83000.0000,65274.7773,642848
2021-01-06,84000.0000,89400.0000,83800.0000,87000.0000,68420.5547,1626783
2021-01-07,89000.0000,89600.0000,86900.0000,88600.0000,69678.8438,734062
2021-01-08,89500.0000,92200.0000,88000.0000,89800.0000,70622.5859,762217
2021-01-11,90700.0000,95400.0000,87200.0000,88800.0000,69836.1406,1564294
2021-01-12,89100.0000,89200.0000,82500.0000,85500.0000,67240.8750,1065789
2021-01-13,86500.0000,88900.0000,85100.0000,86400.0000,67948.6797,642694
2021-01-14,86500.0000,88300.0000,86100.0000,87800.0000,69049.7031,507456
2021-01-15,88700.0000,89800.0000,86200.0000,86400.0000,67948.6797,543288
2021-01-18,85400.0000,86400.0000,83900.0000,84400.0000,66375.7969,429680
2021-01-19,85200.0000,87900.0000,84100.0000,87800.0000,69049.7031,404137
2021-01-20,88100.0000,88500.0000,86100.0000,88200.0000,69364.2812,363232
2021-01-21,88400.0000,88700.0000,86900.0000,87400.0000,68735.1328,301509
2021-01-22,87400.0000,89000.0000,86400.0000,86800.0000,68263.2578,405420
2021-01-25,87000.0000,88200.0000,86200.0000,88100.0000,69285.6328,257649
2021-01-26,89400.0000,89400.0000,86600.0000,86900.0000,68341.8984,431009
2021-01-27,87900.0000,92000.0000,87700.0000,89800.0000,70622.5859,856077
2021-01-28,87500.0000,87600.0000,85600.0000,86000.0000,67634.1016,794811
2021-01-29,86700.0000,86800.0000,80100.0000,81300.0000,63937.8242,761747
2021-02-01,81300.0000,84700.0000,80500.0000,84600.0000,66533.0781,378764
2021-02-02,84900.0000,86700.0000,84200.0000,85500.0000,67240.8750,314073
2021-02-03,86200.0000,86500.0000,84800.0000,85400.0000,67162.2344,297055
2021-02-04,85000.0000,85100.0000,82500.0000,83400.0000,65589.3438,384706
2021-02-05,84000.0000,85900.0000,83900.0000,85200.0000,67004.9453,340310
2021-02-08,85300.0000,86700.0000,85000.0000,86000.0000,67634.1016,362000
2021-02-09,87000.0000,87300.0000,86200.0000,86600.0000,68105.9688,285533
2021-02-10,86800.0000,87500.0000,85300.0000,86600.0000,68105.9688,290258
2021-02-15,87800.0000,92000.0000,87500.0000,91700.0000,72116.8359,920239
2021-02-16,91700.0000,92200.0000,89700.0000,90400.0000,71094.4609,404590
2021-02-17,90600.0000,91100.0000,89200.0000,89700.0000,70543.9375,371503
2021-02-18,89600.0000,92500.0000,89100.0000,91400.0000,71880.8984,585345
2021-02-19,92000.0000,94800.0000,90600.0000,94500.0000,74318.8672,883597
2021-02-22,94900.0000,96200.0000,92800.0000,93300.0000,73375.1328,447241
2021-02-23,93300.0000,95000.0000,92700.0000,93200.0000,73296.4922,492743
2021-02-24,93700.0000,95900.0000,91300.0000,91500.0000,71959.5391,598404
2021-02-25,93300.0000,94100.0000,91000.0000,92000.0000,72352.7578,531151
2021-02-26,90000.0000,90600.0000,86000.0000,87300.0000,68656.4844,952376
2021-03-02,88800.0000,89500.0000,86200.0000,87300.0000,68656.4844,428689
2021-03-03,87600.0000,89600.0000,86700.0000,89500.0000,70386.6484,369778
2021-03-04,88100.0000,89500.0000,87300.0000,88200.0000,69364.2812,327506
2021-03-05,86900.0000,87500.0000,85500.0000,86300.0000,67870.0391,358492
2021-03-08,87900.0000,88000.0000,85500.0000,85500.0000,67240.8750,357649
2021-03-09,86300.0000,86700.0000,82200.0000,84600.0000,66533.0781,469273
2021-03-10,85800.0000,86000.0000,83100.0000,84000.0000,66061.2266,284946
2021-03-11,84500.0000,87300.0000,83500.0000,86300.0000,67870.0391,455000
2021-03-12,87300.0000,88000.0000,86600.0000,87300.0000,68656.4844,250534
2021-03-15,87300.0000,88300.0000,86200.0000,86900.0000,68341.8984,210621
2021-03-16,87300.0000,88000.0000,86700.0000,87200.0000,68577.8359,164464
2021-03-17,87100.0000,87700.0000,85600.0000,86400.0000,67948.6797,193402
2021-03-18,86700.0000,88500.0000,86500.0000,87500.0000,68813.7734,263581
2021-03-19,86200.0000,88100.0000,86000.0000,87500.0000,68813.7734,281709
2021-03-22,87800.0000,88000.0000,86300.0000,86800.0000,68263.2578,188476
2021-03-23,87200.0000,87600.0000,86100.0000,86500.0000,68027.3281,197816
2021-03-24,85800.0000,86300.0000,84900.0000,85100.0000,66926.2969,228878
2021-03-25,84600.0000,86400.0000,84500.0000,86300.0000,67870.0391,181616
2021-03-26,86700.0000,87000.0000,86200.0000,86800.0000,68263.2578,153128
2021-03-29,86300.0000,86900.0000,85300.0000,86100.0000,67712.7500,220634
2021-03-30,86300.0000,86900.0000,85500.0000,85800.0000,67476.8125,240175
2021-03-31,85700.0000,87500.0000,85400.0000,85600.0000,67319.5156,389601
2021-04-01,85900.0000,86600.0000,85200.0000,85600.0000,67319.5156,222301
2021-04-02,86200.0000,90000.0000,85800.0000,89900.0000,70701.2266,668505
2021-04-05,90000.0000,91700.0000,88900.0000,91500.0000,71959.5391,375064
2021-04-06,91600.0000,92300.0000,89800.0000,91000.0000,71566.3203,351822
2021-04-07,91000.0000,96200.0000,90300.0000,94400.0000,74240.2266,914639
2021-04-08,95800.0000,98700.0000,94700.0000,98400.0000,77386.0000,1190539
2021-04-09,99700.0000,101500.0000,97900.0000,99900.0000,78565.6641,609668
2021-04-12,104500.0000,106500.0000,101500.0000,103500.0000,81396.8594,732235
2021-04-13,102000.0000,111000.0000,101500.0000,107500.0000,84542.6328,944596
2021-04-14,109500.0000,111000.0000,104000.0000,105500.0000,82969.7344,589318
2021-04-15,106000.0000,109000.0000,104000.0000,106000.0000,83362.9688,425117
2021-04-16,106000.0000,107500.0000,102500.0000,106000.0000,83362.9688,327976
2021-04-19,106000.0000,106000.0000,104000.0000,104000.0000,81790.0781,277567
2021-04-20,103500.0000,111000.0000,103500.0000,110000.0000,86508.7422,584101
2021-04-21,108500.0000,114000.0000,108000.0000,110000.0000,86508.7422,602276
2021-04-22,111500.0000,112000.0000,108000.0000,108000.0000,84935.8438,334145
2021-04-23,107500.0000,109500.0000,105000.0000,108000.0000,84935.8438,419594
2021-04-26,108000.0000,114000.0000,108000.0000,114000.0000,89654.5078,522174
2021-04-27,115000.0000,118500.0000,114000.0000,117500.0000,92407.0547,568151
2021-04-28,118500.0000,121000.0000,117500.0000,119500.0000,93979.9531,580673
2021-04-29,119000.0000,119000.0000,110000.0000,111000.0000,87295.1797,724660
2021-04-30,111500.0000,114000.0000,107500.0000,112000.0000,88081.6250,546447
2021-05-03,110500.0000,112000.0000,104500.0000,106500.0000,83756.1875,577530
2021-05-04,105500.0000,107000.0000,102500.0000,107000.0000,84149.4141,486918
2021-05-06,106500.0000,109000.0000,105000.0000,109000.0000,85722.2891,390379
2021-05-07,110000.0000,113000.0000,108000.0000,112000.0000,88081.6250,351794
2021-05-10,112000.0000,115000.0000,111500.0000,113000.0000,88868.0625,318990
2021-05-11,112000.0000,113000.0000,108000.0000,110000.0000,86508.7422,380982
2021-05-12,109000.0000,109500.0000,102000.0000,105500.0000,82969.7344,573857
2021-05-13,102000.0000,105500.0000,101000.0000,104000.0000,81790.0781,719000
2021-05-14,105500.0000,106500.0000,102500.0000,106000.0000,83362.9688,357950
2021-05-17,105000.0000,106500.0000,100500.0000,103000.0000,81003.6328,440723
2021-05-18,105000.0000,108000.0000,103000.0000,105500.0000,82969.7344,585832
2021-05-20,104000.0000,105500.0000,100500.0000,102500.0000,80610.4141,585037
2021-05-21,103000.0000,105500.0000,102500.0000,103000.0000,81003.6328,294110
2021-05-24,103000.0000,104500.0000,102000.0000,103500.0000,81396.8594,191945
2021-05-25,104500.0000,105000.0000,103000.0000,104500.0000,82183.2969,171468
2021-05-26,104500.0000,106000.0000,103500.0000,104500.0000,82183.2969,243253
2021-05-27,104500.0000,104500.0000,102500.0000,104000.0000,81790.0781,287456
2021-05-28,104000.0000,106000.0000,103000.0000,104500.0000,82183.2969,272080
2021-05-31,105000.0000,106000.0000,103000.0000,104000.0000,81790.0781,237732
2021-06-01,104000.0000,105000.0000,102500.0000,103000.0000,81003.6328,258341
2021-06-02,103000.0000,106000.0000,102500.0000,106000.0000,83362.9688,242811
2021-06-03,106500.0000,110000.0000,105500.0000,108500.0000,85329.0703,427229
2021-06-04,108500.0000,111000.0000,107500.0000,110000.0000,86508.7422,355891
2021-06-07,111500.0000,112000.0000,108000.0000,109500.0000,86115.5156,246164
2021-06-08,109500.0000,111000.0000,109000.0000,110000.0000,86508.7422,152433
2021-06-09,109500.0000,110000.0000,105500.0000,106500.0000,83756.1875,244771
2021-06-10,106500.0000,108000.0000,105000.0000,105500.0000,82969.7344,388579
2021-06-11,106000.0000,108500.0000,105500.0000,106500.0000,83756.1875,249263
2021-06-14,106500.0000,106500.0000,104000.0000,105000.0000,82576.5156,174909
2021-06-15,104500.0000,106000.0000,104000.0000,105000.0000,82576.5156,166201
2021-06-16,104500.0000,107000.0000,104500.0000,106000.0000,83362.9688,199590
2021-06-17,106000.0000,108000.0000,103500.0000,107000.0000,84149.4141,351570
2021-06-18,106000.0000,106000.0000,102500.0000,104000.0000,81790.0781,680509
2021-06-21,103000.0000,103000.0000,101000.0000,101500.0000,79823.9688,319152
2021-06-22,103000.0000,105000.0000,102500.0000,105000.0000,82576.5156,232612
2021-06-23,105500.0000,105500.0000,103000.0000,104000.0000,81790.0781,242072
2021-06-24,104000.0000,104000.0000,102000.0000,102500.0000,80610.4141,207650
2021-06-25,103000.0000,107500.0000,103000.0000,107500.0000,84542.6328,392306
2021-06-28,107000.0000,109000.0000,106000.0000,108500.0000,85329.0703,302938
2021-06-29,108500.0000,109000.0000,102500.0000,103000.0000,81003.6328,717740
2021-06-30,103500.0000,104000.0000,103000.0000,103000.0000,81003.6328,222118
2021-07-01,103000.0000,103500.0000,100500.0000,101000.0000,79430.7422,442529
2021-07-02,101000.0000,102500.0000,99600.0000,100000.0000,78644.3047,460780
2021-07-05,100500.0000,101000.0000,98500.0000,99900.0000,78565.6641,269646
2021-07-06,99600.0000,100500.0000,98600.0000,98700.0000,77621.9297,348641
2021-07-07,98200.0000,98300.0000,96100.0000,96900.0000,76206.3281,511146
2021-07-08,96900.0000,101000.0000,96800.0000,97900.0000,76992.7734,466361
2021-07-09,96500.0000,97300.0000,94100.0000,95200.0000,74869.3750,386922
2021-07-12,96300.0000,97400.0000,96200.0000,97000.0000,76284.9688,183216
2021-07-13,97800.0000,101500.0000,97500.0000,101500.0000,79823.9688,506620
2021-07-14,101000.0000,104500.0000,100000.0000,103500.0000,81396.8594,563096
2021-07-15,103000.0000,104500.0000,102500.0000,103500.0000,81396.8594,249237
2021-07-16,102500.0000,104500.0000,102000.0000,104000.0000,81790.0781,294420
2021-07-19,102500.0000,103000.0000,101500.0000,102000.0000,80217.1875,203994
2021-07-20,100500.0000,103000.0000,100000.0000,101500.0000,79823.9688,254227
2021-07-21,103000.0000,105000.0000,102000.0000,104000.0000,81790.0781,436496
2021-07-22,105000.0000,106000.0000,102000.0000,102500.0000,80610.4141,326297
2021-07-23,104000.0000,113000.0000,103500.0000,112000.0000,88081.6250,2167518
2021-07-26,113000.0000,113000.0000,104000.0000,105000.0000,82576.5156,966754
2021-07-27,105000.0000,105500.0000,98400.0000,98900.0000,77779.2188,1304146
2021-07-28,98900.0000,100500.0000,97600.0000,98100.0000,77150.0703,426820
2021-07-29,98800.0000,99400.0000,96700.0000,97100.0000,76363.6172,360371
2021-07-30,97300.0000,97500.0000,95800.0000,95900.0000,75419.8906,292631
2021-08-02,95800.0000,96800.0000,94900.0000,95900.0000,75419.8906,199501
2021-08-03,96400.0000,99600.0000,95600.0000,96200.0000,75655.8203,439855
2021-08-04,96600.0000,98300.0000,96200.0000,98000.0000,77071.4141,354440
2021-08-05,98400.0000,98800.0000,97100.0000,97400.0000,76599.5547,254616
2021-08-06,97400.0000,99500.0000,95400.0000,96800.0000,76127.6953,733215
2021-08-09,96900.0000,101000.0000,96300.0000,97200.0000,76442.2656,837601
2021-08-10,97900.0000,98500.0000,95200.0000,96200.0000,75655.8203,418351
2021-08-11,96200.0000,97600.0000,95600.0000,96600.0000,75970.3984,315274
2021-08-12,97300.0000,97700.0000,95600.0000,95700.0000,75262.6016,295043
2021-08-13,95500.0000,97000.0000,93600.0000,94800.0000,74554.8047,290542
2021-08-17,94700.0000,96200.0000,93600.0000,93900.0000,73847.0078,254962
2021-08-18,94400.0000,96200.0000,93400.0000,95400.0000,75026.6641,244384
2021-08-19,94700.0000,94700.0000,89200.0000,90200.0000,70937.1641,473417
2021-08-20,90400.0000,92200.0000,88900.0000,89900.0000,70701.2266,382514
2021-08-23,90500.0000,91800.0000,89400.0000,90900.0000,71487.6797,240636
2021-08-24,91900.0000,93900.0000,91500.0000,93400.0000,73453.7891,204742
2021-08-25,93500.0000,94800.0000,93100.0000,94100.0000,74004.2969,162830
2021-08-26,94300.0000,95600.0000,93100.0000,93900.0000,73847.0078,192281
2021-08-27,92800.0000,94200.0000,91900.0000,94100.0000,74004.2969,186077
2021-08-30,94800.0000,95000.0000,92900.0000,92900.0000,73060.5625,151658
2021-08-31,93000.0000,95300.0000,91200.0000,95300.0000,74948.0156,341374
2021-09-01,94200.0000,95300.0000,93800.0000,94900.0000,74633.4453,143209
2021-09-02,94900.0000,96500.0000,93000.0000,93400.0000,73453.7891,244547
2021-09-03,93500.0000,94000.0000,93000.0000,93200.0000,73296.4922,125422
2021-09-06,93000.0000,93100.0000,91900.0000,92400.0000,72667.3359,152920
2021-09-07,92000.0000,92900.0000,91200.0000,91900.0000,72274.1094,147349
2021-09-08,91100.0000,92500.0000,90800.0000,91100.0000,71644.9609,264757
2021-09-09,90300.0000,91000.0000,87700.0000,87800.0000,69049.7031,533361
2021-09-10,88300.0000,89600.0000,86900.0000,89100.0000,70072.0781,270220
2021-09-13,88800.0000,89400.0000,86800.0000,88000.0000,69206.9922,230677
2021-09-14,87900.0000,89600.0000,87900.0000,88500.0000,69600.2031,178448
2021-09-15,88000.0000,89200.0000,87800.0000,88100.0000,69285.6328,202246
2021-09-16,88300.0000,88800.0000,87600.0000,88100.0000,69285.6328,134124
2021-09-17,87700.0000,90500.0000,87200.0000,90500.0000,71173.1016,351688
2021-09-23,89500.0000,89500.0000,87100.0000,87500.0000,68813.7734,295548
2021-09-24,88000.0000,88200.0000,87100.0000,87200.0000,68577.8359,153375
2021-09-27,87200.0000,87800.0000,86400.0000,87100.0000,68499.1953,131311
2021-09-28,87100.0000,89000.0000,86600.0000,86600.0000,68105.9688,231080
2021-09-29,85000.0000,85500.0000,83200.0000,83800.0000,65903.9297,373661
2021-09-30,83500.0000,87000.0000,83500.0000,86300.0000,67870.0391,356599
2021-10-01,85400.0000,86800.0000,85100.0000,85600.0000,67319.5156,178347
2021-10-05,84300.0000,85600.0000,81500.0000,82400.0000,64802.9141,359183
2021-10-06,83100.0000,84600.0000,82100.0000,82200.0000,64645.6211,298582
2021-10-07,82800.0000,85200.0000,82800.0000,85000.0000,66847.6641,166815
2021-10-08,84600.0000,85100.0000,83500.0000,83900.0000,65982.5703,154060
2021-10-12,83100.0000,84300.0000,82600.0000,83900.0000,65982.5703,220399
2021-10-13,83900.0000,85500.0000,83200.0000,84900.0000,66769.0156,166677
2021-10-14,85800.0000,86500.0000,84800.0000,85500.0000,67240.8750,215484
2021-10-15,86000.0000,87200.0000,84900.0000,86200.0000,67791.3906,170740
2021-10-18,86200.0000,87000.0000,85500.0000,86700.0000,68184.6172,144516
2021-10-19,87200.0000,87900.0000,86400.0000,86900.0000,68341.8984,92865
2021-10-20,86900.0000,87400.0000,86100.0000,86500.0000,68027.3281,107781
2021-10-21,87100.0000,90300.0000,87100.0000,88700.0000,69757.5000,313031
2021-10-22,89100.0000,89100.0000,87000.0000,87600.0000,68892.4062,193953
2021-10-25,87600.0000,88700.0000,86600.0000,88000.0000,69206.9922,135487
2021-10-26,88600.0000,90300.0000,87700.0000,89700.0000,70543.9375,230873
2021-10-27,89300.0000,89300.0000,87700.0000,88000.0000,69206.9922,236485
2021-10-28,88400.0000,88900.0000,86700.0000,86700.0000,68184.6172,233415
2021-10-29,86700.0000,87600.0000,85900.0000,87000.0000,68420.5547,182264
2021-11-01,87200.0000,87700.0000,86300.0000,86800.0000,68263.2578,165035
2021-11-02,86900.0000,88400.0000,86700.0000,87300.0000,68656.4844,204679
2021-11-03,88100.0000,89200.0000,87200.0000,87400.0000,68735.1328,251227
2021-11-04,88100.0000,88200.0000,85700.0000,85800.0000,67476.8125,238155
2021-11-05,86100.0000,86800.0000,84700.0000,86800.0000,68263.2578,181932
2021-11-08,87000.0000,88100.0000,85500.0000,87300.0000,68656.4844,202307
2021-11-09,87200.0000,88300.0000,86800.0000,87400.0000,68735.1328,177457
2021-11-10,86500.0000,87900.0000,85500.0000,86100.0000,67712.7500,144560
2021-11-11,85400.0000,85600.0000,84500.0000,85200.0000,67004.9453,223062
2021-11-12,85500.0000,87800.0000,85200.0000,87600.0000,68892.4062,172781
2021-11-15,87600.0000,88600.0000,86900.0000,88600.0000,69678.8438,212911
2021-11-16,87900.0000,89900.0000,87700.0000,89700.0000,70543.9375,189163
2021-11-17,89200.0000,89400.0000,86500.0000,87200.0000,68577.8359,200801
2021-11-18,86600.0000,86700.0000,84800.0000,85400.0000,67162.2344,217519
2021-11-19,85200.0000,85900.0000,84400.0000,84800.0000,66690.3750,186281
2021-11-22,84500.0000,85200.0000,84100.0000,85100.0000,66926.2969,127599
2021-11-23,84600.0000,85000.0000,84200.0000,84800.0000,66690.3750,115543
2021-11-24,84400.0000,84800.0000,83500.0000,83600.0000,65746.6406,158761
2021-11-25,83500.0000,84000.0000,82800.0000,83000.0000,65274.7773,85111
2021-11-26,83100.0000,83700.0000,81400.0000,81400.0000,64016.4648,190274
2021-11-29,79900.0000,80500.0000,78700.0000,78900.0000,62050.3555,295338
2021-11-30,79300.0000,79800.0000,74500.0000,75300.0000,59219.1680,494094
2021-12-01,75300.0000,77600.0000,74600.0000,77300.0000,60792.0508,236858
2021-12-02,75600.0000,80000.0000,75500.0000,80000.0000,62915.4453,203863
2021-12-03,79200.0000,81400.0000,78500.0000,81000.0000,63701.8867,160589
2021-12-06,80900.0000,83200.0000,79800.0000,82500.0000,64881.5469,186076
2021-12-07,82600.0000,83200.0000,81600.0000,82800.0000,65117.4844,132674
2021-12-08,83300.0000,84400.0000,82100.0000,82300.0000,64724.2695,172956
2021-12-09,82700.0000,84000.0000,82200.0000,83400.0000,65589.3438,331399
2021-12-10,82600.0000,83200.0000,82200.0000,82600.0000,64960.1914,101771
2021-12-13,82700.0000,85000.0000,82600.0000,83600.0000,65746.6406,178518
2021-12-14,83000.0000,84900.0000,82800.0000,84200.0000,66218.5000,187126
2021-12-15,84200.0000,84200.0000,83500.0000,84100.0000,66139.8672,78191
2021-12-16,84500.0000,84900.0000,83700.0000,84700.0000,66611.7266,102052
2021-12-17,84500.0000,86300.0000,84300.0000,86100.0000,67712.7500,167819
2021-12-20,85500.0000,86000.0000,84100.0000,84300.0000,66297.1484,194458
2021-12-21,85500.0000,85500.0000,84200.0000,84600.0000,66533.0781,100020
2021-12-22,84600.0000,85000.0000,83400.0000,83600.0000,65746.6406,117143
2021-12-23,83900.0000,84400.0000,83200.0000,83500.0000,65668.0000,107176
2021-12-24,83600.0000,85400.0000,83600.0000,84900.0000,66769.0156,166873
2021-12-27,85300.0000,85700.0000,84500.0000,84700.0000,66611.7266,133718
2021-12-28,85200.0000,85500.0000,84200.0000,85500.0000,67240.8750,269063
2021-12-29,83200.0000,83200.0000,80800.0000,81300.0000,68893.3047,373801
2021-12-30,81600.0000,81700.0000,80200.0000,80700.0000,68384.8672,131173
2022-01-04,79400.0000,79900.0000,79000.0000,79700.0000,67537.4766,129143
2022-01-05,79000.0000,79900.0000,78100.0000,78900.0000,66859.5469,208624
2022-01-06,78000.0000,78800.0000,76700.0000,76800.0000,65080.0195,282331
2022-01-07,76600.0000,79000.0000,76600.0000,78800.0000,66774.8125,178641
2022-01-10,78700.0000,80700.0000,78700.0000,80600.0000,68300.1250,209255
2022-01-11,80100.0000,80500.0000,78300.0000,78600.0000,66605.3359,181934
2022-01-12,78700.0000,82600.0000,78700.0000,82300.0000,69740.7031,297965
2022-01-13,82300.0000,82900.0000,81300.0000,81600.0000,69147.5234,220115
2022-01-14,81200.0000,81200.0000,79100.0000,79600.0000,67452.7266,165266
2022-01-17,78900.0000,79500.0000,78300.0000,78600.0000,66605.3359,113569
2022-01-18,78600.0000,79500.0000,77300.0000,77700.0000,65842.6797,119699
2022-01-19,77100.0000,79200.0000,77100.0000,77500.0000,65673.1953,166781
2022-01-20,78100.0000,78800.0000,77200.0000,77800.0000,65927.4141,126908
2022-01-21,76800.0000,77800.0000,76000.0000,76500.0000,64825.8008,185170
2022-01-24,76500.0000,76500.0000,74500.0000,75800.0000,64232.6289,197618
2022-01-25,75500.0000,75600.0000,73800.0000,74300.0000,62961.5234,208280
2022-01-26,74300.0000,74300.0000,74300.0000,74300.0000,62961.5234,0
2022-01-27,73600.0000,73600.0000,69800.0000,70600.0000,59826.1602,394196
2022-01-28,70900.0000,72800.0000,69200.0000,72500.0000,61436.2148,335202
2022-02-03,72700.0000,76900.0000,72600.0000,75400.0000,63893.6680,305988
2022-02-04,75400.0000,76800.0000,74800.0000,76800.0000,65080.0195,173829
2022-02-07,77100.0000,77600.0000,76100.0000,77000.0000,65249.5000,237221
2022-02-08,77000.0000,77000.0000,77000.0000,77000.0000,65249.5000,0
2022-02-09,77000.0000,77000.0000,77000.0000,77000.0000,65249.5000,0
2022-02-10,80100.0000,80400.0000,79100.0000,79600.0000,67452.7266,182601
2022-02-11,79400.0000,80500.0000,78500.0000,79800.0000,67622.2031,209225
2022-02-14,79400.0000,79800.0000,77700.0000,78600.0000,66605.3359,137805
2022-02-15,77900.0000,79000.0000,76900.0000,77800.0000,65927.4141,157682
2022-02-16,78400.0000,79100.0000,78200.0000,78300.0000,66351.1172,129281
2022-02-17,78700.0000,80200.0000,78100.0000,79500.0000,67367.9844,159700
2022-02-18,78000.0000,80100.0000,78000.0000,79700.0000,67537.4766,144256
2022-02-21,79700.0000,79700.0000,79700.0000,79700.0000,67537.4766,0
2022-02-22,79700.0000,79700.0000,79700.0000,79700.0000,67537.4766,0
2022-02-23,79700.0000,79700.0000,79700.0000,79700.0000,67537.4766,0
2022-02-24,78500.0000,80100.0000,78000.0000,78200.0000,66266.3672,148252
2022-02-25,78900.0000,79600.0000,77800.0000,78300.0000,66351.1172,123404
2022-02-28,78300.0000,78300.0000,78300.0000,78300.0000,66351.1172,0
2022-03-02,79100.0000,79200.0000,78300.0000,78800.0000,66774.8125,127109
2022-03-03,78700.0000,80000.0000,78100.0000,80000.0000,67791.6953,122791
2022-03-04,80000.0000,80000.0000,80000.0000,80000.0000,67791.6953,0
2022-03-07,78100.0000,78100.0000,75600.0000,76200.0000,64571.5820,138088
2022-03-08,76000.0000,77600.0000,75200.0000,77400.0000,65588.4609,142138
2022-03-10,77400.0000,77400.0000,77400.0000,77400.0000,65588.4609,0
2022-03-11,78000.0000,78400.0000,76000.0000,76500.0000,64825.8008,257893
2022-03-14,76500.0000,77200.0000,75700.0000,76100.0000,64486.8477,192236
2022-03-15,76100.0000,76100.0000,76100.0000,76100.0000,64486.8477,0
2022-03-16,75100.0000,75300.0000,73800.0000,74700.0000,63300.4883,230954
2022-03-17,74700.0000,74700.0000,74700.0000,74700.0000,63300.4883,0
2022-03-18,76600.0000,77600.0000,76000.0000,76300.0000,64656.3203,219027
2022-03-21,76500.0000,77200.0000,75900.0000,76000.0000,64402.1016,165815
2022-03-22,76500.0000,77100.0000,75800.0000,77000.0000,65249.5000,157928
2022-03-23,77600.0000,78600.0000,77000.0000,77700.0000,65842.6797,155433
2022-03-24,76900.0000,77700.0000,76500.0000,76800.0000,65080.0195,126415
2022-03-25,76900.0000,77300.0000,76000.0000,76300.0000,64656.3203,139591
2022-03-28,76000.0000,76200.0000,75100.0000,76000.0000,64402.1016,156793
2022-03-29,76200.0000,77000.0000,75800.0000,76000.0000,64402.1016,123200
2022-03-30,76500.0000,77000.0000,76100.0000,76800.0000,65080.0195,109205
2022-03-31,76500.0000,78500.0000,76500.0000,78400.0000,66435.8594,217539
2022-04-01,77600.0000,78100.0000,76700.0000,77400.0000,65588.4609,126483
2022-04-04,77900.0000,78200.0000,77000.0000,78200.0000,66266.3672,108782
2022-04-05,78200.0000,78600.0000,77300.0000,77500.0000,65673.1953,113899
2022-04-06,76900.0000,77300.0000,76100.0000,76300.0000,64656.3203,189902
2022-04-07,75800.0000,76100.0000,75300.0000,75300.0000,63808.9297,141219
2022-04-08,75600.0000,76200.0000,75300.0000,75900.0000,64317.3594,118957
2022-04-11,75900.0000,76800.0000,75500.0000,76600.0000,64910.5469,79998
2022-04-12,76300.0000,76300.0000,75000.0000,75100.0000,63639.4492,167081
2022-04-13,75700.0000,75900.0000,75100.0000,75700.0000,64147.8828,106220
2022-04-14,75800.0000,75900.0000,75100.0000,75300.0000,63808.9297,156728
2022-04-15,75100.0000,75200.0000,74400.0000,74700.0000,63300.4883,131557
2022-04-18,74700.0000,75400.0000,74500.0000,74700.0000,63300.4883,93010
2022-04-19,75200.0000,75600.0000,74700.0000,75200.0000,63724.1836,112004
2022-04-20,75000.0000,75400.0000,74600.0000,74700.0000,63300.4883,112619
2022-04-21,75200.0000,76000.0000,74700.0000,75700.0000,64147.8828,202064
2022-04-22,75100.0000,75200.0000,74300.0000,74500.0000,63131.0078,200985
2022-04-25,73500.0000,73700.0000,72500.0000,72500.0000,61436.2148,246217
2022-04-26,72700.0000,72800.0000,71500.0000,71700.0000,60758.3008,194482
2022-04-27,70000.0000,70500.0000,69500.0000,69500.0000,58894.0273,292331
2022-04-28,69800.0000,70600.0000,69100.0000,70500.0000,59741.4258,176134
2022-04-29,70000.0000,71000.0000,69600.0000,70600.0000,59826.1602,157474
2022-05-02,69600.0000,70200.0000,69500.0000,70000.0000,59317.7266,109093
2022-05-03,70200.0000,71500.0000,70200.0000,71000.0000,60165.1211,152257
2022-05-04,71200.0000,72100.0000,70900.0000,71100.0000,60249.8633,148627
2022-05-06,70700.0000,70800.0000,69400.0000,70100.0000,59402.4648,247546
2022-05-10,69700.0000,69700.0000,67500.0000,68600.0000,58131.3672,229605
2022-05-11,67700.0000,68800.0000,67500.0000,67500.0000,57199.2344,180516
2022-05-12,67000.0000,68200.0000,65900.0000,66500.0000,56351.8359,258548
2022-05-13,66800.0000,68400.0000,66300.0000,68400.0000,57961.8906,163020
2022-05-16,68600.0000,69000.0000,67900.0000,68800.0000,58300.8516,125124
2022-05-17,68800.0000,69400.0000,68500.0000,69100.0000,58555.0703,111899
2022-05-18,69200.0000,69800.0000,68600.0000,69200.0000,58639.8125,160558
2022-05-19,68000.0000,68200.0000,67100.0000,67400.0000,57114.4961,194208
2022-05-20,67900.0000,69600.0000,67300.0000,69400.0000,58809.2891,253463
2022-05-23,69500.0000,70200.0000,68600.0000,70100.0000,59402.4648,178123
2022-05-24,70100.0000,70400.0000,69100.0000,69500.0000,58894.0273,102713
2022-05-25,69400.0000,69900.0000,69000.0000,69100.0000,58555.0703,162214
2022-05-26,69100.0000,70500.0000,68600.0000,69100.0000,58555.0703,192397
2022-05-27,69600.0000,70500.0000,69400.0000,70400.0000,59656.6875,121658
2022-05-30,71000.0000,71400.0000,70100.0000,71200.0000,60334.5977,153796
2022-05-31,71000.0000,71700.0000,70300.0000,71600.0000,60673.5625,337219
2022-06-02,70500.0000,70900.0000,70000.0000,70500.0000,59741.4258,126077
2022-06-03,71100.0000,71500.0000,70600.0000,71200.0000,60334.5977,88827
2022-06-07,70500.0000,71000.0000,69100.0000,69200.0000,58639.8125,134132
2022-06-08,69300.0000,70000.0000,68600.0000,69100.0000,58555.0703,115002
2022-06-09,69000.0000,69800.0000,68700.0000,69500.0000,58894.0273,204939
2022-06-10,69000.0000,69700.0000,68300.0000,69100.0000,58555.0703,137776
2022-06-13,68000.0000,69400.0000,66500.0000,66600.0000,56436.5781,176892
2022-06-14,65600.0000,65900.0000,64200.0000,65800.0000,55758.6641,262469
2022-06-15,65100.0000,65700.0000,62400.0000,62800.0000,53216.4727,346873
2022-06-16,63700.0000,64300.0000,62900.0000,63400.0000,53724.9102,192334
2022-06-17,61600.0000,62900.0000,61500.0000,62500.0000,52962.2539,298257
2022-06-20,62300.0000,62600.0000,60300.0000,60700.0000,51436.9453,180851
2022-06-21,61500.0000,61800.0000,60300.0000,61500.0000,52114.8594,133922
2022-06-22,61800.0000,61900.0000,59400.0000,59700.0000,50589.5430,182109
2022-06-23,60300.0000,60900.0000,59100.0000,59700.0000,50589.5430,215439
2022-06-24,59600.0000,61700.0000,59200.0000,61100.0000,51775.9023,165243
2022-06-27,61900.0000,62800.0000,61200.0000,62400.0000,52877.5195,148967
2022-06-28,62400.0000,63400.0000,62300.0000,63400.0000,53724.9102,131878
2022-06-29,62500.0000,63100.0000,61900.0000,62100.0000,52623.2969,150841
2022-06-30,62100.0000,62600.0000,61200.0000,61700.0000,52284.3398,124980
2022-07-01,62500.0000,63600.0000,61600.0000,62100.0000,52623.2969,186741
2022-07-04,62200.0000,63100.0000,61500.0000,62400.0000,52877.5195,181853
2022-07-05,63200.0000,63300.0000,62100.0000,63000.0000,53385.9531,145432
2022-07-06,62200.0000,63200.0000,61900.0000,62200.0000,52708.0391,184957
2022-07-07,62900.0000,62900.0000,61500.0000,61700.0000,52284.3398,183098
2022-07-08,61900.0000,62500.0000,61400.0000,61600.0000,52199.6016,130267
2022-07-11,61300.0000,61900.0000,60600.0000,61000.0000,51691.1602,139885
2022-07-12,60900.0000,61000.0000,59300.0000,60000.0000,50843.7656,138831
2022-07-13,60500.0000,61300.0000,59800.0000,60100.0000,50928.5039,140667
2022-07-14,59500.0000,60000.0000,57600.0000,58000.0000,49148.9727,342456
2022-07-15,58200.0000,58300.0000,55300.0000,56600.0000,47962.6172,332158
2022-07-18,57400.0000,60600.0000,57400.0000,60500.0000,51267.4648,310234
2022-07-19,59800.0000,60500.0000,58800.0000,59200.0000,50165.8477,204312
2022-07-20,60600.0000,62400.0000,60200.0000,61400.0000,52030.1211,237104
2022-07-21,61600.0000,63000.0000,60700.0000,63000.0000,53385.9531,172427
2022-07-22,62400.0000,63300.0000,61800.0000,62500.0000,52962.2539,115765
2022-07-25,62000.0000,62800.0000,61400.0000,62400.0000,52877.5195,174752
2022-07-26,62000.0000,62400.0000,61200.0000,62400.0000,52877.5195,125099
2022-07-27,62400.0000,62500.0000,61500.0000,62500.0000,52962.2539,162882
2022-07-28,62400.0000,63500.0000,61900.0000,62200.0000,52708.0391,203770
2022-07-29,62600.0000,63500.0000,62100.0000,63100.0000,53470.6953,272143
2022-08-01,63100.0000,63200.0000,62300.0000,62300.0000,52792.7734,123933
2022-08-02,62100.0000,62300.0000,61400.0000,61800.0000,52369.0781,114499
2022-08-03,60700.0000,61900.0000,59500.0000,61700.0000,52284.3398,211016
2022-08-04,61900.0000,61900.0000,60400.0000,60600.0000,51352.2031,195910
2022-08-05,60900.0000,63000.0000,60600.0000,62500.0000,52962.2539,227132
2022-08-08,61700.0000,62300.0000,61500.0000,62000.0000,52538.5586,104992
2022-08-09,61700.0000,62200.0000,61200.0000,61800.0000,52369.0781,142859
2022-08-10,61800.0000,62200.0000,60400.0000,60500.0000,51267.4648,201675
2022-08-11,61200.0000,63000.0000,60800.0000,62900.0000,53301.2188,245303
2022-08-12,62600.0000,63800.0000,62500.0000,62800.0000,53216.4727,109959
2022-08-16,63500.0000,63600.0000,62100.0000,62100.0000,52623.2969,122768
2022-08-17,62300.0000,62600.0000,61600.0000,62000.0000,52538.5586,163501
2022-08-18,61400.0000,61600.0000,60800.0000,61200.0000,51860.6406,185835
2022-08-19,61200.0000,61500.0000,60300.0000,60800.0000,51521.6836,161517
2022-08-22,60300.0000,60500.0000,59100.0000,59200.0000,50165.8477,298841
2022-08-23,58800.0000,58900.0000,57700.0000,57900.0000,49064.2344,342064
2022-08-24,57900.0000,58200.0000,57300.0000,57800.0000,48979.4922,191308
2022-08-25,58100.0000,58900.0000,57700.0000,58200.0000,49318.4531,287170
2022-08-26,58800.0000,58800.0000,58200.0000,58500.0000,49572.6719,137233
2022-08-29,57000.0000,57300.0000,56400.0000,56500.0000,47877.8789,269636
2022-08-30,56500.0000,57000.0000,56400.0000,57000.0000,48301.5820,166819
2022-08-31,56500.0000,57200.0000,56000.0000,56800.0000,48132.0977,244641
2022-09-01,56400.0000,56700.0000,55600.0000,55600.0000,47115.2227,240810
2022-09-02,55700.0000,56500.0000,55600.0000,56000.0000,47454.1797,174231
2022-09-05,56000.0000,57200.0000,55800.0000,56100.0000,47538.9180,156335
2022-09-06,56100.0000,56300.0000,55700.0000,56000.0000,47454.1797,98491
2022-09-07,55600.0000,55800.0000,53700.0000,53800.0000,45589.9102,308300
2022-09-08,54400.0000,54900.0000,53600.0000,54400.0000,46098.3516,255113
2022-09-13,55100.0000,56500.0000,55100.0000,56500.0000,47877.8789,230681
2022-09-14,54300.0000,55600.0000,54300.0000,55000.0000,46606.7852,191467
2022-09-15,55200.0000,55700.0000,54800.0000,55100.0000,46691.5273,120342
2022-09-16,54700.0000,55800.0000,54300.0000,55700.0000,47199.9648,169797
2022-09-19,55600.0000,55700.0000,54800.0000,55100.0000,46691.5273,101268
2022-09-20,55900.0000,56700.0000,55600.0000,55900.0000,47369.4414,134543
2022-09-21,55300.0000,56200.0000,54900.0000,55100.0000,46691.5273,119833
2022-09-22,54600.0000,54600.0000,53400.0000,53900.0000,45674.6523,211490
2022-09-23,53900.0000,53900.0000,52500.0000,52900.0000,44827.2539,172168
2022-09-26,52100.0000,52100.0000,50100.0000,50200.0000,42539.2852,263073
2022-09-27,49850.0000,50400.0000,48750.0000,49850.0000,42242.6953,333119
2022-09-28,49350.0000,50100.0000,47950.0000,49050.0000,41564.7773,314542
2022-09-29,49450.0000,50000.0000,48050.0000,48200.0000,40844.4922,216463
2022-09-30,47950.0000,48450.0000,47150.0000,47500.0000,40251.3125,232315
2022-10-04,48000.0000,48750.0000,47650.0000,47900.0000,40590.2734,169935
2022-10-05,48650.0000,49100.0000,47000.0000,48100.0000,40759.7539,252363
2022-10-06,48150.0000,48750.0000,47900.0000,48550.0000,41141.0820,185883
2022-10-07,48150.0000,49100.0000,47850.0000,49000.0000,41522.4062,264301
2022-10-11,48000.0000,48100.0000,46600.0000,46950.0000,39785.2500,243554
2022-10-12,46350.0000,48800.0000,46250.0000,48750.0000,41310.5625,213948
2022-10-13,48950.0000,49450.0000,48000.0000,48150.0000,40802.1211,246372
2022-10-14,49150.0000,50900.0000,49050.0000,50600.0000,42878.2422,292573
2022-10-17,49800.0000,50900.0000,49550.0000,50600.0000,42878.2422,227114
2022-10-18,51300.0000,51900.0000,50800.0000,51400.0000,43556.1562,211178
2022-10-19,51400.0000,52200.0000,50800.0000,51100.0000,43301.9414,235237
2022-10-20,50500.0000,50500.0000,47200.0000,47850.0000,40547.9023,836794
2022-10-21,47800.0000,48550.0000,47500.0000,48150.0000,40802.1211,310168
2022-10-24,49150.0000,50300.0000,48400.0000,49000.0000,41522.4062,407726
2022-10-25,48900.0000,49150.0000,46900.0000,47200.0000,39997.0938,450254
2022-10-26,47500.0000,47550.0000,46450.0000,46800.0000,39658.1406,213678
2022-10-27,47250.0000,49800.0000,47050.0000,49600.0000,42030.8477,296929
2022-10-28,49500.0000,50500.0000,49300.0000,50000.0000,42369.8047,202755
2022-10-31,51200.0000,51300.0000,49100.0000,49550.0000,41988.4805,199780
2022-11-01,50000.0000,50200.0000,49300.0000,49700.0000,42115.5820,188627
2022-11-02,49550.0000,50500.0000,49400.0000,50400.0000,42708.7656,194288
2022-11-03,49350.0000,50500.0000,48850.0000,49700.0000,42115.5820,181239
2022-11-04,49550.0000,51300.0000,49500.0000,51200.0000,43386.6797,215645
2022-11-07,51300.0000,53200.0000,51300.0000,53000.0000,44911.9922,243993
2022-11-08,53500.0000,53900.0000,52300.0000,53200.0000,45081.4727,212308
2022-11-09,53500.0000,54000.0000,53200.0000,53800.0000,45589.9102,179256
2022-11-10,53200.0000,54600.0000,53100.0000,54000.0000,45759.3828,199659
2022-11-11,56000.0000,57800.0000,55700.0000,57200.0000,48471.0586,423932
2022-11-14,57200.0000,57800.0000,56700.0000,57000.0000,48301.5820,199864
2022-11-15,57000.0000,57300.0000,56500.0000,57100.0000,48386.3164,132629
2022-11-16,57200.0000,57400.0000,55900.0000,56800.0000,48132.0977,225509
2022-11-17,56100.0000,56100.0000,55000.0000,55200.0000,46776.2656,176078
2022-11-18,55200.0000,56000.0000,55100.0000,55600.0000,47115.2227,99624
2022-11-21,55800.0000,56100.0000,55300.0000,55900.0000,47369.4414,155929
2022-11-22,56100.0000,56400.0000,55600.0000,56400.0000,47793.1406,113589
2022-11-23,56200.0000,56700.0000,55800.0000,56400.0000,47793.1406,104585
2022-11-24,56900.0000,58100.0000,56700.0000,57500.0000,48725.2734,168378
2022-11-25,57800.0000,58000.0000,56800.0000,57300.0000,48555.7930,96053
2022-11-28,56700.0000,57300.0000,56200.0000,56500.0000,47877.8789,180849
2022-11-29,56300.0000,57600.0000,55500.0000,57200.0000,48471.0586,102051
2022-11-30,57200.0000,57900.0000,56900.0000,57700.0000,48894.7578,239193
2022-12-01,58400.0000,59200.0000,58200.0000,59000.0000,49996.3672,166601
2022-12-02,58900.0000,59200.0000,57700.0000,57900.0000,49064.2344,146595
2022-12-05,57900.0000,58600.0000,57300.0000,57600.0000,48810.0156,97032
2022-12-06,57500.0000,58100.0000,57200.0000,57600.0000,48810.0156,113218
2022-12-07,57600.0000,58000.0000,56800.0000,57300.0000,48555.7930,118131
2022-12-08,57700.0000,57700.0000,56500.0000,57100.0000,48386.3164,129893
2022-12-09,57500.0000,58500.0000,57000.0000,58500.0000,49572.6719,129635
2022-12-12,58600.0000,58600.0000,57600.0000,58000.0000,49148.9727,95736
2022-12-13,58900.0000,58900.0000,57600.0000,58100.0000,49233.7148,186692
2022-12-14,58800.0000,59200.0000,58100.0000,59100.0000,50081.1094,156667
2022-12-15,58900.0000,59200.0000,58000.0000,58600.0000,49657.4102,142623
2022-12-16,57600.0000,58300.0000,57200.0000,57800.0000,48979.4922,147663
2022-12-19,57400.0000,58400.0000,57200.0000,58100.0000,49233.7148,108889
2022-12-20,58500.0000,58700.0000,57600.0000,57900.0000,49064.2344,156060
2022-12-21,58600.0000,58600.0000,57500.0000,58000.0000,49148.9727,124688
2022-12-22,58300.0000,58800.0000,57900.0000,58700.0000,49742.1484,229365
2022-12-23,58100.0000,58500.0000,57300.0000,57600.0000,48810.0156,153536
2022-12-26,57700.0000,58000.0000,56900.0000,58000.0000,49148.9727,134355
2022-12-27,58300.0000,58800.0000,57700.0000,58800.0000,49826.8906,235914
2022-12-28,56400.0000,56800.0000,54200.0000,55100.0000,48592.2422,263783
2022-12-29,54500.0000,54800.0000,53200.0000,53300.0000,47004.8398,106180
2023-01-02,53400.0000,53800.0000,51800.0000,51800.0000,45682.0000,91954
2023-01-03,51800.0000,52400.0000,50800.0000,52000.0000,45858.3828,121633
2023-01-04,52000.0000,55100.0000,51500.0000,54900.0000,48415.8672,171288
2023-01-05,55000.0000,58500.0000,55000.0000,57100.0000,50356.0273,383559
2023-01-06,56500.0000,58300.0000,56500.0000,57700.0000,50885.1602,239832
2023-01-09,57800.0000,59400.0000,57700.0000,59200.0000,52208.0000,189006
2023-01-10,59100.0000,59500.0000,58400.0000,59200.0000,52208.0000,121199
2023-01-11,59200.0000,59600.0000,58200.0000,58500.0000,51590.6758,131808
2023-01-12,58400.0000,59100.0000,57700.0000,58700.0000,51767.0547,213886
2023-01-13,58700.0000,60800.0000,58700.0000,60500.0000,53354.4570,305194
2023-01-16,60700.0000,62600.0000,60200.0000,62100.0000,54765.4883,268009
2023-01-17,61900.0000,63200.0000,60800.0000,61400.0000,54148.1641,248652
2023-01-18,61100.0000,61600.0000,60400.0000,60600.0000,53442.6484,187163
2023-01-19,60100.0000,61800.0000,60000.0000,61700.0000,54412.7305,186151
2023-01-20,61000.0000,62400.0000,61000.0000,61700.0000,54412.7305,107420
2023-01-25,62000.0000,63800.0000,61900.0000,62600.0000,55206.4336,120
2023-01-26,62700.0000,63000.0000,61900.0000,62900.0000,55470.9961,334
2023-01-27,62600.0000,63800.0000,62100.0000,63500.0000,56000.1367,135
2023-01-30,63000.0000,63700.0000,62800.0000,63100.0000,55647.3789,173
2023-01-31,63500.0000,63700.0000,61900.0000,62500.0000,55118.2422,128
2023-02-01,61000.0000,62500.0000,61000.0000,62200.0000,54853.6758,32
2023-02-02,63100.0000,64200.0000,62500.0000,62700.0000,55294.6250,556
2023-02-03,62700.0000,63800.0000,62400.0000,63400.0000,55911.9414,193
2023-02-06,63100.0000,63100.0000,61400.0000,61900.0000,54589.1094,276
2023-02-07,61400.0000,62300.0000,61400.0000,62000.0000,54677.2969,439
2023-02-08,62200.0000,64800.0000,62100.0000,64400.0000,56793.8359,265
2023-02-09,63300.0000,64400.0000,62900.0000,63300.0000,55823.7578,458
2023-02-10,62500.0000,63200.0000,61800.0000,62400.0000,55030.0508,163
2023-02-13,61400.0000,62100.0000,60200.0000,61000.0000,53795.4023,119
2023-02-14,61400.0000,62200.0000,61100.0000,61600.0000,54324.5391,51
2023-02-15,61600.0000,62000.0000,59900.0000,60300.0000,53178.0781,148
2023-02-16,60800.0000,61900.0000,60300.0000,61800.0000,54500.9180,392
2023-02-17,60700.0000,61800.0000,60500.0000,61000.0000,53795.4023,121
2023-02-20,60800.0000,61300.0000,60500.0000,61000.0000,53795.4023,35
2023-02-21,60700.0000,61600.0000,60200.0000,61200.0000,53971.7852,45
2023-02-22,60300.0000,60600.0000,58600.0000,59800.0000,52737.1328,224
2023-02-23,59600.0000,60800.0000,59400.0000,60200.0000,53089.8945,101
2023-02-24,59800.0000,60900.0000,59600.0000,60100.0000,53001.7031,136
2023-02-27,60000.0000,60100.0000,59300.0000,60100.0000,53001.7031,130512
2023-02-28,60200.0000,62100.0000,59900.0000,62000.0000,54677.2969,265563
2023-03-02,61400.0000,62500.0000,60600.0000,61100.0000,53883.5938,204445
2023-03-03,61400.0000,62300.0000,60800.0000,60800.0000,53619.0273,152869
2023-03-06,61500.0000,61700.0000,60300.0000,60400.0000,53266.2695,138545
2023-03-07,60400.0000,60800.0000,59300.0000,59900.0000,52825.3242,146208
2023-03-08,58900.0000,60000.0000,58800.0000,60000.0000,52913.5117,162846
2023-03-09,60300.0000,61000.0000,59200.0000,60400.0000,53266.2695,229151
2023-03-10,59500.0000,59600.0000,57300.0000,58700.0000,51767.0547,223634
2023-03-13,59200.0000,60900.0000,58000.0000,60200.0000,53089.8945,349815
2023-03-14,59400.0000,59800.0000,56000.0000,56100.0000,49474.1328,311549
2023-03-15,57200.0000,57300.0000,54400.0000,54900.0000,48415.8672,295046
2023-03-16,54100.0000,54700.0000,53100.0000,53300.0000,47004.8398,344551
2023-03-17,54000.0000,54500.0000,53100.0000,53100.0000,46828.4609,184372
2023-03-20,53600.0000,53800.0000,52900.0000,53100.0000,46828.4609,145852
2023-03-21,53800.0000,54000.0000,53000.0000,53300.0000,47004.8398,120178
2023-03-22,54000.0000,54400.0000,53800.0000,54100.0000,47710.3516,158721
2023-03-23,54000.0000,54600.0000,53100.0000,54500.0000,48063.1094,181028
2023-03-24,54100.0000,55100.0000,54000.0000,54600.0000,48151.3008,142391
2023-03-27,55000.0000,55000.0000,53600.0000,53900.0000,47533.9727,142436
2023-03-28,54500.0000,55100.0000,53700.0000,54600.0000,48151.3008,140158
2023-03-29,54900.0000,55200.0000,53800.0000,54200.0000,47798.5391,156506
2023-03-30,54500.0000,55000.0000,54100.0000,54700.0000,48239.4844,117180
2023-03-31,54800.0000,55200.0000,54100.0000,55000.0000,48504.0547,112609
2023-04-03,55200.0000,55900.0000,54500.0000,54700.0000,48239.4844,127652
2023-04-04,55100.0000,55400.0000,54400.0000,55100.0000,48592.2422,92058
2023-04-05,55100.0000,55900.0000,54900.0000,55400.0000,48856.8125,140109
2023-04-06,55400.0000,55400.0000,53000.0000,53000.0000,46740.2695,163981
2023-04-07,53200.0000,53900.0000,52600.0000,53600.0000,47269.4062,97015
2023-04-10,53200.0000,54500.0000,53200.0000,53800.0000,47445.7812,87910
2023-04-11,53700.0000,54800.0000,53500.0000,54600.0000,48151.3008,141873
2023-04-12,54400.0000,55200.0000,54200.0000,54600.0000,48151.3008,155631
2023-04-13,54300.0000,55600.0000,54000.0000,55500.0000,48945.0000,152309
2023-04-14,55800.0000,57300.0000,55600.0000,56800.0000,50091.4609,184434
2023-04-17,56700.0000,57100.0000,55700.0000,56800.0000,50091.4609,137870
2023-04-18,56600.0000,57100.0000,55900.0000,56900.0000,50179.6484,141754
2023-04-19,57000.0000,57900.0000,56700.0000,57300.0000,50532.4062,112205
2023-04-20,57000.0000,58000.0000,56300.0000,57700.0000,50885.1602,119647
2023-04-21,57400.0000,57800.0000,56700.0000,57400.0000,50620.5938,116943
2023-04-24,57400.0000,57500.0000,55900.0000,56100.0000,49474.1328,171028
2023-04-25,56200.0000,57000.0000,55300.0000,55800.0000,49209.5664,112394
2023-04-26,55300.0000,55600.0000,54600.0000,55000.0000,48504.0547,134349
2023-04-27,55000.0000,55300.0000,53300.0000,53700.0000,47357.5938,208287
2023-04-28,53800.0000,55500.0000,53400.0000,55100.0000,48592.2422,301962
2023-05-02,55100.0000,55300.0000,53700.0000,55000.0000,48504.0547,146825
2023-05-03,54300.0000,55200.0000,54100.0000,54400.0000,47974.9219,76640
2023-05-04,53800.0000,54000.0000,52900.0000,53400.0000,47093.0234,309281
2023-05-08,53900.0000,56200.0000,53800.0000,55800.0000,49209.5664,327547
2023-05-09,55500.0000,55900.0000,54500.0000,55600.0000,49033.1875,198065
2023-05-10,55100.0000,55800.0000,54800.0000,55200.0000,48680.4336,112110
2023-05-11,55000.0000,57100.0000,55000.0000,56200.0000,49562.3242,255734
2023-05-12,56100.0000,56100.0000,55200.0000,55400.0000,48856.8125,225964
2023-05-15,54600.0000,55000.0000,54000.0000,54700.0000,48239.4844,108706
2023-05-16,54400.0000,55500.0000,54300.0000,54500.0000,48063.1094,114609
2023-05-17,54100.0000,54700.0000,54000.0000,54200.0000,47798.5391,98475
2023-05-18,54300.0000,54500.0000,53700.0000,54200.0000,47798.5391,98214
2023-05-19,54300.0000,55000.0000,54100.0000,54500.0000,48063.1094,182532
2023-05-22,54300.0000,55800.0000,54300.0000,55600.0000,49033.1875,123902
2023-05-23,56000.0000,56000.0000,54900.0000,55600.0000,49033.1875,180765
2023-05-24,55100.0000,56500.0000,54900.0000,56200.0000,49562.3242,79740
2023-05-25,55700.0000,56100.0000,55000.0000,55100.0000,48592.2422,91625
2023-05-26,54900.0000,55300.0000,54100.0000,54300.0000,47886.7266,97531
2023-05-30,54900.0000,56100.0000,54000.0000,55800.0000,49209.5664,158883
2023-05-31,55500.0000,56400.0000,55400.0000,55400.0000,48856.8125,362799
2023-06-01,55900.0000,56300.0000,54400.0000,54800.0000,48327.6719,107602
2023-06-02,55600.0000,55600.0000,55000.0000,55500.0000,48945.0000,49194
2023-06-05,55900.0000,56800.0000,55500.0000,56200.0000,49562.3242,100408
2023-06-07,56500.0000,57000.0000,55500.0000,55900.0000,49297.7578,128655
2023-06-08,55900.0000,56200.0000,55300.0000,55500.0000,48945.0000,238250
2023-06-09,56000.0000,56700.0000,55700.0000,56200.0000,49562.3242,107935
2023-06-12,56200.0000,56500.0000,55200.0000,55500.0000,48945.0000,69983
2023-06-13,55800.0000,56000.0000,55200.0000,55500.0000,48945.0000,70925
2023-06-14,55600.0000,55600.0000,54700.0000,55000.0000,48504.0547,95878
2023-06-15,55000.0000,55300.0000,54700.0000,54900.0000,48415.8672,102985
2023-06-16,55100.0000,55400.0000,54700.0000,55100.0000,48592.2422,157757
2023-06-19,55000.0000,55300.0000,53500.0000,53900.0000,47533.9727,134204
2023-06-20,53700.0000,54500.0000,53700.0000,54200.0000,47798.5391,77954
2023-06-21,54300.0000,54300.0000,53200.0000,53600.0000,47269.4062,163769
2023-06-22,53200.0000,53300.0000,52600.0000,52800.0000,46563.8906,131154
2023-06-23,52900.0000,53000.0000,50400.0000,50400.0000,44447.3477,234148
2023-06-26,50400.0000,52300.0000,50200.0000,51800.0000,45682.0000,125566
2023-06-27,51600.0000,51700.0000,50900.0000,51100.0000,45064.6758,109012
2023-06-28,51400.0000,51700.0000,51100.0000,51300.0000,45241.0547,51075
2023-06-29,50900.0000,51600.0000,50500.0000,50500.0000,44535.5391,84172
2023-06-30,51300.0000,52200.0000,50300.0000,51600.0000,45505.6211,97577
2023-07-03,51800.0000,52500.0000,51800.0000,52300.0000,46122.9453,87279
2023-07-04,52200.0000,52200.0000,51000.0000,51100.0000,45064.6758,100256
2023-07-05,51100.0000,51400.0000,50500.0000,50600.0000,44623.7305,103748
2023-07-06,50600.0000,50900.0000,48500.0000,48950.0000,43168.6094,279957
2023-07-07,48900.0000,48950.0000,47600.0000,48250.0000,42551.2852,175417
2023-07-10,47900.0000,49300.0000,47800.0000,48700.0000,42948.1367,64031
2023-07-11,49300.0000,49950.0000,48950.0000,49750.0000,43874.1172,118964
2023-07-12,49900.0000,50500.0000,49300.0000,50300.0000,44359.1602,116782
2023-07-13,50600.0000,51200.0000,50200.0000,50500.0000,44535.5391,191559
2023-07-14,50700.0000,52700.0000,50500.0000,52100.0000,45946.5703,184313
2023-07-17,51400.0000,51600.0000,50700.0000,51100.0000,45064.6758,159523
2023-07-18,51700.0000,51700.0000,50800.0000,51100.0000,45064.6758,109454
2023-07-19,51100.0000,51400.0000,50200.0000,50600.0000,44623.7305,89778
2023-07-20,50100.0000,50700.0000,49600.0000,49800.0000,43918.2148,181051
2023-07-21,49450.0000,49650.0000,48750.0000,49600.0000,43741.8398,126513
2023-07-24,49850.0000,49850.0000,48500.0000,48550.0000,42815.8516,122702
2023-07-25,48550.0000,48800.0000,48000.0000,48450.0000,42727.6602,89225
2023-07-26,48100.0000,48200.0000,46100.0000,47500.0000,41889.8633,354531
2023-07-27,47600.0000,48900.0000,47600.0000,48850.0000,43080.4180,173028
2023-07-28,48400.0000,48950.0000,47900.0000,48500.0000,42771.7539,102870
2023-07-31,49100.0000,49400.0000,48400.0000,48850.0000,43080.4180,136324
2023-08-01,48800.0000,50900.0000,48550.0000,50800.0000,44800.1094,181569
2023-08-02,50300.0000,50600.0000,49950.0000,50200.0000,44270.9766,147269
2023-08-03,50500.0000,50700.0000,49200.0000,50200.0000,44270.9766,180455
2023-08-04,50200.0000,51100.0000,50000.0000,50500.0000,44535.5391,117610
2023-08-07,51500.0000,53800.0000,51400.0000,52700.0000,46475.7031,339539
2023-08-08,52800.0000,53300.0000,52000.0000,52300.0000,46122.9453,136758
2023-08-09,52100.0000,52600.0000,51400.0000,52000.0000,45858.3828,101683
2023-08-10,51700.0000,52700.0000,51400.0000,51900.0000,45770.1875,134227
2023-08-11,51600.0000,53100.0000,51600.0000,52200.0000,46034.7539,110071
2023-08-14,52100.0000,52900.0000,51600.0000,51800.0000,45682.0000,91206
2023-08-16,51400.0000,51700.0000,50300.0000,50600.0000,44623.7305,154561
2023-08-17,50400.0000,51100.0000,49600.0000,50700.0000,44711.9219,109316
2023-08-18,49950.0000,51300.0000,49850.0000,50500.0000,44535.5391,82988
2023-08-21,50500.0000,51600.0000,50200.0000,50400.0000,44447.3477,73755
2023-08-22,50500.0000,51900.0000,50500.0000,51000.0000,44976.4844,78708
2023-08-23,50700.0000,51300.0000,50300.0000,50700.0000,44711.9219,72253
2023-08-24,51000.0000,51000.0000,50200.0000,50500.0000,44535.5391,74010
2023-08-25,50000.0000,51000.0000,50000.0000,50700.0000,44711.9219,81124
2023-08-28,51500.0000,51500.0000,50700.0000,51400.0000,45329.2422,50617
2023-08-29,51500.0000,52300.0000,51300.0000,52100.0000,45946.5703,83109
2023-08-30,52500.0000,52500.0000,51600.0000,51900.0000,45770.1875,48678
2023-08-31,51900.0000,52300.0000,51600.0000,52000.0000,45858.3828,123853
2023-09-01,51500.0000,52200.0000,51500.0000,51900.0000,45770.1875,99193
2023-09-04,51500.0000,53400.0000,51400.0000,53300.0000,47004.8398,136186
2023-09-05,52800.0000,53300.0000,52400.0000,52400.0000,46211.1328,68163
2023-09-06,52200.0000,53300.0000,52000.0000,52700.0000,46475.7031,56181
2023-09-07,52600.0000,52700.0000,51900.0000,52500.0000,46299.3242,67253
2023-09-08,52500.0000,53200.0000,52000.0000,53100.0000,46828.4609,53798
2023-09-11,53100.0000,53500.0000,52500.0000,53400.0000,47093.0234,63078
2023-09-12,53700.0000,53700.0000,52600.0000,52700.0000,46475.7031,50089
2023-09-13,52700.0000,54300.0000,52400.0000,54300.0000,47886.7266,161594
2023-09-14,54600.0000,55000.0000,53300.0000,55000.0000,48504.0547,175560
2023-09-15,55000.0000,56700.0000,54700.0000,56500.0000,49826.8906,219498
2023-09-18,55700.0000,57000.0000,55700.0000,56400.0000,49738.7031,136228
2023-09-19,56000.0000,57800.0000,56000.0000,57500.0000,50708.7852,178225
2023-09-20,57500.0000,57500.0000,56400.0000,56700.0000,50003.2695,68939
2023-09-21,56000.0000,56900.0000,55400.0000,55600.0000,49033.1875,113993
2023-09-22,55000.0000,55300.0000,54000.0000,54800.0000,48327.6719,128555
2023-09-25,54800.0000,56400.0000,54800.0000,55500.0000,48945.0000,120292
2023-09-26,55100.0000,55200.0000,53100.0000,53400.0000,47093.0234,109353
2023-09-27,53000.0000,53800.0000,52500.0000,53100.0000,46828.4609,113732
2023-10-04,52600.0000,52600.0000,50800.0000,51700.0000,45593.8086,135538
2023-10-05,51900.0000,52800.0000,51800.0000,52400.0000,46211.1328,114987
2023-10-06,52700.0000,52700.0000,51600.0000,51900.0000,45770.1875,63832
2023-10-10,52900.0000,55000.0000,52700.0000,53900.0000,47533.9727,222520
2023-10-11,54200.0000,54200.0000,52900.0000,53200.0000,46916.6484,173788
2023-10-12,53200.0000,54300.0000,52900.0000,54200.0000,47798.5391,173730
2023-10-13,53400.0000,54600.0000,53400.0000,53800.0000,47445.7812,72353
2023-10-16,53500.0000,53800.0000,52500.0000,53000.0000,46740.2695,101249
2023-10-17,53500.0000,53700.0000,52700.0000,52900.0000,46652.0781,93833
2023-10-18,52800.0000,54600.0000,52800.0000,53800.0000,47445.7812,355136
2023-10-19,53200.0000,53200.0000,51600.0000,52000.0000,45858.3828,152112
2023-10-20,51800.0000,52400.0000,51300.0000,51500.0000,45417.4297,82314
2023-10-23,51500.0000,51700.0000,48100.0000,48800.0000,43036.3242,245415
2023-10-24,48850.0000,50600.0000,48850.0000,50600.0000,44623.7305,165869
2023-10-25,51100.0000,52100.0000,50700.0000,51200.0000,45152.8633,138362
2023-10-26,50800.0000,51100.0000,49500.0000,49550.0000,43697.7461,95852
2023-10-27,50200.0000,50300.0000,49150.0000,49550.0000,43697.7461,96785
2023-10-30,49350.0000,49950.0000,49100.0000,49850.0000,43962.3125,86732
2023-10-31,50500.0000,51100.0000,50000.0000,50300.0000,44359.1602,119231
2023-11-01,50200.0000,52200.0000,50200.0000,51500.0000,45417.4297,116881
2023-11-02,52900.0000,53300.0000,52100.0000,52500.0000,46299.3242,151507
2023-11-03,53300.0000,54600.0000,52900.0000,54200.0000,47798.5391,134452
2023-11-06,55000.0000,58500.0000,55000.0000,58500.0000,51590.6758,312305
2023-11-07,57900.0000,57900.0000,56200.0000,57300.0000,50532.4062,113038
2023-11-08,58300.0000,58300.0000,56000.0000,56300.0000,49650.5156,65998
2023-11-09,55900.0000,57400.0000,55900.0000,57100.0000,50356.0273,94456
2023-11-10,56700.0000,57200.0000,56200.0000,56900.0000,50179.6484,44367
2023-11-13,57900.0000,57900.0000,56900.0000,57400.0000,50620.5938,63644
2023-11-14,58200.0000,58300.0000,57400.0000,58300.0000,51414.3008,91456
2023-11-15,59200.0000,59300.0000,58400.0000,59100.0000,52119.8086,100687
2023-11-16,58400.0000,59200.0000,58000.0000,59200.0000,52208.0000,53092
2023-11-17,59100.0000,59100.0000,57600.0000,57900.0000,51061.5391,66069
2023-11-20,57900.0000,58600.0000,57500.0000,58400.0000,51502.4844,44127
2023-11-21,59000.0000,59000.0000,58500.0000,58800.0000,51855.2461,39971
2023-11-22,58100.0000,58800.0000,57700.0000,58500.0000,51590.6758,55940
2023-11-23,58100.0000,58700.0000,58100.0000,58600.0000,51678.8633,41031
2023-11-24,59000.0000,59000.0000,58000.0000,58000.0000,51149.7305,23187
2023-11-27,58000.0000,58800.0000,57800.0000,58800.0000,51855.2461,37979
2023-11-28,59200.0000,59200.0000,58300.0000,58900.0000,51943.4336,51431
2023-11-29,58400.0000,58800.0000,57900.0000,58200.0000,51326.1055,40440
2023-11-30,58600.0000,59900.0000,57500.0000,59900.0000,52825.3242,171083
2023-12-01,59400.0000,60200.0000,58700.0000,58700.0000,51767.0547,65779
2023-12-04,59500.0000,60200.0000,58900.0000,59600.0000,52560.7578,82511
2023-12-05,59200.0000,60500.0000,59200.0000,59900.0000,52825.3242,74382
2023-12-06,59900.0000,62300.0000,59700.0000,61700.0000,54412.7305,154688
2023-12-07,61100.0000,61800.0000,60800.0000,61200.0000,53971.7852,56648
2023-12-08,61900.0000,62200.0000,61300.0000,61500.0000,54236.3477,77573
2023-12-11,61900.0000,62700.0000,61000.0000,62500.0000,55118.2422,86756
2023-12-12,63000.0000,63300.0000,61700.0000,62500.0000,55118.2422,149241
2023-12-13,62600.0000,62800.0000,60900.0000,61200.0000,53971.7852,61001
2023-12-14,62200.0000,63300.0000,62200.0000,63100.0000,55647.3789,213625
2023-12-15,63100.0000,63500.0000,62500.0000,62700.0000,55294.6250,109384
2023-12-18,62200.0000,62700.0000,61500.0000,62400.0000,55030.0508,50554
2023-12-19,62400.0000,63100.0000,62200.0000,62700.0000,55294.6250,63528
2023-12-20,63300.0000,63800.0000,62900.0000,63300.0000,55823.7578,80188
2023-12-21,63000.0000,63100.0000,61900.0000,62700.0000,55294.6250,48973
2023-12-22,63100.0000,63100.0000,61300.0000,62000.0000,54677.2969,76787
2023-12-26,62500.0000,64000.0000,61600.0000,63100.0000,55647.3789,208594
2023-12-27,61000.0000,61500.0000,59100.0000,60000.0000,55233.1289,166717
2023-12-28,59000.0000,61300.0000,59000.0000,61300.0000,56429.8477,143713
2024-01-02,60300.0000,60900.0000,58500.0000,59200.0000,54496.6875,122189
2024-01-03,58500.0000,59000.0000,56300.0000,56400.0000,51919.1445,190241
2024-01-04,56300.0000,56700.0000,55300.0000,55700.0000,51274.7578,111902
2024-01-05,55600.0000,55600.0000,54200.0000,54500.0000,50170.0938,145318
2024-01-08,54500.0000,55000.0000,53700.0000,54100.0000,49801.8711,83814
2024-01-09,54900.0000,54900.0000,54000.0000,54200.0000,49893.9258,109829
2024-01-10,54200.0000,54500.0000,53400.0000,53800.0000,49525.7070,83160
2024-01-11,54300.0000,56500.0000,54200.0000,55700.0000,51274.7578,190517
2024-01-12,55700.0000,56900.0000,55000.0000,56200.0000,51735.0312,125994
2024-01-15,56300.0000,56400.0000,55800.0000,56000.0000,51550.9219,8165
2024-01-16,55500.0000,57300.0000,54800.0000,56800.0000,52287.3633,178027
2024-01-17,57400.0000,57400.0000,55700.0000,55900.0000,51458.8633,85370
2024-01-18,55600.0000,56300.0000,55000.0000,55300.0000,50906.5312,80157
2024-01-19,55800.0000,56300.0000,55400.0000,56100.0000,51642.9766,75232
2024-01-22,56300.0000,56700.0000,55600.0000,55600.0000,51182.6992,63721
2024-01-23,56300.0000,57100.0000,55800.0000,57100.0000,52563.5312,64251
2024-01-24,57200.0000,58500.0000,56600.0000,57600.0000,53023.8047,96055
2024-01-25,58100.0000,58400.0000,57200.0000,58200.0000,53576.1367,74592
2024-01-26,57600.0000,59400.0000,57500.0000,58600.0000,53944.3555,90762
2024-01-29,58800.0000,59500.0000,57400.0000,58700.0000,54036.4141,93784
2024-01-30,58700.0000,62000.0000,58700.0000,61400.0000,56521.9023,215559
2024-01-31,61300.0000,61700.0000,60200.0000,61400.0000,56521.9023,120371
2024-02-01,61000.0000,66700.0000,60500.0000,66200.0000,60940.5547,461141
2024-02-02,65800.0000,67100.0000,64500.0000,66300.0000,61032.6094,341473
2024-02-05,66700.0000,67000.0000,62800.0000,64600.0000,59467.6680,217490
2024-02-06,64000.0000,65100.0000,63200.0000,63500.0000,58455.0625,128147
2024-02-07,64000.0000,65400.0000,61800.0000,65100.0000,59927.9453,250106
2024-02-08,65700.0000,66200.0000,64600.0000,65100.0000,59927.9453,146349
2024-02-13,66000.0000,67000.0000,65200.0000,65900.0000,60664.3867,126036
2024-02-14,65300.0000,67200.0000,65200.0000,67200.0000,61861.1055,220091
2024-02-15,67800.0000,67800.0000,65500.0000,65900.0000,60664.3867,121793
2024-02-16,66300.0000,69600.0000,65600.0000,69600.0000,64070.4297,311138
2024-02-19,69200.0000,71200.0000,69200.0000,70900.0000,65267.1484,269231
2024-02-20,70700.0000,71000.0000,68800.0000,69300.0000,63794.2617,171168
2024-02-21,69600.0000,71400.0000,69000.0000,70500.0000,64898.9297,198555
2024-02-22,71000.0000,71000.0000,68000.0000,70200.0000,64622.7656,186668
2024-02-23,70400.0000,72000.0000,70300.0000,71000.0000,65359.2031,158095
2024-02-26,70500.0000,70800.0000,68700.0000,69500.0000,63978.3711,202174
2024-02-27,69500.0000,70800.0000,68600.0000,69000.0000,63518.1016,177352
2024-02-28,69600.0000,70700.0000,67600.0000,70500.0000,64898.9297,106381
2024-02-29,69800.0000,71400.0000,69700.0000,71000.0000,65359.2031,142684
2024-03-04,71500.0000,73800.0000,71500.0000,73600.0000,67752.6406,274452
2024-03-05,74000.0000,75200.0000,73300.0000,74100.0000,68212.9219,188756
2024-03-06,73500.0000,73700.0000,70800.0000,71200.0000,65543.3125,161777
2024-03-07,71600.0000,71900.0000,70800.0000,71400.0000,65727.4297,91073
2024-03-08,72300.0000,72600.0000,71300.0000,71900.0000,66187.6953,104401
2024-03-11,70900.0000,71000.0000,67600.0000,67800.0000,62413.4336,208204
2024-03-12,67800.0000,68400.0000,66200.0000,67300.0000,61953.1602,137158
2024-03-13,67900.0000,70400.0000,67800.0000,69700.0000,64162.4844,191670
2024-03-14,69800.0000,72500.0000,67700.0000,72500.0000,66740.0312,311465
2024-03-15,71800.0000,73000.0000,69500.0000,70000.0000,64438.6523,276998
2024-03-18,70100.0000,70800.0000,68200.0000,69100.0000,63610.1562,135090
2024-03-19,68100.0000,69300.0000,68000.0000,69000.0000,63518.1016,119740
2024-03-20,70200.0000,71700.0000,69600.0000,71300.0000,65635.3672,166929
2024-03-21,71500.0000,72900.0000,70800.0000,72800.0000,67016.2031,193009
2024-03-22,71400.0000,73000.0000,70600.0000,71400.0000,65727.4297,125123
2024-03-25,71000.0000,71100.0000,68400.0000,69200.0000,63702.2148,159415
2024-03-26,69700.0000,70200.0000,69000.0000,69400.0000,63886.3164,97871
2024-03-27,68500.0000,69400.0000,68500.0000,68700.0000,63241.9336,101567
2024-03-28,68300.0000,69400.0000,66400.0000,66600.0000,61308.7734,247149
2024-03-29,66900.0000,67100.0000,66200.0000,66600.0000,61308.7734,84810
2024-04-01,67400.0000,67500.0000,66000.0000,66800.0000,61492.8828,112866
2024-04-02,66000.0000,68000.0000,65500.0000,67500.0000,62137.2734,127148
2024-04-03,66500.0000,67500.0000,65500.0000,65800.0000,60572.3320,110121
2024-04-04,67300.0000,67900.0000,65900.0000,67200.0000,61861.1055,187072
2024-04-05,66400.0000,67900.0000,66000.0000,66400.0000,61124.6641,58231
2024-04-08,66400.0000,67800.0000,65900.0000,67700.0000,62321.3828,67406
2024-04-09,67700.0000,68000.0000,65500.0000,65700.0000,60480.2773,67819
2024-04-11,64500.0000,65000.0000,63100.0000,63800.0000,58731.2305,219653
2024-04-12,63400.0000,64500.0000,62500.0000,62800.0000,57810.6758,128173
2024-04-15,62100.0000,63600.0000,61400.0000,63300.0000,58270.9531,63152
2024-04-16,62200.0000,64000.0000,61500.0000,61700.0000,56798.0664,94347
2024-04-17,61900.0000,62000.0000,60900.0000,60900.0000,56061.6250,70475
2024-04-18,61500.0000,62300.0000,61000.0000,61800.0000,56890.1250,69302
2024-04-19,60900.0000,61700.0000,60200.0000,60900.0000,56061.6250,133807
2024-04-22,62200.0000,66400.0000,61700.0000,65900.0000,60664.3867,213517
2024-04-23,65200.0000,66400.0000,64600.0000,64600.0000,59467.6680,89773
2024-04-24,65000.0000,66900.0000,64700.0000,65500.0000,60296.1680,84003
2024-04-25,64900.0000,66500.0000,64900.0000,66000.0000,60756.4414,88210
2024-04-26,66600.0000,67600.0000,65800.0000,66800.0000,61492.8828,76855
2024-04-29,67600.0000,67600.0000,66200.0000,67200.0000,61861.1055,96627
2024-04-30,66400.0000,67600.0000,66400.0000,67400.0000,62045.2148,97423
2024-05-02,66400.0000,67100.0000,64000.0000,64900.0000,59743.8359,122685
2024-05-03,65800.0000,65900.0000,64700.0000,65400.0000,60204.1094,79387
2024-05-07,66100.0000,66700.0000,65000.0000,66000.0000,60756.4414,85343
2024-05-08,67900.0000,70400.0000,67300.0000,69100.0000,63610.1562,272426
2024-05-09,69100.0000,70300.0000,68200.0000,68300.0000,62873.7148,123435
2024-05-10,69300.0000,70700.0000,68700.0000,69800.0000,64254.5391,148388
2024-05-13,70100.0000,70800.0000,69100.0000,69900.0000,64346.5977,101735
2024-05-14,70600.0000,71000.0000,69500.0000,70600.0000,64990.9805,135866
2024-05-16,71200.0000,72400.0000,70900.0000,70900.0000,65267.1484,133693
2024-05-17,70100.0000,71100.0000,69700.0000,69800.0000,64254.5391,56699
2024-05-20,70400.0000,72100.0000,69800.0000,70000.0000,64438.6523,96352
2024-05-21,69400.0000,70700.0000,69100.0000,69600.0000,64070.4297,62226
2024-05-22,69200.0000,70300.0000,68400.0000,69600.0000,64070.4297,68719
2024-05-23,68600.0000,69400.0000,68400.0000,68400.0000,62965.7656,49468
2024-05-24,67800.0000,69000.0000,66700.0000,67500.0000,62137.2734,88724
2024-05-27,67500.0000,68400.0000,66900.0000,67100.0000,61769.0469,79827
2024-05-28,66500.0000,67100.0000,65600.0000,66000.0000,60756.4414,132014
2024-05-29,65200.0000,65900.0000,64600.0000,65400.0000,60204.1094,142840
2024-05-30,64600.0000,65500.0000,64000.0000,64500.0000,59375.6172,93894
2024-05-31,65200.0000,66100.0000,64300.0000,65200.0000,60020.0039,234987
2024-06-03,66000.0000,66800.0000,65300.0000,65400.0000,60204.1094,97746
2024-06-04,64800.0000,66300.0000,63800.0000,63800.0000,58731.2305,90289
2024-06-05,64200.0000,65700.0000,63000.0000,65100.0000,59927.9453,130706
2024-06-07,65300.0000,68300.0000,65300.0000,67700.0000,62321.3828,203558
2024-06-10,66500.0000,69300.0000,65900.0000,68400.0000,62965.7656,140942
2024-06-11,68400.0000,69400.0000,67100.0000,67200.0000,61861.1055,88535
2024-06-12,67100.0000,67900.0000,66100.0000,66400.0000,61124.6641,67741
2024-06-13,67100.0000,69200.0000,66200.0000,66200.0000,60940.5547,245884
2024-06-14,65900.0000,66500.0000,65200.0000,65200.0000,60020.0039,117302
2024-06-17,65600.0000,66100.0000,64300.0000,64900.0000,59743.8359,111330
2024-06-18,65600.0000,67800.0000,64700.0000,67000.0000,61676.9961,169295
2024-06-19,67900.0000,68000.0000,66400.0000,67000.0000,61676.9961,96046
2024-06-20,67100.0000,68700.0000,66700.0000,68300.0000,62873.7148,125146
2024-06-21,67800.0000,68200.0000,66900.0000,67200.0000,61861.1055,123127
2024-06-24,66800.0000,67300.0000,66200.0000,66900.0000,61584.9414,79962
2024-06-25,67500.0000,68100.0000,65900.0000,67800.0000,62413.4336,109095
2024-06-26,67100.0000,68400.0000,66000.0000,68400.0000,62965.7656,132096
2024-06-27,67200.0000,67800.0000,65900.0000,67300.0000,61953.1602,125889
2024-06-28,67800.0000,70400.0000,67400.0000,70000.0000,64438.6523,189263
2024-07-01,69300.0000,69600.0000,67900.0000,68600.0000,63149.8789,88700
2024-07-02,67800.0000,69500.0000,67400.0000,68800.0000,63333.9883,105892
2024-07-03,69400.0000,72500.0000,68600.0000,70400.0000,64806.8750,200595
2024-07-04,70500.0000,73000.0000,70400.0000,72300.0000,66555.9219,212845
2024-07-05,72300.0000,73200.0000,71600.0000,72200.0000,66463.8672,118713
2024-07-08,71500.0000,72100.0000,70900.0000,71700.0000,66003.5938,104220
2024-07-09,72400.0000,72400.0000,70200.0000,71000.0000,65359.2031,95798
2024-07-10,70200.0000,71200.0000,69900.0000,70200.0000,64622.7656,67939
2024-07-11,71000.0000,73100.0000,70800.0000,71600.0000,65911.5391,248086
2024-07-12,72300.0000,72400.0000,70600.0000,71500.0000,65819.4844,110104
2024-07-15,72000.0000,72900.0000,70800.0000,71900.0000,66187.6953,136836
2024-07-16,72300.0000,74600.0000,71600.0000,73000.0000,67200.3125,216498
2024-07-17,73300.0000,77700.0000,72700.0000,75200.0000,69225.5234,471821
2024-07-18,75000.0000,75200.0000,73500.0000,74300.0000,68397.0234,166896
2024-07-19,73500.0000,74800.0000,72100.0000,73700.0000,67844.6953,139162
2024-07-22,73600.0000,73900.0000,71800.0000,72500.0000,66740.0312,87585
2024-07-23,73300.0000,76200.0000,72400.0000,72600.0000,66832.0859,194486
2024-07-24,72200.0000,73400.0000,70700.0000,71000.0000,65359.2031,168056
2024-07-25,70600.0000,70700.0000,68900.0000,70000.0000,64438.6523,100909
2024-07-26,70500.0000,72300.0000,70000.0000,71800.0000,66095.6406,118565
2024-07-29,72400.0000,75000.0000,71800.0000,73400.0000,67568.5234,198895
2024-07-30,72700.0000,73700.0000,72200.0000,72400.0000,66647.9766,128901
2024-07-31,73000.0000,74000.0000,72500.0000,73200.0000,67384.4141,121516
2024-08-01,73200.0000,74700.0000,72300.0000,73000.0000,67200.3125,133213
2024-08-02,71900.0000,73000.0000,70000.0000,70700.0000,65083.0352,161438
2024-08-05,69100.0000,69300.0000,62900.0000,63700.0000,58639.1719,245906
2024-08-06,65500.0000,68200.0000,64800.0000,66300.0000,61032.6094,251547
2024-08-07,64900.0000,68600.0000,64800.0000,67300.0000,61953.1602,108232
2024-08-08,67000.0000,70800.0000,66800.0000,69500.0000,63978.3711,258627
2024-08-09,70000.0000,71400.0000,69400.0000,70400.0000,64806.8750,104061
2024-08-12,71200.0000,71900.0000,70500.0000,70800.0000,65175.0898,64885
2024-08-13,70300.0000,71400.0000,69600.0000,70600.0000,64990.9805,101500
2024-08-14,71300.0000,71300.0000,69800.0000,70600.0000,64990.9805,105589
2024-08-16,71300.0000,73300.0000,71300.0000,71600.0000,65911.5391,137007
2024-08-19,72400.0000,74000.0000,71900.0000,73500.0000,67660.5859,157969
2024-08-20,73900.0000,74500.0000,73000.0000,74100.0000,68212.9219,103686
2024-08-21,74500.0000,75000.0000,73800.0000,74800.0000,68857.3047,97425
2024-08-22,75000.0000,75000.0000,72700.0000,73300.0000,67476.4688,136593
2024-08-23,73500.0000,75800.0000,73000.0000,75000.0000,69041.4141,139292
2024-08-26,75000.0000,76500.0000,74500.0000,75600.0000,69593.7422,151435
2024-08-27,76200.0000,76300.0000,73700.0000,74800.0000,68857.3047,98547
2024-08-28,74800.0000,75400.0000,73500.0000,74200.0000,68304.9766,105205
2024-08-29,73900.0000,75400.0000,73000.0000,73100.0000,67292.3594,92379
2024-08-30,73900.0000,73900.0000,72700.0000,72800.0000,67016.2031,135829
2024-09-02,73100.0000,74400.0000,72700.0000,74000.0000,68120.8594,113252
2024-09-03,74000.0000,75000.0000,73700.0000,74600.0000,68673.1875,81899
2024-09-04,73400.0000,74000.0000,72000.0000,72300.0000,66555.9219,138859
2024-09-05,72500.0000,73400.0000,70800.0000,71600.0000,65911.5391,120800
2024-09-06,72200.0000,72200.0000,69600.0000,70600.0000,64990.9805,108690
2024-09-09,69600.0000,70400.0000,68400.0000,70100.0000,64530.7070,92252
2024-09-10,70400.0000,70900.0000,69300.0000,69700.0000,64162.4844,61840
2024-09-11,70300.0000,70300.0000,67600.0000,68300.0000,62873.7148,70939
2024-09-12,68800.0000,69500.0000,68200.0000,69000.0000,63518.1016,123225
2024-09-13,70000.0000,73500.0000,69400.0000,72900.0000,67108.2578,177727
2024-09-19,75000.0000,75600.0000,73700.0000,75500.0000,69501.6953,215794
2024-09-20,75800.0000,75800.0000,73000.0000,73000.0000,67200.3125,171404
2024-09-23,74400.0000,74400.0000,72700.0000,73600.0000,67752.6406,84651
2024-09-24,74100.0000,74400.0000,72600.0000,73700.0000,67844.6953,99061
2024-09-25,74600.0000,75200.0000,71800.0000,72100.0000,66371.8125,175732
2024-09-26,72500.0000,75600.0000,72400.0000,75600.0000,69593.7422,129599
2024-09-27,75600.0000,76100.0000,74800.0000,75200.0000,69225.5234,91290
2024-09-30,76300.0000,76400.0000,73400.0000,73400.0000,67568.5234,126367
2024-10-02,72300.0000,74600.0000,71500.0000,74600.0000,68673.1875,99241
2024-10-04,74900.0000,74900.0000,73700.0000,74500.0000,68581.1328,67252
2024-10-07,73900.0000,74900.0000,73000.0000,74800.0000,68857.3047,78902
2024-10-08,74500.0000,74500.0000,71200.0000,71800.0000,66095.6406,158633
2024-10-10,73000.0000,75600.0000,72300.0000,74000.0000,68120.8594,328859
2024-10-11,75300.0000,76700.0000,74200.0000,76700.0000,70606.3516,178583
2024-10-14,76900.0000,78200.0000,76000.0000,77200.0000,71066.6250,203423
2024-10-15,77100.0000,77200.0000,76000.0000,76600.0000,70514.2969,93706
2024-10-16,76300.0000,77900.0000,76200.0000,77700.0000,71526.9062,176362
2024-10-17,77900.0000,78200.0000,76800.0000,77000.0000,70882.5156,151341
2024-10-18,77700.0000,78700.0000,77100.0000,77500.0000,71342.7969,124299
2024-10-21,77700.0000,78400.0000,77300.0000,78100.0000,71895.1172,98300
2024-10-22,77300.0000,79300.0000,77200.0000,79000.0000,72723.6250,184153
2024-10-23,79300.0000,79300.0000,77000.0000,77400.0000,71250.7344,124376
2024-10-24,77100.0000,78100.0000,76700.0000,77600.0000,71434.8516,88153
2024-10-25,78000.0000,79900.0000,77300.0000,79200.0000,72907.7344,168571
2024-10-28,79500.0000,79700.0000,77400.0000,78500.0000,72263.3438,90574
2024-10-29,78600.0000,79300.0000,78100.0000,78800.0000,72539.5078,87140
2024-10-30,79000.0000,79000.0000,77200.0000,78100.0000,71895.1172,165140
2024-10-31,77500.0000,77800.0000,76000.0000,77100.0000,70974.5703,132674
2024-11-01,76500.0000,77900.0000,76200.0000,77900.0000,71711.0156,74599
2024-11-04,77300.0000,77700.0000,75300.0000,77700.0000,71526.9062,179408
2024-11-05,76400.0000,78000.0000,76200.0000,77900.0000,71711.0156,87397
2024-11-06,78100.0000,79100.0000,77500.0000,79100.0000,72815.6797,124146
2024-11-07,79000.0000,79700.0000,77000.0000,77200.0000,71066.6250,143722
2024-11-08,77800.0000,77900.0000,76600.0000,77200.0000,71066.6250,91128
2024-11-11,76600.0000,78900.0000,76500.0000,77600.0000,71434.8516,113437
2024-11-12,77100.0000,78300.0000,76800.0000,76800.0000,70698.4062,113779
2024-11-13,76300.0000,76700.0000,74100.0000,74800.0000,68857.3047,126749
2024-11-14,73800.0000,74200.0000,71300.0000,71300.0000,65635.3672,295182
2024-11-15,71900.0000,73300.0000,71500.0000,72800.0000,67016.2031,135816
2024-11-18,72000.0000,74400.0000,72000.0000,73300.0000,67476.4688,163264
2024-11-19,72800.0000,74200.0000,72800.0000,73400.0000,67568.5234,118814
2024-11-20,72800.0000,75000.0000,72800.0000,74400.0000,68489.0781,63764
2024-11-21,74400.0000,75300.0000,74000.0000,74400.0000,68489.0781,70160
2024-11-22,75300.0000,75400.0000,73900.0000,74700.0000,68765.2422,61532
2024-11-25,74900.0000,75200.0000,73100.0000,73100.0000,67292.3594,224120
2024-11-26,72900.0000,74000.0000,72900.0000,74000.0000,68120.8594,76674
2024-11-27,73500.0000,75900.0000,73300.0000,75800.0000,69777.8516,109249
2024-11-28,75100.0000,75700.0000,74400.0000,75000.0000,69041.4141,98662
2024-11-29,75700.0000,75700.0000,73500.0000,74700.0000,68765.2422,91833
2024-12-02,76000.0000,76500.0000,74600.0000,76500.0000,70422.2422,106268
2024-12-03,77300.0000,80900.0000,76500.0000,80800.0000,74380.6094,271154
2024-12-04,79500.0000,79500.0000,76800.0000,78100.0000,71895.1172,185047
2024-12-05,77400.0000,77700.0000,76000.0000,76800.0000,70698.4062,118034
2024-12-06,77500.0000,78000.0000,74900.0000,76400.0000,70330.1875,112425
2024-12-09,76300.0000,76400.0000,73100.0000,73300.0000,67476.4688,171987
2024-12-10,74400.0000,74600.0000,73200.0000,74000.0000,68120.8594,94602
2024-12-11,73300.0000,75100.0000,73200.0000,75000.0000,69041.4141,65420
2024-12-12,75500.0000,76900.0000,75000.0000,76000.0000,69961.9609,235004
2024-12-13,75500.0000,78200.0000,75200.0000,77400.0000,71250.7344,137848
2024-12-16,77500.0000,78700.0000,77200.0000,77500.0000,71342.7969,109749
2024-12-17,76800.0000,77500.0000,73500.0000,74700.0000,68765.2422,183275
2024-12-18,75200.0000,77000.0000,73700.0000,76600.0000,70514.2969,115985
2024-12-19,75100.0000,76000.0000,74400.0000,74400.0000,68489.0781,102369
2024-12-20,73700.0000,74100.0000,71500.0000,72000.0000,66279.7500,194341
2024-12-23,72300.0000,74300.0000,72300.0000,73900.0000,68028.8047,86186
2024-12-24,74000.0000,74300.0000,72800.0000,73300.0000,67476.4688,63712
2024-12-26,73300.0000,73300.0000,72500.0000,72500.0000,66740.0312,148989
2024-12-27,71500.0000,72300.0000,70000.0000,70600.0000,64990.9805,119871
2024-12-30,70200.0000,72600.0000,70100.0000,71300.0000,65635.3672,111527
2025-01-02,71400.0000,72500.0000,70600.0000,70700.0000,65083.0352,84601
2025-01-03,70700.0000,72300.0000,70700.0000,71100.0000,65451.2578,105083
2025-01-06,71000.0000,72900.0000,71000.0000,72200.0000,66463.8672,136697
2025-01-07,72100.0000,75300.0000,72100.0000,74600.0000,68673.1875,152217
2025-01-08,73600.0000,74800.0000,72800.0000,73600.0000,67752.6406,154304
2025-01-09,73000.0000,74800.0000,73000.0000,73600.0000,67752.6406,188599
2025-01-10,73400.0000,76000.0000,73300.0000,74600.0000,68673.1875,181453
2025-01-13,73900.0000,74500.0000,72600.0000,72800.0000,67016.2031,129226
2025-01-14,72800.0000,74900.0000,72200.0000,73800.0000,67936.7500,142039
2025-01-15,74600.0000,76000.0000,74300.0000,74900.0000,68949.3594,154931
2025-01-16,75500.0000,76600.0000,75000.0000,76600.0000,70514.2969,151846
2025-01-17,75900.0000,77100.0000,75500.0000,75700.0000,69685.7969,92411
2025-01-20,75700.0000,76800.0000,75000.0000,75400.0000,69409.6328,85434
2025-01-21,76100.0000,77500.0000,75800.0000,76900.0000,70790.4609,121463
2025-01-22,77400.0000,77700.0000,76700.0000,76800.0000,70698.4062,100518
2025-01-23,77400.0000,78400.0000,76700.0000,76800.0000,70698.4062,133647
2025-01-24,76900.0000,78200.0000,76100.0000,77500.0000,71342.7969,101861
2025-01-31,78400.0000,80300.0000,76800.0000,79500.0000,73183.8984,122275
2025-02-03,78300.0000,78900.0000,77300.0000,77700.0000,71526.9062,98222
2025-02-04,78500.0000,79600.0000,77800.0000,79000.0000,72723.6250,92781
2025-02-05,79800.0000,79800.0000,78100.0000,79000.0000,72723.6250,84651
2025-02-06,79000.0000,79500.0000,78300.0000,79200.0000,72907.7344,69499
2025-02-07,78500.0000,81000.0000,78400.0000,80300.0000,73920.3438,146138
2025-02-10,80300.0000,80300.0000,77900.0000,78000.0000,71803.0703,126445
2025-02-11,78100.0000,79200.0000,77500.0000,78600.0000,72355.3984,84883
2025-02-12,79300.0000,81400.0000,78800.0000,79400.0000,73091.8359,172521
2025-02-13,79300.0000,79400.0000,78000.0000,78100.0000,71895.1172,214040
2025-02-14,78600.0000,80800.0000,78600.0000,80100.0000,73736.2266,227620
2025-02-17,80700.0000,81500.0000,79700.0000,81000.0000,74564.7266,138951
2025-02-18,80200.0000,81400.0000,80200.0000,80800.0000,74380.6094,115619
2025-02-19,80300.0000,81500.0000,80300.0000,80500.0000,74104.4531,82179
2025-02-20,80200.0000,82200.0000,80200.0000,81400.0000,74932.9453,135178
2025-02-21,81400.0000,82900.0000,81300.0000,81600.0000,75117.0625,122598
2025-02-24,81600.0000,82700.0000,81100.0000,82500.0000,75945.5547,97521
2025-02-25,81700.0000,83100.0000,81200.0000,81700.0000,75209.1172,153931
2025-02-26,81900.0000,82400.0000,81000.0000,81500.0000,75025.0000,171338
2025-02-27,79000.0000,79300.0000,77500.0000,78900.0000,76360.5859,195748
2025-02-28,77700.0000,79600.0000,77100.0000,79600.0000,77038.0547,234232
2025-03-04,78700.0000,79700.0000,75400.0000,75600.0000,73166.7969,165718
2025-03-05,75800.0000,76600.0000,74100.0000,75700.0000,73263.5781,110279
2025-03-06,75300.0000,78000.0000,75300.0000,77100.0000,74618.5234,133997
2025-03-07,77400.0000,77400.0000,74600.0000,75000.0000,72586.1094,95494
2025-03-10,74300.0000,75700.0000,74300.0000,74500.0000,72102.2031,126540
2025-03-11,73400.0000,74600.0000,73000.0000,73800.0000,71424.7344,107772
2025-03-12,73500.0000,75500.0000,73500.0000,74800.0000,72392.5469,92402
2025-03-13,74800.0000,76000.0000,74300.0000,74600.0000,72198.9844,266561
2025-03-14,74600.0000,74600.0000,73500.0000,73800.0000,71424.7344,116463
2025-03-17,74300.0000,75800.0000,74200.0000,75500.0000,73070.0156,139749
2025-03-18,76200.0000,76500.0000,75500.0000,75500.0000,73070.0156,91100
2025-03-19,76200.0000,76900.0000,75500.0000,76500.0000,74037.8359,118358
2025-03-20,76400.0000,78200.0000,76400.0000,76600.0000,74134.6172,127152
2025-03-21,76100.0000,77400.0000,76000.0000,76300.0000,73844.2656,172318
2025-03-24,76000.0000,77200.0000,75100.0000,75100.0000,72682.8906,130049
2025-03-25,75100.0000,76400.0000,74600.0000,75000.0000,72586.1094,150688
2025-03-26,75700.0000,76600.0000,74750.0000,76100.0000,73650.7031,103370
2025-03-27,75100.0000,76200.0000,74500.0000,74500.0000,72102.2031,59353
2025-03-28,74700.0000,75200.0000,73900.0000,74700.0000,72295.7656,88782
2025-03-31,73900.0000,74400.0000,72300.0000,73000.0000,70650.4844,108149
2025-04-01,73100.0000,75100.0000,73000.0000,74400.0000,72005.4219,90461
2025-04-02,74200.0000,75600.0000,73800.0000,74400.0000,72005.4219,116605
2025-04-03,72700.0000,73700.0000,71300.0000,73100.0000,70747.2656,107914
2025-04-04,72700.0000,73300.0000,71700.0000,72500.0000,70166.5703,79550
2025-04-07,69200.0000,69400.0000,66600.0000,68200.0000,66004.9688,233202
2025-04-08,68800.0000,69400.0000,66900.0000,67700.0000,65521.0625,116860
2025-04-09,67100.0000,67500.0000,64600.0000,65400.0000,63295.0898,208553
2025-04-10,68300.0000,69100.0000,68000.0000,68900.0000,66682.4375,199979
2025-04-11,68000.0000,68400.0000,66900.0000,68100.0000,65908.1875,114398
2025-04-14,68100.0000,69100.0000,67800.0000,68500.0000,66295.3125,171336
2025-04-15,68500.0000,70300.0000,68400.0000,70100.0000,67843.8203,147310
2025-04-16,70000.0000,71500.0000,69800.0000,70900.0000,68618.0703,124963
2025-04-17,71100.0000,71700.0000,70100.0000,70400.0000,68134.1641,91983
2025-04-18,70400.0000,71600.0000,70300.0000,70900.0000,68618.0703,68375
2025-04-21,71300.0000,73000.0000,71000.0000,72800.0000,70456.9141,75966
2025-04-22,72500.0000,74300.0000,71900.0000,73800.0000,71424.7344,76120
2025-04-23,74800.0000,76400.0000,74200.0000,76100.0000,73650.7031,148062
2025-04-24,76100.0000,77900.0000,76100.0000,77300.0000,74812.0859,105664
2025-04-25,77700.0000,78300.0000,77100.0000,78100.0000,75586.3359,102130
2025-04-28,76500.0000,79800.0000,76500.0000,78800.0000,76263.8047,101458
2025-04-29,78800.0000,81100.0000,78600.0000,80400.0000,77812.3125,137877
2025-04-30,80500.0000,84200.0000,80100.0000,83000.0000,80328.6250,207553
2025-05-02,82200.0000,83600.0000,81500.0000,82900.0000,80231.8438,114716
2025-05-07,83800.0000,84900.0000,82700.0000,82700.0000,80038.2812,135016
2025-05-08,82100.0000,84500.0000,82100.0000,83500.0000,80812.5391,128218
2025-05-09,83700.0000,85300.0000,82600.0000,84200.0000,81490.0078,163765
2025-05-12,84900.0000,89100.0000,84900.0000,88000.0000,85167.7031,255568
2025-05-13,87100.0000,89400.0000,86300.0000,89400.0000,86522.6406,186145
2025-05-14,89100.0000,90400.0000,88000.0000,89000.0000,86135.5156,149580
2025-05-15,92200.0000,94200.0000,90200.0000,93500.0000,90490.6875,450712
2025-05-16,93000.0000,94900.0000,92400.0000,94500.0000,91458.5000,205214
2025-05-19,94700.0000,96000.0000,93950.0000,94600.0000,91555.2812,186950
2025-05-20,95200.0000,97600.0000,95200.0000,96700.0000,93587.6953,273546
2025-05-21,96700.0000,98200.0000,96300.0000,97700.0000,94555.5078,199206
2025-05-22,96800.0000,97500.0000,95800.0000,96500.0000,93394.1250,162072
2025-05-23,96500.0000,99600.0000,96500.0000,98200.0000,95039.4141,169942
2025-05-26,98800.0000,100100.0000,97300.0000,100100.0000,96878.2656,232430
2025-05-27,100000.0000,100300.0000,98100.0000,100200.0000,96975.0469,206754
2025-05-28,100000.0000,100800.0000,98700.0000,99300.0000,96104.0078,214489
2025-05-29,100000.0000,108600.0000,99500.0000,108300.0000,104814.3438,519339
2025-05-30,108300.0000,109800.0000,106100.0000,108000.0000,104524.0000,566174
2025-06-02,106900.0000,108900.0000,102400.0000,104900.0000,101523.7734,341506
2025-06-04,107000.0000,115000.0000,106800.0000,113700.0000,110040.5469,582957
2025-06-05,113700.0000,115300.0000,111100.0000,114100.0000,110427.6719,292433
2025-06-09,117700.0000,122900.0000,116900.0000,117800.0000,114008.5859,463060
2025-06-10,117300.0000,120400.0000,116300.0000,118500.0000,114686.0547,347274
2025-06-11,117400.0000,125500.0000,115700.0000,123000.0000,119041.2188,408268
2025-06-12,121700.0000,124500.0000,120300.0000,122100.0000,118170.1875,431001
2025-06-13,122500.0000,125200.0000,119000.0000,120600.0000,116718.4688,273049
2025-06-16,120600.0000,125900.0000,120400.0000,125800.0000,121751.1016,244834
2025-06-17,126800.0000,131400.0000,125100.0000,127400.0000,123299.6094,385935
2025-06-18,126900.0000,129300.0000,125300.0000,126800.0000,122718.9141,293314
2025-06-19,127000.0000,128500.0000,124100.0000,127300.0000,123202.8281,212623
2025-06-20,128500.0000,131900.0000,126800.0000,131900.0000,127654.7734,413415
2025-06-23,131800.0000,133700.0000,128400.0000,132000.0000,127751.5547,326149
2025-06-24,135700.0000,148600.0000,134900.0000,148400.0000,143623.7188,526561
2025-06-25,148400.0000,148600.0000,144100.0000,146300.0000,141591.3125,335626
2025-06-26,144300.0000,146300.0000,137600.0000,142300.0000,137720.0469,361231
2025-06-27,142300.0000,143000.0000,138600.0000,140400.0000,135881.2031,213220
2025-06-30,142000.0000,143100.0000,139000.0000,139600.0000,135106.9531,239041
2025-07-01,141800.0000,147800.0000,139500.0000,140200.0000,135687.6406,346295
2025-07-02,139100.0000,142100.0000,135700.0000,138700.0000,134235.9062,353567
2025-07-03,140000.0000,141300.0000,136500.0000,137900.0000,133461.6562,243669
2025-07-04,137900.0000,138600.0000,131700.0000,132900.0000,128622.5859,228006
2025-07-07,128000.0000,136800.0000,127500.0000,136400.0000,132009.9375,186386
2025-07-08,137400.0000,145000.0000,136300.0000,143500.0000,138881.4219,418800
2025-07-09,147600.0000,152300.0000,145000.0000,151800.0000,146914.2812,501878
2025-07-10,149900.0000,154300.0000,148900.0000,154100.0000,149140.2656,300259
2025-07-11,155000.0000,161700.0000,155000.0000,158000.0000,152914.7344,344803
2025-07-14,157300.0000,164000.0000,155800.0000,163600.0000,158334.5000,267011
2025-07-15,161900.0000,162700.0000,158700.0000,160300.0000,155140.7188,295996
2025-07-16,157900.0000,159400.0000,152600.0000,154200.0000,149237.0469,326908
2025-07-17,154300.0000,156000.0000,151300.0000,153000.0000,148075.6719,327735
2025-07-18,152700.0000,153200.0000,146000.0000,148900.0000,144107.6250,402787
2025-07-21,143700.0000,148700.0000,143300.0000,148600.0000,143817.2812,523630
2025-07-22,150700.0000,152900.0000,148900.0000,151500.0000,146623.9375,336252
2025-07-23,151700.0000,151900.0000,146000.0000,149900.0000,145075.4375,337807
2025-07-24,148200.0000,152700.0000,144400.0000,147100.0000,142365.5625,379841
2025-07-25,145600.0000,150800.0000,144000.0000,147100.0000,142365.5625,221622
2025-07-28,144700.0000,146000.0000,139600.0000,141100.0000,136558.6719,348299
2025-07-29,139400.0000,143000.0000,138600.0000,142100.0000,137526.4844,170936
2025-07-30,144900.0000,146800.0000,140400.0000,143600.0000,138978.2031,191610
2025-07-31,144000.0000,145700.0000,141700.0000,143000.0000,138397.5156,183411
2025-08-01,140000.0000,140800.0000,132900.0000,133800.0000,129493.6172,333230
2025-08-04,133600.0000,136900.0000,132700.0000,136900.0000,132493.8438,177735
2025-08-05,139000.0000,142600.0000,136800.0000,139300.0000,134816.6094,208171
2025-08-06,139700.0000,142500.0000,139500.0000,142000.0000,137429.7031,148780
2025-08-07,147800.0000,148900.0000,136700.0000,139500.0000,135010.1719,377666
2025-08-08,138600.0000,139300.0000,134100.0000,136300.0000,131913.1562,357861
2025-08-11,136100.0000,136800.0000,132100.0000,135900.0000,131526.0312,220220
2025-08-12,135000.0000,143000.0000,135000.0000,139000.0000,134526.2500,305911
2025-08-13,141100.0000,141200.0000,136900.0000,138600.0000,134139.1250,204377
2025-08-14,138700.0000,140300.0000,137500.0000,137500.0000,133074.5312,205965
2025-08-18,136200.0000,137000.0000,131500.0000,133500.0000,129203.2734,195990
2025-08-19,134000.0000,134500.0000,130600.0000,132100.0000,127848.3359,234748
2025-08-20,132000.0000,132800.0000,121800.0000,126800.0000,122718.9141,368970
2025-08-21,126000.0000,128000.0000,124900.0000,125300.0000,121267.1953,209819
2025-08-22,126100.0000,128500.0000,125600.0000,127200.0000,123106.0391,157500
2025-08-25,128400.0000,133500.0000,128200.0000,132400.0000,128138.6797,202067
2025-08-26,130900.0000,131400.0000,127900.0000,129800.0000,125622.3594,271579
2025-08-27,129800.0000,130600.0000,126700.0000,129800.0000,125622.3594,170834
2025-08-28,129300.0000,134000.0000,128000.0000,132300.0000,128041.8984,246711
2025-08-29,134000.0000,136500.0000,132900.0000,134400.0000,130074.3125,200736
2025-09-01,133000.0000,133000.0000,127500.0000,128500.0000,124364.2031,161429
2025-09-02,128500.0000,129800.0000,127000.0000,128900.0000,124751.3281,101371
2025-09-03,128000.0000,131500.0000,127900.0000,131300.0000,127074.0859,147931
2025-09-04,130000.0000,131300.0000,128900.0000,130600.0000,126396.6172,163790
2025-09-05,131200.0000,132900.0000,129500.0000,131200.0000,126977.3047,131763
2025-09-08,132400.0000,134300.0000,129100.0000,132500.0000,128235.4609,157383
2025-09-09,134200.0000,142000.0000,133500.0000,141500.0000,136945.7969,392308
2025-09-10,144300.0000,151900.0000,141200.0000,150200.0000,145365.7812,603460
2025-09-11,148700.0000,150500.0000,145400.0000,147600.0000,142849.4688,495974
2025-09-12,151600.0000,151700.0000,148400.0000,150000.0000,145172.2188,254652
2025-09-15,153000.0000,162300.0000,153000.0000,159000.0000,153882.5469,397821
2025-09-16,162400.0000,163300.0000,158200.0000,158300.0000,153205.0781,310864
2025-09-17,157000.0000,157800.0000,153200.0000,154400.0000,149430.6094,241416
2025-09-18,155400.0000,158300.0000,153500.0000,156600.0000,151559.7969,250988
2025-09-22,157300.0000,160000.0000,155100.0000,158000.0000,152914.7344,162600
2025-09-23,156500.0000,159000.0000,153800.0000,154000.0000,149043.4844,166008
2025-09-24,153200.0000,153900.0000,146900.0000,149600.0000,144785.0938,278196
2025-09-25,147300.0000,149600.0000,146100.0000,147000.0000,142268.7812,214103
2025-09-26,147900.0000,147900.0000,141100.0000,142000.0000,137429.7031,210275
2025-09-29,143400.0000,148500.0000,143300.0000,145400.0000,140720.2656,178046
2025-09-30,145400.0000,146600.0000,143600.0000,145000.0000,140333.1406,120028
2025-10-01,145000.0000,145200.0000,142000.0000,143000.0000,138397.5156,121058
2025-10-02,144600.0000,150000.0000,142900.0000,144700.0000,140042.7969,315597
2025-10-10,146100.0000,147500.0000,143300.0000,145500.0000,140817.0469,246176
2025-10-13,140500.0000,145300.0000,138700.0000,142100.0000,137526.4844,199559
2025-10-14,140700.0000,144700.0000,138100.0000,139000.0000,134526.2500,260903
2025-10-15,139700.0000,148500.0000,139200.0000,148300.0000,143526.9375,430612
2025-10-16,153300.0000,161000.0000,153300.0000,156300.0000,151269.4531,391800
2025-10-17,154600.0000,157700.0000,151600.0000,154100.0000,149140.2656,279794
2025-10-20,156200.0000,177000.0000,155000.0000,175700.0000,170045.0625,777159
2025-10-21,180500.0000,183200.0000,171800.0000,173300.0000,167722.3125,508830
2025-10-22,171600.0000,175900.0000,165600.0000,173900.0000,168303.0000,457238
2025-10-23,169000.0000,172000.0000,166200.0000,168200.0000,162786.4531,315126
2025-10-24,172900.0000,178600.0000,170900.0000,172000.0000,166464.1406,347117
2025-10-27,177100.0000,185000.0000,173000.0000,176500.0000,170819.3125,539738
2025-10-28,173800.0000,177800.0000,171600.0000,175000.0000,169367.5938,322107
2025-10-29,177500.0000,177900.0000,171800.0000,176700.0000,171012.8750,307437
2025-10-30,181800.0000,186300.0000,176000.0000,177600.0000,171883.9062,450343
2025-10-31,179500.0000,187400.0000,177800.0000,182300.0000,176432.6406,452190
2025-11-03,182600.0000,186900.0000,180900.0000,182100.0000,176239.0781,357504
2025-11-04,180800.0000,182100.0000,171100.0000,173100.0000,167528.7500,359808
2025-11-05,172400.0000,172400.0000,162000.0000,169000.0000,163560.7031,370769
2025-11-06,175300.0000,177200.0000,166000.0000,171000.0000,165496.3281,331871
2025-11-07,170000.0000,173000.0000,161000.0000,163000.0000,157753.8125,289032
2025-11-10,167500.0000,173500.0000,167200.0000,171600.0000,166077.0156,350937
2025-11-11,174500.0000,179000.0000,167900.0000,169800.0000,164334.9531,323970
2025-11-12,178600.0000,182000.0000,170300.0000,176500.0000,170819.3125,658173
2025-11-13,177500.0000,181700.0000,173700.0000,177000.0000,171303.2188,378157
2025-11-14,172100.0000,173800.0000,168900.0000,169700.0000,164238.1719,305323
2025-11-17,170100.0000,170200.0000,164000.0000,165200.0000,159883.0000,373191
2025-11-18,163800.0000,163800.0000,154300.0000,156000.0000,150979.1094,439590
2025-11-19,158300.0000,159200.0000,152200.0000,157200.0000,152140.4844,246829
2025-11-20,160400.0000,162000.0000,157200.0000,158400.0000,153301.8594,208300
2025-11-21,153300.0000,154200.0000,150000.0000,153100.0000,148172.4531,221292
2025-11-24,154600.0000,159100.0000,151000.0000,156200.0000,151172.6719,375913
2025-11-25,160100.0000,160300.0000,153000.0000,154600.0000,149624.1719,170964
2025-11-26,157800.0000,163400.0000,155800.0000,162700.0000,157463.4688,249721
2025-11-27,162700.0000,164800.0000,161700.0000,162900.0000,157657.0312,132852
2025-11-28,164000.0000,164000.0000,159400.0000,160400.0000,155237.5000,172017
2025-12-01,161500.0000,163500.0000,158000.0000,159300.0000,154172.8906,159355
2025-12-02,160000.0000,166800.0000,158000.0000,162700.0000,157463.4688,180413
2025-12-03,163000.0000,169300.0000,162200.0000,164500.0000,159205.5312,186696
2025-12-04,165900.0000,166000.0000,161200.0000,162300.0000,157076.3438,201839
2025-12-05,161100.0000,164200.0000,160500.0000,164000.0000,158721.6250,154626
2025-12-08,164000.0000,164900.0000,161200.0000,163200.0000,157947.3750,124483
2025-12-09,162600.0000,163200.0000,161000.0000,161700.0000,156495.6562,198043
2025-12-10,162300.0000,163000.0000,159200.0000,160600.0000,155431.0625,165639
2025-12-11,162200.0000,163300.0000,157000.0000,157000.0000,151946.9219,407409
2025-12-12,159000.0000,167800.0000,158100.0000,167400.0000,162012.2031,462687
2025-12-15,164200.0000,164200.0000,159100.0000,160000.0000,154850.3750,236423
2025-12-16,160000.0000,167500.0000,158600.0000,164000.0000,158721.6250,627614
2025-12-17,164000.0000,165800.0000,155500.0000,157600.0000,152527.6094,328498
2025-12-18,156900.0000,158500.0000,154200.0000,157000.0000,151946.9219,171436
2025-12-19,158800.0000,162700.0000,156200.0000,162700.0000,157463.4688,318800
2025-12-22,163100.0000,164100.0000,158600.0000,159500.0000,154366.4688,206076
2025-12-23,160700.0000,162800.0000,159500.0000,161100.0000,155914.9688,162352
2025-12-24,161100.0000,162700.0000,159900.0000,161200.0000,156011.7500,117680
2025-12-26,161100.0000,161600.0000,158000.0000,158200.0000,153108.2969,150813
2025-12-29,155900.0000,168800.0000,155900.0000,167900.0000,162496.1094,299181
2025-12-30,165900.0000,165900.0000,161300.0000,161700.0000,156495.6562,146891
2026-01-02,161700.0000,165500.0000,157300.0000,165000.0000,159689.4375,229908
2026-01-05,164800.0000,170600.0000,163200.0000,167700.0000,162302.5469,260878
2026-01-06,168100.0000,174800.0000,166800.0000,174800.0000,169174.0312,351313
2026-01-07,173100.0000,175500.0000,169000.0000,170400.0000,164915.6406,230266
2026-01-08,169300.0000,169900.0000,165000.0000,165700.0000,160366.9062,277607
2026-01-09,167400.0000,172300.0000,166600.0000,170500.0000,165012.4219,233913
2026-01-12,172500.0000,174700.0000,167000.0000,169000.0000,163560.7031,197755
2026-01-13,171100.0000,174300.0000,168600.0000,171400.0000,165883.4531,220581
2026-01-14,171400.0000,174600.0000,169100.0000,174300.0000,168690.1250,236477
2026-01-15,173100.0000,182600.0000,173100.0000,177000.0000,171303.2188,329379
2026-01-16,179200.0000,183600.0000,177300.0000,182700.0000,176819.7656,300245
2026-01-19,183100.0000,193200.0000,180000.0000,182800.0000,176916.5469,305780
2026-01-20,181600.0000,185900.0000,178700.0000,183000.0000,177110.1094,215958
2026-01-21,180700.0000,184500.0000,178700.0000,180700.0000,174884.1406,257686
2026-01-22,185000.0000,190600.0000,182000.0000,186600.0000,180594.2500,319927
2026-01-23,190400.0000,199200.0000,188900.0000,195800.0000,189498.1406,495615
2026-01-26,195000.0000,199100.0000,192300.0000,197300.0000,190949.8594,283007
2026-01-27,199500.0000,205500.0000,194300.0000,204500.0000,197918.1250,283897
2026-01-28,207500.0000,210000.0000,200500.0000,202500.0000,195982.5000,274238
2026-01-29,203000.0000,223000.0000,201000.0000,221500.0000,214370.9844,347177
2026-01-30,216500.0000,222000.0000,213500.0000,215500.0000,208564.0938,366876
2026-02-02,211500.0000,214500.0000,198200.0000,199800.0000,193369.3906,315115
2026-02-03,210000.0000,221000.0000,205500.0000,218500.0000,211467.5312,296931
2026-02-04,215500.0000,218000.0000,208500.0000,213000.0000,206144.5469,321662
2026-02-05,210000.0000,218500.0000,208000.0000,211500.0000,204692.8281,195592
2026-02-06,203500.0000,207000.0000,197100.0000,205500.0000,198885.9375,252943
2026-02-09,215500.0000,230000.0000,213500.0000,223500.0000,216306.6094,292236
2026-02-10,231000.0000,243000.0000,224500.0000,235500.0000,227920.3906,322751
2026-02-11,237000.0000,239500.0000,223000.0000,226500.0000,219210.0469,377466
2026-02-12,237000.0000,257000.0000,236500.0000,246500.0000,238566.3438,729525
2026-02-13,251500.0000,264500.0000,244500.0000,257500.0000,249212.3125,529122
2026-02-19,278500.0000,293000.0000,275500.0000,283500.0000,274375.5000,534815
2026-02-20,291000.0000,298000.0000,279500.0000,292500.0000,283085.8438,520685
2026-02-23,298000.0000,300500.0000,274500.0000,279000.0000,270020.3438,487487
2026-02-24,273500.0000,276000.0000,258000.0000,268000.0000,259374.3750,529628
2026-02-25,273000.0000,273000.0000,262500.0000,270000.0000,261310.0000,362984
2026-02-26,265500.0000,269000.0000,261500.0000,267000.0000,267000.0000,331575
2026-02-27,263000.0000,264500.0000,255500.0000,258500.0000,258500.0000,553429
2026-03-03,249500.0000,254000.0000,239500.0000,240500.0000,240500.0000,354091
2026-03-04,230000.0000,232000.0000,202500.0000,206500.0000,206500.0000,599013
2026-03-05,227000.0000,238000.0000,223000.0000,230500.0000,230500.0000,482468
2026-03-06,222000.0000,233500.0000,221000.0000,230000.0000,230000.0000,232424
2026-03-09,208500.0000,219500.0000,206000.0000,218000.0000,218000.0000,333305
2026-03-10,231000.0000,235000.0000,217000.0000,220000.0000,220000.0000,377063
2026-03-11,227500.0000,241500.0000,225500.0000,229500.0000,229500.0000,416417
2026-03-12,228000.0000,229000.0000,222500.0000,227000.0000,227000.0000,302129
2026-03-13,217000.0000,221000.0000,214000.0000,219500.0000,219500.0000,277204
2026-03-16,218500.0000,228000.0000,216000.0000,223500.0000,223500.0000,362852
2026-03-17,229500.0000,240500.0000,226000.0000,233500.0000,233500.0000,332480
2026-03-18,236000.0000,241000.0000,234500.0000,241000.0000,241000.0000,325013
2026-03-19,230500.0000,232500.0000,226500.0000,229000.0000,229000.0000,218487
2026-03-20,233000.0000,237500.0000,230500.0000,234500.0000,234500.0000,387566
2026-03-23,220000.0000,222500.0000,209000.0000,211000.0000,211000.0000,323206
2026-03-24,217000.0000,219500.0000,203500.0000,211000.0000,211000.0000,355423
2026-03-25,217000.0000,224500.0000,216000.0000,220500.0000,220500.0000,252285
2026-03-26,219500.0000,222500.0000,213000.0000,216000.0000,216000.0000,189288
2026-03-27,208000.0000,220000.0000,206000.0000,220000.0000,220000.0000,213218
2026-03-30,207500.0000,210000.0000,203000.0000,210000.0000,210000.0000,301726
2026-03-31,202500.0000,212000.0000,200500.0000,202500.0000,202500.0000,348435
2026-04-01,216500.0000,227000.0000,214500.0000,224000.0000,224000.0000,272172
2026-04-02,225000.0000,227500.0000,209500.0000,213500.0000,213500.0000,280635
2026-04-03,217000.0000,217500.0000,209000.0000,212000.0000,212000.0000,194393
2026-04-06,212000.0000,218000.0000,211000.0000,215000.0000,215000.0000,176314
2026-04-07,218500.0000,223000.0000,211000.0000,213000.0000,213000.0000,190124
2026-04-08,231500.0000,240500.0000,227000.0000,239000.0000,239000.0000,363231
2026-04-09,237500.0000,240500.0000,230500.0000,232000.0000,232000.0000,311573
2026-04-10,237500.0000,247000.0000,237500.0000,241500.0000,241500.0000,200294
2026-04-13,236000.0000,252000.0000,235000.0000,246000.0000,246000.0000,350971
2026-04-14,254000.0000,261000.0000,253500.0000,257500.0000,257500.0000,360375
2026-04-15,265000.0000,265000.0000,253000.0000,255000.0000,255000.0000,360077
2026-04-16,261000.0000,261000.0000,254000.0000,257000.0000,257000.0000,209952
2026-04-17,260000.0000,265000.0000,256000.0000,257000.0000,257000.0000,166839
2026-04-20,259000.0000,268000.0000,257500.0000,261000.0000,261000.0000,205716
2026-04-21,264000.0000,266000.0000,260000.0000,262000.0000,262000.0000,199774
2026-04-22,261000.0000,262500.0000,249500.0000,258000.0000,258000.0000,318279
2026-04-23,267500.0000,269000.0000,251500.0000,259000.0000,259000.0000,294721
2026-04-24,259500.0000,265500.0000,258000.0000,259000.0000,259000.0000,203236
2026-04-27,263500.0000,269000.0000,254000.0000,260500.0000,260500.0000,279881
2026-04-28,257000.0000,263500.0000,254000.0000,258500.0000,258500.0000,226015
2026-04-29,255500.0000,256500.0000,245500.0000,249000.0000,249000.0000,272514
2026-04-30,250500.0000,253000.0000,239500.0000,240000.0000,240000.0000,310069
2026-05-04,248000.0000,268000.0000,244000.0000,262000.0000,262000.0000,453172
2026-05-06,279000.0000,297000.0000,266500.0000,291500.0000,291500.0000,799445
2026-05-07,284000.0000,284000.0000,268000.0000,276000.0000,276000.0000,424210
2026-05-08,271000.0000,278000.0000,267500.0000,268500.0000,268500.0000,180931
2026-05-11,278000.0000,279500.0000,264000.0000,266000.0000,266000.0000,244834
2026-05-12,274000.0000,278000.0000,243500.0000,249500.0000,249500.0000,417164
2026-05-13,249500.0000,253500.0000,240000.0000,251500.0000,251500.0000,244948
2026-05-14,254000.0000,267000.0000,251750.0000,258000.0000,258000.0000,283340
2026-05-15,270500.0000,283000.0000,251500.0000,258000.0000,258000.0000,649627
2026-05-18,253500.0000,254000.0000,232000.0000,240500.0000,240500.0000,408767
2026-05-19,239500.0000,240500.0000,230000.0000,234000.0000,234000.0000,349563
2026-05-20,237000.0000,237500.0000,220000.0000,232500.0000,232500.0000,273563
2026-05-21,241000.0000,253000.0000,235500.0000,249500.0000,249500.0000,375481
2026-05-22,253500.0000,257500.0000,249500.0000,254500.0000,254500.0000,191625
2026-05-26,260000.0000,266500.0000,249500.0000,252500.0000,252500.0000,204619
2026-05-27,257500.0000,262500.0000,244000.0000,244500.0000,244500.0000,254410
2026-05-28,248000.0000,248000.0000,229000.0000,238500.0000,238500.0000,247820
2026-05-29,244000.0000,244000.0000,230000.0000,237500.0000,237500.0000,589463
2026-06-01,237000.0000,254000.0000,234000.0000,246000.0000,246000.0000,294092
2026-06-02,243500.0000,245500.0000,234500.0000,241500.0000,241500.0000,282431
2026-06-04,247500.0000,258000.0000,245000.0000,250500.0000,250500.0000,281396
2026-06-05,258500.0000,271500.0000,244500.0000,246500.0000,246500.0000,417721
2026-06-08,228000.0000,239000.0000,215000.0000,216000.0000,216000.0000,289607
2026-06-09,220500.0000,235000.0000,217000.0000,231500.0000,231500.0000,221831
2026-06-10,228000.0000,237000.0000,220500.0000,229000.0000,229000.0000,72
2026-06-11,224000.0000,235000.0000,216500.0000,230000.0000,230000.0000,405165
2026-06-12,242000.0000,248500.0000,236000.0000,240500.0000,240500.0000,399251
2026-06-15,246500.0000,255000.0000,243000.0000,251500.0000,251500.0000,279072
2026-06-16,251500.0000,262000.0000,250500.0000,252500.0000,252500.0000,197295
2026-06-17,253500.0000,254500.0000,239000.0000,240000.0000,240000.0000,260644
2026-06-18,239000.0000,241000.0000,228000.0000,230500.0000,230500.0000,318313
2026-06-19,234000.0000,238000.0000,225000.0000,231000.0000,231000.0000,336670
2026-06-22,229000.0000,229000.0000,219000.0000,221000.0000,221000.0000,190632
2026-06-23,223000.0000,230000.0000,205500.0000,208000.0000,208000.0000,278267
2026-06-24,210000.0000,210500.0000,199100.0000,204500.0000,204500.0000,247870
2026-06-25,211500.0000,224000.0000,208000.0000,214000.0000,214000.0000,243072
2026-06-26,213000.0000,213000.0000,193000.0000,200000.0000,200000.0000,293722
2026-06-29,203000.0000,219500.0000,198100.0000,218000.0000,218000.0000,216801
2026-06-30,217000.0000,229000.0000,214500.0000,221000.0000,221000.0000,304883
2026-07-01,228500.0000,235500.0000,223000.0000,228000.0000,228000.0000,181536
2026-07-02,227000.0000,233500.0000,217250.0000,225500.0000,225500.0000,247451
2026-07-03,232000.0000,243000.0000,224000.0000,242000.0000,242000.0000,363389
2026-07-06,244000.0000,263500.0000,242000.0000,249500.0000,249500.0000,363621
2026-07-07,245500.0000,251000.0000,231000.0000,243500.0000,243500.0000,269103
2026-07-08,243000.0000,262000.0000,229000.0000,233500.0000,233500.0000,308658
2026-07-09,243000.0000,243500.0000,215500.0000,222500.0000,222500.0000,261086
2026-07-10,228000.0000,245750.0000,227500.0000,239000.0000,239000.0000,200913
2026-07-13,242000.0000,256000.0000,230500.0000,237000.0000,237000.0000,243922
2026-07-14,240000.0000,241000.0000,212000.0000,216500.0000,216500.0000,424107
2026-07-15,227000.0000,238000.0000,224500.0000,235000.0000,235000.0000,253481
2026-07-16,229500.0000,236500.0000,218500.0000,229000.0000,229000.0000,171302
2026-07-20,227000.0000,227000.0000,209500.0000,216500.0000,216500.0000,188272
2026-07-21,214500.0000,222000.0000,211500.0000,219000.0000,219000.0000,130912
2026-07-22,225500.0000,230000.0000,215000.0000,215000.0000,215000.0000,141942
2026-07-23,216000.0000,222500.0000,215500.0000,221500.0000,221500.0000,173464
2026-07-24,216500.0000,218500.0000,205000.0000,213000.0000,213000.0000,242004
2026-07-27,216500.0000,217000.0000,209500.0000,212500.0000,212500.0000,118222
2026-07-28,206000.0000,207000.0000,190000.0000,193700.0000,193700.0000,247178
2026-07-29,197500.0000,201500.0000,172400.0000,183500.0000,183500.0000,362337
2026-07-30,181100.0000,196400.0000,179600.0000,181700.0000,181700.0000,349736
2026-07-31,194900.0000,208500.0000,190500.0000,206500.0000,206500.0000,277001
2026-08-03,201000.0000,203000.0000,192800.0000,196900.0000,196900.0000,223320
2026-08-04,196500.0000,202500.0000,191100.0000,202500.0000,202500.0000,181756
2026-08-05,206500.0000,213500.0000,205500.0000,209500.0000,209500.0000,183833
2026-08-06,206000.0000,214500.0000,200000.0000,204000.0000,204000.0000,240574
2026-08-07,208500.0000,208500.0000,187000.0000,188000.0000,188000.0000,464894
2026-08-10,190900.0000,194400.0000,188700.0000,193900.0000,193900.0000,239135
2026-08-11,194500.0000,202000.0000,190300.0000,198100.0000,198100.0000,185889
2026-08-12,198800.0000,204500.0000,198500.0000,200500.0000,200500.0000,188614
2026-08-13,206000.0000,212000.0000,197200.0000,199700.0000,199700.0000,249151
2026-08-14,202000.0000,205000.0000,198800.0000,204000.0000,204000.0000,163281
2026-08-18,204500.0000,205000.0000,188200.0000,191600.0000,191600.0000,264086
2026-08-19,187300.0000,189800.0000,179300.0000,183100.0000,183100.0000,449160
