Date,Close,AdjClose,RSI14
2016-08-19,42000.0000,28367.6250,37.2825
2016-08-22,41550.0000,28063.6836,34.9854
2016-08-23,41200.0000,27827.2891,33.2685
2016-08-24,41300.0000,27894.8301,34.2611
2016-08-25,41850.0000,28266.3105,39.5843
2016-08-26,41700.0000,28164.9961,38.6647
2016-08-29,41150.0000,27793.5176,35.4160
2016-08-30,41150.0000,27793.5176,35.4160
2016-08-31,40100.0000,27084.3223,29.8609
2016-09-01,40350.0000,27253.1797,32.5728
2016-09-02,40050.0000,27050.5527,31.0227
2016-09-05,41450.0000,27996.1387,44.3354
2016-09-06,41700.0000,28164.9961,46.3275
2016-09-07,42050.0000,28401.3945,49.0752
2016-09-08,42000.0000,28367.6250,48.6917
2016-09-09,41750.0000,28198.7695,46.7256
2016-09-12,41350.0000,27928.5977,43.6861
2016-09-13,40800.0000,27557.1191,39.8478
2016-09-19,40550.0000,27388.2656,38.2047
2016-09-20,40600.0000,27422.0352,38.7487
2016-09-21,40800.0000,27557.1191,40.9866
2016-09-22,40800.0000,27557.1191,40.9866
2016-09-23,41200.0000,27827.2891,45.5971
2016-09-26,41050.0000,27725.9707,44.2024
2016-09-27,40800.0000,27557.1191,41.9021
2016-09-28,40550.0000,27388.2656,39.6784
2016-09-29,41400.0000,27962.3730,49.4928
2016-09-30,40750.0000,27523.3477,43.6448
2016-10-04,40450.0000,27320.7227,41.2238
2016-10-05,40400.0000,27286.9531,40.8174
2016-10-06,40150.0000,27118.0977,38.7599
2016-10-07,40150.0000,27118.0977,38.7599
2016-10-10,40100.0000,27084.3223,38.3119
2016-10-11,40300.0000,27219.4102,41.2374
2016-10-12,40400.0000,27286.9531,42.7006
2016-10-13,40050.0000,27050.5527,39.0369
2016-10-14,40600.0000,27422.0352,46.7664
2016-10-17,40250.0000,27185.6367,43.0276
2016-10-18,41150.0000,27793.5176,53.3543
2016-10-19,41300.0000,27894.8301,54.8240
2016-10-20,41600.0000,28097.4512,57.6949
2016-10-21,41650.0000,28131.2285,58.1721
2016-10-24,42000.0000,28367.6250,61.4496
2016-10-25,41800.0000,28232.5371,58.6227
2016-10-26,41300.0000,27894.8301,52.1625
2016-10-27,41700.0000,28164.9961,56.3105
2016-10-28,41000.0000,27692.2012,48.4010
2016-10-31,41100.0000,27759.7461,49.4925
2016-11-01,40700.0000,27489.5742,45.3594
2016-11-02,40500.0000,27354.4902,43.4075
2016-11-03,40150.0000,27118.0977,40.1514
2016-11-04,40450.0000,27320.7227,44.0272
2016-11-07,41050.0000,27725.9707,50.8786
2016-11-08,41900.0000,28300.0781,58.6085
2016-11-09,40500.0000,27354.4902,45.8193
2016-11-10,41450.0000,27996.1387,53.2709
2016-11-11,41850.0000,28266.3105,56.0141
2016-11-14,42200.0000,28502.7051,58.3196
2016-11-15,43350.0000,29279.4434,64.8407
2016-11-16,43400.0000,29313.2109,65.0964
2016-11-17,43000.0000,29043.0410,61.2583
2016-11-18,40750.0000,27523.3477,45.1371
2016-11-21,41100.0000,27759.7461,47.4537
2016-11-22,41150.0000,27793.5176,47.7928
2016-11-23,42500.0000,28705.3379,56.0423
2016-11-24,42300.0000,28570.2461,54.6641
2016-11-25,41950.0000,28333.8496,52.2430
2016-11-28,42050.0000,28401.3945,52.8851
2016-11-29,41050.0000,27725.9707,46.1964
2016-11-30,40050.0000,27050.5527,40.6585
2016-12-01,40750.0000,27523.3477,45.5767
2016-12-02,40700.0000,27489.5742,45.2880
2016-12-05,40450.0000,27320.7227,43.7941
2016-12-06,40350.0000,27253.1797,43.1805
2016-12-07,40400.0000,27286.9531,43.6060
2016-12-08,42000.0000,28367.6250,55.1728
2016-12-09,42000.0000,28367.6250,55.1728
2016-12-12,43500.0000,29380.7500,63.3467
2016-12-13,42900.0000,28975.5000,58.7334
2016-12-14,42550.0000,28739.1035,56.1638
2016-12-15,42850.0000,28941.7305,57.8654
2016-12-16,43050.0000,29076.8086,59.0077
2016-12-19,42650.0000,28806.6484,55.7521
2016-12-20,43350.0000,29279.4434,59.9198
2016-12-21,42450.0000,28671.5586,53.0068
2016-12-22,42100.0000,28435.1641,50.5637
2016-12-23,42000.0000,28367.6250,49.8567
2016-12-26,42250.0000,28536.4785,51.6760
2016-12-27,42650.0000,28806.6484,54.5192
2016-12-28,41750.0000,28737.8086,53.6530
2016-12-29,41900.0000,28841.0625,54.8127
2017-01-02,41700.0000,28703.3984,52.9117
2017-01-03,41500.0000,28565.7344,51.0066
2017-01-04,42600.0000,29322.8926,59.6185
2017-01-05,43500.0000,29942.3926,65.0340
2017-01-06,44000.0000,30286.5586,67.6312
2017-01-09,43600.0000,30011.2227,63.5636
2017-01-10,43800.0000,30148.8867,64.7065
2017-01-11,44900.0000,30906.0508,70.2366
2017-01-12,44950.0000,30940.4707,70.4632
2017-01-13,45350.0000,31215.8008,72.2809
2017-01-16,45500.0000,31319.0586,72.9532
2017-01-17,47000.0000,32351.5449,78.5540
2017-01-18,46100.0000,31732.0527,69.2835
2017-01-19,46400.0000,31938.5449,70.5319
2017-01-20,46450.0000,31972.9707,70.7453
2017-01-23,46000.0000,31663.2168,66.1053
2017-01-24,45900.0000,31594.3848,65.0837
2017-01-25,44450.0000,30596.3066,52.4313
2017-01-26,46050.0000,31697.6348,61.3581
2017-01-31,46500.0000,32007.3867,63.4364
2017-02-01,46200.0000,31800.8867,61.0780
2017-02-02,46150.0000,31766.4746,60.6731
2017-02-03,46150.0000,31766.4746,60.6731
2017-02-06,47000.0000,32351.5449,65.2187
2017-02-07,47650.0000,32798.9609,68.2417
2017-02-08,47150.0000,32454.8008,63.6583
2017-02-09,47450.0000,32661.2949,65.1699
2017-02-10,48600.0000,33452.8789,70.2741
2017-02-13,48650.0000,33487.2930,70.4766
2017-02-14,48700.0000,33521.7109,70.6917
2017-02-15,48750.0000,33556.1289,70.9199
2017-02-16,48700.0000,33521.7109,70.3302
2017-02-17,49050.0000,33762.6289,72.0801
2017-02-20,47600.0000,32764.5547,57.0645
2017-02-21,48200.0000,33177.5508,60.7117
2017-02-22,47400.0000,32626.8848,54.1115
2017-02-23,48250.0000,33211.9688,59.1882
2017-02-24,47550.0000,32730.1289,53.8997
2017-02-27,46950.0000,32317.1328,49.7929
2017-02-28,47400.0000,32626.8848,52.7036
2017-03-02,47650.0000,32798.9609,54.2890
2017-03-03,46550.0000,32041.8008,46.8476
2017-03-06,45850.0000,31559.9707,42.8249
2017-03-07,46750.0000,32179.4668,48.9004
2017-03-08,46800.0000,32213.8809,49.2232
2017-03-09,47000.0000,32351.5449,50.5684
2017-03-10,46550.0000,32041.8008,47.5181
2017-03-13,47000.0000,32351.5449,50.7194
2017-03-14,48100.0000,33108.7109,57.5379
2017-03-15,47700.0000,32833.3828,54.5806
2017-03-16,49400.0000,34003.5469,63.2305
2017-03-17,49500.0000,34072.3750,63.6688
2017-03-20,48550.0000,33418.4648,56.7480
2017-03-21,48300.0000,33246.3828,55.0521
2017-03-22,47250.0000,32523.6328,48.4967
2017-03-23,48000.0000,33039.8789,52.8184
2017-03-24,48000.0000,33039.8789,52.8184
2017-03-27,47500.0000,32695.7148,49.6004
2017-03-28,47450.0000,32661.2949,49.2771
2017-03-29,47850.0000,32936.6328,51.9742
2017-03-30,47850.0000,32936.6328,51.9742
2017-03-31,47100.0000,32420.3809,46.5874
2017-04-03,47900.0000,32971.0508,52.2700
2017-04-04,48000.0000,33039.8789,52.9439
2017-04-05,47400.0000,32626.8848,48.5175
2017-04-06,47900.0000,32971.0508,52.1107
2017-04-07,47400.0000,32626.8848,48.4677
2017-04-10,45950.0000,31628.8027,39.7821
2017-04-11,45800.0000,31525.5508,39.0034
2017-04-12,45800.0000,31525.5508,39.0034
2017-04-13,46750.0000,32179.4668,46.6706
2017-04-14,46200.0000,31800.8867,43.2788
2017-04-17,46800.0000,32213.8809,47.7407
2017-04-18,46750.0000,32179.4668,47.4061
2017-04-19,46300.0000,31869.7148,44.3900
2017-04-20,46300.0000,31869.7148,44.3900
2017-04-21,48200.0000,33177.5508,57.5996
2017-04-24,48150.0000,33143.1328,57.2144
2017-04-25,49600.0000,34141.2148,64.6060
2017-04-26,50800.0000,34967.2070,69.3284
2017-04-27,51700.0000,35586.7070,72.3123
2017-04-28,51300.0000,35311.3711,69.0950
2017-05-02,52200.0000,35930.8711,72.1025
2017-05-04,52800.0000,36343.8672,73.9243
2017-05-08,54000.0000,37169.8633,77.1397
2017-05-10,53000.0000,36481.5352,69.4537
2017-05-11,54500.0000,37514.0312,73.6886
2017-05-12,53900.0000,37101.0352,69.5359
2017-05-15,53600.0000,36894.5352,67.4879
2017-05-16,56900.0000,39166.0273,75.8971
2017-05-17,56800.0000,39097.1953,75.2619
2017-05-18,56400.0000,38821.8594,72.6427
2017-05-19,57700.0000,39716.6914,75.6131
2017-05-22,57900.0000,39854.3594,76.0440
2017-05-23,58500.0000,40267.3477,77.3378
2017-05-24,58800.0000,40473.8555,77.9783
2017-05-25,60100.0000,41368.6836,80.5441
2017-05-26,61100.0000,42057.0117,82.2567
2017-05-29,60600.0000,41712.8516,78.5344
2017-05-30,60600.0000,41712.8516,78.5344
2017-05-31,61200.0000,42125.8477,79.8062
2017-06-01,60800.0000,41850.5156,76.5500
2017-06-02,62900.0000,43296.0078,80.9455
2017-06-05,62600.0000,43089.5117,78.6767
2017-06-07,62800.0000,43227.1797,79.0974
2017-06-08,63300.0000,43571.3398,80.1515
2017-06-09,67000.0000,46118.1680,85.8417
2017-06-12,65900.0000,45361.0000,78.6250
2017-06-13,68000.0000,46806.4961,81.7751
2017-06-14,66900.0000,46049.3281,75.4987
2017-06-15,66900.0000,46049.3281,75.4987
2017-06-16,66900.0000,46049.3281,75.4987
2017-06-19,68400.0000,47081.8320,78.3312
2017-06-20,67000.0000,46118.1680,70.1767
2017-06-21,67200.0000,46255.8281,70.6468
2017-06-22,67400.0000,46393.5039,71.1368
2017-06-23,67500.0000,46462.3320,71.3939
2017-06-26,67400.0000,46393.5039,70.7155
2017-06-27,66800.0000,45980.4961,66.6247
2017-06-28,69200.0000,47632.4922,73.2825
2017-06-29,70200.0000,48320.8242,75.4775
2017-06-30,70100.0000,48251.9883,74.8155
2017-07-03,70300.0000,48389.6602,75.2825
2017-07-04,70400.0000,48458.4883,75.5267
2017-07-05,71100.0000,48940.3203,77.2238
2017-07-06,69700.0000,47976.6602,67.1889
2017-07-07,70100.0000,48251.9883,68.4503
2017-07-10,68600.0000,47219.4961,59.2508
2017-07-11,70800.0000,48733.8281,66.3863
2017-07-12,70900.0000,48802.6602,66.6720
2017-07-13,70700.0000,48664.9922,65.4735
2017-07-14,72200.0000,49697.4883,69.8509
2017-07-17,72300.0000,49766.3203,70.1228
2017-07-18,71800.0000,49422.1484,66.8746
2017-07-19,71400.0000,49146.8203,64.3083
2017-07-20,72200.0000,49697.4883,67.0332
2017-07-21,73600.0000,50661.1523,71.1799
2017-07-24,74100.0000,51005.3125,72.5098
2017-07-25,74300.0000,51142.9805,73.0456
2017-07-26,73700.0000,50729.9883,68.7184
2017-07-27,73300.0000,50454.6562,65.9150
2017-07-28,68800.0000,47357.1641,44.1121
2017-07-31,71200.0000,49009.1523,53.0346
2017-08-01,72800.0000,50110.4805,57.8643
2017-08-02,72000.0000,49559.8164,54.8283
2017-08-03,68100.0000,46875.3242,42.9873
2017-08-04,69200.0000,47632.4922,46.4971
2017-08-07,68800.0000,47357.1641,45.4025
2017-08-08,69400.0000,47770.1562,47.4026
2017-08-09,68500.0000,47150.6680,44.7542
2017-08-10,66900.0000,46049.3281,40.4296
2017-08-11,66100.0000,45498.6641,38.4300
2017-08-14,67000.0000,46118.1680,41.9108
2017-08-16,66800.0000,45980.4961,41.3513
2017-08-17,67500.0000,46462.3320,44.1608
2017-08-18,67700.0000,46600.0000,44.9719
2017-08-21,67300.0000,46324.6680,43.6076
2017-08-22,68500.0000,47150.6680,48.6414
2017-08-23,67500.0000,46462.3320,45.0338
2017-08-24,67000.0000,46118.1680,43.3044
2017-08-25,67900.0000,46737.6602,47.2324
2017-08-28,66900.0000,46049.3281,43.6165
2017-08-29,65100.0000,44810.3398,37.9802
2017-08-30,65700.0000,45223.3320,40.7296
2017-08-31,65700.0000,45223.3320,40.7296
2017-09-01,64200.0000,44190.8398,36.0907
2017-09-04,64200.0000,44190.8398,36.0907
2017-09-05,61500.0000,42332.3438,29.1579
2017-09-06,60300.0000,41506.3516,26.7028
2017-09-07,62000.0000,42676.5117,35.0467
2017-09-08,61600.0000,42401.1836,34.0641
2017-09-11,62600.0000,43089.5117,38.6918
2017-09-12,63000.0000,43364.8438,40.4910
2017-09-13,62300.0000,42883.0117,38.3690
2017-09-14,63600.0000,43777.8398,44.2160
2017-09-15,64800.0000,44603.8477,49.0237
2017-09-18,67300.0000,46324.6680,57.2834
2017-09-19,67100.0000,46187.0000,56.4947
2017-09-20,66700.0000,45911.6680,54.8677
2017-09-21,65000.0000,44741.5078,48.4779
2017-09-25,62800.0000,43227.1797,41.7084
2017-09-26,62800.0000,43227.1797,41.7084
2017-09-27,61700.0000,42470.0117,38.5841
2017-09-28,61000.0000,41988.1797,36.7000
2017-09-29,61200.0000,42125.8477,37.6370
2017-10-10,62100.0000,42745.3438,41.8111
2017-10-11,61300.0000,42194.6836,39.2935
2017-10-12,66200.0000,45567.5000,56.5506
2017-10-13,66100.0000,45498.6641,56.1995
2017-10-16,66800.0000,45980.4961,58.1580
2017-10-17,66900.0000,46049.3281,58.4438
2017-10-18,66100.0000,45498.6641,55.1951
2017-10-19,65800.0000,45292.1641,53.9832
2017-10-20,65400.0000,45016.8359,52.3333
2017-10-23,64800.0000,44603.8477,49.8712
2017-10-24,64100.0000,44122.0078,47.0877
2017-10-25,65300.0000,44948.0078,52.0304
2017-10-26,63000.0000,43364.8438,43.6198
2017-10-27,63000.0000,43364.8438,43.6198
2017-10-30,62500.0000,43020.6836,41.9118
2017-10-31,63300.0000,43571.3398,45.5834
2017-11-01,65000.0000,44741.5078,52.4602
2017-11-02,65100.0000,44810.3398,52.8377
2017-11-03,65100.0000,44810.3398,52.8377
2017-11-06,64200.0000,44190.8398,48.7929
2017-11-07,64500.0000,44397.3438,50.1625
2017-11-08,63700.0000,43846.6719,46.5845
2017-11-09,64000.0000,44053.1680,48.0800
2017-11-10,63000.0000,43364.8438,43.6890
2017-11-13,65100.0000,44810.3398,53.3287
2017-11-14,67800.0000,46668.8281,62.2713
2017-11-15,70000.0000,48183.1562,67.7018
2017-11-16,68400.0000,47081.8320,60.8429
2017-11-17,68500.0000,47150.6680,61.1081
2017-11-20,66800.0000,45980.4961,54.3668
2017-11-21,67100.0000,46187.0000,55.3039
2017-11-22,69200.0000,47632.4922,61.2953
2017-11-23,69800.0000,48045.4922,62.8285
2017-11-24,70100.0000,48251.9883,63.6048
2017-11-27,70100.0000,48251.9883,63.6048
2017-11-28,68800.0000,47357.1641,57.5632
2017-11-29,68300.0000,47013.0000,55.3842
2017-11-30,68200.0000,46944.1641,54.9363
2017-12-01,67100.0000,46187.0000,50.1334
2017-12-04,67400.0000,46393.5039,51.3818
2017-12-05,69800.0000,48045.4922,60.0076
2017-12-06,69000.0000,47494.8281,56.4146
2017-12-07,68500.0000,47150.6680,54.2292
2017-12-08,68800.0000,47357.1641,55.3469
2017-12-11,68800.0000,47357.1641,55.3469
2017-12-12,67600.0000,46531.1680,49.7148
2017-12-13,69000.0000,47494.8281,55.4151
2017-12-14,67500.0000,46462.3320,49.0052
2017-12-15,68600.0000,47219.4961,53.2736
2017-12-18,67700.0000,46600.0000,49.6145
2017-12-19,69000.0000,47494.8281,54.4783
2017-12-21,67000.0000,46118.1680,46.9667
2017-12-22,67400.0000,46393.5039,48.4963
2017-12-26,69000.0000,47494.8281,54.1879
2017-12-27,67700.0000,47706.2305,55.2110
2017-12-28,69000.0000,48622.3008,59.4386
2018-01-02,69000.0000,48622.3008,59.4386
2018-01-03,68600.0000,48340.4336,57.5018
2018-01-04,69200.0000,48763.2344,59.6269
2018-01-05,72500.0000,51088.6484,68.8523
2018-01-08,79000.0000,55669.0195,79.0209
2018-01-09,76700.0000,54048.2695,70.2780
2018-01-10,76300.0000,53766.3984,68.8513
2018-01-11,76700.0000,54048.2695,69.5177
2018-01-12,82900.0000,58417.2188,77.5392
2018-01-15,84100.0000,59262.8281,78.7071
2018-01-16,80800.0000,56937.4141,68.2040
2018-01-17,79900.0000,56303.2070,65.6316
2018-01-18,81900.0000,57712.5586,68.4769
2018-01-19,83100.0000,58558.1680,70.0776
2018-01-22,82800.0000,58346.7656,69.1325
2018-01-23,88500.0000,62363.3867,75.8082
2018-01-24,87100.0000,61376.8398,71.7062
2018-01-25,87800.0000,61870.1133,72.5073
2018-01-26,88600.0000,62433.8555,73.4330
2018-01-29,91300.0000,64336.4570,76.3298
2018-01-30,90000.0000,63420.3945,72.2452
2018-01-31,87400.0000,61588.2500,64.7789
2018-02-01,87000.0000,61306.3828,63.6884
2018-02-02,84700.0000,59685.6445,57.6761
2018-02-05,81900.0000,57712.5586,51.3239
2018-02-06,80800.0000,56937.4141,49.0389
2018-02-07,79700.0000,56162.2812,46.7953
2018-02-08,80900.0000,57007.8906,49.5093
2018-02-09,80400.0000,56655.5547,48.4014
2018-02-12,83600.0000,58910.4922,55.2959
2018-02-13,80000.0000,56373.6875,47.5916
2018-02-14,79900.0000,56303.2070,47.3941
2018-02-19,81600.0000,57501.1562,51.1092
2018-02-20,79300.0000,55880.4219,46.3409
2018-02-21,80200.0000,56514.6172,48.3707
2018-02-22,79900.0000,56303.2070,47.7226
2018-02-23,81800.0000,57642.0859,52.0997
2018-02-26,83300.0000,58699.1016,55.2829
2018-02-27,82900.0000,58417.2188,54.2476
2018-02-28,78500.0000,55316.6680,44.3982
2018-03-02,80000.0000,56373.6875,47.8729
2018-03-05,78000.0000,54964.3398,43.9309
2018-03-06,79500.0000,56021.3438,47.4274
2018-03-07,78000.0000,54964.3398,44.4427
2018-03-08,77100.0000,54330.1406,42.7061
2018-03-09,82700.0000,58276.2969,54.5947
2018-03-12,86200.0000,60742.6367,60.1591
2018-03-13,86400.0000,60883.5781,60.4573
2018-03-14,85400.0000,60178.9023,58.1150
2018-03-15,84800.0000,59756.1094,56.6958
2018-03-16,84500.0000,59544.7031,55.9599
2018-03-19,83500.0000,58840.0234,53.4685
2018-03-20,84000.0000,59192.3672,54.5579
2018-03-21,83500.0000,58840.0234,53.2162
2018-03-22,85000.0000,59897.0469,56.6596
2018-03-23,81900.0000,57712.5586,48.6845
2018-03-26,82200.0000,57923.9531,49.4263
2018-03-27,82900.0000,58417.2188,51.1992
2018-03-28,81500.0000,57430.6875,47.6049
2018-03-29,82600.0000,58205.8320,50.5428
2018-03-30,82700.0000,58276.2969,50.8128
2018-04-02,81000.0000,57078.3555,46.1955
2018-04-03,78500.0000,55316.6680,40.3838
2018-04-04,78000.0000,54964.3398,39.3185
2018-04-05,79100.0000,55739.4805,42.8882
2018-04-06,79700.0000,56162.2812,44.7958
2018-04-09,79600.0000,56091.8203,44.5289
2018-04-10,80700.0000,56866.9453,48.1867
2018-04-11,80100.0000,56444.1484,46.3898
2018-04-12,80000.0000,56373.6875,46.0814
2018-04-13,84200.0000,59333.3008,58.5472
2018-04-16,84800.0000,59756.1094,59.9710
2018-04-17,84200.0000,59333.3008,57.8318
2018-04-18,84800.0000,59756.1094,59.3917
2018-04-19,84300.0000,59403.7617,57.4833
2018-04-20,82600.0000,58205.8320,51.4323
2018-04-23,83100.0000,58558.1680,52.9994
2018-04-24,87200.0000,61447.3125,63.4219
2018-04-25,86600.0000,61024.5156,61.2803
2018-04-26,87200.0000,61447.3125,62.6389
2018-04-27,90200.0000,63561.3281,68.5762
2018-04-30,91100.0000,64195.5273,70.1108
2018-05-02,89700.0000,63208.9961,64.8089
2018-05-03,88000.0000,62011.0547,58.9766
2018-05-04,88900.0000,62645.2578,60.9787
2018-05-08,88100.0000,62081.5234,58.2571
2018-05-09,87300.0000,61517.7852,55.5853
2018-05-10,91400.0000,64406.9336,64.5567
2018-05-11,94300.0000,66450.4844,69.2829
2018-05-14,96000.0000,67648.4141,71.6679
2018-05-15,95300.0000,67155.1406,69.2825
2018-05-16,95100.0000,67014.2109,68.5801
2018-05-17,93700.0000,66027.6797,63.7112
2018-05-18,94800.0000,66802.8203,65.7677
2018-05-21,94400.0000,66520.9531,64.3399
2018-05-23,93800.0000,66098.1406,62.1598
2018-05-24,94100.0000,66309.5547,62.8379
2018-05-25,94100.0000,66309.5547,62.8379
2018-05-28,98100.0000,69128.2344,70.9004
2018-05-29,98100.0000,69128.2344,70.9004
2018-05-30,94300.0000,66450.4844,57.2222
2018-05-31,93900.0000,66168.6094,55.9975
2018-06-01,94500.0000,66591.4141,57.4679
2018-06-04,93300.0000,65745.8047,53.6094
2018-06-05,94900.0000,66873.2734,57.6886
2018-06-07,96600.0000,68071.2266,61.5566
2018-06-08,94200.0000,66380.0078,54.0451
2018-06-11,95300.0000,67155.1406,56.6557
2018-06-12,94600.0000,66661.8828,54.5327
2018-06-14,90000.0000,63420.3945,43.1022
2018-06-15,89500.0000,63068.0547,42.0700
2018-06-18,85700.0000,60390.3086,35.1753
2018-06-19,85100.0000,59967.5117,34.2217
2018-06-20,86400.0000,60883.5781,38.1353
2018-06-21,84600.0000,59615.1680,35.0277
2018-06-22,83600.0000,58910.4922,33.3994
2018-06-25,83400.0000,58769.5703,33.0683
2018-06-26,84400.0000,59474.2383,36.4600
2018-06-27,83200.0000,58628.6289,34.2191
2018-06-28,83300.0000,58699.1016,34.5800
2018-06-29,84100.0000,59262.8281,37.5321
2018-07-02,80800.0000,56937.4141,31.2645
2018-07-03,81100.0000,57148.8242,32.3703
2018-07-04,79900.0000,56303.2070,30.2725
2018-07-05,79300.0000,55880.4219,29.2519
2018-07-06,82100.0000,57853.4883,39.5031
2018-07-09,79700.0000,56162.2812,34.8428
2018-07-10,79900.0000,56303.2070,35.5254
2018-07-11,77200.0000,54400.6016,30.8297
2018-07-12,76800.0000,54118.7383,30.1930
2018-07-13,78500.0000,55316.6680,36.2217
2018-07-16,75200.0000,52991.2578,30.6823
2018-07-17,74100.0000,52216.1211,29.0855
2018-07-18,74200.0000,52286.5859,29.4450
2018-07-19,72900.0000,51370.5195,27.4938
2018-07-20,71400.0000,50313.5117,25.4022
2018-07-23,69200.0000,48763.2344,22.6772
2018-07-24,69000.0000,48622.3008,22.4415
2018-07-25,70000.0000,49326.9688,26.5518
2018-07-26,72200.0000,50877.2500,34.7454
2018-07-27,71900.0000,50665.8516,34.1853
2018-07-30,71300.0000,50243.0469,33.0384
2018-07-31,71400.0000,50313.5117,33.4392
2018-08-01,71700.0000,50524.9102,34.7020
2018-08-02,68700.0000,48410.9062,28.8147
2018-08-03,69700.0000,49115.5703,32.9011
2018-08-06,69900.0000,49256.5039,33.7206
2018-08-07,70000.0000,49326.9688,34.1536
2018-08-08,68500.0000,48269.9727,30.8932
2018-08-09,67400.0000,47494.8320,28.7273
2018-08-10,65900.0000,46437.8203,26.0458
2018-08-13,63700.0000,44887.5430,22.6991
2018-08-14,65000.0000,45803.6211,28.5421
2018-08-16,65100.0000,45874.0859,28.9867
2018-08-17,65300.0000,46015.0234,29.9259
2018-08-20,65300.0000,46015.0234,29.9259
2018-08-21,68400.0000,48199.5000,43.3856
2018-08-22,67200.0000,47353.8906,40.1692
2018-08-23,68500.0000,48269.9727,44.9322
2018-08-24,68200.0000,48058.5664,44.0604
2018-08-27,71500.0000,50383.9766,54.5139
2018-08-28,72000.0000,50736.3125,55.8598
2018-08-29,72500.0000,51088.6484,57.2229
2018-08-30,71400.0000,50313.5117,53.3216
2018-08-31,71300.0000,50243.0469,52.9681
2018-09-03,71200.0000,50172.5742,52.5925
2018-09-04,70800.0000,49890.7148,51.0339
2018-09-05,69000.0000,48622.3008,44.6249
2018-09-06,67500.0000,47565.2969,40.1050
2018-09-07,68200.0000,48058.5664,43.0062
2018-09-10,69000.0000,48622.3008,46.2127
2018-09-11,69600.0000,49045.1055,48.5507
2018-09-12,69500.0000,48974.6367,48.1748
2018-09-13,68500.0000,48269.9727,44.4677
2018-09-14,71400.0000,50313.5117,55.2278
2018-09-17,69800.0000,49186.0391,49.5260
2018-09-18,70000.0000,49326.9688,50.2178
2018-09-19,72100.0000,50806.7773,56.8985
2018-09-20,74200.0000,52286.5859,62.3410
2018-09-21,74700.0000,52638.9336,63.5221
2018-09-27,75200.0000,52991.2578,64.7139
2018-09-28,76100.0000,53625.4648,66.8155
2018-10-01,75600.0000,53273.1367,64.5166
2018-10-02,72500.0000,51088.6484,52.4636
2018-10-04,70200.0000,49467.9062,45.6495
2018-10-05,70300.0000,49538.3750,45.9780
2018-10-08,69700.0000,49115.5703,44.2497
2018-10-10,65600.0000,46226.4258,34.6616
2018-10-11,62100.0000,43760.0703,28.9039
2018-10-12,63400.0000,44676.1445,33.3335
2018-10-15,61900.0000,43619.1367,30.9383
2018-10-16,61500.0000,43337.2656,30.3127
2018-10-17,63200.0000,44535.2070,36.2153
2018-10-18,63000.0000,44394.2773,35.8308
2018-10-19,63000.0000,44394.2773,35.8308
2018-10-22,63800.0000,44958.0117,38.8431
2018-10-23,60700.0000,42773.5312,32.4803
2018-10-24,62200.0000,43830.5391,37.7904
2018-10-25,62000.0000,43689.6055,37.3684
2018-10-26,61300.0000,43196.3398,35.8592
2018-10-29,60700.0000,42773.5312,34.5703
2018-10-30,60400.0000,42562.1289,33.9139
2018-10-31,59300.0000,41787.0000,31.5487
2018-11-01,61500.0000,43337.2656,40.4882
2018-11-02,66200.0000,46649.2227,54.2380
2018-11-05,64600.0000,45521.7500,50.0026
2018-11-06,65000.0000,45803.6211,51.0322
2018-11-07,64800.0000,45662.6914,50.4726
2018-11-08,66400.0000,46790.1562,54.7478
2018-11-09,64700.0000,45592.2148,49.8264
2018-11-12,65400.0000,46085.4844,51.7497
2018-11-13,66100.0000,46578.7500,53.6626
2018-11-14,65000.0000,45803.6211,50.2886
2018-11-15,66100.0000,46578.7500,53.4411
2018-11-16,67500.0000,47565.2969,57.1645
2018-11-19,68700.0000,48410.9062,60.1092
2018-11-20,66800.0000,47072.0234,53.8026
2018-11-21,65700.0000,46296.8828,50.4992
2018-11-22,65400.0000,46085.4844,49.6046
2018-11-23,64400.0000,45380.8125,46.6390
2018-11-26,66000.0000,46508.2891,51.6226
2018-11-27,66700.0000,47001.5586,53.6617
2018-11-28,67200.0000,47353.8906,55.1168
2018-11-29,68700.0000,48410.9062,59.2512
2018-11-30,67700.0000,47706.2305,55.5758
2018-12-03,69900.0000,49256.5039,61.2680
2018-12-04,69100.0000,48692.7656,58.3406
2018-12-05,67800.0000,47776.6953,53.8388
2018-12-06,65000.0000,45803.6211,45.6655
2018-12-07,65300.0000,46015.0234,46.6009
2018-12-10,63400.0000,44676.1445,41.7041
2018-12-11,63500.0000,44746.6094,42.0493
2018-12-12,65000.0000,45803.6211,47.1079
2018-12-13,64700.0000,45592.2148,46.2385
2018-12-14,64000.0000,45098.9414,44.1894
2018-12-17,64000.0000,45098.9414,44.1894
2018-12-18,63000.0000,44394.2773,41.1667
2018-12-19,63200.0000,44535.2070,42.0209
2018-12-20,61300.0000,43196.3398,36.5864
2018-12-21,60800.0000,42844.0000,35.2928
2018-12-24,60200.0000,42421.1992,33.7507
2018-12-26,58700.0000,41364.1875,30.1982
2018-12-27,59400.0000,43181.5977,41.5835
2018-12-28,59500.0000,43254.2930,41.9911
2019-01-02,56900.0000,41364.1914,35.1284
2019-01-03,56800.0000,41291.4961,34.8922
2019-01-04,57000.0000,41436.8906,35.8216
2019-01-07,60400.0000,43908.5586,49.1194
2019-01-08,59300.0000,43108.9062,45.8121
2019-01-09,60800.0000,44199.3477,50.6880
2019-01-10,59100.0000,42963.5117,45.6722
2019-01-11,59500.0000,43254.2930,47.0011
2019-01-14,58300.0000,42381.9375,43.5587
2019-01-15,62300.0000,45289.7930,55.3087
2019-01-16,63600.0000,46234.8398,58.3439
2019-01-17,63500.0000,46162.1445,58.0175
2019-01-18,64100.0000,46598.3242,59.4822
2019-01-21,63500.0000,46162.1445,57.3282
2019-01-22,62400.0000,45362.4844,53.5030
2019-01-23,62100.0000,45144.3984,52.4747
2019-01-24,64900.0000,47179.8945,60.1696
2019-01-25,64900.0000,47179.8945,60.1696
2019-01-28,63200.0000,45944.0547,54.0118
2019-01-29,63300.0000,46016.7500,54.3080
2019-01-30,64000.0000,46525.6211,56.4240
2019-01-31,64300.0000,46743.7109,57.3359
2019-02-01,64200.0000,46671.0156,56.9084
2019-02-07,65800.0000,47834.1562,61.8142
2019-02-08,61900.0000,44999.0039,47.5916
2019-02-11,61700.0000,44853.6133,46.9944
2019-02-12,62300.0000,45289.7930,49.0595
2019-02-13,62200.0000,45217.0938,48.7188
2019-02-14,62600.0000,45507.8789,50.2082
2019-02-15,60800.0000,44199.3477,44.0133
2019-02-18,62000.0000,45071.7031,48.5692
2019-02-19,61900.0000,44999.0039,48.2171
2019-02-20,63500.0000,46162.1445,53.9676
2019-02-21,62900.0000,45725.9648,51.6512
2019-02-22,62300.0000,45289.7930,49.3692
2019-02-25,63600.0000,46234.8398,54.1009
2019-02-26,64700.0000,47034.5000,57.7030
2019-02-27,65100.0000,47325.2852,58.9641
2019-02-28,64500.0000,46889.1094,56.2546
2019-03-04,63100.0000,45871.3633,50.4314
2019-03-05,62000.0000,45071.7031,46.3699
2019-03-06,62600.0000,45507.8789,48.7924
2019-03-07,61700.0000,44853.6133,45.4742
2019-03-08,61200.0000,44490.1289,43.6963
2019-03-11,60600.0000,44053.9531,41.5948
2019-03-12,60700.0000,44126.6445,42.0946
2019-03-13,61000.0000,44344.7383,43.6527
2019-03-14,62100.0000,45144.3984,49.0644
2019-03-15,64800.0000,47107.2031,59.3775
2019-03-18,66400.0000,48270.3398,64.0258
2019-03-19,65700.0000,47761.4609,60.7505
2019-03-20,65800.0000,47834.1562,61.0570
2019-03-21,65500.0000,47616.0742,59.5546
2019-03-22,64700.0000,47034.5000,55.6239
2019-03-25,62600.0000,45507.8789,46.8774
2019-03-26,62500.0000,45435.1836,46.5024
2019-03-27,62100.0000,45144.3984,44.9534
2019-03-28,60700.0000,44126.6445,39.9389
2019-03-29,62100.0000,45144.3984,46.3802
2019-04-01,63700.0000,46307.5352,52.6325
2019-04-02,64200.0000,46671.0156,54.4211
2019-04-03,67400.0000,48997.3047,63.8336
2019-04-04,68000.0000,49433.4766,65.2813
2019-04-05,69800.0000,50742.0117,69.2572
2019-04-08,70700.0000,51396.2812,71.0428
2019-04-09,70100.0000,50960.0977,68.1989
2019-04-10,71200.0000,51759.7578,70.5282
2019-04-11,72200.0000,52486.7227,72.5002
2019-04-12,72100.0000,52414.0234,71.9815
2019-04-15,72300.0000,52559.4219,72.4067
2019-04-16,71400.0000,51905.1523,67.4465
2019-04-17,72400.0000,52632.1133,69.9128
2019-04-18,70400.0000,51178.1914,60.1051
2019-04-19,70800.0000,51468.9766,61.2752
2019-04-22,71300.0000,51832.4570,62.7460
2019-04-23,70200.0000,51032.7969,57.5658
2019-04-24,69200.0000,50305.8320,53.2609
2019-04-25,69100.0000,50233.1328,52.8354
2019-04-26,68800.0000,50015.0508,51.5060
2019-04-29,69800.0000,50742.0117,55.5233
2019-04-30,68400.0000,49724.2656,49.3585
2019-05-02,68700.0000,49942.3555,50.6237
2019-05-03,67400.0000,48997.3047,45.3380
2019-05-07,66500.0000,48343.0352,42.0635
2019-05-08,67200.0000,48851.9023,45.3684
2019-05-09,65100.0000,47325.2852,38.3084
2019-05-10,66200.0000,48124.9414,43.2868
2019-05-13,65600.0000,47688.7734,41.3278
2019-05-14,66300.0000,48197.6406,44.4845
2019-05-15,69500.0000,50523.9219,56.1101
2019-05-16,70000.0000,50887.3984,57.6040
2019-05-17,71200.0000,51759.7578,61.0322
2019-05-20,71000.0000,51614.3633,60.1591
2019-05-21,71000.0000,51614.3633,60.1591
2019-05-22,70800.0000,51468.9766,59.1773
2019-05-23,70200.0000,51032.7969,56.2132
2019-05-24,70900.0000,51541.6719,58.8056
2019-05-27,71200.0000,51759.7578,59.9013
2019-05-28,71200.0000,51759.7578,59.9013
2019-05-29,71000.0000,51614.3633,58.6942
2019-05-30,72300.0000,52559.4219,63.8004
2019-05-31,72400.0000,52632.1133,64.1673
2019-06-03,73300.0000,53286.3867,67.3730
2019-06-04,74100.0000,53867.9531,69.9466
2019-06-05,74200.0000,53940.6406,70.2623
2019-06-07,74500.0000,54158.7344,71.2387
2019-06-10,74600.0000,54231.4297,71.5737
2019-06-11,74800.0000,54376.8203,72.2694
2019-06-12,74700.0000,54304.1328,71.3295
2019-06-13,75900.0000,55176.4844,75.4553
2019-06-14,75000.0000,54522.2227,67.5984
2019-06-17,74600.0000,54231.4297,64.3892
2019-06-18,74500.0000,54158.7344,63.5766
2019-06-19,78100.0000,56775.8047,75.5427
2019-06-20,79200.0000,57575.4648,77.9287
2019-06-21,80300.0000,58375.1250,80.0271
2019-06-24,82500.0000,59974.4414,83.4219
2019-06-25,81600.0000,59320.1719,77.6103
2019-06-26,80700.0000,58665.8984,72.1940
2019-06-27,81800.0000,59465.5625,74.5333
2019-06-28,80700.0000,58665.8984,68.3414
2019-07-01,80800.0000,58738.5977,68.5968
2019-07-02,81200.0000,59029.3867,69.6515
2019-07-03,78100.0000,56775.8047,54.4022
2019-07-04,80600.0000,58593.2148,61.6872
2019-07-05,79100.0000,57502.7656,55.9148
2019-07-08,77600.0000,56412.3242,50.7961
2019-07-09,77200.0000,56121.5352,49.4948
2019-07-10,77900.0000,56630.4141,51.8208
2019-07-11,79200.0000,57575.4648,55.8843
2019-07-12,79300.0000,57648.1641,56.1904
2019-07-15,78100.0000,56775.8047,51.5667
2019-07-16,79300.0000,57648.1641,55.5093
2019-07-17,79700.0000,57938.9453,56.7724
2019-07-18,76600.0000,55685.3633,45.8967
2019-07-19,79800.0000,58011.6445,55.3956
2019-07-22,79900.0000,58084.3281,55.6575
2019-07-23,81500.0000,59247.4766,59.7330
2019-07-24,80400.0000,58447.8203,55.9273
2019-07-25,78800.0000,57284.6797,50.8522
2019-07-26,78200.0000,56848.5000,49.0545
2019-07-29,77100.0000,56048.8438,45.8540
2019-07-30,75700.0000,55031.0898,42.0901
2019-07-31,74500.0000,54158.7344,39.1256
2019-08-01,74400.0000,54086.0391,38.8799
2019-08-02,71700.0000,52123.2383,32.8756
2019-08-05,70000.0000,50887.3984,29.7593
2019-08-06,70100.0000,50960.0977,30.1786
2019-08-07,70000.0000,50887.3984,29.9858
2019-08-08,70600.0000,51323.5820,32.7608
2019-08-09,71300.0000,51832.4570,35.9503
2019-08-12,70900.0000,51541.6719,34.9306
2019-08-13,68900.0000,50087.7422,30.3027
2019-08-14,70400.0000,51178.1914,37.0401
2019-08-16,69200.0000,50305.8320,34.1925
2019-08-19,71300.0000,51832.4570,42.5205
2019-08-20,71900.0000,52268.6367,44.6748
2019-08-21,72300.0000,52559.4219,46.1245
2019-08-22,72500.0000,52704.8086,46.8740
2019-08-23,71300.0000,51832.4570,43.0076
2019-08-26,69900.0000,50814.7031,38.9691
2019-08-27,69800.0000,50742.0117,38.6896
2019-08-28,70200.0000,51032.7969,40.5269
2019-08-29,69000.0000,50160.4375,36.9496
2019-08-30,72300.0000,52559.4219,50.0161
2019-09-02,72100.0000,52414.0234,49.3486
2019-09-03,70400.0000,51178.1914,43.9763
2019-09-04,71100.0000,51687.0625,46.5563
2019-09-05,72600.0000,52777.5117,51.6903
2019-09-06,71700.0000,52123.2383,48.6693
2019-09-09,71100.0000,51687.0625,46.7094
2019-09-10,72300.0000,52559.4219,50.9627
2019-09-11,75100.0000,54594.9180,59.1545
2019-09-16,79500.0000,57793.5469,68.1567
2019-09-17,79100.0000,57502.7656,66.7172
2019-09-18,79500.0000,57793.5469,67.4574
2019-09-19,77100.0000,56048.8438,58.9813
2019-09-20,76600.0000,55685.3633,57.3642
2019-09-23,75700.0000,55031.0898,54.4692
2019-09-24,76100.0000,55321.8789,55.5431
2019-09-25,73900.0000,53722.5625,48.7350
2019-09-26,74300.0000,54013.3438,49.9365
2019-09-27,73300.0000,53286.3867,46.9725
2019-09-30,75300.0000,54740.3047,52.9833
2019-10-01,74700.0000,54304.1328,51.1115
2019-10-02,73600.0000,53504.4727,47.7789
2019-10-04,72500.0000,52704.8086,44.6441
2019-10-07,72200.0000,52486.7227,43.8000
2019-10-08,72400.0000,52632.1133,44.5526
2019-10-10,71800.0000,52195.9336,42.7050
2019-10-11,72200.0000,52486.7227,44.3616
2019-10-14,73100.0000,53140.9883,48.0044
2019-10-15,72500.0000,52704.8086,45.8492
2019-10-16,73300.0000,53286.3867,49.1287
2019-10-17,71200.0000,51759.7578,41.9472
2019-10-18,70300.0000,51105.4961,39.2961
2019-10-21,69600.0000,50596.6172,37.3204
2019-10-22,70300.0000,51105.4961,40.5398
2019-10-23,69700.0000,50669.3125,38.7047
2019-10-24,70100.0000,50960.0977,40.6340
2019-10-25,70600.0000,51323.5820,43.0472
2019-10-28,69900.0000,50814.7031,40.5614
2019-10-29,69300.0000,50378.5312,38.5087
2019-10-30,68200.0000,49578.8711,35.0105
2019-10-31,67800.0000,49288.0859,33.8079
2019-11-01,67400.0000,48997.3047,32.6018
2019-11-04,71000.0000,51614.3633,49.9184
2019-11-05,71300.0000,51832.4570,51.0472
2019-11-06,70400.0000,51178.1914,47.5824
2019-11-07,71200.0000,51759.7578,50.7803
2019-11-08,71300.0000,51832.4570,51.1813
2019-11-11,70200.0000,51032.7969,46.6771
2019-11-12,70600.0000,51323.5820,48.4536
2019-11-13,70000.0000,50887.3984,45.9791
2019-11-14,71100.0000,51687.0625,50.9270
2019-11-15,73100.0000,53140.9883,58.3895
2019-11-18,71300.0000,51832.4570,50.8890
2019-11-19,71400.0000,51905.1523,51.2635
2019-11-20,70800.0000,51468.9766,48.8559
2019-11-21,70400.0000,51178.1914,47.2622
2019-11-22,71200.0000,51759.7578,50.7242
2019-11-25,72600.0000,52777.5117,56.1493
2019-11-26,72500.0000,52704.8086,55.6777
2019-11-27,72800.0000,52922.8945,56.8485
2019-11-28,72000.0000,52341.3242,52.8401
2019-11-29,71700.0000,52123.2383,51.3772
2019-12-02,72000.0000,52341.3242,52.7850
2019-12-03,71900.0000,52268.6367,52.2421
2019-12-04,71400.0000,51905.1523,49.5003
2019-12-05,69800.0000,50742.0117,41.9188
2019-12-06,67600.0000,49142.6953,34.1694
2019-12-09,67000.0000,48706.5156,32.4097
2019-12-10,67800.0000,49288.0859,37.0638
2019-12-11,68200.0000,49578.8711,39.3138
2019-12-12,70100.0000,50960.0977,48.6963
2019-12-13,71900.0000,52268.6367,55.6863
2019-12-16,71500.0000,51977.8477,53.9279
2019-12-17,71900.0000,52268.6367,55.4431
2019-12-18,70900.0000,51541.6719,50.9334
2019-12-19,72200.0000,52486.7227,55.9496
2019-12-20,72600.0000,52777.5117,57.3930
2019-12-23,73100.0000,53140.9883,59.1929
2019-12-24,73000.0000,53068.2930,58.6592
2019-12-26,73200.0000,53213.6797,59.4467
2019-12-27,72400.0000,54803.2812,66.8766
2019-12-30,72400.0000,54803.2812,66.8766
2020-01-02,70900.0000,53667.8555,58.0640
2020-01-03,71600.0000,54197.7227,60.6688
2020-01-06,69500.0000,52608.1211,50.5291
2020-01-07,70200.0000,53137.9883,53.3292
2020-01-08,69100.0000,52305.3398,48.6676
2020-01-09,69000.0000,52229.6484,48.2546
2020-01-10,69200.0000,52381.0391,49.1834
2020-01-13,70100.0000,53062.2969,53.2496
2020-01-14,72400.0000,54803.2812,61.6869
2020-01-15,72800.0000,55106.0586,62.9396
2020-01-16,73400.0000,55560.2344,64.7988
2020-01-17,73700.0000,55787.3203,65.7247
2020-01-20,74600.0000,56468.5742,68.4092
2020-01-21,74500.0000,56392.8828,67.7741
2020-01-22,75800.0000,57376.9180,71.4812
2020-01-23,74200.0000,56165.7891,62.0241
2020-01-28,69500.0000,52608.1211,43.7244
2020-01-29,68900.0000,52153.9570,42.0199
2020-01-30,67400.0000,51018.5273,38.0288
2020-01-31,66500.0000,50337.2734,35.8299
2020-02-03,66100.0000,50034.4883,34.8649
2020-02-04,66300.0000,50185.8789,35.7960
2020-02-05,65500.0000,49580.3164,33.7197
2020-02-06,69400.0000,52532.4297,49.1916
2020-02-07,69000.0000,52229.6484,47.9551
2020-02-10,67400.0000,51018.5273,43.2701
2020-02-11,68600.0000,51926.8672,47.4192
2020-02-12,69500.0000,52608.1211,50.3520
2020-02-13,69100.0000,52305.3398,49.0427
2020-02-14,68800.0000,52078.2578,48.0339
2020-02-17,68900.0000,52153.9570,48.4148
2020-02-18,69300.0000,52456.7344,49.9938
2020-02-19,68300.0000,51699.7812,46.1875
2020-02-20,67700.0000,51245.6094,44.0218
2020-02-21,66700.0000,50488.6602,40.6046
2020-02-24,62900.0000,47612.2422,30.8155
2020-02-25,64100.0000,48520.5859,36.0580
2020-02-26,65000.0000,49201.8438,39.7457
2020-02-27,65000.0000,49201.8438,39.7457
2020-02-28,62800.0000,47536.5508,34.1604
2020-03-02,61800.0000,46779.5977,31.9618
2020-03-03,63400.0000,47990.7227,38.7540
2020-03-04,64100.0000,48520.5859,41.5053
2020-03-05,65700.0000,49731.7070,47.3294
2020-03-06,63700.0000,48217.8047,41.7355
2020-03-09,63700.0000,48217.8047,41.7355
2020-03-10,61500.0000,46552.5156,36.2671
2020-03-11,60900.0000,46098.3438,34.9232
2020-03-12,60900.0000,46098.3438,34.9232
2020-03-13,54800.0000,41480.9375,24.3039
2020-03-16,51500.0000,38982.9961,20.6464
2020-03-17,48400.0000,36636.4492,17.9184
2020-03-18,45550.0000,34479.1406,15.8455
2020-03-19,39250.0000,29710.3418,12.4240
2020-03-20,37050.0000,28045.0508,11.4908
2020-03-23,32000.0000,24222.4434,9.6915
2020-03-24,38450.0000,29104.7832,25.6956
2020-03-25,48200.0000,36485.0586,42.3322
2020-03-26,46400.0000,35122.5430,40.5281
2020-03-27,46550.0000,35236.0898,40.7547
2020-03-30,48050.0000,36371.5156,43.0898
2020-03-31,49750.0000,37658.3320,45.7019
2020-04-01,45000.0000,34062.8125,40.1560
2020-04-02,46000.0000,34819.7656,41.7584
2020-04-03,44700.0000,33835.7305,40.2496
2020-04-06,46700.0000,35349.6328,43.6244
2020-04-07,47000.0000,35576.7148,44.1341
2020-04-08,45700.0000,34592.6797,42.3473
2020-04-09,46800.0000,35425.3242,44.3986
2020-04-10,47200.0000,35728.1133,45.1626
2020-04-13,45400.0000,34365.5977,42.3428
2020-04-14,46750.0000,35387.4805,45.1109
2020-04-16,45450.0000,34403.4414,42.9715
2020-04-17,49100.0000,37166.3164,50.1237
2020-04-20,47650.0000,36068.7305,47.5712
2020-04-21,47450.0000,35917.3477,47.2141
2020-04-22,46900.0000,35501.0195,46.1872
2020-04-23,47000.0000,35576.7148,46.4154
2020-04-24,46000.0000,34819.7656,44.3883
2020-04-27,47500.0000,35955.1914,48.0531
2020-04-28,47450.0000,35917.3477,47.9397
2020-04-29,50100.0000,37923.2656,54.1200
2020-05-04,47850.0000,36220.1250,48.8206
2020-05-06,48550.0000,36749.9961,50.4463
2020-05-07,48100.0000,36409.3633,49.3608
2020-05-08,48500.0000,36712.1406,50.3828
2020-05-11,47800.0000,36182.2773,48.5367
2020-05-12,46600.0000,35273.9336,45.4613
2020-05-13,46650.0000,35311.7852,45.6159
2020-05-14,45500.0000,34441.2930,42.6228
2020-05-15,45400.0000,34365.5977,42.3625
2020-05-18,46300.0000,35046.8516,45.5835
2020-05-19,49950.0000,37809.7227,56.2594
2020-05-20,49550.0000,37506.9453,54.9863
2020-05-21,51300.0000,38831.6094,59.3233
2020-05-22,48800.0000,36939.2266,51.6650
2020-05-25,48650.0000,36825.6875,51.2376
2020-05-26,50700.0000,38377.4336,56.5302
2020-05-27,51100.0000,38680.2148,57.4996
2020-05-28,51200.0000,38755.9141,57.7532
2020-05-29,52700.0000,39891.3398,61.4678
2020-06-01,55100.0000,41708.0234,66.5374
2020-06-02,55400.0000,41935.1133,67.1198
2020-06-03,57500.0000,43524.7070,70.9331
2020-06-04,55500.0000,42010.8047,63.3925
2020-06-05,55600.0000,42086.4961,63.6009
2020-06-08,57700.0000,43676.0938,67.7518
2020-06-09,55600.0000,42086.4961,60.3412
2020-06-10,54200.0000,41026.7656,55.9478
2020-06-11,54300.0000,41102.4648,56.1932
2020-06-12,52400.0000,39664.2578,50.4444
2020-06-15,48650.0000,36825.6875,41.4346
2020-06-16,51000.0000,38604.5234,47.7346
2020-06-17,49500.0000,37469.0938,44.4479
2020-06-18,49750.0000,37658.3320,45.1261
2020-06-19,49050.0000,37128.4688,43.5239
2020-06-22,48000.0000,36333.6641,41.1632
2020-06-23,46650.0000,35311.7852,38.2877
2020-06-24,48250.0000,36522.9062,43.3396
2020-06-25,46400.0000,35122.5430,39.3305
2020-06-26,46300.0000,35046.8516,39.1198
2020-06-29,44600.0000,33760.0312,35.6264
2020-06-30,44500.0000,33684.3359,35.4260
2020-07-01,45450.0000,34403.4414,38.9400
2020-07-02,45650.0000,34554.8281,39.6842
2020-07-03,45650.0000,34554.8281,39.6842
2020-07-06,46200.0000,34971.1602,41.9410
2020-07-07,45050.0000,34100.6641,38.6820
2020-07-08,44700.0000,33835.7305,37.7213
2020-07-09,44250.0000,33495.1016,36.4673
2020-07-10,42700.0000,32321.8242,32.4639
2020-07-13,45000.0000,34062.8125,42.5435
2020-07-14,44800.0000,33911.4219,41.9571
2020-07-15,46000.0000,34819.7656,46.7038
2020-07-16,47750.0000,36144.4297,52.7699
2020-07-17,48650.0000,36825.6875,55.5706
2020-07-20,48300.0000,36560.7539,54.2240
2020-07-21,50500.0000,38226.0469,60.6748
2020-07-22,51300.0000,38831.6094,62.7316
2020-07-23,51300.0000,38831.6094,62.7316
2020-07-24,50200.0000,37998.9609,57.9024
2020-07-27,50000.0000,37847.5703,57.0426
2020-07-28,49850.0000,37734.0273,56.3665
2020-07-29,49850.0000,37734.0273,56.3665
2020-07-30,49350.0000,37355.5547,53.8971
2020-07-31,48700.0000,36863.5352,50.7825
2020-08-03,51200.0000,38755.9141,60.2880
2020-08-04,53600.0000,40572.5977,66.8976
2020-08-05,58200.0000,44054.5703,75.3619
2020-08-06,57500.0000,43524.7070,72.3310
2020-08-07,60400.0000,45719.8672,76.5405
2020-08-10,66900.0000,50640.0508,82.8416
2020-08-11,64800.0000,49050.4531,75.7615
2020-08-12,63900.0000,48369.1953,72.8865
2020-08-13,62900.0000,47612.2422,69.7206
2020-08-14,63800.0000,48293.5000,70.9438
2020-08-18,60200.0000,45568.4727,60.4278
2020-08-19,60700.0000,45946.9492,61.2862
2020-08-20,57600.0000,43600.4023,53.5333
2020-08-21,57900.0000,43827.4883,54.1379
2020-08-24,58800.0000,44508.7461,55.9882
2020-08-25,63400.0000,47990.7227,63.9857
2020-08-26,62700.0000,47460.8555,62.1354
2020-08-27,60100.0000,45492.7812,55.6932
2020-08-28,62300.0000,47158.0742,59.5179
2020-08-31,60900.0000,46098.3438,56.1936
2020-09-01,63000.0000,47687.9414,59.8189
2020-09-02,66200.0000,50110.1797,64.6233
2020-09-03,68700.0000,52002.5625,67.8569
2020-09-04,69000.0000,52229.6484,68.2321
2020-09-07,82200.0000,62221.3984,79.5466
2020-09-08,78400.0000,59344.9883,71.6366
2020-09-09,76100.0000,57604.0000,67.2760
2020-09-10,80000.0000,60556.1211,70.5496
2020-09-11,78400.0000,59344.9883,67.5635
2020-09-14,78100.0000,59117.9102,66.9909
2020-09-15,81100.0000,61388.7656,69.7515
2020-09-16,80600.0000,61010.2891,68.7199
2020-09-17,79500.0000,60177.6406,66.3937
2020-09-18,78100.0000,59117.9102,63.4498
2020-09-21,75700.0000,57301.2227,58.6489
2020-09-22,72000.0000,54500.5039,52.1035
2020-09-23,72000.0000,54500.5039,52.1035
2020-09-24,71500.0000,54122.0273,51.2078
2020-09-25,70000.0000,52986.6016,48.5135
2020-09-28,70000.0000,52986.6016,48.5135
2020-09-29,72500.0000,54878.9766,53.2664
2020-10-05,73800.0000,55863.0117,55.5636
2020-10-06,72700.0000,55030.3711,53.1815
2020-10-07,72200.0000,54651.8945,52.0884
2020-10-08,72100.0000,54576.1953,51.8588
2020-10-12,71400.0000,54046.3320,50.1911
2020-10-13,70700.0000,53516.4688,48.5111
2020-10-14,69200.0000,52381.0391,45.0325
2020-10-15,67300.0000,50942.8281,41.0201
2020-10-16,67900.0000,51397.0000,42.7547
2020-10-19,67800.0000,51321.3047,42.5302
2020-10-20,68300.0000,51699.7812,44.1105
2020-10-21,72100.0000,54576.1953,54.3779
2020-10-22,72200.0000,54651.8945,54.6142
2020-10-23,73100.0000,55333.1484,56.7836
2020-10-26,70300.0000,53213.6914,48.9450
2020-10-27,70700.0000,53516.4688,50.0067
2020-10-28,72300.0000,54727.5898,54.1170
2020-10-29,71400.0000,54046.3320,51.5496
2020-10-30,68600.0000,51926.8672,44.4796
2020-11-02,69700.0000,52759.5117,47.5245
2020-11-03,71400.0000,54046.3320,51.9136
2020-11-04,70900.0000,53667.8555,50.5738
2020-11-05,72200.0000,54651.8945,53.9049
2020-11-06,71200.0000,53894.9375,51.0545
2020-11-09,72400.0000,54803.2812,54.1852
2020-11-10,72500.0000,54878.9766,54.4467
2020-11-11,77200.0000,58436.6445,64.6570
2020-11-12,75200.0000,56922.7461,58.6344
2020-11-13,74000.0000,56014.4062,55.3057
2020-11-16,77200.0000,58436.6445,61.5709
2020-11-17,75600.0000,57225.5312,57.2496
2020-11-18,75500.0000,57149.8320,56.9805
2020-11-19,74000.0000,56014.4062,52.9582
2020-11-20,74800.0000,56619.9609,54.7912
2020-11-23,76100.0000,57604.0000,57.6770
2020-11-24,75900.0000,57452.6055,57.0734
2020-11-25,76600.0000,57982.4844,58.7025
2020-11-26,78400.0000,59344.9883,62.6297
2020-11-27,77100.0000,58360.9570,58.3164
2020-11-30,74100.0000,56090.1016,49.7938
2020-12-01,76500.0000,57906.7812,55.4083
2020-12-02,77400.0000,58588.0352,57.3351
2020-12-03,77900.0000,58966.5156,58.4103
2020-12-04,80700.0000,61085.9805,63.8972
2020-12-07,79900.0000,60480.4102,61.4045
2020-12-08,77800.0000,58890.8164,55.3055
2020-12-09,78000.0000,59042.2109,55.7563
2020-12-10,78000.0000,59042.2109,55.7563
2020-12-11,79000.0000,59799.1680,58.2006
2020-12-14,77600.0000,58739.4375,53.7255
2020-12-15,77000.0000,58285.2617,51.8842
2020-12-16,76800.0000,58133.8672,51.2537
2020-12-17,75600.0000,57225.5312,47.5219
2020-12-18,75700.0000,57301.2227,47.8625
2020-12-21,76800.0000,58133.8672,51.5858
2020-12-22,77100.0000,58360.9570,52.5804
2020-12-23,79300.0000,60026.2539,59.1998
2020-12-24,80000.0000,60556.1211,61.0622
2020-12-28,80000.0000,60556.1211,61.0622
2020-12-29,79100.0000,62207.6406,66.5774
2020-12-30,79000.0000,62129.0078,66.0973
2021-01-04,82300.0000,64724.2695,73.0134
2021-01-05,83000.0000,65274.7773,74.2150
2021-01-06,87000.0000,68420.5547,79.7606
2021-01-07,88600.0000,69678.8438,81.4767
2021-01-08,89800.0000,70622.5859,82.6640
2021-01-11,88800.0000,69836.1406,78.1677
2021-01-12,85500.0000,67240.8750,65.5052
2021-01-13,86400.0000,67948.6797,67.0719
2021-01-14,87800.0000,69049.7031,69.4000
2021-01-15,86400.0000,67948.6797,64.4896
2021-01-18,84400.0000,66375.7969,58.1588
2021-01-19,87800.0000,69049.7031,64.5330
2021-01-20,88200.0000,69364.2812,65.2046
2021-01-21,87400.0000,68735.1328,62.6495
2021-01-22,86800.0000,68263.2578,60.7274
2021-01-25,88100.0000,69285.6328,63.3509
2021-01-26,86900.0000,68341.8984,59.4059
2021-01-27,89800.0000,70622.5859,65.0674
2021-01-28,86000.0000,67634.1016,54.3675
2021-01-29,81300.0000,63937.8242,44.5988
2021-02-01,84600.0000,66533.0781,51.2254
2021-02-02,85500.0000,67240.8750,52.8807
2021-02-03,85400.0000,67162.2344,52.6669
2021-02-04,83400.0000,65589.3438,48.4465
2021-02-05,85200.0000,67004.9453,52.1620
2021-02-08,86000.0000,67634.1016,53.7571
2021-02-09,86600.0000,68105.9688,54.9699
2021-02-10,86600.0000,68105.9688,54.9699
2021-02-15,91700.0000,72116.8359,64.2203
2021-02-16,90400.0000,71094.4609,60.7921
2021-02-17,89700.0000,70543.9375,58.9668
2021-02-18,91400.0000,71880.8984,61.9544
2021-02-19,94500.0000,74318.8672,66.7138
2021-02-22,93300.0000,73375.1328,63.4071
2021-02-23,93200.0000,73296.4922,63.1264
2021-02-24,91500.0000,71959.5391,58.3922
2021-02-25,92000.0000,72352.7578,59.3576
2021-02-26,87300.0000,68656.4844,48.0674
2021-03-02,87300.0000,68656.4844,48.0674
2021-03-03,89500.0000,70386.6484,52.9279
2021-03-04,88200.0000,69364.2812,49.9528
2021-03-05,86300.0000,67870.0391,45.8925
2021-03-08,85500.0000,67240.8750,44.2611
2021-03-09,84600.0000,66533.0781,42.4336
2021-03-10,84000.0000,66061.2266,41.2120
2021-03-11,86300.0000,67870.0391,47.4567
2021-03-12,87300.0000,68656.4844,49.9463
2021-03-15,86900.0000,68341.8984,48.9472
2021-03-16,87200.0000,68577.8359,49.7589
2021-03-17,86400.0000,67948.6797,47.5862
2021-03-18,87500.0000,68813.7734,50.7693
2021-03-19,87500.0000,68813.7734,50.7693
2021-03-22,86800.0000,68263.2578,48.5914
2021-03-23,86500.0000,68027.3281,47.6481
2021-03-24,85100.0000,66926.2969,43.4123
2021-03-25,86300.0000,67870.0391,47.7037
2021-03-26,86800.0000,68263.2578,49.4247
2021-03-29,86100.0000,67712.7500,47.0883
2021-03-30,85800.0000,67476.8125,46.0829
2021-03-31,85600.0000,67319.5156,45.3871
2021-04-01,85600.0000,67319.5156,45.3871
2021-04-02,89900.0000,70701.2266,60.3238
2021-04-05,91500.0000,71959.5391,64.2426
2021-04-06,91000.0000,71566.3203,62.1759
2021-04-07,94400.0000,74240.2266,69.3878
2021-04-08,98400.0000,77386.0000,75.3440
2021-04-09,99900.0000,78565.6641,77.1403
2021-04-12,103500.0000,81396.8594,80.7626
2021-04-13,107500.0000,84542.6328,83.8287
2021-04-14,105500.0000,82969.7344,77.2029
2021-04-15,106000.0000,83362.9688,77.6779
2021-04-16,106000.0000,83362.9688,77.6779
2021-04-19,104000.0000,81790.0781,70.8312
2021-04-20,110000.0000,86508.7422,77.2964
2021-04-21,110000.0000,86508.7422,77.2964
2021-04-22,108000.0000,84935.8438,71.1959
2021-04-23,108000.0000,84935.8438,71.1959
2021-04-26,114000.0000,89654.5078,77.4014
2021-04-27,117500.0000,92407.0547,80.0953
2021-04-28,119500.0000,93979.9531,81.4557
2021-04-29,111000.0000,87295.1797,62.0470
2021-04-30,112000.0000,88081.6250,63.1591
2021-05-03,106500.0000,83756.1875,53.8180
2021-05-04,107000.0000,84149.4141,54.4772
2021-05-06,109000.0000,85722.2891,57.1139
2021-05-07,112000.0000,88081.6250,60.7833
2021-05-10,113000.0000,88868.0625,61.9519
2021-05-11,110000.0000,86508.7422,56.5114
2021-05-12,105500.0000,82969.7344,49.4906
2021-05-13,104000.0000,81790.0781,47.3777
2021-05-14,106000.0000,83362.9688,50.4173
2021-05-17,103000.0000,81003.6328,46.1144
2021-05-18,105500.0000,82969.7344,49.9480
2021-05-20,102500.0000,80610.4141,45.7425
2021-05-21,103000.0000,81003.6328,46.5502
2021-05-24,103500.0000,81396.8594,47.3937
2021-05-25,104500.0000,82183.2969,49.1228
2021-05-26,104500.0000,82183.2969,49.1228
2021-05-27,104000.0000,81790.0781,48.2040
2021-05-28,104500.0000,82183.2969,49.2267
2021-05-31,104000.0000,81790.0781,48.2018
2021-06-01,103000.0000,81003.6328,46.1329
2021-06-02,106000.0000,83362.9688,52.6929
2021-06-03,108500.0000,85329.0703,57.3537
2021-06-04,110000.0000,86508.7422,59.9061
2021-06-07,109500.0000,86115.5156,58.6461
2021-06-08,110000.0000,86508.7422,59.5621
2021-06-09,106500.0000,83756.1875,51.0399
2021-06-10,105500.0000,82969.7344,48.8876
2021-06-11,106500.0000,83756.1875,51.1079
2021-06-14,105000.0000,82576.5156,47.7567
2021-06-15,105000.0000,82576.5156,47.7567
2021-06-16,106000.0000,83362.9688,50.2776
2021-06-17,107000.0000,84149.4141,52.7336
2021-06-18,104000.0000,81790.0781,45.4762
2021-06-21,101500.0000,79823.9688,40.4770
2021-06-22,105000.0000,82576.5156,48.9398
2021-06-23,104000.0000,81790.0781,46.8886
2021-06-24,102500.0000,80610.4141,43.9153
2021-06-25,107500.0000,84542.6328,54.3148
2021-06-28,108500.0000,85329.0703,56.0693
2021-06-29,103000.0000,81003.6328,45.6787
2021-06-30,103000.0000,81003.6328,45.6787
2021-07-01,101000.0000,79430.7422,42.3675
2021-07-02,100000.0000,78644.3047,40.7760
2021-07-05,99900.0000,78565.6641,40.6117
2021-07-06,98700.0000,77621.9297,38.6017
2021-07-07,96900.0000,76206.3281,35.7439
2021-07-08,97900.0000,76992.7734,38.4693
2021-07-09,95200.0000,74869.3750,34.2458
2021-07-12,97000.0000,76284.9688,39.0500
2021-07-13,101500.0000,79823.9688,49.0686
2021-07-14,103500.0000,81396.8594,52.7833
2021-07-15,103500.0000,81396.8594,52.7833
2021-07-16,104000.0000,81790.0781,53.7612
2021-07-19,102000.0000,80217.1875,49.3580
2021-07-20,101500.0000,79823.9688,48.2931
2021-07-21,104000.0000,81790.0781,53.6748
2021-07-22,102500.0000,80610.4141,50.2925
2021-07-23,112000.0000,88081.6250,65.2345
2021-07-26,105000.0000,82576.5156,52.6708
2021-07-27,98900.0000,77779.2188,44.6083
2021-07-28,98100.0000,77150.0703,43.6643
2021-07-29,97100.0000,76363.6172,42.4549
2021-07-30,95900.0000,75419.8906,40.9878
2021-08-02,95900.0000,75419.8906,40.9878
2021-08-03,96200.0000,75655.8203,41.5732
2021-08-04,98000.0000,77071.4141,45.0927
2021-08-05,97400.0000,76599.5547,44.1383
2021-08-06,96800.0000,76127.6953,43.1546
2021-08-09,97200.0000,76442.2656,44.0498
2021-08-10,96200.0000,75655.8203,42.2581
2021-08-11,96600.0000,75970.3984,43.2524
2021-08-12,95700.0000,75262.6016,41.5199
2021-08-13,94800.0000,74554.8047,39.8030
2021-08-17,93900.0000,73847.0078,38.1061
2021-08-18,95400.0000,75026.6641,42.5057
2021-08-19,90200.0000,70937.1641,33.5913
2021-08-20,89900.0000,70701.2266,33.1592
2021-08-23,90900.0000,71487.6797,36.1093
2021-08-24,93400.0000,73453.7891,42.8948
2021-08-25,94100.0000,74004.2969,44.6669
2021-08-26,93900.0000,73847.0078,44.2444
2021-08-27,94100.0000,74004.2969,44.8066
2021-08-30,92900.0000,73060.5625,42.0660
2021-08-31,95300.0000,74948.0156,48.8097
2021-09-01,94900.0000,74633.4453,47.8108
2021-09-02,93400.0000,73453.7891,44.1610
2021-09-03,93200.0000,73296.4922,43.6821
2021-09-06,92400.0000,72667.3359,41.7329
2021-09-07,91900.0000,72274.1094,40.5160
2021-09-08,91100.0000,71644.9609,38.5778
2021-09-09,87800.0000,69049.7031,31.8163
2021-09-10,89100.0000,70072.0781,36.5353
2021-09-13,88000.0000,69206.9922,34.3678
2021-09-14,88500.0000,69600.2031,36.2200
2021-09-15,88100.0000,69285.6328,35.3603
2021-09-16,88100.0000,69285.6328,35.3603
2021-09-17,90500.0000,71173.1016,44.5235
2021-09-23,87500.0000,68813.7734,37.3887
2021-09-24,87200.0000,68577.8359,36.7544
2021-09-27,87100.0000,68499.1953,36.5319
2021-09-28,86600.0000,68105.9688,35.3788
2021-09-29,83800.0000,65903.9297,29.7211
2021-09-30,86300.0000,67870.0391,39.0874
2021-10-01,85600.0000,67319.5156,37.5773
2021-10-05,82400.0000,64802.9141,31.5723
2021-10-06,82200.0000,64645.6211,31.2363
2021-10-07,85000.0000,66847.6641,40.7436
2021-10-08,83900.0000,65982.5703,38.4920
2021-10-12,83900.0000,65982.5703,38.4920
2021-10-13,84900.0000,66769.0156,41.8784
2021-10-14,85500.0000,67240.8750,43.8751
2021-10-15,86200.0000,67791.3906,46.1973
2021-10-18,86700.0000,68184.6172,47.8569
2021-10-19,86900.0000,68341.8984,48.5406
2021-10-20,86500.0000,68027.3281,47.2073
2021-10-21,88700.0000,69757.5000,54.5945
2021-10-22,87600.0000,68892.4062,50.7692
2021-10-25,88000.0000,69206.9922,52.0840
2021-10-26,89700.0000,70543.9375,57.3029
2021-10-27,88000.0000,69206.9922,51.2871
2021-10-28,86700.0000,68184.6172,47.2059
2021-10-29,87000.0000,68420.5547,48.2298
2021-11-01,86800.0000,68263.2578,47.5674
2021-11-02,87300.0000,68656.4844,49.4368
2021-11-03,87400.0000,68735.1328,49.8221
2021-11-04,85800.0000,67476.8125,44.0394
2021-11-05,86800.0000,68263.2578,48.0944
2021-11-08,87300.0000,68656.4844,50.0436
2021-11-09,87400.0000,68735.1328,50.4444
2021-11-10,86100.0000,67712.7500,45.3504
2021-11-11,85200.0000,67004.9453,42.1751
2021-11-12,87600.0000,68892.4062,51.8556
2021-11-15,88600.0000,69678.8438,55.2196
2021-11-16,89700.0000,70543.9375,58.6428
2021-11-17,87200.0000,68577.8359,49.4000
2021-11-18,85400.0000,67162.2344,44.0203
2021-11-19,84800.0000,66690.3750,42.3642
2021-11-22,85100.0000,66926.2969,43.5085
2021-11-23,84800.0000,66690.3750,42.5977
2021-11-24,83600.0000,65746.6406,39.0739
2021-11-25,83000.0000,65274.7773,37.4076
2021-11-26,81400.0000,64016.4648,33.3263
2021-11-29,78900.0000,62050.3555,28.1571
2021-11-30,75300.0000,59219.1680,22.6974
2021-12-01,77300.0000,60792.0508,30.7330
2021-12-02,80000.0000,62915.4453,39.8267
2021-12-03,81000.0000,63701.8867,42.8209
2021-12-06,82500.0000,64881.5469,47.0750
2021-12-07,82800.0000,65117.4844,47.9097
2021-12-08,82300.0000,64724.2695,46.5909
2021-12-09,83400.0000,65589.3438,49.8610
2021-12-10,82600.0000,64960.1914,47.5793
2021-12-13,83600.0000,65746.6406,50.6212
2021-12-14,84200.0000,66218.5000,52.4057
2021-12-15,84100.0000,66139.8672,52.0680
2021-12-16,84700.0000,66611.7266,53.9842
2021-12-17,86100.0000,67712.7500,58.1849
2021-12-20,84300.0000,66297.1484,51.6557
2021-12-21,84600.0000,66533.0781,52.6101
2021-12-22,83600.0000,65746.6406,49.1283
2021-12-23,83500.0000,65668.0000,48.7806
2021-12-24,84900.0000,66769.0156,53.7187
2021-12-27,84700.0000,66611.7266,52.9336
2021-12-28,85500.0000,67240.8750,55.7214
2021-12-29,81300.0000,68893.3047,62.0751
2021-12-30,80700.0000,68384.8672,59.2575
2022-01-04,79700.0000,67537.4766,54.7936
2022-01-05,78900.0000,66859.5469,51.4541
2022-01-06,76800.0000,65080.0195,43.8920
2022-01-07,78800.0000,66774.8125,51.2416
2022-01-10,80600.0000,68300.1250,56.7346
2022-01-11,78600.0000,66605.3359,49.9951
2022-01-12,82300.0000,69740.7031,59.5648
2022-01-13,81600.0000,69147.5234,57.3295
2022-01-14,79600.0000,67452.7266,51.3949
2022-01-17,78600.0000,66605.3359,48.6814
2022-01-18,77700.0000,65842.6797,46.3115
2022-01-19,77500.0000,65673.1953,45.7781
2022-01-20,77800.0000,65927.4141,46.7684
2022-01-21,76500.0000,64825.8008,43.0955
2022-01-24,75800.0000,64232.6289,41.2184
2022-01-25,74300.0000,62961.5234,37.4536
2022-01-26,74300.0000,62961.5234,37.4536
2022-01-27,70600.0000,59826.1602,29.6947
2022-01-28,72500.0000,61436.2148,36.9212
2022-02-03,75400.0000,63893.6680,46.0383
2022-02-04,76800.0000,65080.0195,49.8097
2022-02-07,77000.0000,65249.5000,50.3436
2022-02-08,77000.0000,65249.5000,50.3436
2022-02-09,77000.0000,65249.5000,50.3436
2022-02-10,79600.0000,67452.7266,57.6573
2022-02-11,79800.0000,67622.2031,58.1677
2022-02-14,78600.0000,66605.3359,53.9645
2022-02-15,77800.0000,65927.4141,51.3029
2022-02-16,78300.0000,66351.1172,52.8676
2022-02-17,79500.0000,67367.9844,56.4815
2022-02-18,79700.0000,67537.4766,57.0723
2022-02-21,79700.0000,67537.4766,57.0723
2022-02-22,79700.0000,67537.4766,57.0723
2022-02-23,79700.0000,67537.4766,57.0723
2022-02-24,78200.0000,66266.3672,50.1977
2022-02-25,78300.0000,66351.1172,50.6248
2022-02-28,78300.0000,66351.1172,50.6248
2022-03-02,78800.0000,66774.8125,52.9633
2022-03-03,80000.0000,67791.6953,58.0933
2022-03-04,80000.0000,67791.6953,58.0933
2022-03-07,76200.0000,64571.5820,41.4791
2022-03-08,77400.0000,65588.4609,46.6664
2022-03-10,77400.0000,65588.4609,46.6664
2022-03-11,76500.0000,64825.8008,43.3259
2022-03-14,76100.0000,64486.8477,41.8907
2022-03-15,76100.0000,64486.8477,41.8907
2022-03-16,74700.0000,63300.4883,36.9255
2022-03-17,74700.0000,63300.4883,36.9255
2022-03-18,76300.0000,64656.3203,45.4892
2022-03-21,76000.0000,64402.1016,44.2754
2022-03-22,77000.0000,65249.5000,49.1465
2022-03-23,77700.0000,65842.6797,52.2905
2022-03-24,76800.0000,65080.0195,48.1673
2022-03-25,76300.0000,64656.3203,45.9973
2022-03-28,76000.0000,64402.1016,44.6962
2022-03-29,76000.0000,64402.1016,44.6962
2022-03-30,76800.0000,65080.0195,49.1451
2022-03-31,78400.0000,66435.8594,56.6552
2022-04-01,77400.0000,65588.4609,51.5329
2022-04-04,78200.0000,66266.3672,55.0353
2022-04-05,77500.0000,65673.1953,51.5266
2022-04-06,76300.0000,64656.3203,46.1006
2022-04-07,75300.0000,63808.9297,42.1201
2022-04-08,75900.0000,64317.3594,45.1786
2022-04-11,76600.0000,64910.5469,48.5919
2022-04-12,75100.0000,63639.4492,42.4874
2022-04-13,75700.0000,64147.8828,45.4400
2022-04-14,75300.0000,63808.9297,43.8247
2022-04-15,74700.0000,63300.4883,41.4448
2022-04-18,74700.0000,63300.4883,41.4448
2022-04-19,75200.0000,63724.1836,44.3647
2022-04-20,74700.0000,63300.4883,42.1037
2022-04-21,75700.0000,64147.8828,47.8304
2022-04-22,74500.0000,63131.0078,42.4093
2022-04-25,72500.0000,61436.2148,35.2404
2022-04-26,71700.0000,60758.3008,32.8484
2022-04-27,69500.0000,58894.0273,27.3505
2022-04-28,70500.0000,59741.4258,32.8520
2022-04-29,70600.0000,59826.1602,33.3951
2022-05-02,70000.0000,59317.7266,31.7363
2022-05-03,71000.0000,60165.1211,37.3242
2022-05-04,71100.0000,60249.8633,37.8719
2022-05-06,70100.0000,59402.4648,34.6145
2022-05-10,68600.0000,58131.3672,30.3918
2022-05-11,67500.0000,57199.2344,27.7211
2022-05-12,66500.0000,56351.8359,25.5251
2022-05-13,68400.0000,57961.8906,35.9130
2022-05-16,68800.0000,58300.8516,37.8775
2022-05-17,69100.0000,58555.0703,39.3785
2022-05-18,69200.0000,58639.8125,39.8997
2022-05-19,67400.0000,57114.4961,34.1994
2022-05-20,69400.0000,58809.2891,43.8058
2022-05-23,70100.0000,59402.4648,46.7368
2022-05-24,69500.0000,58894.0273,44.5900
2022-05-25,69100.0000,58555.0703,43.1664
2022-05-26,69100.0000,58555.0703,43.1664
2022-05-27,70400.0000,59656.6875,49.2709
2022-05-30,71200.0000,60334.5977,52.6420
2022-05-31,71600.0000,60673.5625,54.2780
2022-06-02,70500.0000,59741.4258,49.2403
2022-06-03,71200.0000,60334.5977,52.2758
2022-06-07,69200.0000,58639.8125,44.1516
2022-06-08,69100.0000,58555.0703,43.7852
2022-06-09,69500.0000,58894.0273,45.7254
2022-06-10,69100.0000,58555.0703,44.0867
2022-06-13,66600.0000,56436.5781,35.5189
2022-06-14,65800.0000,55758.6641,33.2895
2022-06-15,62800.0000,53216.4727,26.5575
2022-06-16,63400.0000,53724.9102,29.6228
2022-06-17,62500.0000,52962.2539,27.7517
2022-06-20,60700.0000,51436.9453,24.4283
2022-06-21,61500.0000,52114.8594,28.5251
2022-06-22,59700.0000,50589.5430,25.2132
2022-06-23,59700.0000,50589.5430,25.2132
2022-06-24,61100.0000,51775.9023,32.3033
2022-06-27,62400.0000,52877.5195,38.1654
2022-06-28,63400.0000,53724.9102,42.3042
2022-06-29,62100.0000,52623.2969,38.6796
2022-06-30,61700.0000,52284.3398,37.6118
2022-07-01,62100.0000,52623.2969,39.4131
2022-07-04,62400.0000,52877.5195,40.7938
2022-07-05,63000.0000,53385.9531,43.5638
2022-07-06,62200.0000,52708.0391,40.8214
2022-07-07,61700.0000,52284.3398,39.1621
2022-07-08,61600.0000,52199.6016,38.8222
2022-07-11,61000.0000,51691.1602,36.7606
2022-07-12,60000.0000,50843.7656,33.5618
2022-07-13,60100.0000,50928.5039,34.1786
2022-07-14,58000.0000,49148.9727,28.2477
2022-07-15,56600.0000,47962.6172,25.1183
2022-07-18,60500.0000,51267.4648,43.7972
2022-07-19,59200.0000,50165.8477,40.1977
2022-07-20,61400.0000,52030.1211,47.9882
2022-07-21,63000.0000,53385.9531,52.8036
2022-07-22,62500.0000,52962.2539,51.2081
2022-07-25,62400.0000,52877.5195,50.8770
2022-07-26,62400.0000,52877.5195,50.8770
2022-07-27,62500.0000,52962.2539,51.2426
2022-07-28,62200.0000,52708.0391,50.0393
2022-07-29,63100.0000,53470.6953,53.5624
2022-08-01,62300.0000,52792.7734,50.1753
2022-08-02,61800.0000,52369.0781,48.1269
2022-08-03,61700.0000,52284.3398,47.7075
2022-08-04,60600.0000,51352.2031,43.2424
2022-08-05,62500.0000,52962.2539,51.6584
2022-08-08,62000.0000,52538.5586,49.5751
2022-08-09,61800.0000,52369.0781,48.7286
2022-08-10,60500.0000,51267.4648,43.5261
2022-08-11,62900.0000,53301.2188,53.4147
2022-08-12,62800.0000,53216.4727,52.9982
2022-08-16,62100.0000,52623.2969,50.0565
2022-08-17,62000.0000,52538.5586,49.6327
2022-08-18,61200.0000,51860.6406,46.2582
2022-08-19,60800.0000,51521.6836,44.6246
2022-08-22,59200.0000,50165.8477,38.7322
2022-08-23,57900.0000,49064.2344,34.7207
2022-08-24,57800.0000,48979.4922,34.4253
2022-08-25,58200.0000,49318.4531,36.7434
2022-08-26,58500.0000,49572.6719,38.4993
2022-08-29,56500.0000,47877.8789,32.1016
2022-08-30,57000.0000,48301.5820,35.0093
2022-08-31,56800.0000,48132.0977,34.3752
2022-09-01,55600.0000,47115.2227,30.7735
2022-09-02,56000.0000,47454.1797,33.2828
2022-09-05,56100.0000,47538.9180,33.9276
2022-09-06,56000.0000,47454.1797,33.5782
2022-09-07,53800.0000,45589.9102,26.9908
2022-09-08,54400.0000,46098.3516,30.9684
2022-09-13,56500.0000,47877.8789,42.7288
2022-09-14,55000.0000,46606.7852,37.7781
2022-09-15,55100.0000,46691.5273,38.2914
2022-09-16,55700.0000,47199.9648,41.4144
2022-09-19,55100.0000,46691.5273,39.2739
2022-09-20,55900.0000,47369.4414,43.4693
2022-09-21,55100.0000,46691.5273,40.4591
2022-09-22,53900.0000,45674.6523,36.3885
2022-09-23,52900.0000,44827.2539,33.3750
2022-09-26,50200.0000,42539.2852,26.8981
2022-09-27,49850.0000,42242.6953,26.1886
2022-09-28,49050.0000,41564.7773,24.5919
2022-09-29,48200.0000,40844.4922,22.9881
2022-09-30,47500.0000,40251.3125,21.7313
2022-10-04,47900.0000,40590.2734,24.2790
2022-10-05,48100.0000,40759.7539,25.5833
2022-10-06,48550.0000,41141.0820,28.5649
2022-10-07,49000.0000,41522.4062,31.5197
2022-10-11,46950.0000,39785.2500,26.2025
2022-10-12,48750.0000,41310.5625,36.3549
2022-10-13,48150.0000,40802.1211,34.6440
2022-10-14,50600.0000,42878.2422,45.8501
2022-10-17,50600.0000,42878.2422,45.8501
2022-10-18,51400.0000,43556.1562,49.1518
2022-10-19,51100.0000,43301.9414,47.9706
2022-10-20,47850.0000,40547.9023,37.4661
2022-10-21,48150.0000,40802.1211,38.7983
2022-10-24,49000.0000,41522.4062,42.5340
2022-10-25,47200.0000,39997.0938,37.3367
2022-10-26,46800.0000,39658.1406,36.2759
2022-10-27,49600.0000,42030.8477,47.5167
2022-10-28,50000.0000,42369.8047,48.9034
2022-10-31,49550.0000,41988.4805,47.3866
2022-11-01,49700.0000,42115.5820,47.9659
2022-11-02,50400.0000,42708.7656,50.6946
2022-11-03,49700.0000,42115.5820,47.9847
2022-11-04,51200.0000,43386.6797,53.6965
2022-11-07,53000.0000,44911.9922,59.4508
2022-11-08,53200.0000,45081.4727,60.0450
2022-11-09,53800.0000,45589.9102,61.8509
2022-11-10,54000.0000,45759.3828,62.4600
2022-11-11,57200.0000,48471.0586,70.5594
2022-11-14,57000.0000,48301.5820,69.5495
2022-11-15,57100.0000,48386.3164,69.7824
2022-11-16,56800.0000,48132.0977,68.0996
2022-11-17,55200.0000,46776.2656,59.8148
2022-11-18,55600.0000,47115.2227,61.0893
2022-11-21,55900.0000,47369.4414,62.0611
2022-11-22,56400.0000,47793.1406,63.6889
2022-11-23,56400.0000,47793.1406,63.6889
2022-11-24,57500.0000,48725.2734,67.2717
2022-11-25,57300.0000,48555.7930,65.9967
2022-11-28,56500.0000,47877.8789,61.0149
2022-11-29,57200.0000,48471.0586,63.6038
2022-11-30,57700.0000,48894.7578,65.3726
2022-12-01,59000.0000,49996.3672,69.5202
2022-12-02,57900.0000,49064.2344,62.6790
2022-12-05,57600.0000,48810.0156,60.9183
2022-12-06,57600.0000,48810.0156,60.9183
2022-12-07,57300.0000,48555.7930,58.9963
2022-12-08,57100.0000,48386.3164,57.6895
2022-12-09,58500.0000,49572.6719,63.7435
2022-12-12,58000.0000,49148.9727,60.4185
2022-12-13,58100.0000,49233.7148,60.8583
2022-12-14,59100.0000,50081.1094,65.0410
2022-12-15,58600.0000,49657.4102,61.5021
2022-12-16,57800.0000,48979.4922,56.2304
2022-12-19,58100.0000,49233.7148,57.6948
2022-12-20,57900.0000,49064.2344,56.3414
2022-12-21,58000.0000,49148.9727,56.8860
2022-12-22,58700.0000,49742.1484,60.5916
2022-12-23,57600.0000,48810.0156,52.8975
2022-12-26,58000.0000,49148.9727,55.1289
2022-12-27,58800.0000,49826.8906,59.2833
2022-12-28,55100.0000,48592.2422,50.1724
2022-12-29,53300.0000,47004.8398,41.3694
2023-01-02,51800.0000,45682.0000,35.7415
2023-01-03,52000.0000,45858.3828,36.9727
2023-01-04,54900.0000,48415.8672,51.4870
2023-01-05,57100.0000,50356.0273,59.1689
2023-01-06,57700.0000,50885.1602,60.9835
2023-01-09,59200.0000,52208.0000,65.1529
2023-01-10,59200.0000,52208.0000,65.1529
2023-01-11,58500.0000,51590.6758,61.5907
2023-01-12,58700.0000,51767.0547,62.2262
2023-01-13,60500.0000,53354.4570,67.4463
2023-01-16,62100.0000,54765.4883,71.2497
2023-01-17,61400.0000,54148.1641,67.5323
2023-01-18,60600.0000,53442.6484,63.4574
2023-01-19,61700.0000,54412.7305,66.4546
2023-01-20,61700.0000,54412.7305,66.4546
2023-01-25,62600.0000,55206.4336,68.8769
2023-01-26,62900.0000,55470.9961,69.6633
2023-01-27,63500.0000,56000.1367,71.2290
2023-01-30,63100.0000,55647.3789,68.6840
2023-01-31,62500.0000,55118.2422,64.9360
2023-02-01,62200.0000,54853.6758,63.0824
2023-02-02,62700.0000,55294.6250,64.8817
2023-02-03,63400.0000,55911.9414,67.2855
2023-02-06,61900.0000,54589.1094,58.1069
2023-02-07,62000.0000,54677.2969,58.5132
2023-02-08,64400.0000,56793.8359,66.8285
2023-02-09,63300.0000,55823.7578,60.8123
2023-02-10,62400.0000,55030.0508,56.3430
2023-02-13,61000.0000,53795.4023,50.1666
2023-02-14,61600.0000,54324.5391,52.5665
2023-02-15,60300.0000,53178.0781,47.2564
2023-02-16,61800.0000,54500.9180,53.1386
2023-02-17,61000.0000,53795.4023,49.9397
2023-02-20,61000.0000,53795.4023,49.9397
2023-02-21,61200.0000,53971.7852,50.7985
2023-02-22,59800.0000,52737.1328,44.9814
2023-02-23,60200.0000,53089.8945,46.8540
2023-02-24,60100.0000,53001.7031,46.4286
2023-02-27,60100.0000,53001.7031,46.4286
2023-02-28,62000.0000,54677.2969,55.3603
2023-03-02,61100.0000,53883.5938,51.0210
2023-03-03,60800.0000,53619.0273,49.6246
2023-03-06,60400.0000,53266.2695,47.7483
2023-03-07,59900.0000,52825.3242,45.4356
2023-03-08,60000.0000,52913.5117,45.9989
2023-03-09,60400.0000,53266.2695,48.2983
2023-03-10,58700.0000,51767.0547,40.4208
2023-03-13,60200.0000,53089.8945,48.4155
2023-03-14,56100.0000,49474.1328,34.7067
2023-03-15,54900.0000,48415.8672,31.8631
2023-03-16,53300.0000,47004.8398,28.5090
2023-03-17,53100.0000,46828.4609,28.1106
2023-03-20,53100.0000,46828.4609,28.1106
2023-03-21,53300.0000,47004.8398,29.2570
2023-03-22,54100.0000,47710.3516,33.8041
2023-03-23,54500.0000,48063.1094,36.0185
2023-03-24,54600.0000,48151.3008,36.5896
2023-03-27,53900.0000,47533.9727,34.2828
2023-03-28,54600.0000,48151.3008,38.4611
2023-03-29,54200.0000,47798.5391,37.0129
2023-03-30,54700.0000,48239.4844,40.0514
2023-03-31,55000.0000,48504.0547,41.8636
2023-04-03,54700.0000,48239.4844,40.5437
2023-04-04,55100.0000,48592.2422,43.1188
2023-04-05,55400.0000,48856.8125,45.0413
2023-04-06,53000.0000,46740.2695,34.8836
2023-04-07,53600.0000,47269.4062,38.6110
2023-04-10,53800.0000,47445.7812,39.8470
2023-04-11,54600.0000,48151.3008,44.6479
2023-04-12,54600.0000,48151.3008,44.6479
2023-04-13,55500.0000,48945.0000,49.8682
2023-04-14,56800.0000,50091.4609,56.2819
2023-04-17,56800.0000,50091.4609,56.2819
2023-04-18,56900.0000,50179.6484,56.7752
2023-04-19,57300.0000,50532.4062,58.7791
2023-04-20,57700.0000,50885.1602,60.7391
2023-04-21,57400.0000,50620.5938,58.4927
2023-04-24,56100.0000,49474.1328,49.8829
2023-04-25,55800.0000,49209.5664,48.1226
2023-04-26,55000.0000,48504.0547,43.6944
2023-04-27,53700.0000,47357.5938,37.6341
2023-04-28,55100.0000,48592.2422,46.2760
2023-05-02,55000.0000,48504.0547,45.7879
2023-05-03,54400.0000,47974.9219,42.8667
2023-05-04,53400.0000,47093.0234,38.4622
2023-05-08,55800.0000,49209.5664,51.3751
2023-05-09,55600.0000,49033.1875,50.4255
2023-05-10,55200.0000,48680.4336,48.4949
2023-05-11,56200.0000,49562.3242,53.3078
2023-05-12,55400.0000,48856.8125,49.3360
2023-05-15,54700.0000,48239.4844,46.0993
2023-05-16,54500.0000,48063.1094,45.1872
2023-05-17,54200.0000,47798.5391,43.7876
2023-05-18,54200.0000,47798.5391,43.7876
2023-05-19,54500.0000,48063.1094,45.7368
2023-05-22,55600.0000,49033.1875,52.2719
2023-05-23,55600.0000,49033.1875,52.2719
2023-05-24,56200.0000,49562.3242,55.6507
2023-05-25,55100.0000,48592.2422,48.8262
2023-05-26,54300.0000,47886.7266,44.5476
2023-05-30,55800.0000,49209.5664,52.8844
2023-05-31,55400.0000,48856.8125,50.6957
2023-06-01,54800.0000,48327.6719,47.5186
2023-06-02,55500.0000,48945.0000,51.3493
2023-06-05,56200.0000,49562.3242,54.8947
2023-06-07,55900.0000,49297.7578,53.1084
2023-06-08,55500.0000,48945.0000,50.7377
2023-06-09,56200.0000,49562.3242,54.5604
2023-06-12,55500.0000,48945.0000,50.3525
2023-06-13,55500.0000,48945.0000,50.3525
2023-06-14,55000.0000,48504.0547,47.3288
2023-06-15,54900.0000,48415.8672,46.7244
2023-06-16,55100.0000,48592.2422,48.1504
2023-06-19,53900.0000,47533.9727,41.0505
2023-06-20,54200.0000,47798.5391,43.3014
2023-06-21,53600.0000,47269.4062,40.0109
2023-06-22,52800.0000,46563.8906,36.0746
2023-06-23,50400.0000,44447.3477,27.3740
2023-06-26,51800.0000,45682.0000,36.9299
2023-06-27,51100.0000,45064.6758,34.4866
2023-06-28,51300.0000,45241.0547,35.7937
2023-06-29,50500.0000,44535.5391,32.9609
2023-06-30,51600.0000,45505.6211,39.9932
2023-07-03,52300.0000,46122.9453,44.0177
2023-07-04,51100.0000,45064.6758,39.1680
2023-07-05,50600.0000,44623.7305,37.3229
2023-07-06,48950.0000,43168.6094,31.9705
2023-07-07,48250.0000,42551.2852,30.0046
2023-07-10,48700.0000,42948.1367,32.8627
2023-07-11,49750.0000,43874.1172,39.1102
2023-07-12,50300.0000,44359.1602,42.1471
2023-07-13,50500.0000,44535.5391,43.2554
2023-07-14,52100.0000,45946.5703,51.2942
2023-07-17,51100.0000,45064.6758,46.8289
2023-07-18,51100.0000,45064.6758,46.8289
2023-07-19,50600.0000,44623.7305,44.5786
2023-07-20,49800.0000,43918.2148,41.1698
2023-07-21,49600.0000,43741.8398,40.3393
2023-07-24,48550.0000,42815.8516,36.2095
2023-07-25,48450.0000,42727.6602,35.8332
2023-07-26,47500.0000,41889.8633,32.3899
2023-07-27,48850.0000,43080.4180,41.0578
2023-07-28,48500.0000,42771.7539,39.6389
2023-07-31,48850.0000,43080.4180,41.8047
2023-08-01,50800.0000,44800.1094,52.1138
2023-08-02,50200.0000,44270.9766,49.2244
2023-08-03,50200.0000,44270.9766,49.2244
2023-08-04,50500.0000,44535.5391,50.8060
2023-08-07,52700.0000,46475.7031,60.5186
2023-08-08,52300.0000,46122.9453,58.2661
2023-08-09,52000.0000,45858.3828,56.5657
2023-08-10,51900.0000,45770.1875,55.9792
2023-08-11,52200.0000,46034.7539,57.4059
2023-08-14,51800.0000,45682.0000,54.8532
2023-08-16,50600.0000,44623.7305,47.9624
2023-08-17,50700.0000,44711.9219,48.5426
2023-08-18,50500.0000,44535.5391,47.4043
2023-08-21,50400.0000,44447.3477,46.8132
2023-08-22,51000.0000,44976.4844,50.7788
2023-08-23,50700.0000,44711.9219,48.8189
2023-08-24,50500.0000,44535.5391,47.5025
2023-08-25,50700.0000,44711.9219,48.9839
2023-08-28,51400.0000,45329.2422,53.8884
2023-08-29,52100.0000,45946.5703,58.2146
2023-08-30,51900.0000,45770.1875,56.5812
2023-08-31,52000.0000,45858.3828,57.2274
2023-09-01,51900.0000,45770.1875,56.3246
2023-09-04,53300.0000,47004.8398,64.7164
2023-09-05,52400.0000,46211.1328,57.1185
2023-09-06,52700.0000,46475.7031,58.8526
2023-09-07,52500.0000,46299.3242,57.1921
2023-09-08,53100.0000,46828.4609,60.7683
2023-09-11,53400.0000,47093.0234,62.4571
2023-09-12,52700.0000,46475.7031,56.3606
2023-09-13,54300.0000,47886.7266,64.8147
2023-09-14,55000.0000,48504.0547,67.7576
2023-09-15,56500.0000,49826.8906,72.9740
2023-09-18,56400.0000,49738.7031,72.1362
2023-09-19,57500.0000,50708.7852,75.4724
2023-09-20,56700.0000,50003.2695,69.0016
2023-09-21,55600.0000,49033.1875,61.2282
2023-09-22,54800.0000,48327.6719,56.2639
2023-09-25,55500.0000,48945.0000,59.3682
2023-09-26,53400.0000,47093.0234,48.2937
2023-09-27,53100.0000,46828.4609,46.9464
2023-10-04,51700.0000,45593.8086,41.1737
2023-10-05,52400.0000,46211.1328,44.8268
2023-10-06,51900.0000,45770.1875,42.7831
2023-10-10,53900.0000,47533.9727,52.1755
2023-10-11,53200.0000,46916.6484,49.1353
2023-10-12,54200.0000,47798.5391,53.3199
2023-10-13,53800.0000,47445.7812,51.4949
2023-10-16,53000.0000,46740.2695,47.9595
2023-10-17,52900.0000,46652.0781,47.5203
2023-10-18,53800.0000,47445.7812,51.7986
2023-10-19,52000.0000,45858.3828,44.0620
2023-10-20,51500.0000,45417.4297,42.1774
2023-10-23,48800.0000,43036.3242,33.7765
2023-10-24,50600.0000,44623.7305,42.0618
2023-10-25,51200.0000,45152.8633,44.5520
2023-10-26,49550.0000,43697.7461,39.5213
2023-10-27,49550.0000,43697.7461,39.5213
2023-10-30,49850.0000,43962.3125,40.9279
2023-10-31,50300.0000,44359.1602,43.0667
2023-11-01,51500.0000,45417.4297,48.4292
2023-11-02,52500.0000,46299.3242,52.4486
2023-11-03,54200.0000,47798.5391,58.3864
2023-11-06,58500.0000,51590.6758,68.9486
2023-11-07,57300.0000,50532.4062,64.0619
2023-11-08,56300.0000,49650.5156,60.2309
2023-11-09,57100.0000,50356.0273,62.1795
2023-11-10,56900.0000,50179.6484,61.3699
2023-11-13,57400.0000,50620.5938,62.6781
2023-11-14,58300.0000,51414.3008,64.9773
2023-11-15,59100.0000,52119.8086,66.9276
2023-11-16,59200.0000,52208.0000,67.1737
2023-11-17,57900.0000,51061.5391,60.8365
2023-11-20,58400.0000,51502.4844,62.3093
2023-11-21,58800.0000,51855.2461,63.4921
2023-11-22,58500.0000,51590.6758,61.9225
2023-11-23,58600.0000,51678.8633,62.2575
2023-11-24,58000.0000,51149.7305,58.9093
2023-11-27,58800.0000,51855.2461,61.8549
2023-11-28,58900.0000,51943.4336,62.2195
2023-11-29,58200.0000,51326.1055,58.0378
2023-11-30,59900.0000,52825.3242,64.3111
2023-12-01,58700.0000,51767.0547,57.7482
2023-12-04,59600.0000,52560.7578,60.9656
2023-12-05,59900.0000,52825.3242,62.0042
2023-12-06,61700.0000,54412.7305,67.5784
2023-12-07,61200.0000,53971.7852,64.7373
2023-12-08,61500.0000,54236.3477,65.6699
2023-12-11,62500.0000,55118.2422,68.6465
2023-12-12,62500.0000,55118.2422,68.6465
2023-12-13,61200.0000,53971.7852,60.7102
2023-12-14,63100.0000,55647.3789,66.7590
2023-12-15,62700.0000,55294.6250,64.5074
2023-12-18,62400.0000,55030.0508,62.7967
2023-12-19,62700.0000,55294.6250,63.8297
2023-12-20,63300.0000,55823.7578,65.8707
2023-12-21,62700.0000,55294.6250,62.0972
2023-12-22,62000.0000,54677.2969,57.9277
2023-12-26,63100.0000,55647.3789,62.2205
2023-12-27,60000.0000,55233.1289,59.4318
2023-12-28,61300.0000,56429.8477,64.3963
2024-01-02,59200.0000,54496.6875,53.0933
2024-01-03,56400.0000,51919.1445,42.4057
2024-01-04,55700.0000,51274.7578,40.2257
2024-01-05,54500.0000,50170.0938,36.7388
2024-01-08,54100.0000,49801.8711,35.6301
2024-01-09,54200.0000,49893.9258,36.1488
2024-01-10,53800.0000,49525.7070,34.9360
2024-01-11,55700.0000,51274.7578,44.4672
2024-01-12,56200.0000,51735.0312,46.6808
2024-01-15,56000.0000,51550.9219,45.8928
2024-01-16,56800.0000,52287.3633,49.5606
2024-01-17,55900.0000,51458.8633,45.7992
2024-01-18,55300.0000,50906.5312,43.4326
2024-01-19,56100.0000,51642.9766,47.3399
2024-01-22,55600.0000,51182.6992,45.2368
2024-01-23,57100.0000,52563.5312,52.1103
2024-01-24,57600.0000,53023.8047,54.1750
2024-01-25,58200.0000,53576.1367,56.5935
2024-01-26,58600.0000,53944.3555,58.1781
2024-01-29,58700.0000,54036.4141,58.5852
2024-01-30,61400.0000,56521.9023,67.7206
2024-01-31,61400.0000,56521.9023,67.7206
2024-02-01,66200.0000,60940.5547,77.8117
2024-02-02,66300.0000,61032.6094,77.9663
2024-02-05,64600.0000,59467.6680,69.1488
2024-02-06,63500.0000,58455.0625,64.0975
2024-02-07,65100.0000,59927.9453,67.7839
2024-02-08,65100.0000,59927.9453,67.7839
2024-02-13,65900.0000,60664.3867,69.5943
2024-02-14,67200.0000,61861.1055,72.3168
2024-02-15,65900.0000,60664.3867,65.9569
2024-02-16,69600.0000,64070.4297,73.1851
2024-02-19,70900.0000,65267.1484,75.1791
2024-02-20,69300.0000,63794.2617,68.4339
2024-02-21,70500.0000,64898.9297,70.5669
2024-02-22,70200.0000,64622.7656,69.3060
2024-02-23,71000.0000,65359.2031,70.8041
2024-02-26,69500.0000,63978.3711,64.4522
2024-02-27,69000.0000,63518.1016,62.4414
2024-02-28,70500.0000,64898.9297,65.8805
2024-02-29,71000.0000,65359.2031,66.9663
2024-03-04,73600.0000,67752.6406,71.9630
2024-03-05,74100.0000,68212.9219,72.8146
2024-03-06,71200.0000,65543.3125,61.2030
2024-03-07,71400.0000,65727.4297,61.6571
2024-03-08,71900.0000,66187.6953,62.8285
2024-03-11,67800.0000,62413.4336,49.4795
2024-03-12,67300.0000,61953.1602,48.1363
2024-03-13,69700.0000,64162.4844,54.5185
2024-03-14,72500.0000,66740.0312,60.6088
2024-03-15,70000.0000,64438.6523,53.6952
2024-03-18,69100.0000,63610.1562,51.4211
2024-03-19,69000.0000,63518.1016,51.1619
2024-03-20,71300.0000,65635.3672,56.5840
2024-03-21,72800.0000,67016.2031,59.7246
2024-03-22,71400.0000,65727.4297,55.6765
2024-03-25,69200.0000,63702.2148,49.9474
2024-03-26,69400.0000,63886.3164,50.4466
2024-03-27,68700.0000,63241.9336,48.6189
2024-03-28,66600.0000,61308.7734,43.5242
2024-03-29,66600.0000,61308.7734,43.5242
2024-04-01,66800.0000,61492.8828,44.1704
2024-04-02,67500.0000,62137.2734,46.4786
2024-04-03,65800.0000,60572.3320,41.9433
2024-04-04,67200.0000,61861.1055,46.5674
2024-04-05,66400.0000,61124.6641,44.3916
2024-04-08,67700.0000,62321.3828,48.5948
2024-04-09,65700.0000,60480.2773,43.1865
2024-04-11,63800.0000,58731.2305,38.7719
2024-04-12,62800.0000,57810.6758,36.6484
2024-04-15,63300.0000,58270.9531,38.4632
2024-04-16,61700.0000,56798.0664,35.0074
2024-04-17,60900.0000,56061.6250,33.3919
2024-04-18,61800.0000,56890.1250,36.9187
2024-04-19,60900.0000,56061.6250,34.9271
2024-04-22,65900.0000,60664.3867,50.8047
2024-04-23,64600.0000,59467.6680,47.5557
2024-04-24,65500.0000,60296.1680,49.9424
2024-04-25,66000.0000,60756.4414,51.2692
2024-04-26,66800.0000,61492.8828,53.3976
2024-04-29,67200.0000,61861.1055,54.4685
2024-04-30,67400.0000,62045.2148,55.0249
2024-05-02,64900.0000,59743.8359,47.2512
2024-05-03,65400.0000,60204.1094,48.8088
2024-05-07,66000.0000,60756.4414,50.6906
2024-05-08,69100.0000,63610.1562,59.0635
2024-05-09,68300.0000,62873.7148,56.4019
2024-05-10,69800.0000,64254.5391,60.0382
2024-05-13,69900.0000,64346.5977,60.2761
2024-05-14,70600.0000,64990.9805,61.9820
2024-05-16,70900.0000,65267.1484,62.7209
2024-05-17,69800.0000,64254.5391,58.2504
2024-05-20,70000.0000,64438.6523,58.8251
2024-05-21,69600.0000,64070.4297,57.1314
2024-05-22,69600.0000,64070.4297,57.1314
2024-05-23,68400.0000,62965.7656,51.9293
2024-05-24,67500.0000,62137.2734,48.3719
2024-05-27,67100.0000,61769.0469,46.8361
2024-05-28,66000.0000,60756.4414,42.8109
2024-05-29,65400.0000,60204.1094,40.7535
2024-05-30,64500.0000,59375.6172,37.8177
2024-05-31,65200.0000,60020.0039,41.3563
2024-06-03,65400.0000,60204.1094,42.3654
2024-06-04,63800.0000,58731.2305,36.8954
2024-06-05,65100.0000,59927.9453,43.3010
2024-06-07,67700.0000,62321.3828,53.4733
2024-06-10,68400.0000,62965.7656,55.7738
2024-06-11,67200.0000,61861.1055,51.1084
2024-06-12,66400.0000,61124.6641,48.2130
2024-06-13,66200.0000,60940.5547,47.4886
2024-06-14,65200.0000,60020.0039,43.9345
2024-06-17,64900.0000,59743.8359,42.8973
2024-06-18,67000.0000,61676.9961,51.5246
2024-06-19,67000.0000,61676.9961,51.5246
2024-06-20,68300.0000,62873.7148,56.2683
2024-06-21,67200.0000,61861.1055,51.6615
2024-06-24,66900.0000,61584.9414,50.4485
2024-06-25,67800.0000,62413.4336,53.9425
2024-06-26,68400.0000,62965.7656,56.1618
2024-06-27,67300.0000,61953.1602,51.2830
2024-06-28,70000.0000,64438.6523,60.3808
2024-07-01,68600.0000,63149.8789,54.6788
2024-07-02,68800.0000,63333.9883,55.3278
2024-07-03,70400.0000,64806.8750,60.2339
2024-07-04,72300.0000,66555.9219,65.1312
2024-07-05,72200.0000,66463.8672,64.6797
2024-07-08,71700.0000,66003.5938,62.3524
2024-07-09,71000.0000,65359.2031,59.1438
2024-07-10,70200.0000,64622.7656,55.6211
2024-07-11,71600.0000,65911.5391,60.0999
2024-07-12,71500.0000,65819.4844,59.6369
2024-07-15,71900.0000,66187.6953,60.9333
2024-07-16,73000.0000,67200.3125,64.3266
2024-07-17,75200.0000,69225.5234,69.9485
2024-07-18,74300.0000,68397.0234,65.4073
2024-07-19,73700.0000,67844.6953,62.4944
2024-07-22,72500.0000,66740.0312,57.0245
2024-07-23,72600.0000,66832.0859,57.3594
2024-07-24,71000.0000,65359.2031,50.5685
2024-07-25,70000.0000,64438.6523,46.8362
2024-07-26,71800.0000,66095.6406,53.4903
2024-07-29,73400.0000,67568.5234,58.4666
2024-07-30,72400.0000,66647.9766,54.5390
2024-07-31,73200.0000,67384.4141,57.0261
2024-08-01,73000.0000,67200.3125,56.1984
2024-08-02,70700.0000,65083.0352,47.6349
2024-08-05,63700.0000,58639.1719,31.7686
2024-08-06,66300.0000,61032.6094,39.7905
2024-08-07,67300.0000,61953.1602,42.5864
2024-08-08,69500.0000,63978.3711,48.2768
2024-08-09,70400.0000,64806.8750,50.4408
2024-08-12,70800.0000,65175.0898,51.4138
2024-08-13,70600.0000,64990.9805,50.8759
2024-08-14,70600.0000,64990.9805,50.8759
2024-08-16,71600.0000,65911.5391,53.6854
2024-08-19,73500.0000,67660.5859,58.5373
2024-08-20,74100.0000,68212.9219,59.9636
2024-08-21,74800.0000,68857.3047,61.6224
2024-08-22,73300.0000,67476.4688,56.2448
2024-08-23,75000.0000,69041.4141,60.4566
2024-08-26,75600.0000,69593.7422,61.8523
2024-08-27,74800.0000,68857.3047,58.8688
2024-08-28,74200.0000,68304.9766,56.6613
2024-08-29,73100.0000,67292.3594,52.7554
2024-08-30,72800.0000,67016.2031,51.7086
2024-09-02,74000.0000,68120.8594,55.5115
2024-09-03,74600.0000,68673.1875,57.3213
2024-09-04,72300.0000,66555.9219,49.0793
2024-09-05,71600.0000,65911.5391,46.8704
2024-09-06,70600.0000,64990.9805,43.8352
2024-09-09,70100.0000,64530.7070,42.3582
2024-09-10,69700.0000,64162.4844,41.1633
2024-09-11,68300.0000,62873.7148,37.2071
2024-09-12,69000.0000,63518.1016,40.2969
2024-09-13,72900.0000,67108.2578,53.9054
2024-09-19,75500.0000,69501.6953,60.3878
2024-09-20,73000.0000,67200.3125,52.7117
2024-09-23,73600.0000,67752.6406,54.2158
2024-09-24,73700.0000,67844.6953,54.4758
2024-09-25,72100.0000,66371.8125,49.6219
2024-09-26,75600.0000,69593.7422,58.3619
2024-09-27,75200.0000,69225.5234,57.1418
2024-09-30,73400.0000,67568.5234,51.8851
2024-10-02,74600.0000,68673.1875,54.8660
2024-10-04,74500.0000,68581.1328,54.5626
2024-10-07,74800.0000,68857.3047,55.3601
2024-10-08,71800.0000,66095.6406,46.5601
2024-10-10,74000.0000,68120.8594,52.5205
2024-10-11,76700.0000,70606.3516,58.6204
2024-10-14,77200.0000,71066.6250,59.6542
2024-10-15,76600.0000,70514.2969,57.7885
2024-10-16,77700.0000,71526.9062,60.2434
2024-10-17,77000.0000,70882.5156,57.9344
2024-10-18,77500.0000,71342.7969,59.1391
2024-10-21,78100.0000,71895.1172,60.5973
2024-10-22,79000.0000,72723.6250,62.7452
2024-10-23,77400.0000,71250.7344,56.8159
2024-10-24,77600.0000,71434.8516,57.3584
2024-10-25,79200.0000,72907.7344,61.5223
2024-10-28,78500.0000,72263.3438,58.8163
2024-10-29,78800.0000,72539.5078,59.6357
2024-10-30,78100.0000,71895.1172,56.7961
2024-10-31,77100.0000,70974.5703,52.9194
2024-11-01,77900.0000,71711.0156,55.5342
2024-11-04,77700.0000,71526.9062,54.7161
2024-11-05,77900.0000,71711.0156,55.4233
2024-11-06,79100.0000,72815.6797,59.5095
2024-11-07,77200.0000,71066.6250,51.4654
2024-11-08,77200.0000,71066.6250,51.4654
2024-11-11,77600.0000,71434.8516,53.0160
2024-11-12,76800.0000,70698.4062,49.6027
2024-11-13,74800.0000,68857.3047,42.2747
2024-11-14,71300.0000,65635.3672,33.0680
2024-11-15,72800.0000,67016.2031,39.1812
2024-11-18,73300.0000,67476.4688,41.1119
2024-11-19,73400.0000,67568.5234,41.5119
2024-11-20,74400.0000,68489.0781,45.4979
2024-11-21,74400.0000,68489.0781,45.4979
2024-11-22,74700.0000,68765.2422,46.7603
2024-11-25,73100.0000,67292.3594,41.2699
2024-11-26,74000.0000,68120.8594,45.1698
2024-11-27,75800.0000,69777.8516,52.0306
2024-11-28,75000.0000,69041.4141,49.0906
2024-11-29,74700.0000,68765.2422,47.9953
2024-12-02,76500.0000,70422.2422,54.5478
2024-12-03,80800.0000,74380.6094,65.6743
2024-12-04,78100.0000,71895.1172,56.3470
2024-12-05,76800.0000,70698.4062,52.4821
2024-12-06,76400.0000,70330.1875,51.3158
2024-12-09,73300.0000,67476.4688,43.2870
2024-12-10,74000.0000,68120.8594,45.3657
2024-12-11,75000.0000,69041.4141,48.2820
2024-12-12,76000.0000,69961.9609,51.0933
2024-12-13,77400.0000,71250.7344,54.7980
2024-12-16,77500.0000,71342.7969,55.0599
2024-12-17,74700.0000,68765.2422,46.8720
2024-12-18,76600.0000,70514.2969,52.0796
2024-12-19,74400.0000,68489.0781,46.4074
2024-12-20,72000.0000,66279.7500,41.1429
2024-12-23,73900.0000,68028.8047,46.3333
2024-12-24,73300.0000,67476.4688,44.9842
2024-12-26,72500.0000,66740.0312,43.1789
2024-12-27,70600.0000,64990.9805,39.1595
2024-12-30,71300.0000,65635.3672,41.3265
2025-01-02,70700.0000,65083.0352,40.0110
2025-01-03,71100.0000,65451.2578,41.3514
2025-01-06,72200.0000,66463.8672,44.9913
2025-01-07,74600.0000,68673.1875,51.9921
2025-01-08,73600.0000,67752.6406,49.1834
2025-01-09,73600.0000,67752.6406,49.1834
2025-01-10,74600.0000,68673.1875,52.1795
2025-01-13,72800.0000,67016.2031,46.8276
2025-01-14,73800.0000,67936.7500,49.9018
2025-01-15,74900.0000,68949.3594,53.1132
2025-01-16,76600.0000,70514.2969,57.6331
2025-01-17,75700.0000,69685.7969,54.6305
2025-01-20,75400.0000,69409.6328,53.6276
2025-01-21,76900.0000,70790.4609,57.7993
2025-01-22,76800.0000,70698.4062,57.4284
2025-01-23,76800.0000,70698.4062,57.4284
2025-01-24,77500.0000,71342.7969,59.5364
2025-01-31,79500.0000,73183.8984,64.8864
2025-02-03,77700.0000,71526.9062,57.5158
2025-02-04,79000.0000,72723.6250,60.9646
2025-02-05,79000.0000,72723.6250,60.9646
2025-02-06,79200.0000,72907.7344,61.5219
2025-02-07,80300.0000,73920.3438,64.5221
2025-02-10,78000.0000,71803.0703,54.8857
2025-02-11,78600.0000,72355.3984,56.7023
2025-02-12,79400.0000,73091.8359,59.0690
2025-02-13,78100.0000,71895.1172,53.9120
2025-02-14,80100.0000,73736.2266,59.7361
2025-02-17,81000.0000,74564.7266,62.0596
2025-02-18,80800.0000,74380.6094,61.2142
2025-02-19,80500.0000,74104.4531,59.8962
2025-02-20,81400.0000,74932.9453,62.5045
2025-02-21,81600.0000,75117.0625,63.0791
2025-02-24,82500.0000,75945.5547,65.6317
2025-02-25,81700.0000,75209.1172,61.5577
2025-02-26,81500.0000,75025.0000,60.5458
2025-02-27,78900.0000,76360.5859,65.0357
2025-02-28,79600.0000,77038.0547,67.0821
2025-03-04,75600.0000,73166.7969,49.3190
2025-03-05,75700.0000,73263.5781,49.6777
2025-03-06,77100.0000,74618.5234,54.5305
2025-03-07,75000.0000,72586.1094,47.1808
2025-03-10,74500.0000,72102.2031,45.6048
2025-03-11,73800.0000,71424.7344,43.4181
2025-03-12,74800.0000,72392.5469,47.3052
2025-03-13,74600.0000,72198.9844,46.6155
2025-03-14,73800.0000,71424.7344,43.8605
2025-03-17,75500.0000,73070.0156,50.5486
2025-03-18,75500.0000,73070.0156,50.5486
2025-03-19,76500.0000,74037.8359,54.2657
2025-03-20,76600.0000,74134.6172,54.6329
2025-03-21,76300.0000,73844.2656,53.2514
2025-03-24,75100.0000,72682.8906,48.0208
2025-03-25,75000.0000,72586.1094,47.6011
2025-03-26,76100.0000,73650.7031,52.5163
2025-03-27,74500.0000,72102.2031,45.7883
2025-03-28,74700.0000,72295.7656,46.7074
2025-03-31,73000.0000,70650.4844,40.4327
2025-04-01,74400.0000,72005.4219,46.7742
2025-04-02,74400.0000,72005.4219,46.7742
2025-04-03,73100.0000,70747.2656,41.9632
2025-04-04,72500.0000,70166.5703,39.9222
2025-04-07,68200.0000,66004.9688,29.0262
2025-04-08,67700.0000,65521.0625,28.0670
2025-04-09,65400.0000,63295.0898,24.1184
2025-04-10,68900.0000,66682.4375,38.3352
2025-04-11,68100.0000,65908.1875,36.6452
2025-04-14,68500.0000,66295.3125,38.1142
2025-04-15,70100.0000,67843.8203,43.7344
2025-04-16,70900.0000,68618.0703,46.3575
2025-04-17,70400.0000,68134.1641,44.9471
2025-04-18,70900.0000,68618.0703,46.6936
2025-04-21,72800.0000,70456.9141,52.8191
2025-04-22,73800.0000,71424.7344,55.7042
2025-04-23,76100.0000,73650.7031,61.5307
2025-04-24,77300.0000,74812.0859,64.1782
2025-04-25,78100.0000,75586.3359,65.8649
2025-04-28,78800.0000,76263.8047,67.3150
2025-04-29,80400.0000,77812.3125,70.4094
2025-04-30,83000.0000,80328.6250,74.6150
2025-05-02,82900.0000,80231.8438,74.1784
2025-05-07,82700.0000,80038.2812,73.2549
2025-05-08,83500.0000,80812.5391,74.6162
2025-05-09,84200.0000,81490.0078,75.7778
2025-05-12,88000.0000,85167.7031,80.8905
2025-05-13,89400.0000,86522.6406,82.3671
2025-05-14,89000.0000,86135.5156,80.4542
2025-05-15,93500.0000,90490.6875,84.7462
2025-05-16,94500.0000,91458.5000,85.5078
2025-05-19,94600.0000,91555.2812,85.5853
2025-05-20,96700.0000,93587.6953,87.1406
2025-05-21,97700.0000,94555.5078,87.8148
2025-05-22,96500.0000,93394.1250,82.2423
2025-05-23,98200.0000,95039.4141,83.8098
2025-05-26,100100.0000,96878.2656,85.3646
2025-05-27,100200.0000,96975.0469,85.4439
2025-05-28,99300.0000,96104.0078,81.1838
2025-05-29,108300.0000,104814.3438,87.7573
2025-05-30,108000.0000,104524.0000,86.6704
2025-06-02,104900.0000,101523.7734,76.1718
2025-06-04,113700.0000,110040.5469,82.6111
2025-06-05,114100.0000,110427.6719,82.8381
2025-06-09,117800.0000,114008.5859,84.8132
2025-06-10,118500.0000,114686.0547,85.1612
2025-06-11,123000.0000,119041.2188,87.1926
2025-06-12,122100.0000,118170.1875,84.6953
2025-06-13,120600.0000,116718.4688,80.5541
2025-06-16,125800.0000,121751.1016,83.5558
2025-06-17,127400.0000,123299.6094,84.3560
2025-06-18,126800.0000,122718.9141,82.7302
2025-06-19,127300.0000,123202.8281,83.0239
2025-06-20,131900.0000,127654.7734,85.4712
2025-06-23,132000.0000,127751.5547,85.5201
2025-06-24,148400.0000,143623.7188,90.9165
2025-06-25,146300.0000,141591.3125,86.4725
2025-06-26,142300.0000,137720.0469,78.5922
2025-06-27,140400.0000,135881.2031,75.0917
2025-06-30,139600.0000,135106.9531,73.6052
2025-07-01,140200.0000,135687.6406,74.0206
2025-07-02,138700.0000,134235.9062,71.0117
2025-07-03,137900.0000,133461.6562,69.3916
2025-07-04,132900.0000,128622.5859,60.1544
2025-07-07,136400.0000,132009.9375,63.7882
2025-07-08,143500.0000,138881.4219,69.8042
2025-07-09,151800.0000,146914.2812,75.0273
2025-07-10,154100.0000,149140.2656,76.2531
2025-07-11,158000.0000,152914.7344,78.2066
2025-07-14,163600.0000,158334.5000,80.6660
2025-07-15,160300.0000,155140.7188,75.2750
2025-07-16,154200.0000,149237.0469,66.4365
2025-07-17,153000.0000,148075.6719,64.8240
2025-07-18,148900.0000,144107.6250,59.5094
2025-07-21,148600.0000,143817.2812,59.1274
2025-07-22,151500.0000,146623.9375,61.6875
2025-07-23,149900.0000,145075.4375,59.4741
2025-07-24,147100.0000,142365.5625,55.7071
2025-07-25,147100.0000,142365.5625,55.7071
2025-07-28,141100.0000,136558.6719,48.1308
2025-07-29,142100.0000,137526.4844,49.3668
2025-07-30,143600.0000,138978.2031,51.2436
2025-07-31,143000.0000,138397.5156,50.4383
2025-08-01,133800.0000,129493.6172,40.0458
2025-08-04,136900.0000,132493.8438,44.2166
2025-08-05,139300.0000,134816.6094,47.2747
2025-08-06,142000.0000,137429.7031,50.5586
2025-08-07,139500.0000,135010.1719,47.6023
2025-08-08,136300.0000,131913.1562,44.0516
2025-08-11,135900.0000,131526.0312,43.6136
2025-08-12,139000.0000,134526.2500,47.9336
2025-08-13,138600.0000,134139.1250,47.4287
2025-08-14,137500.0000,133074.5312,45.9938
2025-08-18,133500.0000,129203.2734,41.1220
2025-08-19,132100.0000,127848.3359,39.5432
2025-08-20,126800.0000,122718.9141,34.1915
2025-08-21,125300.0000,121267.1953,32.8369
2025-08-22,127200.0000,123106.0391,36.2803
2025-08-25,132400.0000,128138.6797,44.6450
2025-08-26,129800.0000,125622.3594,41.6976
2025-08-27,129800.0000,125622.3594,41.6976
2025-08-28,132300.0000,128041.8984,45.6956
2025-08-29,134400.0000,130074.3125,48.8675
2025-09-01,128500.0000,124364.2031,41.5284
2025-09-02,128900.0000,124751.3281,42.1626
2025-09-03,131300.0000,127074.0859,45.9505
2025-09-04,130600.0000,126396.6172,45.0243
2025-09-05,131200.0000,126977.3047,46.0285
2025-09-08,132500.0000,128235.4609,48.2349
2025-09-09,141500.0000,136945.7969,60.3266
2025-09-10,150200.0000,145365.7812,68.0870
2025-09-11,147600.0000,142849.4688,64.0545
2025-09-12,150000.0000,145172.2188,66.0531
2025-09-15,159000.0000,153882.5469,72.2779
2025-09-16,158300.0000,153205.0781,71.1846
2025-09-17,154400.0000,149430.6094,65.2614
2025-09-18,156600.0000,151559.7969,66.9329
2025-09-22,158000.0000,152914.7344,67.9885
2025-09-23,154000.0000,149043.4844,61.9078
2025-09-24,149600.0000,144785.0938,55.9770
2025-09-25,147000.0000,142268.7812,52.7606
2025-09-26,142000.0000,137429.7031,47.1497
2025-09-29,145400.0000,140720.2656,50.9682
2025-09-30,145000.0000,140333.1406,50.5059
2025-10-01,143000.0000,138397.5156,48.1539
2025-10-02,144700.0000,140042.7969,50.2736
2025-10-10,145500.0000,140817.0469,51.2830
2025-10-13,142100.0000,137526.4844,46.9234
2025-10-14,139000.0000,134526.2500,43.3083
2025-10-15,148300.0000,143526.9375,54.6069
2025-10-16,156300.0000,151269.4531,61.6815
2025-10-17,154100.0000,149140.2656,58.9602
2025-10-20,175700.0000,170045.0625,72.0151
2025-10-21,173300.0000,167722.3125,69.3744
2025-10-22,173900.0000,168303.0000,69.6738
2025-10-23,168200.0000,162786.4531,63.3391
2025-10-24,172000.0000,166464.1406,65.5855
2025-10-27,176500.0000,170819.3125,68.0799
2025-10-28,175000.0000,169367.5938,66.3535
2025-10-29,176700.0000,171012.8750,67.3636
2025-10-30,177600.0000,171883.9062,67.9128
2025-10-31,182300.0000,176432.6406,70.6871
2025-11-03,182100.0000,176239.0781,70.4081
2025-11-04,173100.0000,167528.7500,59.1042
2025-11-05,169000.0000,163560.7031,54.7888
2025-11-06,171000.0000,165496.3281,56.4589
2025-11-07,163000.0000,157753.8125,48.7083
2025-11-10,171600.0000,166077.0156,55.7420
2025-11-11,169800.0000,164334.9531,54.0707
2025-11-12,176500.0000,170819.3125,58.9986
2025-11-13,177000.0000,171303.2188,59.3492
2025-11-14,169700.0000,164238.1719,52.3168
2025-11-17,165200.0000,159883.0000,48.5015
2025-11-18,156000.0000,150979.1094,41.7915
2025-11-19,157200.0000,152140.4844,42.9011
2025-11-20,158400.0000,153301.8594,44.0497
2025-11-21,153100.0000,148172.4531,40.2031
2025-11-24,156200.0000,151172.6719,43.3208
2025-11-25,154600.0000,149624.1719,42.1007
2025-11-26,162700.0000,157463.4688,49.8076
2025-11-27,162900.0000,157657.0312,49.9847
2025-11-28,160400.0000,155237.5000,47.7190
2025-12-01,159300.0000,154172.8906,46.7157
2025-12-02,162700.0000,157463.4688,50.2011
2025-12-03,164500.0000,159205.5312,51.9915
2025-12-04,162300.0000,157076.3438,49.6423
2025-12-05,164000.0000,158721.6250,51.4672
2025-12-08,163200.0000,157947.3750,50.5390
2025-12-09,161700.0000,156495.6562,48.7633
2025-12-10,160600.0000,155431.0625,47.4468
2025-12-11,157000.0000,151946.9219,43.3242
2025-12-12,167400.0000,162012.2031,55.3846
2025-12-15,160000.0000,154850.3750,47.6197
2025-12-16,164000.0000,158721.6250,51.5721
2025-12-17,157600.0000,152527.6094,45.6384
2025-12-18,157000.0000,151946.9219,45.1144
2025-12-19,162700.0000,157463.4688,50.8844
2025-12-22,159500.0000,154366.4688,47.8435
2025-12-23,161100.0000,155914.9688,49.4695
2025-12-24,161200.0000,156011.7500,49.5753
2025-12-26,158200.0000,153108.2969,46.4340
2025-12-29,167900.0000,162496.1094,56.1164
2025-12-30,161700.0000,156495.6562,49.9069
2026-01-02,165000.0000,159689.4375,52.8946
2026-01-05,167700.0000,162302.5469,55.2466
2026-01-06,174800.0000,169174.0312,60.7906
2026-01-07,170400.0000,164915.6406,56.1485
2026-01-08,165700.0000,160366.9062,51.6145
2026-01-09,170500.0000,165012.4219,55.5612
2026-01-12,169000.0000,163560.7031,54.0767
2026-01-13,171400.0000,165883.4531,56.0978
2026-01-14,174300.0000,168690.1250,58.4759
2026-01-15,177000.0000,171303.2188,60.6149
2026-01-16,182700.0000,176819.7656,64.7439
2026-01-19,182800.0000,176916.5469,64.8136
2026-01-20,183000.0000,177110.1094,64.9628
2026-01-21,180700.0000,174884.1406,61.7220
2026-01-22,186600.0000,180594.2500,66.3584
2026-01-23,195800.0000,189498.1406,72.0445
2026-01-26,197300.0000,190949.8594,72.8502
2026-01-27,204500.0000,197918.1250,76.3707
2026-01-28,202500.0000,195982.5000,73.5189
2026-01-29,221500.0000,214370.9844,80.8391
2026-01-30,215500.0000,208564.0938,73.8926
2026-02-02,199800.0000,193369.3906,59.4878
2026-02-03,218500.0000,211467.5312,67.5916
2026-02-04,213000.0000,206144.5469,63.5642
2026-02-05,211500.0000,204692.8281,62.4710
2026-02-06,205500.0000,198885.9375,58.1619
2026-02-09,223500.0000,216306.6094,65.7864
2026-02-10,235500.0000,227920.3906,69.7450
2026-02-11,226500.0000,219210.0469,63.7843
2026-02-12,246500.0000,238566.3438,69.9337
2026-02-13,257500.0000,249212.3125,72.6813
2026-02-19,283500.0000,274375.5000,77.8367
2026-02-20,292500.0000,283085.8438,79.2934
2026-02-23,279000.0000,270020.3438,71.6827
2026-02-24,268000.0000,259374.3750,66.1144
2026-02-25,270000.0000,261310.0000,66.6221
2026-02-26,267000.0000,267000.0000,68.1335
2026-02-27,258500.0000,258500.0000,63.5071
2026-03-03,240500.0000,240500.0000,54.9915
2026-03-04,206500.0000,206500.0000,43.2064
2026-03-05,230500.0000,230500.0000,51.1626
2026-03-06,230000.0000,230000.0000,51.0023
2026-03-09,218000.0000,218000.0000,47.1815
2026-03-10,220000.0000,220000.0000,47.8823
2026-03-11,229500.0000,229500.0000,51.1947
2026-03-12,227000.0000,227000.0000,50.2889
2026-03-13,219500.0000,219500.0000,47.5697
2026-03-16,223500.0000,223500.0000,49.1490
2026-03-17,233500.0000,233500.0000,52.9634
2026-03-18,241000.0000,241000.0000,55.6504
2026-03-19,229000.0000,229000.0000,50.6635
2026-03-20,234500.0000,234500.0000,52.7533
2026-03-23,211000.0000,211000.0000,44.1485
2026-03-24,211000.0000,211000.0000,44.1485
2026-03-25,220500.0000,220500.0000,48.1163
2026-03-26,216000.0000,216000.0000,46.4336
2026-03-27,220000.0000,220000.0000,48.1687
2026-03-30,210000.0000,210000.0000,44.3048
2026-03-31,202500.0000,202500.0000,41.6089
2026-04-01,224000.0000,224000.0000,50.8430
2026-04-02,213500.0000,213500.0000,46.9390
2026-04-03,212000.0000,212000.0000,46.3909
2026-04-06,215000.0000,215000.0000,47.7060
2026-04-07,213000.0000,213000.0000,46.8803
2026-04-08,239000.0000,239000.0000,57.2406
2026-04-09,232000.0000,232000.0000,54.1770
2026-04-10,241500.0000,241500.0000,57.5014
2026-04-13,246000.0000,246000.0000,59.0181
2026-04-14,257500.0000,257500.0000,62.6833
2026-04-15,255000.0000,255000.0000,61.3978
2026-04-16,257000.0000,257000.0000,62.0680
2026-04-17,257000.0000,257000.0000,62.0680
2026-04-20,261000.0000,261000.0000,63.5365
2026-04-21,262000.0000,262000.0000,63.9126
2026-04-22,258000.0000,258000.0000,61.1935
2026-04-23,259000.0000,259000.0000,61.6329
2026-04-24,259000.0000,259000.0000,61.6329
2026-04-27,260500.0000,260500.0000,62.3742
2026-04-28,258500.0000,258500.0000,60.6905
2026-04-29,249000.0000,249000.0000,53.3272
2026-04-30,240000.0000,240000.0000,47.4534
2026-05-04,262000.0000,262000.0000,59.2649
2026-05-06,291500.0000,291500.0000,69.2472
2026-05-07,276000.0000,276000.0000,60.8146
2026-05-08,268500.0000,268500.0000,57.1858
2026-05-11,266000.0000,266000.0000,55.9865
2026-05-12,249500.0000,249500.0000,48.7240
2026-05-13,251500.0000,251500.0000,49.5778
2026-05-14,258000.0000,258000.0000,52.3545
2026-05-15,258000.0000,258000.0000,52.3545
2026-05-18,240500.0000,240500.0000,44.6730
2026-05-19,234000.0000,234000.0000,42.1965
2026-05-20,232500.0000,232500.0000,41.6231
2026-05-21,249500.0000,249500.0000,49.9281
2026-05-22,254500.0000,254500.0000,52.0872
2026-05-26,252500.0000,252500.0000,51.1373
2026-05-27,244500.0000,244500.0000,47.4129
2026-05-28,238500.0000,238500.0000,44.7788
2026-05-29,237500.0000,237500.0000,44.3367
2026-06-01,246000.0000,246000.0000,48.9505
2026-06-02,241500.0000,241500.0000,46.7416
2026-06-04,250500.0000,250500.0000,51.4594
2026-06-05,246500.0000,246500.0000,49.3663
2026-06-08,216000.0000,216000.0000,37.0063
2026-06-09,231500.0000,231500.0000,44.5979
2026-06-10,229000.0000,229000.0000,43.6835
2026-06-11,230000.0000,230000.0000,44.1765
2026-06-12,240500.0000,240500.0000,49.2051
2026-06-15,251500.0000,251500.0000,53.8911
2026-06-16,252500.0000,252500.0000,54.3039
2026-06-17,240000.0000,240000.0000,48.4642
2026-06-18,230500.0000,230500.0000,44.5437
2026-06-19,231000.0000,231000.0000,44.7968
2026-06-22,221000.0000,221000.0000,40.7872
2026-06-23,208000.0000,208000.0000,36.2453
2026-06-24,204500.0000,204500.0000,35.1117
2026-06-25,214000.0000,214000.0000,40.5471
2026-06-26,200000.0000,200000.0000,35.7893
2026-06-29,218000.0000,218000.0000,44.7637
2026-06-30,221000.0000,221000.0000,46.1154
2026-07-01,228000.0000,228000.0000,49.2370
2026-07-02,225500.0000,225500.0000,48.1639
2026-07-03,242000.0000,242000.0000,55.1170
2026-07-06,249500.0000,249500.0000,57.8825
2026-07-07,243500.0000,243500.0000,54.9647
2026-07-08,233500.0000,233500.0000,50.4043
2026-07-09,222500.0000,222500.0000,45.8936
2026-07-10,239000.0000,239000.0000,52.7274
2026-07-13,237000.0000,237000.0000,51.8722
2026-07-14,216500.0000,216500.0000,43.9952
2026-07-15,235000.0000,235000.0000,51.1975
2026-07-16,229000.0000,229000.0000,48.9967
2026-07-20,216500.0000,216500.0000,44.6870
2026-07-21,219000.0000,219000.0000,45.7154
2026-07-22,215000.0000,215000.0000,44.2963
2026-07-23,221500.0000,221500.0000,47.1664
2026-07-24,213000.0000,213000.0000,43.9755
2026-07-27,212500.0000,212500.0000,43.7878
2026-07-28,193700.0000,193700.0000,37.3362
2026-07-29,183500.0000,183500.0000,34.3767
2026-07-30,181700.0000,181700.0000,33.8666
2026-07-31,206500.0000,206500.0000,45.8009
2026-08-03,196900.0000,196900.0000,42.5965
2026-08-04,202500.0000,202500.0000,45.0132
2026-08-05,209500.0000,209500.0000,47.9625
2026-08-06,204000.0000,204000.0000,45.8803
2026-08-07,188000.0000,188000.0000,40.3872
2026-08-10,193900.0000,193900.0000,43.0929
2026-08-11,198100.0000,198100.0000,45.0064
2026-08-12,200500.0000,200500.0000,46.1212
2026-08-13,199700.0000,199700.0000,45.7880
2026-08-14,204000.0000,204000.0000,47.9642
2026-08-18,191600.0000,191600.0000,42.6476
2026-08-19,183100.0000,183100.0000,39.4219
