Date,Open,High,Low,Close,AdjClose,Volume
2006-06-21,1.1402,1.1406,1.1273,1.1289,0.9827,1523200
2006-06-22,1.1250,1.1270,1.0903,1.1023,0.9596,13612800
2006-06-23,1.0977,1.1181,1.0856,1.0991,0.9567,3411200
2006-06-26,1.1016,1.1094,1.0938,1.1031,0.9603,3622400
2006-06-27,1.1047,1.1047,1.0619,1.0619,0.9244,6393600
2006-06-28,1.0664,1.0772,1.0534,1.0748,0.9357,6374400
2006-06-29,1.0883,1.1398,1.0833,1.1398,0.9922,11289600
2006-06-30,1.1484,1.1484,1.1278,1.1289,0.9827,15168000
2006-07-03,1.1375,1.1430,1.1353,1.1420,0.9941,2380800
2006-07-05,1.1211,1.1216,1.0939,1.0970,0.9550,9900800
2006-07-06,1.1023,1.1109,1.0867,1.0906,0.9494,5369600
2006-07-07,1.0711,1.0922,1.0602,1.0667,0.9286,4588800
2006-07-10,1.0766,1.0808,1.0397,1.0491,0.9132,7987200
2006-07-11,1.0412,1.0692,1.0338,1.0662,0.9282,10604800
2006-07-12,1.0597,1.0625,1.0187,1.0241,0.8915,14598400
2006-07-13,1.0289,1.0289,0.9891,0.9914,0.8630,26745600
2006-07-14,0.9875,0.9898,0.9609,0.9711,0.8453,13856000
2006-07-17,0.9789,0.9844,0.9631,0.9758,0.8494,9868800
2006-07-18,0.9844,0.9875,0.9484,0.9812,0.8542,26054400
2006-07-19,0.9789,1.0167,0.9783,1.0025,0.8727,16940800
2006-07-20,1.0141,1.0141,0.9742,0.9752,0.8489,12019200
2006-07-21,0.9583,0.9688,0.9519,0.9531,0.8297,18630400
2006-07-24,0.9608,0.9916,0.9608,0.9883,0.8603,15334400
2006-07-25,0.9930,1.0094,0.9808,0.9980,0.8687,21683200
2006-07-26,0.9937,1.0155,0.9812,1.0000,0.8705,23500800
2006-07-27,1.0211,1.0234,0.9812,0.9898,0.8617,12038400
2006-07-28,1.0008,1.0294,0.9945,1.0294,0.8961,6752000
2006-07-31,1.0219,1.0383,1.0148,1.0273,0.8943,9958400
2006-08-01,1.0086,1.0086,0.9812,0.9922,0.8637,15609600
2006-08-02,1.0039,1.0266,1.0016,1.0105,0.8796,13939200
2006-08-03,0.9930,1.0375,0.9922,1.0273,0.8943,19961600
2006-08-04,1.0464,1.0547,0.9986,1.0180,0.8861,18816000
2006-08-07,1.0109,1.0148,0.9961,1.0056,0.8754,17017600
2006-08-08,1.0094,1.0156,0.9828,0.9930,0.8644,28838400
2006-08-09,1.0064,1.0344,0.9891,0.9925,0.8640,28825600
2006-08-10,0.9933,1.0128,0.9828,1.0052,0.8750,23283200
2006-08-11,0.9953,1.0008,0.9852,0.9953,0.8664,13305600
2006-08-14,1.0077,1.0312,1.0019,1.0044,0.8743,19321600
2006-08-15,1.0373,1.0703,1.0233,1.0567,0.9199,22054400
2006-08-16,1.0703,1.1081,1.0641,1.1070,0.9637,31040000
2006-08-17,1.1086,1.1297,1.1000,1.1141,0.9698,44345600
2006-08-18,1.1102,1.1178,1.0898,1.1125,0.9684,16934400
2006-08-21,1.0944,1.1030,1.0867,1.0922,0.9508,16275200
2006-08-22,1.1036,1.1169,1.0858,1.0950,0.9532,16268800
2006-08-23,1.0978,1.1087,1.0688,1.0766,0.9372,18598400
2006-08-24,1.0891,1.0898,1.0672,1.0848,0.9444,18432000
2006-08-25,1.0734,1.1061,1.0734,1.0891,0.9480,15257600
2006-08-28,1.0859,1.1109,1.0859,1.1047,0.9616,16588800
2006-08-29,1.1031,1.1133,1.0808,1.1117,0.9678,26617600
2006-08-30,1.1128,1.1227,1.1031,1.1216,0.9763,22585600
2006-08-31,1.1211,1.1272,1.1133,1.1203,0.9752,9395200
2006-09-01,1.1359,1.1367,1.1202,1.1305,0.9841,18496000
2006-09-05,1.1319,1.1527,1.1156,1.1508,1.0018,21452800
2006-09-06,1.1297,1.1356,1.1016,1.1059,0.9627,23398400
2006-09-07,1.1000,1.1177,1.0875,1.0961,0.9542,27027200
2006-09-08,1.1016,1.1139,1.0938,1.1070,0.9637,13990400
2006-09-11,1.0911,1.1323,1.0844,1.1219,0.9766,26662400
2006-09-12,1.1258,1.1716,1.1234,1.1655,1.0145,19027200
2006-09-13,1.1688,1.1820,1.1586,1.1789,1.0262,22579200
2006-09-14,1.1678,1.1850,1.1678,1.1777,1.0252,15187200
2006-09-15,1.2055,1.2755,1.1823,1.1891,1.0351,15891200
2006-09-18,1.1914,1.2048,1.1766,1.1881,1.0343,13184000
2006-09-19,1.1875,1.1922,1.1544,1.1738,1.0218,20812800
2006-09-20,1.1997,1.2148,1.1933,1.2086,1.0521,21785600
2006-09-21,1.2156,1.2211,1.1875,1.1930,1.0385,50976000
2006-09-22,1.1891,1.1891,1.1641,1.1723,1.0205,18214400
2006-09-25,1.1856,1.2188,1.1630,1.2156,1.0582,37670400
2006-09-26,1.2125,1.2289,1.2052,1.2256,1.0669,24934400
2006-09-27,1.2237,1.2348,1.2086,1.2194,1.0615,27929600
2006-09-28,1.2294,1.2320,1.2038,1.2266,1.0677,14444800
2006-09-29,1.2328,1.2333,1.2156,1.2172,1.0596,12473600
2006-10-02,1.2117,1.2197,1.1822,1.1875,1.0337,22822400
2006-10-03,1.1766,1.2055,1.1694,1.1959,1.0411,20364800
2006-10-04,1.1938,1.2539,1.1861,1.2508,1.0888,27206400
2006-10-05,1.2539,1.2695,1.2478,1.2672,1.1031,21580800
2006-10-06,1.2520,1.2695,1.2505,1.2602,1.0970,21766400
2006-10-09,1.2595,1.2797,1.2547,1.2664,1.1024,12217600
2006-10-10,1.2703,1.2805,1.2542,1.2734,1.1085,16710400
2006-10-11,1.2594,1.2844,1.2405,1.2687,1.1045,23334400
2006-10-12,1.2828,1.3109,1.2780,1.3109,1.1412,26284800
2006-10-13,1.3109,1.3273,1.3039,1.3209,1.1499,21683200
2006-10-16,1.3242,1.3336,1.3206,1.3234,1.1521,17868800
2006-10-17,1.3116,1.3116,1.2797,1.2977,1.1296,35289600
2006-10-18,1.3120,1.3134,1.2725,1.2797,1.1140,36768000
2006-10-19,1.2737,1.3008,1.2687,1.2906,1.1235,36089600
2006-10-20,1.2917,1.2939,1.2728,1.2938,1.1262,21696000
2006-10-23,1.2844,1.3288,1.2828,1.3169,1.1463,34579200
2006-10-24,1.3133,1.3200,1.2877,1.3044,1.1355,31315200
2006-10-25,1.3036,1.3238,1.2953,1.3203,1.1493,24864000
2006-10-26,1.3266,1.3486,1.3055,1.3414,1.1677,30323200
2006-10-27,1.3361,1.3409,1.2953,1.3034,1.1346,31724800
2006-10-30,1.3016,1.3297,1.2938,1.3188,1.1480,28748800
2006-10-31,1.3320,1.3359,1.3088,1.3266,1.1548,27744000
2006-11-01,1.3359,1.3377,1.2787,1.2906,1.1235,37939200
2006-11-02,1.2875,1.2980,1.2745,1.2919,1.1246,29440000
2006-11-03,1.3016,1.3016,1.2650,1.2844,1.1181,42656000
2006-11-06,1.2977,1.3303,1.2955,1.3133,1.1432,28524800
2006-11-07,1.3250,1.3548,1.3172,1.3398,1.1663,34387200
2006-11-08,1.3231,1.3633,1.3159,1.3580,1.1821,41382400
2006-11-09,1.3680,1.3711,1.3289,1.3391,1.1657,32851200
2006-11-10,1.3411,1.3539,1.3297,1.3539,1.1786,24953600
2006-11-13,1.3525,1.3827,1.3494,1.3758,1.1976,28505600
2006-11-14,1.3781,1.4109,1.3645,1.4109,1.2282,32083200
2006-11-15,1.4098,1.4375,1.4078,1.4198,1.2360,40307200
2006-11-16,1.4266,1.4380,1.4141,1.4344,1.2486,26201600
2006-11-17,1.4156,1.4312,1.4088,1.4312,1.2459,24064000
2006-11-20,1.4195,1.4425,1.4134,1.4367,1.2507,20883200
2006-11-21,1.4383,1.4427,1.4278,1.4406,1.2541,25177600
2006-11-22,1.4462,1.4602,1.4280,1.4588,1.2698,20697600
2006-11-24,1.4352,1.4648,1.4352,1.4495,1.2618,15078400
2006-11-27,1.4352,1.4477,1.3828,1.3842,1.2050,55340800
2006-11-28,1.3750,1.3967,1.3648,1.3883,1.2085,44339200
2006-11-29,1.4125,1.4192,1.3856,1.4109,1.2282,36140800
2006-11-30,1.4125,1.4234,1.3947,1.4066,1.2244,44883200
2006-12-01,1.4098,1.4133,1.3595,1.3878,1.2081,59769600
2006-12-04,1.3934,1.4336,1.3869,1.4227,1.2384,33427200
2006-12-05,1.4309,1.4395,1.4172,1.4295,1.2444,24160000
2006-12-06,1.4266,1.4292,1.4097,1.4191,1.2353,23872000
2006-12-07,1.4266,1.4336,1.3836,1.3844,1.2051,42233600
2006-12-08,1.3758,1.4195,1.3702,1.3984,1.2173,46950400
2006-12-11,1.3930,1.4256,1.3878,1.4094,1.2269,27724800
2006-12-12,1.4062,1.4105,1.3750,1.3909,1.2108,53401600
2006-12-13,1.4081,1.4086,1.3797,1.3945,1.2139,31980800
2006-12-14,1.4022,1.4383,1.4008,1.4242,1.2398,39392000
2006-12-15,1.4489,1.4541,1.4289,1.4336,1.2479,40691200
2006-12-18,1.4439,1.4531,1.3931,1.4008,1.2194,45081600
2006-12-19,1.3816,1.4089,1.3653,1.3953,1.2146,58912000
2006-12-20,1.3438,1.3438,1.3003,1.3016,1.2062,31494400
2006-12-21,1.3023,1.3055,1.2713,1.2836,1.1896,36409600
2006-12-22,1.2802,1.2805,1.2563,1.2594,1.1671,48979200
2006-12-26,1.2563,1.2667,1.2516,1.2656,1.1729,16716800
2006-12-27,1.2661,1.2811,1.2623,1.2780,1.1844,22560000
2006-12-28,1.2742,1.2781,1.2581,1.2672,1.1744,18995200
2006-12-29,1.2672,1.2938,1.2633,1.2663,1.1735,24550400
2007-01-03,1.2931,1.3166,1.2313,1.2703,1.1773,75315200
2007-01-04,1.2711,1.3252,1.2617,1.3159,1.2196,43257600
2007-01-05,1.3022,1.3078,1.2827,1.2969,1.2019,34419200
2007-01-08,1.3078,1.3195,1.2891,1.3050,1.2094,32780800
2007-01-09,1.3128,1.3305,1.2909,1.3209,1.2242,50169600
2007-01-10,1.3117,1.3555,1.3039,1.3555,1.2562,39436800
2007-01-11,1.3555,1.3875,1.3547,1.3781,1.2772,47155200
2007-01-12,1.3755,1.3953,1.3717,1.3922,1.2902,38764800
2007-01-16,1.3922,1.3972,1.3808,1.3922,1.2902,40505600
2007-01-17,1.3909,1.3909,1.3619,1.3669,1.2668,31340800
2007-01-18,1.3603,1.3614,1.3072,1.3109,1.2149,90720000
2007-01-19,1.3067,1.3250,1.3039,1.3148,1.2185,59116800
2007-01-22,1.3219,1.3219,1.2797,1.2891,1.1947,64390400
2007-01-23,1.2923,1.3070,1.2789,1.2830,1.1890,46195200
2007-01-24,1.2986,1.3258,1.2938,1.3219,1.2251,38483200
2007-01-25,1.3294,1.3352,1.2825,1.2859,1.1918,61868800
2007-01-26,1.2959,1.2959,1.2672,1.2770,1.1835,55136000
2007-01-29,1.2758,1.3017,1.2717,1.2845,1.1905,51174400
2007-01-30,1.2869,1.2934,1.2789,1.2880,1.1936,24473600
2007-01-31,1.2817,1.3158,1.2677,1.3039,1.2084,71808000
2007-02-01,1.3198,1.3295,1.2969,1.3055,1.2099,55014400
2007-02-02,1.3127,1.3197,1.3005,1.3167,1.2203,38931200
2007-02-05,1.3123,1.3241,1.3033,1.3122,1.2161,31225600
2007-02-06,1.3152,1.3180,1.2816,1.3062,1.2106,49286400
2007-02-07,1.3241,1.3428,1.3119,1.3373,1.2394,54099200
2007-02-08,1.3283,1.3394,1.3170,1.3378,1.2398,28684800
2007-02-09,1.3378,1.3464,1.2883,1.2961,1.2012,61971200
2007-02-12,1.2948,1.2961,1.2797,1.2858,1.1916,40531200
2007-02-13,1.2947,1.3028,1.2862,1.2998,1.2046,40096000
2007-02-14,1.3055,1.3445,1.3050,1.3388,1.2407,51052800
2007-02-15,1.3405,1.3530,1.3355,1.3530,1.2539,27660800
2007-02-16,1.3425,1.3505,1.3359,1.3484,1.2497,19801600
2007-02-20,1.3422,1.3686,1.3266,1.3641,1.2642,35174400
2007-02-21,1.3539,1.3742,1.3505,1.3730,1.2724,71372800
2007-02-22,1.3827,1.3927,1.3642,1.3875,1.2859,37625600
2007-02-23,1.3844,1.3844,1.3633,1.3750,1.2743,23622400
2007-02-26,1.3887,1.3887,1.3445,1.3625,1.2627,39673600
2007-02-27,1.3127,1.3264,1.2294,1.2313,1.1411,143776000
2007-02-28,1.2477,1.2820,1.2266,1.2577,1.1655,87148800
2007-03-01,1.2195,1.2714,1.1934,1.2445,1.1534,109964800
2007-03-02,1.2348,1.2452,1.2009,1.2009,1.1130,124332800
2007-03-05,1.1873,1.2237,1.1833,1.1844,1.0976,134688000
2007-03-06,1.2031,1.2337,1.2031,1.2277,1.1377,109542400
2007-03-07,1.2258,1.2336,1.2152,1.2164,1.1273,84012800
2007-03-08,1.2420,1.2483,1.2255,1.2391,1.1483,76480000
2007-03-09,1.2523,1.2531,1.2156,1.2347,1.1443,65689600
2007-03-12,1.2270,1.2495,1.2270,1.2461,1.1548,41395200
2007-03-13,1.2316,1.2461,1.1914,1.1989,1.1111,104352000
2007-03-14,1.2005,1.2322,1.1817,1.2322,1.1419,152550400
2007-03-15,1.2252,1.2350,1.2172,1.2287,1.1388,68441600
2007-03-16,1.2289,1.2348,1.2111,1.2242,1.1346,71257600
2007-03-19,1.2375,1.2547,1.2300,1.2489,1.1574,64025600
2007-03-20,1.2469,1.2658,1.2450,1.2656,1.1729,51993600
2007-03-21,1.2672,1.3162,1.2523,1.3125,1.2164,119865600
2007-03-22,1.3141,1.3141,1.2956,1.3047,1.2091,85292800
2007-03-23,1.3011,1.3109,1.2920,1.2933,1.1986,46451200
2007-03-26,1.2970,1.3083,1.2673,1.3033,1.2078,62470400
2007-03-27,1.3000,1.3006,1.2861,1.2892,1.1950,41369600
2007-03-28,1.2769,1.2892,1.2600,1.2625,1.1702,92390400
2007-03-29,1.2783,1.2783,1.2363,1.2609,1.1688,134150400
2007-03-30,1.2648,1.2794,1.2422,1.2653,1.1728,75686400
2007-04-02,1.2695,1.2727,1.2475,1.2606,1.1685,63814400
2007-04-03,1.2764,1.3038,1.2744,1.2970,1.2022,67308800
2007-04-04,1.2939,1.3077,1.2938,1.3047,1.2093,52313600
2007-04-05,1.3006,1.3209,1.2984,1.3188,1.2223,40307200
2007-04-09,1.3281,1.3281,1.3067,1.3123,1.2164,51251200
2007-04-10,1.3111,1.3239,1.3109,1.3225,1.2258,37568000
2007-04-11,1.3195,1.3195,1.2884,1.2955,1.2008,65952000
2007-04-12,1.2952,1.3200,1.2816,1.3180,1.2216,60236800
2007-04-13,1.3148,1.3253,1.3000,1.3227,1.2260,52838400
2007-04-16,1.3320,1.3500,1.3320,1.3458,1.2474,45024000
2007-04-17,1.3486,1.3534,1.3391,1.3513,1.2525,48000000
2007-04-18,1.3405,1.3542,1.3311,1.3461,1.2477,36531200
2007-04-19,1.3298,1.3553,1.3242,1.3472,1.2487,62374400
2007-04-20,1.3631,1.3780,1.3527,1.3675,1.2675,53209600
2007-04-23,1.3675,1.3750,1.3608,1.3681,1.2681,29760000
2007-04-24,1.3761,1.3898,1.3594,1.3791,1.2782,48864000
2007-04-25,1.3897,1.4194,1.3817,1.4188,1.3150,53702400
2007-04-26,1.4352,1.4391,1.4198,1.4336,1.3288,61510400
2007-04-27,1.4220,1.4362,1.4178,1.4352,1.3302,105958400
2007-04-30,1.4267,1.4311,1.3936,1.3977,1.2955,50624000
2007-05-01,1.3984,1.4062,1.3778,1.4062,1.3034,75372800
2007-05-02,1.4036,1.4334,1.4036,1.4242,1.3201,49568000
2007-05-03,1.4297,1.4411,1.4236,1.4352,1.3302,55737600
2007-05-04,1.4441,1.4509,1.4236,1.4386,1.3334,54489600
2007-05-07,1.4369,1.4438,1.4316,1.4353,1.3304,31603200
2007-05-08,1.4225,1.4430,1.4147,1.4345,1.3297,57024000
2007-05-09,1.4266,1.4547,1.4250,1.4452,1.3395,56448000
2007-05-10,1.4367,1.4433,1.4000,1.4089,1.3059,97267200
2007-05-11,1.4086,1.4425,1.4069,1.4420,1.3366,70611200
2007-05-14,1.4427,1.4483,1.4067,1.4212,1.3174,78387200
2007-05-15,1.4198,1.4370,1.3930,1.4008,1.2984,89324800
2007-05-16,1.4066,1.4281,1.3887,1.4269,1.3226,71763200
2007-05-17,1.4217,1.4278,1.4106,1.4116,1.3084,48966400
2007-05-18,1.4219,1.4350,1.4155,1.4347,1.3298,54425600
2007-05-21,1.4372,1.4670,1.4338,1.4547,1.3483,94963200
2007-05-22,1.4539,1.4705,1.4455,1.4564,1.3499,48595200
2007-05-23,1.4655,1.4759,1.4411,1.4436,1.3381,54054400
2007-05-24,1.4398,1.4559,1.3903,1.4028,1.3003,123494400
2007-05-25,1.4077,1.4244,1.4022,1.4178,1.3142,52275200
2007-05-29,1.4217,1.4419,1.4145,1.4359,1.3310,60640000
2007-05-30,1.4158,1.4628,1.4100,1.4614,1.3546,72908800
2007-05-31,1.4683,1.4816,1.4628,1.4798,1.3717,60012800
2007-06-01,1.4855,1.4959,1.4725,1.4786,1.3705,51859200
2007-06-04,1.4672,1.4880,1.4639,1.4828,1.3744,35552000
2007-06-05,1.4750,1.4848,1.4564,1.4848,1.3763,86380800
2007-06-06,1.4698,1.4711,1.4459,1.4509,1.3449,93094400
2007-06-07,1.4445,1.4634,1.4025,1.4025,1.3000,156672000
2007-06-08,1.4075,1.4427,1.3961,1.4402,1.3349,104294400
2007-06-11,1.4405,1.4575,1.4319,1.4344,1.3295,55513600
2007-06-12,1.4184,1.4470,1.4127,1.4150,1.3116,96966400
2007-06-13,1.4266,1.4508,1.4191,1.4430,1.3375,89619200
2007-06-14,1.4542,1.4750,1.4542,1.4684,1.3611,51564800
2007-06-15,1.4813,1.5008,1.4813,1.4961,1.3867,42892800
2007-06-18,1.4994,1.5014,1.4886,1.4945,1.3853,30707200
2007-06-19,1.4856,1.5005,1.4789,1.4927,1.3835,49184000
2007-06-20,1.4941,1.5033,1.4625,1.4659,1.3588,69433600
2007-06-21,1.4664,1.4956,1.4519,1.4934,1.3843,97856000
2007-06-22,1.4825,1.4900,1.4545,1.4642,1.3572,127193600
2007-06-25,1.4661,1.4802,1.4348,1.4570,1.3505,94553600
2007-06-26,1.4636,1.4636,1.4297,1.4406,1.3353,103520000
2007-06-27,1.4294,1.4784,1.4273,1.4734,1.3657,100000000
2007-06-28,1.4742,1.4958,1.4727,1.4772,1.3692,84198400
2007-06-29,1.4914,1.4980,1.4572,1.4864,1.3777,98572800
2007-07-02,1.4867,1.5069,1.4850,1.5053,1.3953,60780800
2007-07-03,1.5108,1.5228,1.5067,1.5227,1.4113,37523200
2007-07-05,1.5228,1.5512,1.5214,1.5400,1.4274,69324800
2007-07-06,1.5484,1.5597,1.5345,1.5586,1.4447,49600000
2007-07-09,1.5578,1.5650,1.5483,1.5600,1.4460,41664000
2007-07-10,1.5453,1.5597,1.5309,1.5345,1.4224,69132800
2007-07-11,1.5264,1.5605,1.5231,1.5605,1.4464,72134400
2007-07-12,1.5627,1.6070,1.5605,1.6008,1.4838,63712000
2007-07-13,1.6044,1.6266,1.6016,1.6244,1.5056,59699200
2007-07-16,1.6211,1.6345,1.6130,1.6227,1.5040,57894400
2007-07-17,1.6255,1.6472,1.6228,1.6389,1.5191,52633600
2007-07-18,1.6242,1.6406,1.6041,1.6406,1.5207,82022400
2007-07-19,1.6552,1.6697,1.6455,1.6478,1.5274,63494400
2007-07-20,1.6459,1.6503,1.6106,1.6339,1.5145,92166400
2007-07-23,1.6391,1.6453,1.6211,1.6313,1.5120,62291200
2007-07-24,1.6061,1.6320,1.5647,1.5869,1.4709,145600000
2007-07-25,1.5977,1.6033,1.5658,1.5891,1.4729,100384000
2007-07-26,1.5805,1.5894,1.5005,1.5539,1.4403,212934400
2007-07-27,1.5528,1.5683,1.4920,1.4920,1.3830,217145600
2007-07-30,1.5113,1.5420,1.4948,1.5341,1.4219,214092800
2007-07-31,1.5555,1.5572,1.4612,1.4688,1.3614,228902400
2007-08-01,1.4583,1.4895,1.4330,1.4866,1.3779,324076800
2007-08-02,1.4922,1.5195,1.4806,1.5159,1.4051,120908800
2007-08-03,1.5094,1.5134,1.4375,1.4558,1.3494,161267200
2007-08-06,1.4592,1.4919,1.4328,1.4844,1.3759,187257600
2007-08-07,1.4808,1.5078,1.4591,1.5027,1.3928,139993600
2007-08-08,1.5236,1.5562,1.5156,1.5467,1.4336,137734400
2007-08-09,1.5289,1.5506,1.4600,1.4695,1.3621,223526400
2007-08-10,1.4411,1.4786,1.4056,1.4419,1.3365,273875200
2007-08-13,1.4714,1.4808,1.4570,1.4606,1.3538,117228800
2007-08-14,1.4650,1.4723,1.4125,1.4141,1.3107,161376000
2007-08-15,1.4066,1.4316,1.3569,1.3617,1.2622,190828800
2007-08-16,1.3502,1.3606,1.2716,1.3305,1.2332,437721600
2007-08-17,1.3609,1.3995,1.3408,1.3778,1.2771,189926400
2007-08-20,1.3930,1.4047,1.3673,1.3867,1.2853,153952000
2007-08-21,1.3927,1.4288,1.3850,1.4258,1.3216,120620800
2007-08-22,1.4402,1.4630,1.4378,1.4591,1.3524,110560000
2007-08-23,1.4688,1.4741,1.4353,1.4531,1.3469,138361600
2007-08-24,1.4462,1.4969,1.4414,1.4961,1.3867,93126400
2007-08-27,1.4858,1.4937,1.4659,1.4667,1.3595,72812800
2007-08-28,1.4594,1.4684,1.4034,1.4039,1.3013,178016000
2007-08-29,1.4227,1.4845,1.4216,1.4811,1.3728,131680000
2007-08-30,1.4761,1.5231,1.4617,1.5039,1.3940,196979200
2007-08-31,1.5312,1.5438,1.5161,1.5302,1.4183,143507200
2007-09-04,1.5388,1.6023,1.5388,1.5836,1.4678,119251200
2007-09-05,1.5836,1.5836,1.5308,1.5509,1.4376,164499200
2007-09-06,1.5558,1.5608,1.5275,1.5469,1.4338,128972800
2007-09-07,1.5111,1.5139,1.4722,1.4958,1.3864,201273600
2007-09-10,1.5137,1.5209,1.4636,1.4934,1.3843,178432000
2007-09-11,1.5055,1.5348,1.5016,1.5312,1.4193,141196800
2007-09-12,1.5258,1.5580,1.5217,1.5380,1.4255,114886400
2007-09-13,1.5539,1.5558,1.5312,1.5447,1.4318,111219200
2007-09-14,1.5234,1.5536,1.5175,1.5445,1.4316,86931200
2007-09-17,1.5323,1.5402,1.5094,1.5186,1.4076,100806400
2007-09-18,1.5391,1.6008,1.5241,1.5978,1.4810,165324800
2007-09-19,1.6166,1.6333,1.5948,1.6073,1.4898,145990400
2007-09-20,1.5997,1.6119,1.5902,1.5970,1.4803,96998400
2007-09-21,1.6142,1.6294,1.6087,1.6164,1.4982,74963200
2007-09-24,1.6255,1.6570,1.6177,1.6339,1.5145,102547200
2007-09-25,1.6195,1.6650,1.6184,1.6623,1.5408,82636800
2007-09-26,1.6800,1.6930,1.6670,1.6772,1.5546,99923200
2007-09-27,1.7008,1.7009,1.6833,1.6992,1.5750,71392000
2007-09-28,1.6964,1.7034,1.6708,1.6891,1.5656,90483200
2007-10-01,1.6917,1.7342,1.6916,1.7180,1.5924,89824000
2007-10-02,1.7227,1.7269,1.7056,1.7219,1.5960,72844800
2007-10-03,1.7148,1.7277,1.6906,1.6953,1.5714,78572800
2007-10-04,1.7069,1.7105,1.6800,1.7031,1.5786,70720000
2007-10-05,1.7323,1.7819,1.7270,1.7819,1.6516,120684800
2007-10-08,1.7744,1.7981,1.7689,1.7953,1.6641,80102400
2007-10-09,1.8064,1.8184,1.7911,1.8156,1.6829,99353600
2007-10-10,1.8130,1.8258,1.8016,1.8258,1.6923,102982400
2007-10-11,1.8414,1.8502,1.7377,1.7727,1.6431,207078400
2007-10-12,1.7805,1.8239,1.7723,1.8239,1.6906,105504000
2007-10-15,1.8248,1.8311,1.7647,1.7934,1.6623,119532800
2007-10-16,1.7727,1.8033,1.7642,1.7852,1.6547,129670400
2007-10-17,1.8250,1.8283,1.7631,1.8233,1.6900,154982400
2007-10-18,1.8062,1.8431,1.7922,1.8356,1.7014,142662400
2007-10-19,1.8356,1.8358,1.7420,1.7478,1.6200,293971200
2007-10-22,1.7216,1.7881,1.7167,1.7847,1.6542,272115200
2007-10-23,1.8206,1.8609,1.8038,1.8466,1.7116,173945600
2007-10-24,1.8283,1.8428,1.7525,1.8352,1.7010,341177600
2007-10-25,1.8359,1.8447,1.7617,1.8144,1.6817,259436800
2007-10-26,1.8509,1.8602,1.8083,1.8372,1.7029,192032000
2007-10-29,1.8566,1.8670,1.8359,1.8552,1.7195,182022400
2007-10-30,1.8431,1.8822,1.8388,1.8555,1.7198,148761600
2007-10-31,1.8719,1.9180,1.8427,1.9136,1.7737,211872000
2007-11-01,1.8906,1.9016,1.8423,1.8563,1.7206,318470400
2007-11-02,1.8692,1.8787,1.8164,1.8759,1.7388,273952000
2007-11-05,1.8520,1.8691,1.8144,1.8531,1.7177,210304000
2007-11-06,1.8759,1.8880,1.8278,1.8836,1.7459,196921600
2007-11-07,1.8409,1.8805,1.7902,1.7955,1.6642,251430400
2007-11-08,1.8016,1.8016,1.6263,1.6672,1.5453,478278400
2007-11-09,1.6203,1.6516,1.5703,1.5723,1.4574,403564800
2007-11-12,1.5664,1.5875,1.4875,1.4898,1.3809,346969600
2007-11-13,1.5384,1.6187,1.5311,1.6105,1.4927,286867200
2007-11-14,1.6602,1.6602,1.5612,1.5886,1.4725,293459200
2007-11-15,1.5662,1.6020,1.5284,1.5586,1.4447,276947200
2007-11-16,1.5781,1.5970,1.5266,1.5892,1.4730,282041600
2007-11-19,1.5708,1.5950,1.5305,1.5488,1.4355,321907200
2007-11-20,1.5703,1.6145,1.4995,1.5603,1.4462,462284800
2007-11-21,1.5341,1.5759,1.4944,1.5125,1.4019,405222400
2007-11-23,1.5469,1.5616,1.5258,1.5494,1.4361,116320000
2007-11-26,1.5702,1.5877,1.4961,1.5078,1.3976,315123200
2007-11-27,1.5295,1.5655,1.5081,1.5544,1.4407,361331200
2007-11-28,1.6009,1.6677,1.5941,1.6477,1.5272,313740800
2007-11-29,1.6406,1.6795,1.6325,1.6602,1.5388,288147200
2007-11-30,1.7320,1.7320,1.6206,1.6478,1.5274,439148800
2007-12-03,1.6291,1.6570,1.6120,1.6177,1.4994,186739200
2007-12-04,1.5908,1.6189,1.5841,1.6022,1.4851,284204800
2007-12-05,1.6453,1.6708,1.6327,1.6589,1.5376,294969600
2007-12-06,1.6706,1.7091,1.6609,1.6959,1.5720,244672000
2007-12-07,1.7266,1.7266,1.6898,1.7073,1.5825,246080000
2007-12-10,1.7100,1.7294,1.7061,1.7173,1.5918,188812800
2007-12-11,1.7227,1.7408,1.6344,1.6433,1.5232,340819200
2007-12-12,1.6880,1.7097,1.6125,1.6653,1.5436,303686400
2007-12-13,1.6405,1.6588,1.6178,1.6408,1.5208,317657600
2007-12-14,1.6256,1.6570,1.6142,1.6156,1.4975,254803200
2007-12-17,1.6084,1.6136,1.5367,1.5416,1.4289,345606400
2007-12-18,1.5709,1.5709,1.5037,1.5444,1.4315,362284800
2007-12-19,1.5455,1.5648,1.5298,1.5586,1.4447,329580800
2007-12-20,1.5117,1.5416,1.4859,1.5403,1.5044,328115200
2007-12-21,1.5723,1.5938,1.5658,1.5938,1.5566,217875200
2007-12-24,1.5881,1.6225,1.5881,1.6125,1.5750,62067200
2007-12-26,1.6083,1.6350,1.5948,1.6289,1.5910,111123200
2007-12-27,1.6177,1.6264,1.5778,1.5836,1.5467,156108800
2007-12-28,1.5981,1.6047,1.5609,1.5792,1.5425,190265600
2007-12-31,1.5627,1.5811,1.5462,1.5503,1.5142,148998400
2008-01-02,1.5531,1.5625,1.4816,1.5008,1.4658,474828800
2008-01-03,1.4977,1.5181,1.4823,1.5094,1.4742,330675200
2008-01-04,1.4602,1.4620,1.3680,1.3787,1.3466,620403200
2008-01-07,1.3795,1.3886,1.3220,1.3609,1.3293,848998400
2008-01-08,1.3681,1.3970,1.2941,1.2983,1.2681,790464000
2008-01-09,1.3005,1.3506,1.2684,1.3398,1.3086,1060332800
2008-01-10,1.3211,1.3744,1.3130,1.3406,1.3094,1146156800
2008-01-11,1.3406,1.3406,1.2789,1.3036,1.2732,668806400
2008-01-14,1.3284,1.3500,1.3125,1.3377,1.3065,574457600
2008-01-15,1.3133,1.3225,1.2581,1.2766,1.2468,679347200
2008-01-16,1.2498,1.2883,1.2094,1.2391,1.2102,968864000
2008-01-17,1.2525,1.2698,1.1956,1.2050,1.1769,962131200
2008-01-18,1.2213,1.2450,1.1830,1.1984,1.1705,866348800
2008-01-22,1.0712,1.1714,1.0523,1.1333,1.1069,1192723200
2008-01-23,1.0575,1.1463,1.0083,1.1433,1.1167,1652576000
2008-01-24,1.1444,1.1791,1.1337,1.1766,1.1492,814208000
2008-01-25,1.2272,1.2272,1.1236,1.1250,1.0988,944288000
2008-01-28,1.1280,1.1516,1.1080,1.1422,1.1156,713836800
2008-01-29,1.1591,1.1636,1.1309,1.1475,1.1208,500620800
2008-01-30,1.1406,1.1969,1.1377,1.1461,1.1194,832857600
2008-01-31,1.1198,1.2094,1.1178,1.1727,1.1454,986067200
2008-02-01,1.2033,1.2248,1.1736,1.2109,1.1827,750764800
2008-02-04,1.2097,1.2119,1.1656,1.1686,1.1414,466259200
2008-02-05,1.1345,1.1584,1.1070,1.1130,1.0871,784569600
2008-02-06,1.1214,1.1352,1.0575,1.0656,1.0408,638035200
2008-02-07,1.0408,1.1139,1.0333,1.0875,1.0622,1040883200
2008-02-08,1.0844,1.1133,1.0717,1.1016,1.0759,685952000
2008-02-11,1.1159,1.1361,1.1017,1.1263,1.1000,561113600
2008-02-12,1.1408,1.1552,1.0994,1.1180,1.0919,661849600
2008-02-13,1.1411,1.1680,1.1319,1.1578,1.1309,470393600
2008-02-14,1.1662,1.1662,1.1177,1.1213,1.0951,708710400
2008-02-15,1.1100,1.1214,1.0956,1.1172,1.0912,494227200
2008-02-19,1.1430,1.1469,1.0858,1.1066,1.0808,607513600
2008-02-20,1.0852,1.1264,1.0847,1.1167,1.0907,685689600
2008-02-21,1.1391,1.1442,1.0889,1.0997,1.0741,594752000
2008-02-22,1.1048,1.1094,1.0603,1.1094,1.0835,707392000
2008-02-25,1.1028,1.1245,1.0881,1.1139,1.0880,601376000
2008-02-26,1.1030,1.1458,1.0898,1.1242,1.0980,669926400
2008-02-27,1.1092,1.1437,1.1044,1.1314,1.1051,607328000
2008-02-28,1.1266,1.1467,1.1070,1.1070,1.0813,550195200
2008-02-29,1.1014,1.1080,1.0619,1.0741,1.0491,793939200
2008-03-03,1.0652,1.0683,1.0322,1.0508,1.0263,770668800
2008-03-04,1.0386,1.0698,1.0208,1.0594,1.0347,1067334400
2008-03-05,1.0684,1.0938,1.0567,1.0797,1.0545,991846400
2008-03-06,1.0727,1.0816,1.0222,1.0247,1.0008,798937600
2008-03-07,1.0141,1.0491,0.9891,1.0192,0.9955,1026643200
2008-03-10,1.0192,1.0248,0.9784,0.9786,0.9558,865478400
2008-03-11,1.0113,1.0688,0.9947,1.0673,1.0425,963321600
2008-03-12,1.0666,1.0859,1.0445,1.0466,1.0222,734310400
2008-03-13,1.0263,1.0794,1.0064,1.0634,1.0387,1361625600
2008-03-14,1.0825,1.0828,1.0022,1.0206,0.9969,1296870400
2008-03-17,0.9792,1.0155,0.9689,0.9944,0.9712,1173900800
2008-03-18,1.0252,1.0828,1.0177,1.0805,1.0553,964576000
2008-03-19,1.0862,1.0917,1.0234,1.0266,1.0027,1051552000
2008-03-20,1.0319,1.0664,1.0192,1.0556,1.0310,781843200
2008-03-24,1.0755,1.1481,1.0748,1.1422,1.1156,675667200
2008-03-25,1.1441,1.1633,1.1239,1.1508,1.1240,666425600
2008-03-26,1.1442,1.1525,1.1200,1.1281,1.1019,616620800
2008-03-27,1.1311,1.1355,1.0938,1.1050,1.0793,647513600
2008-03-28,1.1141,1.1275,1.0755,1.0883,1.0629,655161600
2008-03-31,1.0894,1.1094,1.0823,1.0930,1.0675,513881600
2008-04-01,1.1320,1.1906,1.1289,1.1848,1.1573,625817600
2008-04-02,1.1919,1.2105,1.1666,1.1930,1.1652,643724800
2008-04-03,1.1675,1.2041,1.1645,1.1950,1.1672,605100800
2008-04-04,1.2011,1.2266,1.1780,1.2009,1.1730,755507200
2008-04-07,1.2145,1.2295,1.1905,1.1942,1.1664,670982400
2008-04-08,1.1786,1.1939,1.1658,1.1836,1.1560,531545600
2008-04-09,1.1792,1.1814,1.1375,1.1578,1.1309,801152000
2008-04-10,1.1534,1.1992,1.1534,1.1853,1.1577,785804800
2008-04-11,1.1566,1.1608,1.1108,1.1217,1.0956,1047289600
2008-04-14,1.1155,1.1280,1.1027,1.1055,1.0797,834406400
2008-04-15,1.1180,1.1211,1.0880,1.1070,1.0813,934470400
2008-04-16,1.1386,1.1895,1.1367,1.1889,1.1612,908249600
2008-04-17,1.1752,1.1969,1.1528,1.1914,1.1637,775168000
2008-04-18,1.2317,1.2523,1.2162,1.2389,1.2101,1033152000
2008-04-21,1.2352,1.2602,1.2298,1.2555,1.2262,628748800
2008-04-22,1.2406,1.2445,1.1992,1.2313,1.2026,728972800
2008-04-23,1.2384,1.2583,1.2258,1.2444,1.2154,718752000
2008-04-24,1.2509,1.2973,1.2231,1.2613,1.2319,963091200
2008-04-25,1.2728,1.2737,1.2320,1.2625,1.2331,660928000
2008-04-28,1.2691,1.2878,1.2623,1.2669,1.2374,462329600
2008-04-29,1.2616,1.2956,1.2584,1.2825,1.2526,662572800
2008-04-30,1.2928,1.3116,1.2559,1.2633,1.2339,844825600
2008-05-01,1.2647,1.3463,1.2647,1.3423,1.3111,1120076800
2008-05-02,1.3716,1.3716,1.3255,1.3570,1.3254,1012832000
2008-05-05,1.3466,1.3633,1.3283,1.3395,1.3083,642604800
2008-05-06,1.3322,1.3689,1.3144,1.3689,1.3370,889068800
2008-05-07,1.3583,1.3734,1.2988,1.3156,1.2850,1013568000
2008-05-08,1.3191,1.3438,1.3095,1.3173,1.2867,1090342400
2008-05-09,1.3056,1.3300,1.2995,1.3166,1.2859,889708800
2008-05-12,1.3203,1.3697,1.3159,1.3658,1.3340,755699200
2008-05-13,1.3666,1.3773,1.3458,1.3737,1.3418,888793600
2008-05-14,1.3820,1.4102,1.3606,1.3623,1.3306,893184000
2008-05-15,1.3652,1.4156,1.3578,1.4156,1.3827,880646400
2008-05-16,1.4188,1.4202,1.3833,1.4156,1.3827,776800000
2008-05-19,1.4169,1.4405,1.3770,1.4019,1.3692,1040748800
2008-05-20,1.3834,1.3842,1.3523,1.3764,1.3444,926176000
2008-05-21,1.3759,1.3917,1.3039,1.3198,1.2891,1023104000
2008-05-22,1.3184,1.3391,1.3088,1.3172,1.2865,946060800
2008-05-23,1.3117,1.3212,1.2922,1.3128,1.2822,738931200
2008-05-27,1.3181,1.3622,1.3175,1.3572,1.3256,792563200
2008-05-28,1.3725,1.3759,1.3433,1.3730,1.3410,839865600
2008-05-29,1.3709,1.4094,1.3698,1.3980,1.3654,882828800
2008-05-30,1.4047,1.4242,1.3975,1.4141,1.3811,730227200
2008-06-02,1.4058,1.4062,1.3525,1.3823,1.3502,987193600
2008-06-03,1.3873,1.4047,1.3367,1.3655,1.3337,1074073600
2008-06-04,1.3533,1.4156,1.3519,1.3887,1.3564,982099200
2008-06-05,1.4022,1.4461,1.3937,1.4412,1.4077,902118400
2008-06-06,1.4167,1.4228,1.3458,1.3458,1.3144,1139174400
2008-06-09,1.3581,1.3623,1.2944,1.3431,1.3119,1036710400
2008-06-10,1.3136,1.3486,1.3072,1.3256,1.2948,933209600
2008-06-11,1.3222,1.3259,1.2617,1.2648,1.2354,1009939200
2008-06-12,1.2812,1.3027,1.2427,1.2672,1.2377,923110400
2008-06-13,1.2808,1.3203,1.2672,1.3147,1.2841,803302400
2008-06-16,1.3030,1.3506,1.2997,1.3336,1.3025,713766400
2008-06-17,1.3472,1.3530,1.3205,1.3270,1.2961,659014400
2008-06-18,1.3089,1.3195,1.2853,1.2977,1.2674,866617600
2008-06-19,1.2908,1.3495,1.2737,1.3344,1.3033,1059968000
2008-06-20,1.3147,1.3150,1.2523,1.2687,1.2392,1279577600
2008-06-23,1.2744,1.2817,1.2391,1.2405,1.2116,924038400
2008-06-24,1.2323,1.2606,1.2103,1.2322,1.2040,938208000
2008-06-25,1.2417,1.2931,1.2378,1.2587,1.2300,971648000
2008-06-26,1.2222,1.2242,1.1664,1.1697,1.1429,1457721600
2008-06-27,1.1666,1.1800,1.1328,1.1730,1.1461,1126060800
2008-06-30,1.1609,1.1772,1.1422,1.1461,1.1199,830841600
2008-07-01,1.1255,1.1773,1.1180,1.1761,1.1492,1242892800
2008-07-02,1.1816,1.1919,1.1150,1.1184,1.0929,1203097600
2008-07-03,1.1322,1.1361,1.0964,1.1125,1.0870,739436800
2008-07-07,1.1361,1.1553,1.0947,1.1294,1.1035,1230918400
2008-07-08,1.1313,1.1827,1.1213,1.1694,1.1426,1523456000
2008-07-09,1.1795,1.1847,1.1175,1.1248,1.0991,1279372800
2008-07-10,1.1222,1.1514,1.0994,1.1442,1.1180,1150080000
2008-07-11,1.1213,1.1439,1.0731,1.1089,1.0835,1525894400
2008-07-14,1.1375,1.1394,1.0844,1.0928,1.0678,1135936000
2008-07-15,1.0798,1.1261,1.0459,1.0881,1.0632,1623366400
2008-07-16,1.0967,1.1475,1.0769,1.1402,1.1141,1204550400
2008-07-17,1.1578,1.1703,1.1278,1.1353,1.1093,1253017600
2008-07-18,1.1364,1.1364,1.1123,1.1209,1.0953,938035200
2008-07-21,1.1291,1.1386,1.1037,1.1219,1.0962,710099200
2008-07-22,1.0803,1.1209,1.0725,1.1209,1.0953,1166649600
2008-07-23,1.1198,1.1720,1.1141,1.1466,1.1203,1333984000
2008-07-24,1.1575,1.1577,1.1016,1.1073,1.0820,1001952000
2008-07-25,1.1258,1.1508,1.1152,1.1370,1.1110,740652800
2008-07-28,1.1408,1.1520,1.0872,1.1025,1.0773,948441600
2008-07-29,1.1075,1.1520,1.1055,1.1355,1.1095,920275200
2008-07-30,1.1484,1.1662,1.1191,1.1550,1.1286,979865600
2008-07-31,1.1316,1.1816,1.1263,1.1511,1.1248,1066112000
2008-08-01,1.1516,1.1530,1.0950,1.1233,1.0976,961113600
2008-08-04,1.1200,1.1208,1.0902,1.1008,1.0756,695328000
2008-08-05,1.1194,1.1727,1.1166,1.1684,1.1417,883315200
2008-08-06,1.1695,1.2148,1.1520,1.2034,1.1759,861612800
2008-08-07,1.1905,1.2164,1.1770,1.1909,1.1637,841401600
2008-08-08,1.1859,1.2461,1.1809,1.2377,1.2093,954188800
2008-08-11,1.2397,1.2905,1.2309,1.2609,1.2321,997164800
2008-08-12,1.2630,1.2839,1.2500,1.2659,1.2370,819052800
2008-08-13,1.2613,1.2820,1.2363,1.2598,1.2310,958009600
2008-08-14,1.2508,1.3002,1.2489,1.2900,1.2605,985248000
2008-08-15,1.2938,1.3055,1.2733,1.2908,1.2613,829344000
2008-08-18,1.2908,1.2922,1.2361,1.2628,1.2339,825510400
2008-08-19,1.2420,1.2534,1.2089,1.2313,1.2031,831500800
2008-08-20,1.2409,1.2506,1.2088,1.2242,1.1962,1024723200
2008-08-21,1.2078,1.2264,1.1903,1.2097,1.1820,808377600
2008-08-22,1.2267,1.2570,1.2253,1.2437,1.2153,689868800
2008-08-25,1.2289,1.2328,1.1892,1.1975,1.1701,795360000
2008-08-26,1.1962,1.2095,1.1759,1.1927,1.1654,838393600
2008-08-27,1.1922,1.2248,1.1833,1.2045,1.1770,805478400
2008-08-28,1.2155,1.2345,1.2095,1.2111,1.1834,680716800
2008-08-29,1.1995,1.2064,1.1642,1.1731,1.1463,879635200
2008-09-02,1.2120,1.2220,1.1344,1.1436,1.1174,1141542400
2008-09-03,1.1395,1.1494,1.1070,1.1227,1.0970,1236364800
2008-09-04,1.1092,1.1133,1.0473,1.0503,1.0263,1763404800
2008-09-05,1.0330,1.0566,1.0092,1.0467,1.0228,1602617600
2008-09-08,1.0717,1.0766,1.0031,1.0348,1.0112,1637305600
2008-09-09,1.0344,1.0559,0.9862,0.9959,0.9732,1255411200
2008-09-10,1.0111,1.0261,0.9920,1.0050,0.9820,890912000
2008-09-11,0.9791,1.0495,0.9781,1.0456,1.0217,1328108800
2008-09-12,1.0273,1.0506,1.0125,1.0497,1.0257,977753600
2008-09-15,0.9900,1.0306,0.9695,0.9811,0.9586,1582764800
2008-09-16,0.9461,1.0070,0.9439,0.9875,0.9649,2132230400
2008-09-17,0.9633,0.9719,0.8852,0.8891,0.8687,2326515200
2008-09-18,0.9248,0.9609,0.8544,0.9533,0.9315,2372896000
2008-09-19,1.0434,1.0469,0.9705,0.9897,0.9670,1062764800
2008-09-22,0.9977,1.0008,0.9141,0.9148,0.8939,1072889600
2008-09-23,0.9292,0.9505,0.8931,0.8969,0.8764,1784864000
2008-09-24,0.9070,0.9289,0.8959,0.9155,0.8945,1331500800
2008-09-25,0.9266,0.9631,0.9189,0.9248,0.9037,1528147200
2008-09-26,0.8841,0.9294,0.8814,0.9187,0.8977,1254144000
2008-09-29,0.8845,0.8909,0.7312,0.7414,0.7244,2718585600
2008-09-30,0.7652,0.8250,0.7602,0.8184,0.7997,1554534400
2008-10-01,0.8062,0.8136,0.7753,0.7970,0.7788,1620377600
2008-10-02,0.7837,0.7847,0.7170,0.7328,0.7160,1964652800
2008-10-03,0.7411,0.7794,0.6947,0.6992,0.6832,2824569600
2008-10-06,0.6655,0.6697,0.5730,0.6338,0.6193,3916358400
2008-10-07,0.6581,0.6611,0.5694,0.5703,0.5573,3110828800
2008-10-08,0.5452,0.6187,0.5387,0.5558,0.5431,4987097600
2008-10-09,0.5828,0.6027,0.5061,0.5128,0.5011,4425280000
2008-10-10,0.4927,0.5592,0.4555,0.5205,0.5086,4740928000
2008-10-13,0.5684,0.6484,0.5537,0.6484,0.6336,2673683200
2008-10-14,0.6780,0.6798,0.5739,0.5883,0.5748,3801804800
2008-10-15,0.5742,0.5792,0.4808,0.4808,0.4698,3394016000
2008-10-16,0.4906,0.5355,0.4417,0.5355,0.5232,5613836800
2008-10-17,0.5156,0.5813,0.5089,0.5344,0.5222,4111097600
2008-10-20,0.5544,0.5703,0.5166,0.5703,0.5573,2546252800
2008-10-21,0.5459,0.5678,0.5088,0.5130,0.5012,2752345600
2008-10-22,0.5031,0.5114,0.4508,0.4783,0.4673,2978137600
2008-10-23,0.4753,0.4942,0.4266,0.4739,0.4631,3661382400
2008-10-24,0.3997,0.4677,0.3991,0.4466,0.4363,3145766400
2008-10-27,0.4338,0.4656,0.4119,0.4205,0.4109,2875110400
2008-10-28,0.4489,0.5141,0.4247,0.5084,0.4968,3720396800
2008-10-29,0.5145,0.5519,0.4927,0.5139,0.5021,3313126400
2008-10-30,0.5392,0.5514,0.5167,0.5406,0.5283,3164121600
2008-10-31,0.5280,0.5639,0.5194,0.5434,0.5310,2557939200
2008-11-03,0.5428,0.5536,0.5333,0.5459,0.5334,1531443200
2008-11-04,0.5658,0.5827,0.5491,0.5770,0.5638,2004947200
2008-11-05,0.5653,0.5688,0.5117,0.5141,0.5023,2146412800
2008-11-06,0.4983,0.5094,0.4628,0.4655,0.4548,3151692800
2008-11-07,0.4794,0.4959,0.4691,0.4858,0.4747,2520390400
2008-11-10,0.5108,0.5116,0.4622,0.4777,0.4667,2019488000
2008-11-11,0.4636,0.4733,0.4414,0.4588,0.4483,2901536000
2008-11-12,0.4397,0.4445,0.4097,0.4123,0.4029,2894784000
2008-11-13,0.4092,0.4625,0.3702,0.4606,0.4501,4739315200
2008-11-14,0.4409,0.4597,0.4125,0.4153,0.4058,4017075200
2008-11-17,0.4016,0.4230,0.3947,0.3992,0.3901,3202387200
2008-11-18,0.4036,0.4089,0.3711,0.3956,0.3866,4219782400
2008-11-19,0.3984,0.4094,0.3525,0.3547,0.3466,3621836800
2008-11-20,0.3466,0.3711,0.3183,0.3223,0.3150,5974124800
2008-11-21,0.3314,0.3519,0.3081,0.3477,0.3397,5362598400
2008-11-24,0.3622,0.3997,0.3562,0.3891,0.3802,3662035200
2008-11-25,0.3994,0.4000,0.3692,0.3864,0.3776,3014950400
2008-11-26,0.3800,0.4200,0.3773,0.4183,0.4087,2864876800
2008-11-28,0.4111,0.4155,0.4053,0.4131,0.4037,649408000
2008-12-01,0.3958,0.3958,0.3503,0.3517,0.3437,2601382400
2008-12-02,0.3602,0.3756,0.3486,0.3742,0.3657,2950828800
2008-12-03,0.3550,0.3970,0.3533,0.3930,0.3840,3620761600
2008-12-04,0.3812,0.3991,0.3591,0.3719,0.3634,3048198400
2008-12-05,0.3647,0.4053,0.3497,0.4017,0.3925,3368147200
2008-12-08,0.4195,0.4450,0.4166,0.4336,0.4237,2821516800
2008-12-09,0.4222,0.4558,0.4192,0.4302,0.4203,2766342400
2008-12-10,0.4353,0.4450,0.4211,0.4297,0.4199,2192640000
2008-12-11,0.4266,0.4395,0.4017,0.4059,0.3967,1909267200
2008-12-12,0.3947,0.4270,0.3884,0.4217,0.4121,2646476800
2008-12-15,0.4236,0.4247,0.3950,0.4070,0.3977,1780428800
2008-12-16,0.4453,0.4487,0.4141,0.4453,0.4351,2131968000
2008-12-17,0.4370,0.4472,0.4247,0.4348,0.4249,1832435200
2008-12-18,0.4356,0.4411,0.4114,0.4208,0.4112,1739680000
2008-12-19,0.4294,0.4411,0.4238,0.4255,0.4157,1661164800
2008-12-22,0.4267,0.4288,0.3942,0.4089,0.3996,1603526400
2008-12-23,0.4102,0.4192,0.3986,0.4038,0.3945,1478828800
2008-12-24,0.4075,0.4078,0.4014,0.4048,0.3956,361849600
2008-12-26,0.4083,0.4083,0.4013,0.4052,0.3959,294259200
2008-12-29,0.4075,0.4084,0.3867,0.3948,0.3858,872089600
2008-12-30,0.3998,0.4169,0.3991,0.4128,0.4034,1143532800
2008-12-31,0.4133,0.4311,0.4128,0.4202,0.4105,1261484800
2009-01-02,0.4231,0.4606,0.4205,0.4572,0.4467,1475475200
2009-01-05,0.4523,0.4677,0.4459,0.4572,0.4467,1725651200
2009-01-06,0.4659,0.4758,0.4609,0.4666,0.4559,2101619200
2009-01-07,0.4516,0.4542,0.4336,0.4405,0.4304,1636352000
2009-01-08,0.4373,0.4508,0.4306,0.4500,0.4397,1744870400
2009-01-09,0.4511,0.4512,0.4259,0.4300,0.4202,1596710400
2009-01-12,0.4309,0.4317,0.4056,0.4141,0.4046,1513324800
2009-01-13,0.4142,0.4266,0.4042,0.4136,0.4041,1681273600
2009-01-14,0.4031,0.4070,0.3844,0.3887,0.3799,1874438400
2009-01-15,0.3867,0.4078,0.3739,0.4002,0.3910,2477337600
2009-01-16,0.4131,0.4152,0.3908,0.4102,0.4008,2330841600
2009-01-20,0.4064,0.4100,0.3694,0.3711,0.3626,2157945600
2009-01-21,0.3812,0.4013,0.3728,0.3995,0.3904,2047974400
2009-01-22,0.3833,0.4023,0.3762,0.3911,0.3821,2054265600
2009-01-23,0.3778,0.4055,0.3730,0.3927,0.3837,2100006400
2009-01-26,0.3953,0.4123,0.3895,0.3986,0.3895,1928780800
2009-01-27,0.3997,0.4116,0.3992,0.4052,0.3959,1643763200
2009-01-28,0.4191,0.4414,0.4184,0.4322,0.4223,2317088000
2009-01-29,0.4223,0.4245,0.4086,0.4114,0.4020,1822316800
2009-01-30,0.4177,0.4208,0.3934,0.3958,0.3867,1857670400
2009-02-02,0.3884,0.4117,0.3880,0.4061,0.3968,1807820800
2009-02-03,0.4077,0.4219,0.3961,0.4191,0.4095,1952128000
2009-02-04,0.4203,0.4395,0.4167,0.4194,0.4098,2168153600
2009-02-05,0.4070,0.4441,0.4070,0.4384,0.4284,2627801600
2009-02-06,0.4428,0.4655,0.4391,0.4608,0.4502,2390707200
2009-02-09,0.4620,0.4703,0.4563,0.4659,0.4553,1966048000
2009-02-10,0.4594,0.4705,0.4244,0.4309,0.4211,3138188800
2009-02-11,0.4308,0.4361,0.4141,0.4278,0.4180,2021523200
2009-02-12,0.4169,0.4383,0.4112,0.4375,0.4275,2845056000
2009-02-13,0.4344,0.4433,0.4297,0.4328,0.4229,2116345600
2009-02-17,0.4059,0.4117,0.3947,0.4000,0.3908,2483891200
2009-02-18,0.4045,0.4111,0.3894,0.3989,0.3898,2430355200
2009-02-19,0.4042,0.4094,0.3852,0.3875,0.3786,2036998400
2009-02-20,0.3783,0.3970,0.3766,0.3886,0.3797,2976972800
2009-02-23,0.3938,0.3942,0.3586,0.3619,0.3536,2659417600
2009-02-24,0.3658,0.3909,0.3647,0.3844,0.3756,2595270400
2009-02-25,0.3817,0.3959,0.3686,0.3800,0.3713,3262988800
2009-02-26,0.3847,0.3898,0.3591,0.3594,0.3512,2592627200
2009-02-27,0.3517,0.3641,0.3487,0.3519,0.3438,2482489600
2009-03-02,0.3417,0.3516,0.3252,0.3297,0.3221,2789760000
2009-03-03,0.3352,0.3425,0.3241,0.3291,0.3215,2486412800
2009-03-04,0.3386,0.3558,0.3366,0.3458,0.3379,2718470400
2009-03-05,0.3386,0.3442,0.3234,0.3258,0.3183,2543084800
2009-03-06,0.3292,0.3334,0.3063,0.3208,0.3134,2782803200
2009-03-09,0.3145,0.3327,0.3041,0.3063,0.2992,2662112000
2009-03-10,0.3191,0.3453,0.3166,0.3436,0.3357,2659622400
2009-03-11,0.3530,0.3609,0.3431,0.3539,0.3458,2692896000
2009-03-12,0.3545,0.3803,0.3470,0.3778,0.3692,2623270400
2009-03-13,0.3789,0.3830,0.3691,0.3806,0.3719,2145433600
2009-03-16,0.3842,0.3866,0.3652,0.3667,0.3583,2177203200
2009-03-17,0.3716,0.3947,0.3684,0.3944,0.3854,1769350400
2009-03-18,0.3922,0.4186,0.3884,0.4044,0.3951,3108902400
2009-03-19,0.4170,0.4172,0.3988,0.4042,0.3950,2050752000
2009-03-20,0.4053,0.4153,0.3867,0.3925,0.3835,1976985600
2009-03-23,0.4106,0.4389,0.4041,0.4387,0.4287,2146688000
2009-03-24,0.4314,0.4378,0.4219,0.4233,0.4136,1861984000
2009-03-25,0.4291,0.4417,0.4038,0.4261,0.4163,2333324800
2009-03-26,0.4381,0.4531,0.4339,0.4528,0.4425,2657696000
2009-03-27,0.4423,0.4453,0.4319,0.4347,0.4247,1868876800
2009-03-30,0.4202,0.4206,0.4017,0.4127,0.4032,1966278400
2009-03-31,0.4211,0.4383,0.4197,0.4220,0.4124,1843731200
2009-04-01,0.4102,0.4359,0.4062,0.4338,0.4238,1945958400
2009-04-02,0.4492,0.4752,0.4461,0.4616,0.4510,2867379200
2009-04-03,0.4695,0.4792,0.4630,0.4784,0.4675,1767468800
2009-04-06,0.4666,0.4775,0.4575,0.4756,0.4647,1833568000
2009-04-07,0.4650,0.4650,0.4445,0.4495,0.4392,1613017600
2009-04-08,0.4594,0.4711,0.4528,0.4666,0.4559,1609676800
2009-04-09,0.4830,0.4966,0.4802,0.4945,0.4832,1943648000
2009-04-13,0.4898,0.4984,0.4823,0.4933,0.4820,1383603200
2009-04-14,0.4870,0.4927,0.4748,0.4806,0.4696,1497120000
2009-04-15,0.4739,0.4800,0.4625,0.4800,0.4690,1583974400
2009-04-16,0.4909,0.5086,0.4820,0.5038,0.4922,1849260800
2009-04-17,0.5006,0.5106,0.4938,0.5041,0.4925,1452729600
2009-04-20,0.4863,0.4902,0.4672,0.4716,0.4608,1469632000
2009-04-21,0.4680,0.4870,0.4672,0.4852,0.4741,1668038400
2009-04-22,0.4800,0.5106,0.4769,0.4895,0.4783,2092883200
2009-04-23,0.4953,0.4997,0.4798,0.4997,0.4883,1472755200
2009-04-24,0.5056,0.5227,0.4972,0.5163,0.5044,1593561600
2009-04-27,0.5069,0.5269,0.5055,0.5167,0.5049,1499513600
2009-04-28,0.5100,0.5225,0.5053,0.5095,0.4979,1285670400
2009-04-29,0.5170,0.5372,0.5156,0.5231,0.5112,1645292800
2009-04-30,0.5367,0.5527,0.5261,0.5331,0.5209,1807251200
2009-05-01,0.5337,0.5412,0.5250,0.5359,0.5237,1289958400
2009-05-04,0.5462,0.5591,0.5411,0.5586,0.5458,1297952000
2009-05-05,0.5558,0.5575,0.5441,0.5569,0.5441,1117676800
2009-05-06,0.5656,0.5664,0.5389,0.5567,0.5440,1682528000
2009-05-07,0.5636,0.5645,0.5206,0.5302,0.5180,1719552000
2009-05-08,0.5356,0.5469,0.5208,0.5320,0.5199,1620915200
2009-05-11,0.5169,0.5461,0.5141,0.5353,0.5231,1182342400
2009-05-12,0.5378,0.5391,0.5091,0.5220,0.5101,1319705600
2009-05-13,0.5130,0.5134,0.4925,0.4931,0.4818,1499219200
2009-05-14,0.4963,0.5139,0.4956,0.5038,0.4922,1184128000
2009-05-15,0.5031,0.5175,0.4998,0.5027,0.4912,1045017600
2009-05-18,0.5108,0.5311,0.5048,0.5294,0.5173,923884800
2009-05-19,0.5270,0.5455,0.5214,0.5355,0.5232,1040729600
2009-05-20,0.5395,0.5552,0.5284,0.5311,0.5189,1440819200
2009-05-21,0.5241,0.5302,0.5016,0.5117,0.5000,1177772800
2009-05-22,0.5159,0.5216,0.5017,0.5078,0.4962,789382400
2009-05-26,0.4975,0.5473,0.4973,0.5466,0.5341,1449804800
2009-05-27,0.5430,0.5586,0.5350,0.5375,0.5252,1290848000
2009-05-28,0.5459,0.5548,0.5284,0.5520,0.5394,1210444800
2009-05-29,0.5523,0.5652,0.5452,0.5641,0.5512,1094265600
2009-06-01,0.5763,0.6008,0.5727,0.5981,0.5844,1440185600
2009-06-02,0.5903,0.6102,0.5883,0.5981,0.5844,1315769600
2009-06-03,0.5942,0.5966,0.5820,0.5966,0.5829,1234854400
2009-06-04,0.5977,0.6095,0.5956,0.6086,0.5947,1252921600
2009-06-05,0.6158,0.6197,0.5977,0.6102,0.5962,1269100800
2009-06-08,0.6019,0.6150,0.5880,0.6055,0.5916,1068640000
2009-06-09,0.6119,0.6225,0.6059,0.6156,0.6015,1092236800
2009-06-10,0.6228,0.6233,0.5934,0.6108,0.5968,1295692800
2009-06-11,0.6087,0.6247,0.6087,0.6102,0.5962,1083513600
2009-06-12,0.6058,0.6073,0.5905,0.6058,0.5919,968550400
2009-06-15,0.5939,0.5945,0.5703,0.5797,0.5664,1067923200
2009-06-16,0.5856,0.5897,0.5683,0.5695,0.5565,1090803200
2009-06-17,0.5728,0.5903,0.5658,0.5791,0.5658,1480448000
2009-06-18,0.5778,0.5853,0.5698,0.5761,0.5629,898086400
2009-06-19,0.5852,0.5962,0.5820,0.5891,0.5756,957408000
2009-06-22,0.5781,0.5811,0.5527,0.5558,0.5431,1129862400
2009-06-23,0.5589,0.5605,0.5450,0.5527,0.5400,1088000000
2009-06-24,0.5617,0.5794,0.5609,0.5706,0.5576,989632000
2009-06-25,0.5642,0.5953,0.5609,0.5939,0.5803,1075027200
2009-06-26,0.5873,0.5995,0.5855,0.5961,0.5825,890060800
2009-06-29,0.5977,0.6078,0.5877,0.5978,0.5841,800243200
2009-06-30,0.6019,0.6077,0.5870,0.5953,0.5817,1058643200
2009-07-01,0.6009,0.6111,0.5961,0.5962,0.5826,907660800
2009-07-02,0.5866,0.5866,0.5672,0.5706,0.5576,689958400
2009-07-06,0.5638,0.5684,0.5527,0.5653,0.5524,716096000
2009-07-07,0.5645,0.5667,0.5361,0.5370,0.5247,1064294400
2009-07-08,0.5423,0.5466,0.5294,0.5419,0.5295,1116870400
2009-07-09,0.5448,0.5511,0.5400,0.5430,0.5305,738579200
2009-07-10,0.5398,0.5548,0.5373,0.5484,0.5359,918297600
2009-07-13,0.5497,0.5694,0.5345,0.5688,0.5557,700371200
2009-07-14,0.5672,0.5756,0.5634,0.5728,0.5597,594323200
2009-07-15,0.5923,0.6122,0.5870,0.6109,0.5970,867648000
2009-07-16,0.6061,0.6288,0.6056,0.6256,0.6113,900710400
2009-07-17,0.6261,0.6334,0.6202,0.6323,0.6179,669363200
2009-07-20,0.6392,0.6481,0.6350,0.6447,0.6299,854054400
2009-07-21,0.6503,0.6547,0.6356,0.6547,0.6397,904377600
2009-07-22,0.6555,0.6716,0.6523,0.6641,0.6489,907430400
2009-07-23,0.6627,0.6992,0.6612,0.6941,0.6782,1230208000
2009-07-24,0.6795,0.6947,0.6741,0.6934,0.6776,875334400
2009-07-27,0.6933,0.6967,0.6777,0.6945,0.6786,850739200
2009-07-28,0.6880,0.7027,0.6795,0.6991,0.6831,1101216000
2009-07-29,0.6927,0.6967,0.6819,0.6934,0.6776,737420800
2009-07-30,0.7081,0.7234,0.6998,0.7014,0.6854,1027475200
2009-07-31,0.7019,0.7117,0.6961,0.6966,0.6806,804672000
2009-08-03,0.7130,0.7192,0.7047,0.7177,0.7012,821120000
2009-08-04,0.7122,0.7234,0.7088,0.7172,0.7008,738816000
2009-08-05,0.7216,0.7219,0.6977,0.7073,0.6912,918073600
2009-08-06,0.7098,0.7145,0.6900,0.6950,0.6791,815564800
2009-08-07,0.7139,0.7191,0.7023,0.7109,0.6947,834496000
2009-08-10,0.7069,0.7109,0.6933,0.7033,0.6872,613286400
2009-08-11,0.6958,0.6989,0.6828,0.6906,0.6748,802438400
2009-08-12,0.6891,0.7239,0.6883,0.7119,0.6956,865497600
2009-08-13,0.7198,0.7220,0.7033,0.7191,0.7026,734745600
2009-08-14,0.7130,0.7152,0.6905,0.7027,0.6866,659929600
2009-08-17,0.6805,0.6805,0.6614,0.6617,0.6466,836396800
2009-08-18,0.6700,0.6834,0.6667,0.6803,0.6647,552870400
2009-08-19,0.6656,0.6936,0.6637,0.6898,0.6741,616915200
2009-08-20,0.6895,0.7092,0.6870,0.7066,0.6904,541452800
2009-08-21,0.7153,0.7280,0.7063,0.7241,0.7075,713913600
2009-08-24,0.7278,0.7353,0.7188,0.7230,0.7064,703827200
2009-08-25,0.7278,0.7419,0.7239,0.7278,0.7112,714003200
2009-08-26,0.7255,0.7366,0.7178,0.7259,0.7093,665760000
2009-08-27,0.7259,0.7314,0.7030,0.7289,0.7122,697203200
2009-08-28,0.7462,0.7538,0.7208,0.7306,0.7139,834809600
2009-08-31,0.7198,0.7219,0.7072,0.7152,0.6988,605267200
2009-09-01,0.7102,0.7358,0.6850,0.6886,0.6728,1140915200
2009-09-02,0.6825,0.6955,0.6806,0.6872,0.6715,685971200
2009-09-03,0.6942,0.6989,0.6800,0.6966,0.6806,508556800
2009-09-04,0.6991,0.7277,0.6973,0.7259,0.7093,589465600
2009-09-08,0.7378,0.7417,0.7305,0.7405,0.7235,450502400
2009-09-09,0.7406,0.7603,0.7352,0.7528,0.7356,695750400
2009-09-10,0.7539,0.7688,0.7498,0.7669,0.7493,523660800
2009-09-11,0.7689,0.7722,0.7577,0.7681,0.7506,577024000
2009-09-14,0.7580,0.7755,0.7573,0.7742,0.7565,530265600
2009-09-15,0.7739,0.7848,0.7708,0.7794,0.7615,651955200
2009-09-16,0.7858,0.8045,0.7808,0.8022,0.7838,640851200
2009-09-17,0.7986,0.8114,0.7945,0.8016,0.7832,708736000
2009-09-18,0.8092,0.8109,0.7962,0.8055,0.7870,465196800
2009-09-21,0.7966,0.8141,0.7937,0.8089,0.7904,515968000
2009-09-22,0.8188,0.8192,0.8066,0.8123,0.7938,544307200
2009-09-23,0.8191,0.8323,0.8020,0.8039,0.7855,875520000
2009-09-24,0.8111,0.8139,0.7792,0.7902,0.7721,662336000
2009-09-25,0.7794,0.7906,0.7723,0.7764,0.7586,590489600
2009-09-28,0.7848,0.8119,0.7833,0.8027,0.7843,446092800
2009-09-29,0.8023,0.8109,0.7886,0.7959,0.7777,533849600
2009-09-30,0.8020,0.8098,0.7723,0.7964,0.7782,874406400
2009-10-01,0.7911,0.7922,0.7500,0.7500,0.7328,764659200
2009-10-02,0.7397,0.7583,0.7392,0.7448,0.7278,680972800
2009-10-05,0.7528,0.7641,0.7434,0.7572,0.7399,556038400
2009-10-06,0.7650,0.7909,0.7648,0.7834,0.7655,782726400
2009-10-07,0.7819,0.7889,0.7780,0.7880,0.7699,514700800
2009-10-08,0.7977,0.8092,0.7917,0.7952,0.7770,578201600
2009-10-09,0.7914,0.8067,0.7886,0.8033,0.7849,382720000
2009-10-12,0.8108,0.8189,0.7969,0.8072,0.7887,377670400
2009-10-13,0.8059,0.8141,0.8000,0.8070,0.7886,437312000
2009-10-14,0.8275,0.8317,0.8184,0.8292,0.8102,567334400
2009-10-15,0.8203,0.8284,0.8186,0.8263,0.8073,500947200
2009-10-16,0.8205,0.8230,0.8041,0.8156,0.7970,632384000
2009-10-19,0.8167,0.8331,0.8081,0.8306,0.8116,553945600
2009-10-20,0.8405,0.8409,0.8214,0.8316,0.8125,606630400
2009-10-21,0.8309,0.8544,0.8256,0.8283,0.8093,752947200
2009-10-22,0.8258,0.8419,0.8153,0.8356,0.8165,638124800
2009-10-23,0.8500,0.8514,0.8239,0.8289,0.8099,797702400
2009-10-26,0.8294,0.8523,0.8153,0.8230,0.8041,875782400
2009-10-27,0.8209,0.8273,0.7920,0.7986,0.7803,1075820800
2009-10-28,0.7922,0.7967,0.7589,0.7622,0.7448,975084800
2009-10-29,0.7722,0.7912,0.7677,0.7873,0.7693,686060800
2009-10-30,0.7866,0.7900,0.7441,0.7453,0.7283,1137433600
2009-11-02,0.7470,0.7675,0.7339,0.7513,0.7341,1087539200
2009-11-03,0.7458,0.7584,0.7409,0.7564,0.7391,779769600
2009-11-04,0.7647,0.7784,0.7570,0.7589,0.7415,772992000
2009-11-05,0.7761,0.7981,0.7752,0.7956,0.7774,564224000
2009-11-06,0.7891,0.8073,0.7861,0.8055,0.7870,545548800
2009-11-09,0.8173,0.8400,0.8163,0.8400,0.8208,539545600
2009-11-10,0.8380,0.8495,0.8358,0.8427,0.8234,562867200
2009-11-11,0.8562,0.8642,0.8441,0.8542,0.8347,626726400
2009-11-12,0.8559,0.8653,0.8414,0.8453,0.8260,650150400
2009-11-13,0.8500,0.8637,0.8447,0.8595,0.8399,488224000
2009-11-16,0.8667,0.8844,0.8637,0.8770,0.8570,540908800
2009-11-17,0.8720,0.8820,0.8681,0.8817,0.8615,521804800
2009-11-18,0.8769,0.8781,0.8606,0.8727,0.8527,541766400
2009-11-19,0.8608,0.8611,0.8328,0.8445,0.8252,722201600
2009-11-20,0.8355,0.8405,0.8300,0.8372,0.8180,402931200
2009-11-23,0.8522,0.8717,0.8522,0.8625,0.8428,552499200
2009-11-24,0.8625,0.8631,0.8470,0.8570,0.8374,463801600
2009-11-25,0.8627,0.8659,0.8578,0.8642,0.8444,264486400
2009-11-27,0.8180,0.8506,0.8148,0.8384,0.8193,394336000
2009-11-30,0.8342,0.8425,0.8233,0.8394,0.8202,459718400
2009-12-01,0.8527,0.8686,0.8522,0.8572,0.8376,465657600
2009-12-02,0.8630,0.8759,0.8566,0.8602,0.8405,475456000
2009-12-03,0.8669,0.8764,0.8522,0.8531,0.8336,494963200
2009-12-04,0.8745,0.8852,0.8438,0.8616,0.8419,768160000
2009-12-07,0.8600,0.8680,0.8498,0.8531,0.8336,384108800
2009-12-08,0.8444,0.8567,0.8289,0.8427,0.8234,519616000
2009-12-09,0.8414,0.8614,0.8306,0.8595,0.8399,546700800
2009-12-10,0.8662,0.8778,0.8662,0.8683,0.8484,416896000
2009-12-11,0.8773,0.8795,0.8550,0.8620,0.8423,403827200
2009-12-14,0.8734,0.8800,0.8641,0.8778,0.8577,308512000
2009-12-15,0.8727,0.8827,0.8631,0.8686,0.8487,294547200
2009-12-16,0.8750,0.8838,0.8677,0.8709,0.8510,326617600
2009-12-17,0.8633,0.8645,0.8472,0.8500,0.8306,382662400
2009-12-18,0.8648,0.8773,0.8594,0.8766,0.8565,371008000
2009-12-21,0.8853,0.9031,0.8853,0.8969,0.8764,373286400
2009-12-22,0.9019,0.9112,0.8998,0.9075,0.8867,303424000
2009-12-23,0.9112,0.9209,0.9064,0.9203,0.8993,303033600
2009-12-24,0.9234,0.9375,0.9225,0.9372,0.9157,163264000
2009-12-28,0.9416,0.9503,0.9358,0.9466,0.9249,257932800
2009-12-29,0.9470,0.9488,0.9381,0.9392,0.9177,185433600
2009-12-30,0.9375,0.9484,0.9367,0.9447,0.9231,328441600
2009-12-31,0.9484,0.9494,0.9252,0.9294,0.9081,245497600
2010-01-04,0.9505,0.9570,0.9486,0.9542,0.9324,328230400
2010-01-05,0.9541,0.9583,0.9445,0.9548,0.9330,325196800
2010-01-06,0.9539,0.9603,0.9406,0.9444,0.9228,440864000
2010-01-07,0.9456,0.9483,0.9342,0.9445,0.9229,328576000
2010-01-08,0.9394,0.9602,0.9350,0.9598,0.9379,322451200
2010-01-11,0.9627,0.9641,0.9425,0.9528,0.9310,412710400
2010-01-12,0.9405,0.9433,0.9183,0.9291,0.9078,566784000
2010-01-13,0.9344,0.9570,0.9214,0.9513,0.9295,566483200
2010-01-14,0.9472,0.9583,0.9461,0.9525,0.9307,367180800
2010-01-15,0.9556,0.9595,0.9231,0.9312,0.9099,603424000
2010-01-19,0.9348,0.9625,0.9345,0.9605,0.9385,341350400
2010-01-20,0.9473,0.9480,0.9131,0.9336,0.9122,603532800
2010-01-21,0.9386,0.9508,0.9081,0.9153,0.8944,999916800
2010-01-22,0.9097,0.9152,0.8575,0.8627,0.8429,964006400
2010-01-25,0.8712,0.8791,0.8605,0.8677,0.8478,584448000
2010-01-26,0.8669,0.8905,0.8578,0.8695,0.8496,503206400
2010-01-27,0.8669,0.8886,0.8558,0.8825,0.8623,632224000
2010-01-28,0.8712,0.8728,0.8286,0.8384,0.8193,932531200
2010-01-29,0.8503,0.8556,0.8022,0.8084,0.7899,986380800
2010-02-01,0.8128,0.8267,0.8119,0.8253,0.8064,573958400
2010-02-02,0.8283,0.8456,0.8172,0.8405,0.8212,474022400
2010-02-03,0.8330,0.8533,0.8317,0.8502,0.8307,507424000
2010-02-04,0.8380,0.8411,0.8011,0.8019,0.7835,839059200
2010-02-05,0.8059,0.8155,0.7820,0.8133,0.7947,1072064000
2010-02-08,0.8125,0.8219,0.8014,0.8030,0.7846,682425600
2010-02-09,0.8214,0.8339,0.8059,0.8195,0.8008,816217600
2010-02-10,0.8195,0.8269,0.8055,0.8161,0.7974,485977600
2010-02-11,0.8159,0.8445,0.8059,0.8400,0.8208,557747200
2010-02-12,0.8252,0.8481,0.8217,0.8441,0.8248,661081600
2010-02-16,0.8553,0.8664,0.8470,0.8653,0.8455,337004800
2010-02-17,0.8725,0.8748,0.8628,0.8745,0.8545,354073600
2010-02-18,0.8736,0.8891,0.8703,0.8858,0.8655,313619200
2010-02-19,0.8830,0.8938,0.8767,0.8847,0.8644,400153600
2010-02-22,0.8927,0.8928,0.8750,0.8809,0.8608,348697600
2010-02-23,0.8797,0.8814,0.8505,0.8586,0.8390,473395200
2010-02-24,0.8673,0.8830,0.8647,0.8755,0.8554,398432000
2010-02-25,0.8570,0.8794,0.8455,0.8773,0.8573,528851200
2010-02-26,0.8753,0.8856,0.8675,0.8825,0.8623,403936000
2010-03-01,0.8891,0.9108,0.8891,0.9073,0.8866,348070400
2010-03-02,0.9133,0.9248,0.9092,0.9128,0.8919,506035200
2010-03-03,0.9175,0.9237,0.9083,0.9150,0.8941,345363200
2010-03-04,0.9167,0.9231,0.9070,0.9208,0.8997,292128000
2010-03-05,0.9356,0.9516,0.9309,0.9480,0.9263,413708800
2010-03-08,0.9497,0.9567,0.9489,0.9523,0.9306,282956800
2010-03-09,0.9467,0.9734,0.9467,0.9653,0.9432,471680000
2010-03-10,0.9636,0.9830,0.9634,0.9784,0.9561,436076800
2010-03-11,0.9745,0.9858,0.9706,0.9855,0.9629,371385600
2010-03-12,0.9925,0.9925,0.9784,0.9869,0.9643,391430400
2010-03-15,0.9819,0.9869,0.9680,0.9828,0.9603,318368000
2010-03-16,0.9872,0.9967,0.9812,0.9948,0.9721,357785600
2010-03-17,0.9962,1.0087,0.9931,0.9984,0.9756,386912000
2010-03-18,1.0011,1.0078,0.9962,1.0055,0.9825,339347200
2010-03-19,0.9939,1.0130,0.9866,0.9939,0.9712,445228800
2010-03-22,0.9859,1.0195,0.9837,1.0117,0.9886,368710400
2010-03-23,1.0156,1.0272,1.0053,1.0263,1.0028,371296000
2010-03-24,1.0219,1.0220,1.0113,1.0164,0.9932,317388800
2010-03-25,1.0323,1.0402,1.0109,1.0120,0.9889,499904000
2010-03-26,1.0208,1.0286,1.0039,1.0156,0.9924,408416000
2010-03-29,1.0250,1.0317,1.0192,1.0247,1.0012,274681600
2010-03-30,1.0297,1.0378,1.0175,1.0312,1.0077,277843200
2010-03-31,1.0242,1.0331,1.0173,1.0225,0.9991,349491200
2010-04-01,1.0292,1.0441,1.0055,1.0216,0.9982,415923200
2010-04-05,1.0253,1.0447,1.0205,1.0397,1.0159,266483200
2010-04-06,1.0350,1.0522,1.0308,1.0455,1.0216,311129600
2010-04-07,1.0436,1.0512,1.0298,1.0416,1.0177,550726400
2010-04-08,1.0353,1.0488,1.0241,1.0445,1.0206,359904000
2010-04-09,1.0469,1.0586,1.0411,1.0575,1.0333,287219200
2010-04-12,1.0592,1.0652,1.0544,1.0591,1.0348,269728000
2010-04-13,1.0572,1.0716,1.0508,1.0700,1.0455,307072000
2010-04-14,1.0806,1.0961,1.0783,1.0958,1.0707,381024000
2010-04-15,1.0944,1.1081,1.0941,1.1053,1.0800,393657600
2010-04-16,1.0977,1.1050,1.0647,1.0792,1.0545,999302400
2010-04-19,1.0714,1.0844,1.0514,1.0773,1.0527,598419200
2010-04-20,1.0889,1.0936,1.0745,1.0886,1.0637,424723200
2010-04-21,1.1023,1.1077,1.0873,1.1008,1.0756,548140800
2010-04-22,1.0797,1.1147,1.0670,1.1123,1.0869,721132800
2010-04-23,1.1125,1.1241,1.1036,1.1219,1.0962,537888000
2010-04-26,1.1227,1.1280,1.1127,1.1164,1.0909,439411200
2010-04-27,1.1086,1.1177,1.0641,1.0705,1.0460,973030400
2010-04-28,1.0812,1.0822,1.0541,1.0714,1.0469,747993600
2010-04-29,1.0814,1.1122,1.0814,1.1075,1.0822,405158400
2010-04-30,1.1066,1.1109,1.0627,1.0656,1.0412,484979200
2010-05-03,1.0728,1.1045,1.0727,1.0942,1.0692,361849600
2010-05-04,1.0664,1.0675,1.0133,1.0281,1.0046,715129600
2010-05-05,1.0087,1.0311,0.9950,1.0181,0.9948,731417600
2010-05-06,1.0059,1.0237,0.7522,0.9508,0.9290,1123078400
2010-05-07,0.9353,0.9589,0.8642,0.9050,0.8843,1490803200
2010-05-10,0.9817,0.9977,0.9778,0.9953,0.9725,589920000
2010-05-11,0.9773,1.0219,0.9725,0.9942,0.9715,573747200
2010-05-12,1.0042,1.0331,1.0013,1.0312,1.0077,476441600
2010-05-13,1.0231,1.0391,0.9942,0.9991,0.9762,530073600
2010-05-14,0.9844,0.9852,0.9378,0.9616,0.9396,768224000
2010-05-17,0.9655,0.9745,0.9255,0.9675,0.9454,538035200
2010-05-18,0.9827,0.9870,0.9316,0.9408,0.9193,705484800
2010-05-19,0.9331,0.9481,0.9042,0.9242,0.9031,779827200
2010-05-20,0.8892,0.8934,0.8523,0.8575,0.8379,1186252800
2010-05-21,0.8289,0.8873,0.8228,0.8752,0.8551,1011052800
2010-05-24,0.8739,0.8938,0.8672,0.8672,0.8473,668179200
2010-05-25,0.8300,0.8717,0.8125,0.8692,0.8493,869248000
2010-05-26,0.8808,0.9030,0.8469,0.8481,0.8287,659609600
2010-05-27,0.8880,0.9148,0.8842,0.9147,0.8938,600940800
2010-05-28,0.9170,0.9186,0.8875,0.9030,0.8823,505446400
2010-06-01,0.8977,0.9291,0.8844,0.8856,0.8654,613779200
2010-06-02,0.8970,0.9297,0.8848,0.9291,0.9078,454592000
2010-06-03,0.9337,0.9498,0.9219,0.9455,0.9238,489971200
2010-06-04,0.9067,0.9302,0.8750,0.8833,0.8631,932800000
2010-06-07,0.8909,0.8956,0.8472,0.8503,0.8309,568774400
2010-06-08,0.8530,0.8573,0.8233,0.8467,0.8273,793881600
2010-06-09,0.8577,0.8737,0.8267,0.8317,0.8127,502067200
2010-06-10,0.8530,0.8809,0.8477,0.8791,0.8590,377747200
2010-06-11,0.8623,0.8977,0.8619,0.8955,0.8750,392499200
2010-06-14,0.9125,0.9250,0.8930,0.8956,0.8751,416998400
2010-06-15,0.9048,0.9459,0.9034,0.9433,0.9217,344870400
2010-06-16,0.9383,0.9606,0.9350,0.9523,0.9306,455020800
2010-06-17,0.9617,0.9628,0.9409,0.9578,0.9359,422809600
2010-06-18,0.9620,0.9727,0.9534,0.9605,0.9385,312044800
2010-06-21,0.9833,0.9866,0.9316,0.9466,0.9249,515155200
2010-06-22,0.9506,0.9645,0.9245,0.9280,0.9067,460352000
2010-06-23,0.9302,0.9370,0.9058,0.9214,0.9003,485587200
2010-06-24,0.9122,0.9181,0.8863,0.8927,0.8722,555456000
2010-06-25,0.8983,0.9047,0.8766,0.8891,0.8687,475219200
2010-06-28,0.8900,0.9000,0.8711,0.8836,0.8634,369177600
2010-06-29,0.8562,0.8572,0.8030,0.8155,0.7968,779296000
2010-06-30,0.8100,0.8258,0.7867,0.7906,0.7725,528710400
2010-07-01,0.7944,0.7987,0.7553,0.7859,0.7680,787232000
2010-07-02,0.7881,0.7961,0.7669,0.7814,0.7635,488972800
2010-07-06,0.8037,0.8138,0.7725,0.7855,0.7675,528659200
2010-07-07,0.7908,0.8373,0.7892,0.8353,0.8162,507372800
2010-07-08,0.8487,0.8517,0.8250,0.8441,0.8248,404166400
2010-07-09,0.8444,0.8611,0.8403,0.8609,0.8412,346713600
2010-07-12,0.8595,0.8766,0.8545,0.8656,0.8458,376147200
2010-07-13,0.8805,0.8950,0.8680,0.8869,0.8666,490700800
2010-07-14,0.8917,0.9070,0.8844,0.8972,0.8767,426745600
2010-07-15,0.8931,0.9039,0.8747,0.8994,0.8788,472128000
2010-07-16,0.8919,0.8947,0.8475,0.8498,0.8304,554016000
2010-07-19,0.8545,0.8669,0.8398,0.8636,0.8438,374937600
2010-07-20,0.8348,0.8842,0.8302,0.8834,0.8632,453990400
2010-07-21,0.9036,0.9038,0.8570,0.8605,0.8408,551955200
2010-07-22,0.8845,0.9117,0.8831,0.9036,0.8829,441241600
2010-07-23,0.8920,0.9164,0.8883,0.9152,0.8942,457235200
2010-07-26,0.9183,0.9309,0.9091,0.9294,0.9081,417894400
2010-07-27,0.9397,0.9413,0.9211,0.9287,0.9075,385216000
2010-07-28,0.9273,0.9358,0.9078,0.9145,0.8936,337273600
2010-07-29,0.9242,0.9286,0.8828,0.9008,0.8802,471974400
2010-07-30,0.8875,0.9161,0.8758,0.9053,0.8846,494995200
2010-08-02,0.9275,0.9434,0.9206,0.9384,0.9170,276499200
2010-08-03,0.9369,0.9400,0.9219,0.9311,0.9098,295987200
2010-08-04,0.9395,0.9516,0.9317,0.9500,0.9283,324870400
2010-08-05,0.9408,0.9486,0.9328,0.9455,0.9238,214611200
2010-08-06,0.9242,0.9459,0.9136,0.9423,0.9208,395404800
2010-08-09,0.9519,0.9594,0.9434,0.9544,0.9325,227161600
2010-08-10,0.9402,0.9494,0.9227,0.9395,0.9180,435065600
2010-08-11,0.9080,0.9080,0.8795,0.8875,0.8672,441561600
2010-08-12,0.8541,0.8805,0.8497,0.8725,0.8525,439008000
2010-08-13,0.8669,0.8736,0.8603,0.8603,0.8406,275264000
2010-08-16,0.8512,0.8755,0.8444,0.8636,0.8438,314867200
2010-08-17,0.8758,0.9013,0.8727,0.8855,0.8652,326419200
2010-08-18,0.8828,0.9031,0.8753,0.8920,0.8716,334668800
2010-08-19,0.8822,0.8889,0.8536,0.8653,0.8455,435212800
2010-08-20,0.8627,0.8717,0.8531,0.8675,0.8477,342144000
2010-08-23,0.8802,0.8839,0.8503,0.8505,0.8310,343635200
2010-08-24,0.8327,0.8370,0.8120,0.8197,0.8009,515264000
2010-08-25,0.8077,0.8419,0.8048,0.8342,0.8151,487040000
2010-08-26,0.8411,0.8442,0.8130,0.8150,0.7964,465657600
2010-08-27,0.8269,0.8380,0.7933,0.8355,0.8164,565452800
2010-08-30,0.8270,0.8413,0.8169,0.8173,0.7986,343564800
2010-08-31,0.8086,0.8258,0.8012,0.8128,0.7942,620857600
2010-09-01,0.8350,0.8653,0.8342,0.8594,0.8397,467296000
2010-09-02,0.8627,0.8797,0.8584,0.8794,0.8593,312345600
2010-09-03,0.8973,0.9094,0.8905,0.9094,0.8886,395308800
2010-09-07,0.9008,0.9087,0.8930,0.8959,0.8754,337491200
2010-09-08,0.9013,0.9252,0.9006,0.9172,0.8962,337536000
2010-09-09,0.9339,0.9353,0.9203,0.9241,0.9029,295078400
2010-09-10,0.9269,0.9337,0.9177,0.9308,0.9095,242131200
2010-09-13,0.9461,0.9617,0.9452,0.9575,0.9356,272281600
2010-09-14,0.9547,0.9750,0.9503,0.9652,0.9431,358387200
2010-09-15,0.9605,0.9792,0.9545,0.9775,0.9551,304512000
2010-09-16,0.9747,0.9866,0.9688,0.9850,0.9625,286163200
2010-09-17,0.9978,0.9981,0.9822,0.9914,0.9687,450144000
2010-09-20,0.9992,1.0303,0.9970,1.0259,1.0025,360742400
2010-09-21,1.0269,1.0406,1.0175,1.0236,1.0002,645292800
2010-09-22,1.0175,1.0344,1.0094,1.0202,0.9968,479168000
2010-09-23,1.0077,1.0402,1.0053,1.0194,0.9961,544032000
2010-09-24,1.0431,1.0622,1.0398,1.0605,1.0362,392294400
2010-09-27,1.0605,1.0648,1.0481,1.0495,1.0255,381331200
2010-09-28,1.0548,1.0559,1.0158,1.0511,1.0270,636076800
2010-09-29,1.0455,1.0553,1.0378,1.0450,1.0211,341593600
2010-09-30,1.0567,1.0688,1.0223,1.0358,1.0121,517926400
2010-10-01,1.0528,1.0555,1.0239,1.0336,1.0099,369107200
2010-10-04,1.0273,1.0347,0.9994,1.0109,0.9878,388454400
2010-10-05,1.0341,1.0639,1.0325,1.0595,1.0353,366233600
2010-10-06,1.0573,1.0620,1.0284,1.0427,1.0188,479635200
2010-10-07,1.0542,1.0550,1.0320,1.0484,1.0245,370163200
2010-10-08,1.0506,1.0688,1.0358,1.0612,1.0370,446214400
2010-10-11,1.0645,1.0750,1.0581,1.0644,1.0400,250835200
2010-10-12,1.0612,1.0834,1.0430,1.0800,1.0553,415667200
2010-10-13,1.0914,1.1066,1.0861,1.0967,1.0716,349728000
2010-10-14,1.0977,1.1017,1.0814,1.0925,1.0675,357203200
2010-10-15,1.1195,1.1386,1.1016,1.1386,1.1125,483948800
2010-10-18,1.1400,1.1484,1.1313,1.1353,1.1093,383520000
2010-10-19,1.1083,1.1273,1.0914,1.1083,1.0829,562809600
2010-10-20,1.1155,1.1414,1.1113,1.1245,1.0988,411257600
2010-10-21,1.1391,1.1481,1.1075,1.1291,1.1032,427968000
2010-10-22,1.1302,1.1470,1.1261,1.1447,1.1185,251724800
2010-10-25,1.1534,1.1706,1.1534,1.1541,1.1277,336550400
2010-10-26,1.1433,1.1670,1.1347,1.1609,1.1344,317593600
2010-10-27,1.1502,1.1706,1.1458,1.1692,1.1425,347468800
2010-10-28,1.1788,1.1803,1.1539,1.1738,1.1469,349484800
2010-10-29,1.1725,1.1822,1.1680,1.1698,1.1431,281113600
2010-11-01,1.1775,1.1941,1.1597,1.1702,1.1434,355564800
2010-11-02,1.1900,1.2017,1.1861,1.1947,1.1674,269388800
2010-11-03,1.1978,1.2070,1.1761,1.2064,1.1788,482003200
2010-11-04,1.2334,1.2445,1.2281,1.2348,1.2066,448454400
2010-11-05,1.2366,1.2420,1.2286,1.2352,1.2069,332531200
2010-11-08,1.2313,1.2420,1.2253,1.2383,1.2100,171699200
2010-11-09,1.2481,1.2527,1.2144,1.2227,1.1947,302252800
2010-11-10,1.2287,1.2400,1.2092,1.2188,1.1909,310252800
2010-11-11,1.2000,1.2261,1.1891,1.2217,1.1938,301350400
2010-11-12,1.2097,1.2192,1.1638,1.1806,1.1536,396966400
2010-11-15,1.1939,1.1986,1.1722,1.1733,1.1464,227020800
2010-11-16,1.1553,1.1697,1.1245,1.1339,1.1080,441824000
2010-11-17,1.1355,1.1527,1.1298,1.1402,1.1141,332787200
2010-11-18,1.1655,1.1931,1.1644,1.1767,1.1498,310598400
2010-11-19,1.1739,1.1847,1.1645,1.1784,1.1515,284230400
2010-11-22,1.1697,1.1991,1.1656,1.1991,1.1716,387603200
2010-11-23,1.1748,1.1780,1.1475,1.1616,1.1350,390035200
2010-11-24,1.1838,1.2134,1.1825,1.2073,1.1797,253817600
2010-11-26,1.1931,1.2077,1.1870,1.1911,1.1638,118848000
2010-11-29,1.1880,1.1972,1.1611,1.1906,1.1634,345734400
2010-11-30,1.1650,1.1755,1.1516,1.1600,1.1335,450963200
2010-12-01,1.1958,1.2217,1.1942,1.2092,1.1816,319737600
2010-12-02,1.2134,1.2381,1.2112,1.2347,1.2064,276473600
2010-12-03,1.2241,1.2437,1.2241,1.2403,1.2119,241017600
2010-12-06,1.2406,1.2445,1.2323,1.2392,1.2109,209593600
2010-12-07,1.2689,1.2698,1.2384,1.2417,1.2133,341574400
2010-12-08,1.2480,1.2534,1.2319,1.2514,1.2228,271334400
2010-12-09,1.2652,1.2672,1.2445,1.2525,1.2238,268787200
2010-12-10,1.2597,1.2717,1.2511,1.2692,1.2402,274688000
2010-12-13,1.2794,1.2803,1.2589,1.2608,1.2319,296960000
2010-12-14,1.2661,1.2750,1.2570,1.2634,1.2345,254560000
2010-12-15,1.2637,1.2791,1.2475,1.2536,1.2249,233241600
2010-12-16,1.2556,1.2766,1.2495,1.2714,1.2423,231820800
2010-12-17,1.2759,1.2827,1.2705,1.2753,1.2461,209881600
2010-12-20,1.2792,1.2866,1.2589,1.2780,1.2487,289990400
2010-12-21,1.2873,1.2920,1.2805,1.2914,1.2619,141920000
2010-12-22,1.2911,1.2958,1.2875,1.2927,1.2631,129344000
2010-12-23,1.2870,1.2914,1.2795,1.2858,1.2564,136089600
2010-12-27,1.2805,1.2908,1.2605,1.2859,1.2565,159072000
2010-12-28,1.2916,1.2941,1.2761,1.2822,1.2529,108262400
2010-12-29,1.2891,1.2923,1.2848,1.2873,1.2579,81356800
2010-12-30,1.2878,1.2878,1.2766,1.2808,1.2515,109811200
2010-12-31,1.2781,1.2792,1.2603,1.2723,1.2432,111283200
2011-01-03,1.2956,1.3291,1.2953,1.3114,1.2814,231584000
2011-01-04,1.3217,1.3228,1.2933,1.3091,1.2791,282304000
2011-01-05,1.3022,1.3323,1.3003,1.3319,1.3014,259660800
2011-01-06,1.3345,1.3423,1.3291,1.3400,1.3093,214099200
2011-01-07,1.3447,1.3459,1.3120,1.3383,1.3077,232908800
2011-01-10,1.3309,1.3522,1.3242,1.3472,1.3164,214297600
2011-01-11,1.3589,1.3613,1.3417,1.3508,1.3199,201600000
2011-01-12,1.3642,1.3709,1.3534,1.3698,1.3385,180627200
2011-01-13,1.3722,1.3789,1.3639,1.3730,1.3416,200313600
2011-01-14,1.3725,1.3933,1.3659,1.3927,1.3608,199692800
2011-01-18,1.3689,1.4034,1.3673,1.4002,1.3681,229184000
2011-01-19,1.4039,1.4053,1.3587,1.3687,1.3374,280384000
2011-01-20,1.3567,1.3609,1.3280,1.3473,1.3165,308268800
2011-01-21,1.3622,1.3666,1.3264,1.3272,1.2968,219827200
2011-01-24,1.3314,1.3650,1.3281,1.3645,1.3333,240300800
2011-01-25,1.3514,1.3692,1.3455,1.3675,1.3362,267814400
2011-01-26,1.3734,1.3903,1.3644,1.3834,1.3518,258854400
2011-01-27,1.3916,1.4078,1.3873,1.4000,1.3680,253420800
2011-01-28,1.3984,1.4016,1.3164,1.3289,1.2985,471219200
2011-01-31,1.3325,1.3492,1.3127,1.3422,1.3115,261798400
2011-02-01,1.3611,1.3983,1.3591,1.3916,1.3597,277062400
2011-02-02,1.3855,1.3977,1.3817,1.3872,1.3555,237203200
2011-02-03,1.3823,1.3959,1.3603,1.3913,1.3594,224467200
2011-02-04,1.3931,1.4095,1.3848,1.4081,1.3759,207417600
2011-02-07,1.4133,1.4364,1.4091,1.4217,1.3892,230598400
2011-02-08,1.4212,1.4419,1.4167,1.4419,1.4089,187001600
2011-02-09,1.4344,1.4441,1.4258,1.4355,1.4026,212659200
2011-02-10,1.4180,1.4430,1.4130,1.4406,1.4077,349913600
2011-02-11,1.4309,1.4614,1.4267,1.4602,1.4268,282272000
2011-02-14,1.4597,1.4706,1.4570,1.4672,1.4336,137292800
2011-02-15,1.4612,1.4659,1.4494,1.4636,1.4301,176262400
2011-02-16,1.4697,1.4898,1.4694,1.4830,1.4490,256160000
2011-02-17,1.4673,1.4866,1.4652,1.4817,1.4478,205248000
2011-02-18,1.4814,1.4861,1.4631,1.4756,1.4419,169043200
2011-02-22,1.4361,1.4438,1.3842,1.3883,1.3565,346508800
2011-02-23,1.3869,1.3978,1.3444,1.3658,1.3345,460089600
2011-02-24,1.3717,1.3881,1.3453,1.3791,1.3475,402124800
2011-02-25,1.3950,1.4222,1.3930,1.4183,1.3858,247705600
2011-02-28,1.4298,1.4381,1.4078,1.4255,1.3929,274624000
2011-03-01,1.4350,1.4369,1.3713,1.3800,1.3484,545312000
2011-03-02,1.3773,1.4111,1.3756,1.3934,1.3616,486470400
2011-03-03,1.4191,1.4525,1.4191,1.4481,1.4150,271564800
2011-03-04,1.4475,1.4480,1.4145,1.4322,1.3994,289286400
2011-03-07,1.4444,1.4469,1.3689,1.3952,1.3632,308518400
2011-03-08,1.3898,1.4180,1.3737,1.4056,1.3735,315264000
2011-03-09,1.3950,1.3983,1.3714,1.3859,1.3542,336588800
2011-03-10,1.3550,1.3613,1.3320,1.3441,1.3133,515859200
2011-03-11,1.3281,1.3677,1.3266,1.3594,1.3283,324524800
2011-03-14,1.3452,1.3648,1.3295,1.3495,1.3187,322336000
2011-03-15,1.2708,1.3275,1.2628,1.3128,1.2828,474329600
2011-03-16,1.2900,1.3045,1.2303,1.2495,1.2209,709523200
2011-03-17,1.2875,1.2981,1.2695,1.2713,1.2422,315584000
2011-03-18,1.3008,1.3008,1.2637,1.2661,1.2371,273683200
2011-03-21,1.3039,1.3270,1.2994,1.3125,1.2825,217376000
2011-03-22,1.3172,1.3191,1.3033,1.3109,1.2809,159833600
2011-03-23,1.2997,1.3312,1.2823,1.3241,1.2938,208262400
2011-03-24,1.3430,1.3766,1.3294,1.3742,1.3428,195564800
2011-03-25,1.3795,1.3959,1.3739,1.3777,1.3461,219187200
2011-03-28,1.3894,1.3902,1.3613,1.3613,1.3301,147897600
2011-03-29,1.3564,1.3880,1.3481,1.3880,1.3562,122169600
2011-03-30,1.4008,1.4059,1.3889,1.4016,1.3695,169632000
2011-03-31,1.3970,1.4084,1.3925,1.4058,1.3736,144960000
2011-04-01,1.4208,1.4289,1.3991,1.4069,1.3747,171475200
2011-04-04,1.4145,1.4177,1.3859,1.3984,1.3664,168844800
2011-04-05,1.3923,1.4086,1.3850,1.3898,1.3580,168787200
2011-04-06,1.4114,1.4203,1.3809,1.3966,1.3646,207411200
2011-04-07,1.3959,1.4138,1.3755,1.3959,1.3640,231155200
2011-04-08,1.4083,1.4119,1.3672,1.3823,1.3507,157676800
2011-04-11,1.3925,1.3987,1.3634,1.3731,1.3417,182732800
2011-04-12,1.3609,1.3673,1.3434,1.3548,1.3238,247161600
2011-04-13,1.3730,1.3837,1.3553,1.3772,1.3457,251180800
2011-04-14,1.3575,1.3752,1.3463,1.3713,1.3399,211500800
2011-04-15,1.3609,1.3773,1.3489,1.3669,1.3356,192992000
2011-04-18,1.3402,1.3483,1.3030,1.3472,1.3164,336262400
2011-04-19,1.3545,1.3642,1.3408,1.3642,1.3330,183955200
2011-04-20,1.4120,1.4283,1.4088,1.4250,1.3924,226995200
2011-04-21,1.4550,1.4550,1.4398,1.4477,1.4145,168262400
2011-04-25,1.4511,1.4575,1.4456,1.4559,1.4226,126009600
2011-04-26,1.4633,1.4823,1.4569,1.4713,1.4376,147200000
2011-04-27,1.4773,1.4955,1.4642,1.4919,1.4577,159257600
2011-04-28,1.4834,1.4919,1.4747,1.4881,1.4541,193920000
2011-04-29,1.4825,1.4950,1.4795,1.4869,1.4529,131334400
2011-05-02,1.4905,1.4984,1.4723,1.4805,1.4466,219321600
2011-05-03,1.4786,1.4809,1.4478,1.4652,1.4316,240217600
2011-05-04,1.4672,1.4748,1.4364,1.4620,1.4286,283552000
2011-05-05,1.4470,1.4795,1.4353,1.4444,1.4113,299654400
2011-05-06,1.4745,1.4911,1.4470,1.4556,1.4223,284672000
2011-05-09,1.4589,1.4766,1.4481,1.4661,1.4326,155622400
2011-05-10,1.4742,1.4944,1.4695,1.4902,1.4561,228844800
2011-05-11,1.4859,1.4966,1.4481,1.4683,1.4347,284064000
2011-05-12,1.4573,1.4894,1.4422,1.4848,1.4509,236800000
2011-05-13,1.4786,1.4836,1.4497,1.4505,1.4173,263264000
2011-05-16,1.4378,1.4456,1.3937,1.4000,1.3680,279456000
2011-05-17,1.3859,1.4089,1.3805,1.4072,1.3750,345625600
2011-05-18,1.4044,1.4361,1.4006,1.4320,1.3993,196480000
2011-05-19,1.4409,1.4461,1.4227,1.4398,1.4069,259456000
2011-05-20,1.4361,1.4397,1.4142,1.4180,1.3855,274259200
2011-05-23,1.3803,1.3875,1.3633,1.3775,1.3460,307392000
2011-05-24,1.3830,1.3834,1.3592,1.3598,1.3287,289401600
2011-05-25,1.3552,1.3820,1.3542,1.3700,1.3387,205920000
2011-05-26,1.3614,1.3942,1.3609,1.3875,1.3558,232396800
2011-05-27,1.3917,1.4033,1.3887,1.4011,1.3690,130086400
2011-05-31,1.4267,1.4450,1.4123,1.4445,1.4115,182912000
2011-06-01,1.4389,1.4458,1.3813,1.3823,1.3507,361216000
2011-06-02,1.3878,1.3987,1.3736,1.3889,1.3571,296288000
2011-06-03,1.3572,1.3778,1.3433,1.3477,1.3168,244384000
2011-06-06,1.3416,1.3553,1.3241,1.3242,1.2939,275699200
2011-06-07,1.3322,1.3422,1.3186,1.3205,1.2903,183795200
2011-06-08,1.3148,1.3186,1.2938,1.3005,1.2707,291296000
2011-06-09,1.3003,1.3177,1.2933,1.3042,1.2744,167129600
2011-06-10,1.2934,1.2988,1.2631,1.2658,1.2368,212140800
2011-06-13,1.2687,1.2786,1.2563,1.2639,1.2350,286105600
2011-06-14,1.2841,1.3039,1.2838,1.2956,1.2660,162387200
2011-06-15,1.2736,1.2889,1.2439,1.2502,1.2216,301126400
2011-06-16,1.2506,1.2586,1.2175,1.2395,1.2112,307782400
2011-06-17,1.2616,1.2652,1.2242,1.2311,1.2029,244172800
2011-06-20,1.2252,1.2517,1.2244,1.2431,1.2147,181664000
2011-06-21,1.2531,1.2997,1.2423,1.2961,1.2664,245536000
2011-06-22,1.2862,1.3009,1.2775,1.2787,1.2495,193638400
2011-06-23,1.2514,1.3033,1.2427,1.3025,1.2727,350662400
2011-06-24,1.2889,1.2920,1.2522,1.2570,1.2283,237824000
2011-06-27,1.2592,1.3095,1.2545,1.2978,1.2681,214291200
2011-06-28,1.3033,1.3361,1.2992,1.3353,1.3048,187424000
2011-06-29,1.3428,1.3519,1.3275,1.3470,1.3162,217228800
2011-06-30,1.3564,1.3841,1.3547,1.3817,1.3501,181779200
2011-07-01,1.3845,1.4272,1.3761,1.4241,1.3915,223680000
2011-07-05,1.4261,1.4405,1.4202,1.4375,1.4046,235436800
2011-07-06,1.4353,1.4519,1.4253,1.4458,1.4127,225888000
2011-07-07,1.4684,1.4948,1.4648,1.4875,1.4535,203776000
2011-07-08,1.4617,1.4786,1.4455,1.4783,1.4445,202688000
2011-07-11,1.4473,1.4622,1.4148,1.4264,1.3938,306022400
2011-07-12,1.4250,1.4306,1.4008,1.4027,1.3706,287379200
2011-07-13,1.4236,1.4434,1.4050,1.4148,1.3825,294278400
2011-07-14,1.4231,1.4358,1.3719,1.3823,1.3507,309606400
2011-07-15,1.4130,1.4189,1.3931,1.4188,1.3863,222656000
2011-07-18,1.4044,1.4159,1.3766,1.4041,1.3719,257024000
2011-07-19,1.4322,1.4706,1.4305,1.4683,1.4347,157337600
2011-07-20,1.4836,1.4850,1.4505,1.4545,1.4213,195539200
2011-07-21,1.4581,1.4908,1.4425,1.4758,1.4420,167936000
2011-07-22,1.4736,1.5094,1.4713,1.5052,1.4707,166470400
2011-07-25,1.4816,1.5153,1.4755,1.5000,1.4657,201280000
2011-07-26,1.4966,1.5169,1.4909,1.5053,1.4709,184896000
2011-07-27,1.4867,1.4889,1.4216,1.4292,1.3965,263609600
2011-07-28,1.4292,1.4698,1.4191,1.4338,1.4010,285440000
2011-07-29,1.4105,1.4538,1.3966,1.4236,1.3910,242419200
2011-08-01,1.4569,1.4642,1.3766,1.4133,1.3809,297760000
2011-08-02,1.3984,1.4103,1.3370,1.3403,1.3097,391955200
2011-08-03,1.3442,1.3683,1.2961,1.3641,1.3329,579257600
2011-08-04,1.3261,1.3305,1.2391,1.2391,1.2107,667404800
2011-08-05,1.2666,1.2775,1.1539,1.2223,1.1944,1010163200
2011-08-08,1.1486,1.1903,1.0767,1.0792,1.0545,886297600
2011-08-09,1.1053,1.1809,1.0477,1.1791,1.1521,622208000
2011-08-10,1.1261,1.1600,1.0802,1.0825,1.0577,704128000
2011-08-11,1.1130,1.2031,1.1031,1.1777,1.1507,532646400
2011-08-12,1.1922,1.2128,1.1680,1.1973,1.1700,450003200
2011-08-15,1.2077,1.2333,1.1967,1.2325,1.2043,247948800
2011-08-16,1.2086,1.2330,1.1802,1.2117,1.1840,391424000
2011-08-17,1.2159,1.2358,1.1734,1.1984,1.1710,366169600
2011-08-18,1.1331,1.1337,1.0598,1.0817,1.0570,450176000
2011-08-19,1.0591,1.1113,1.0403,1.0422,1.0183,312012800
2011-08-22,1.0908,1.0925,1.0428,1.0489,1.0249,410553600
2011-08-23,1.0638,1.1356,1.0548,1.1342,1.1083,473881600
2011-08-24,1.1311,1.1577,1.1109,1.1517,1.1254,455878400
2011-08-25,1.1511,1.1627,1.1072,1.1155,1.0900,446668800
2011-08-26,1.1086,1.1795,1.0859,1.1698,1.1431,427737600
2011-08-29,1.1945,1.2389,1.1944,1.2375,1.2092,255494400
2011-08-30,1.2272,1.2680,1.2134,1.2523,1.2237,342342400
2011-08-31,1.2675,1.2880,1.2359,1.2581,1.2293,412832000
2011-09-01,1.2636,1.2834,1.2292,1.2334,1.2052,249267200
2011-09-02,1.1908,1.2008,1.1630,1.1758,1.1489,272672000
2011-09-06,1.1214,1.1797,1.1158,1.1762,1.1493,393312000
2011-09-07,1.2091,1.2366,1.2034,1.2353,1.2071,299020800
2011-09-08,1.2237,1.2598,1.2167,1.2239,1.1959,375699200
2011-09-09,1.2069,1.2175,1.1558,1.1695,1.1428,420704000
2011-09-12,1.1447,1.2009,1.1431,1.2006,1.1732,431276800
2011-09-13,1.2091,1.2370,1.1972,1.2314,1.2032,350265600
2011-09-14,1.2444,1.2952,1.2200,1.2667,1.2377,341222400
2011-09-15,1.2948,1.3088,1.2686,1.3042,1.2744,423833600
2011-09-16,1.3122,1.3309,1.3055,1.3264,1.2961,379180800
2011-09-19,1.2962,1.3433,1.2739,1.3294,1.2990,399872000
2011-09-20,1.3431,1.3642,1.3123,1.3180,1.2878,384742400
2011-09-21,1.3303,1.3448,1.2716,1.2716,1.2425,447129600
2011-09-22,1.2055,1.2297,1.1519,1.1894,1.1622,821017600
2011-09-23,1.1700,1.2248,1.1680,1.2139,1.1861,474790400
2011-09-26,1.2272,1.2467,1.1725,1.2417,1.2133,395289600
2011-09-27,1.2848,1.3069,1.2514,1.2677,1.2387,387289600
2011-09-28,1.2789,1.2964,1.2255,1.2302,1.2020,356844800
2011-09-29,1.2672,1.2713,1.1605,1.2017,1.1742,512838400
2011-09-30,1.1714,1.1941,1.1384,1.1398,1.1138,522976000
2011-10-03,1.1194,1.1553,1.0797,1.0803,1.0556,422918400
2011-10-04,1.0588,1.1297,1.0370,1.1245,1.0988,844800000
2011-10-05,1.1197,1.1892,1.1023,1.1823,1.1553,623596800
2011-10-06,1.1808,1.2225,1.1691,1.2214,1.1935,403289600
2011-10-07,1.2213,1.2331,1.1908,1.2061,1.1785,429734400
2011-10-10,1.2467,1.2891,1.2436,1.2886,1.2591,199020800
2011-10-11,1.2831,1.3138,1.2794,1.3048,1.2750,214009600
2011-10-12,1.3319,1.3492,1.3181,1.3198,1.2897,263923200
2011-10-13,1.3148,1.3478,1.3125,1.3445,1.3138,256140800
2011-10-14,1.3783,1.3945,1.3633,1.3930,1.3611,201920000
2011-10-17,1.3805,1.3897,1.3367,1.3523,1.3214,243449600
2011-10-18,1.3473,1.3987,1.3219,1.3839,1.3522,351449600
2011-10-19,1.3705,1.3778,1.3223,1.3306,1.3002,264595200
2011-10-20,1.3288,1.3334,1.2806,1.3188,1.2886,275187200
2011-10-21,1.3458,1.3677,1.3269,1.3506,1.3197,198899200
2011-10-24,1.3611,1.4144,1.3580,1.4064,1.3742,256755200
2011-10-25,1.3964,1.3987,1.3456,1.3520,1.3211,262771200
2011-10-26,1.3672,1.3719,1.2992,1.3481,1.3173,344857600
2011-10-27,1.4130,1.4388,1.3847,1.4233,1.3907,324787200
2011-10-28,1.4055,1.4300,1.4055,1.4262,1.3936,178976000
2011-10-31,1.4006,1.4122,1.3770,1.3792,1.3477,198496000
2011-11-01,1.3136,1.3320,1.2922,1.3066,1.2767,396505600
2011-11-02,1.3336,1.3409,1.3050,1.3277,1.2973,259494400
2011-11-03,1.3508,1.3878,1.3195,1.3834,1.3518,260204800
2011-11-04,1.3692,1.3813,1.3422,1.3697,1.3384,168108800
2011-11-07,1.3669,1.3914,1.3400,1.3886,1.3568,202124800
2011-11-08,1.4084,1.4259,1.3781,1.4205,1.3880,266240000
2011-11-09,1.3650,1.3698,1.3127,1.3223,1.2921,295443200
2011-11-10,1.3480,1.3495,1.2945,1.3188,1.2886,219596800
2011-11-11,1.3430,1.3769,1.3392,1.3680,1.3367,183942400
2011-11-14,1.3620,1.3766,1.3422,1.3523,1.3214,161331200
2011-11-15,1.3436,1.3930,1.3416,1.3817,1.3501,155987200
2011-11-16,1.3631,1.3823,1.3319,1.3348,1.3043,224742400
2011-11-17,1.3303,1.3308,1.2578,1.2758,1.2466,349638400
2011-11-18,1.2752,1.2777,1.2503,1.2541,1.2254,234368000
2011-11-21,1.2220,1.2244,1.1811,1.2066,1.1790,320736000
2011-11-22,1.1998,1.2213,1.1859,1.2127,1.1849,261612800
2011-11-23,1.1966,1.1989,1.1578,1.1578,1.1313,258707200
2011-11-25,1.1495,1.1758,1.1411,1.1411,1.1150,103091200
2011-11-28,1.1966,1.2236,1.1956,1.2195,1.1916,236576000
2011-11-29,1.2180,1.2377,1.1989,1.2050,1.1774,238483200
2011-11-30,1.2702,1.2966,1.2627,1.2939,1.2643,223404800
2011-12-01,1.2938,1.3189,1.2927,1.3120,1.2820,221132800
2011-12-02,1.3389,1.3389,1.3025,1.3025,1.2727,166988800
2011-12-05,1.3447,1.3508,1.3186,1.3325,1.3020,181081600
2011-12-06,1.3356,1.3430,1.3170,1.3261,1.2958,179238400
2011-12-07,1.3188,1.3377,1.2920,1.3273,1.2970,205849600
2011-12-08,1.3098,1.3298,1.2767,1.2819,1.2526,259174400
2011-12-09,1.2880,1.3303,1.2869,1.3223,1.2921,206336000
2011-12-12,1.2944,1.2959,1.2705,1.2934,1.2638,189075200
2011-12-13,1.3098,1.3200,1.2539,1.2636,1.2347,244780800
2011-12-14,1.2541,1.2567,1.2103,1.2256,1.1976,289203200
2011-12-15,1.2473,1.2484,1.2144,1.2178,1.1900,205100800
2011-12-16,1.2316,1.2636,1.2263,1.2289,1.2008,219481600
2011-12-19,1.2398,1.2450,1.1995,1.2070,1.1794,152716800
2011-12-20,1.2452,1.2802,1.2439,1.2773,1.2481,204902400
2011-12-21,1.2620,1.2623,1.2116,1.2400,1.2116,263955200
2011-12-22,1.2459,1.2628,1.2430,1.2613,1.2324,125043200
2011-12-23,1.2664,1.2839,1.2617,1.2834,1.2541,83904000
2011-12-27,1.2800,1.2995,1.2773,1.2909,1.2614,79788800
2011-12-28,1.2884,1.2914,1.2550,1.2634,1.2345,158092800
2011-12-29,1.2659,1.2816,1.2578,1.2789,1.2496,126259200
2011-12-30,1.2737,1.2855,1.2719,1.2728,1.2437,80992000
2012-01-03,1.3211,1.3341,1.3145,1.3192,1.2890,189516800
2012-01-04,1.3158,1.3353,1.3053,1.3306,1.3002,125881600
2012-01-05,1.3269,1.3558,1.3164,1.3533,1.3223,145849600
2012-01-06,1.3544,1.3687,1.3441,1.3619,1.3307,173971200
2012-01-09,1.3698,1.3709,1.3455,1.3541,1.3231,169088000
2012-01-10,1.3837,1.3911,1.3667,1.3736,1.3422,133561600
2012-01-11,1.3733,1.3853,1.3630,1.3798,1.3483,140518400
2012-01-12,1.3858,1.3936,1.3652,1.3911,1.3593,197670400
2012-01-13,1.3763,1.3814,1.3569,1.3813,1.3497,193600000
2012-01-17,1.4055,1.4172,1.3950,1.4039,1.3718,157452800
2012-01-18,1.4116,1.4425,1.4056,1.4414,1.4084,211724800
2012-01-19,1.4552,1.4656,1.4505,1.4605,1.4271,187814400
2012-01-20,1.4480,1.4573,1.4459,1.4566,1.4232,153158400
2012-01-23,1.4572,1.4770,1.4402,1.4569,1.4235,231923200
2012-01-24,1.4448,1.4594,1.4384,1.4517,1.4185,178534400
2012-01-25,1.4809,1.4953,1.4595,1.4877,1.4536,227187200
2012-01-26,1.5008,1.5061,1.4638,1.4769,1.4431,326771200
2012-01-27,1.4711,1.4919,1.4702,1.4873,1.4533,177049600
2012-01-30,1.4620,1.4930,1.4500,1.4891,1.4550,263756800
2012-01-31,1.5028,1.5089,1.4737,1.4927,1.4585,220172800
2012-02-01,1.5083,1.5278,1.4994,1.5161,1.4814,232448000
2012-02-02,1.5266,1.5361,1.5145,1.5266,1.4916,187366400
2012-02-03,1.5544,1.5716,1.5497,1.5681,1.5323,146758400
2012-02-06,1.5562,1.5667,1.5488,1.5667,1.5309,149721600
2012-02-07,1.5628,1.5780,1.5494,1.5728,1.5368,227776000
2012-02-08,1.5730,1.5886,1.5609,1.5873,1.5510,241804800
2012-02-09,1.6000,1.6152,1.5820,1.6117,1.5748,231404800
2012-02-10,1.5891,1.5977,1.5777,1.5891,1.5527,180582400
2012-02-13,1.6130,1.6223,1.5984,1.6170,1.5800,171155200
2012-02-14,1.6095,1.6269,1.6003,1.6259,1.5887,185171200
2012-02-15,1.6422,1.6598,1.5989,1.6025,1.5658,352332800
2012-02-16,1.6058,1.6514,1.5969,1.6477,1.6100,299283200
2012-02-17,1.6489,1.6506,1.6236,1.6375,1.6000,151673600
2012-02-21,1.6409,1.6608,1.6259,1.6456,1.6080,133996800
2012-02-22,1.6403,1.6497,1.6270,1.6316,1.5942,163104000
2012-02-23,1.6353,1.6566,1.6202,1.6534,1.6156,223916800
2012-02-24,1.6623,1.6703,1.6562,1.6644,1.6263,208902400
2012-02-27,1.6455,1.6797,1.6316,1.6684,1.6303,242604800
2012-02-28,1.6714,1.7022,1.6680,1.7022,1.6632,276857600
2012-02-29,1.7053,1.7167,1.6767,1.6883,1.6497,336422400
2012-03-01,1.7003,1.7175,1.6906,1.7131,1.6739,221427200
2012-03-02,1.7095,1.7227,1.7006,1.7112,1.6721,209164800
2012-03-05,1.7089,1.7134,1.6655,1.6769,1.6385,258227200
2012-03-06,1.6455,1.6511,1.6259,1.6433,1.6057,280025600
2012-03-07,1.6573,1.6758,1.6536,1.6675,1.6294,201158400
2012-03-08,1.6870,1.7138,1.6808,1.7042,1.6652,167379200
2012-03-09,1.7088,1.7245,1.7078,1.7186,1.6793,130419200
2012-03-12,1.7164,1.7233,1.7027,1.7200,1.6807,174617600
2012-03-13,1.7392,1.7842,1.7317,1.7831,1.7423,242240000
2012-03-14,1.7878,1.8098,1.7745,1.7970,1.7559,280025600
2012-03-15,1.8072,1.8141,1.7891,1.8055,1.7642,218937600
2012-03-16,1.8120,1.8125,1.7955,1.8025,1.7613,168396800
2012-03-19,1.8089,1.8378,1.8012,1.8308,1.7889,168576000
2012-03-20,1.8106,1.8403,1.8009,1.8361,1.7941,205926400
2012-03-21,1.8366,1.8569,1.8317,1.8370,1.7950,150438400
2012-03-22,1.8136,1.8372,1.8133,1.8284,1.7866,252243200
2012-03-23,1.8333,1.8342,1.8059,1.8280,1.7862,216089600
2012-03-26,1.8506,1.8906,1.8478,1.8906,1.8474,201772800
2012-03-27,1.8925,1.9112,1.8909,1.8953,1.8520,175948800
2012-03-28,1.8983,1.9123,1.8583,1.8803,1.8373,252966400
2012-03-29,1.8628,1.8797,1.8398,1.8681,1.8254,182297600
2012-03-30,1.8831,1.8842,1.8442,1.8586,1.8161,156454400
2012-04-02,1.8544,1.9020,1.8483,1.8966,1.8532,183846400
2012-04-03,1.9009,1.9138,1.8750,1.8969,1.8535,242092800
2012-04-04,1.8678,1.8698,1.8234,1.8455,1.8033,292652800
2012-04-05,1.8384,1.8709,1.8353,1.8667,1.8240,162201600
2012-04-09,1.8197,1.8542,1.8145,1.8397,1.7976,327385600
2012-04-10,1.8383,1.8514,1.7692,1.7789,1.7382,407417600
2012-04-11,1.8117,1.8206,1.7880,1.7977,1.7565,331948800
2012-04-12,1.8041,1.8417,1.7992,1.8372,1.7952,291372800
2012-04-13,1.8245,1.8264,1.7808,1.7827,1.7419,288684800
2012-04-16,1.8009,1.8019,1.7316,1.7447,1.7048,237664000
2012-04-17,1.7581,1.8244,1.7520,1.8131,1.7716,135564800
2012-04-18,1.8023,1.8253,1.7938,1.8030,1.7617,158099200
2012-04-19,1.7909,1.8344,1.7505,1.7658,1.7254,250995200
2012-04-20,1.7820,1.7978,1.7483,1.7537,1.7136,215340800
2012-04-23,1.7219,1.7267,1.6900,1.7237,1.6843,222835200
2012-04-24,1.7156,1.7289,1.6886,1.7031,1.6642,221664000
2012-04-25,1.7723,1.7952,1.7677,1.7936,1.7526,207820800
2012-04-26,1.7916,1.8222,1.7880,1.8150,1.7735,102976000
2012-04-27,1.8295,1.8475,1.8106,1.8366,1.7945,129600000
2012-04-30,1.8241,1.8320,1.8070,1.8108,1.7694,117510400
2012-05-01,1.8055,1.8564,1.8002,1.8161,1.7745,133696000
2012-05-02,1.7973,1.8284,1.7892,1.8245,1.7828,118969600
2012-05-03,1.8284,1.8306,1.7773,1.7866,1.7457,190444800
2012-05-04,1.7544,1.7591,1.6980,1.6980,1.6591,221401600
2012-05-07,1.6778,1.7173,1.6767,1.7003,1.6614,171616000
2012-05-08,1.6786,1.6998,1.6337,1.6875,1.6489,222617600
2012-05-09,1.6489,1.6964,1.6356,1.6819,1.6434,248121600
2012-05-10,1.6938,1.6945,1.6589,1.6694,1.6312,356230400
2012-05-11,1.6584,1.7059,1.6566,1.6703,1.6321,95542400
2012-05-14,1.6425,1.6653,1.6341,1.6397,1.6022,108832000
2012-05-15,1.6503,1.6750,1.6225,1.6278,1.5906,141740800
2012-05-16,1.6406,1.6494,1.6000,1.6056,1.5689,125353600
2012-05-17,1.6072,1.6119,1.5378,1.5378,1.5026,112902400
2012-05-18,1.5472,1.5556,1.4541,1.4991,1.4648,150716800
2012-05-21,1.5031,1.5847,1.5003,1.5797,1.5435,112732800
2012-05-22,1.5894,1.6037,1.5553,1.5769,1.5408,88070400
2012-05-23,1.5528,1.5919,1.5244,1.5856,1.5494,185600000
2012-05-24,1.5912,1.5922,1.5400,1.5650,1.5292,102384000
2012-05-25,1.5656,1.5725,1.5503,1.5588,1.5231,51385600
2012-05-29,1.5878,1.6134,1.5703,1.5978,1.5613,117417600
2012-05-30,1.5703,1.5834,1.5525,1.5719,1.5359,105878400
2012-05-31,1.5678,1.5759,1.5350,1.5584,1.5228,114307200
2012-06-01,1.5037,1.5206,1.4744,1.4747,1.4410,135331200
2012-06-04,1.4841,1.5019,1.4569,1.4966,1.4623,117708800
2012-06-05,1.4878,1.5153,1.4859,1.5097,1.4752,101417600
2012-06-06,1.5338,1.5816,1.5297,1.5800,1.5439,126076800
2012-06-07,1.6119,1.6119,1.5638,1.5659,1.5301,93830400
2012-06-08,1.5606,1.6006,1.5516,1.5978,1.5613,80960000
2012-06-11,1.6203,1.6228,1.5409,1.5469,1.5115,118960000
2012-06-12,1.5566,1.5816,1.5369,1.5797,1.5435,100153600
2012-06-13,1.5709,1.5953,1.5475,1.5584,1.5228,91203200
2012-06-14,1.5575,1.5822,1.5419,1.5703,1.5344,118316800
2012-06-15,1.5788,1.6131,1.5775,1.6087,1.5719,77667200
2012-06-18,1.5972,1.6472,1.5906,1.6391,1.6016,103148800
2012-06-19,1.6556,1.6866,1.6534,1.6725,1.6342,104080000
2012-06-20,1.6788,1.6897,1.6509,1.6772,1.6388,182857600
2012-06-21,1.6709,1.6766,1.5888,1.5919,1.5555,151052800
2012-06-22,1.6016,1.6294,1.5941,1.6247,1.5875,86742400
2012-06-25,1.5987,1.5991,1.5538,1.5616,1.5258,129110400
2012-06-26,1.5716,1.5909,1.5588,1.5828,1.5466,109488000
2012-06-27,1.5950,1.6150,1.5906,1.6013,1.5646,77593600
2012-06-28,1.5775,1.5797,1.5328,1.5669,1.5310,136025600
2012-06-29,1.6247,1.6641,1.6169,1.6638,1.6257,102950400
2012-07-02,1.6688,1.6753,1.6491,1.6744,1.6361,70396800
2012-07-03,1.6753,1.7019,1.6706,1.7019,1.6629,44665600
2012-07-05,1.6981,1.7209,1.6806,1.7038,1.6648,105907200
2012-07-06,1.6897,1.6912,1.6378,1.6609,1.6229,104723200
2012-07-09,1.6566,1.6694,1.6391,1.6562,1.6184,89248000
2012-07-10,1.6728,1.6812,1.6106,1.6231,1.5860,134803200
2012-07-11,1.6187,1.6272,1.5784,1.6044,1.5677,131379200
2012-07-12,1.5812,1.5878,1.5459,1.5759,1.5399,124108800
2012-07-13,1.5822,1.6297,1.5812,1.6216,1.5845,109612800
2012-07-16,1.6150,1.6291,1.6009,1.6134,1.5765,98345600
2012-07-17,1.6325,1.6406,1.5844,1.6287,1.5915,126051200
2012-07-18,1.6228,1.6838,1.6228,1.6738,1.6355,146134400
2012-07-19,1.6962,1.7216,1.6909,1.7100,1.6709,137782400
2012-07-20,1.7097,1.7103,1.6644,1.6666,1.6284,107200000
2012-07-23,1.6013,1.6369,1.5759,1.6272,1.5900,109763200
2012-07-24,1.6319,1.6356,1.5794,1.5994,1.5628,125699200
2012-07-25,1.5769,1.5984,1.5591,1.5772,1.5411,126812800
2012-07-26,1.6253,1.6387,1.5997,1.6178,1.5808,124224000
2012-07-27,1.6428,1.7019,1.6337,1.6991,1.6602,124211200
2012-07-30,1.7056,1.7194,1.6825,1.6938,1.6550,121913600
2012-07-31,1.6988,1.7125,1.6894,1.6909,1.6523,140627200
2012-08-01,1.7169,1.7172,1.6703,1.6822,1.6437,114822400
2012-08-02,1.6562,1.7041,1.6466,1.6706,1.6324,141529600
2012-08-03,1.7225,1.7487,1.7134,1.7322,1.6926,130505600
2012-08-06,1.7525,1.7756,1.7441,1.7600,1.7197,85302400
2012-08-07,1.7766,1.8038,1.7700,1.7897,1.7487,83692800
2012-08-08,1.7794,1.7959,1.7747,1.7862,1.7454,70172800
2012-08-09,1.7884,1.8031,1.7809,1.7972,1.7561,61443200
2012-08-10,1.7862,1.8016,1.7772,1.8009,1.7597,64825600
2012-08-13,1.8016,1.8091,1.7812,1.8088,1.7674,57510400
2012-08-14,1.8231,1.8303,1.8009,1.8109,1.7695,74710400
2012-08-15,1.8078,1.8247,1.8072,1.8200,1.7784,48051200
2012-08-16,1.8344,1.8719,1.8294,1.8625,1.8199,93657600
2012-08-17,1.8703,1.8797,1.8628,1.8787,1.8358,49180800
2012-08-20,1.8763,1.8853,1.8619,1.8850,1.8419,58902400
2012-08-21,1.8975,1.9103,1.8553,1.8706,1.8278,115910400
2012-08-22,1.8600,1.8928,1.8516,1.8847,1.8416,102854400
2012-08-23,1.8691,1.8800,1.8450,1.8550,1.8126,95843200
2012-08-24,1.8456,1.8863,1.8400,1.8763,1.8333,82118400
2012-08-27,1.8944,1.8984,1.8750,1.8828,1.8397,62364800
2012-08-28,1.8797,1.8934,1.8675,1.8828,1.8397,64476800
2012-08-29,1.8837,1.8928,1.8675,1.8825,1.8394,46963200
2012-08-30,1.8672,1.8687,1.8397,1.8450,1.8028,57337600
2012-08-31,1.8725,1.8853,1.8328,1.8709,1.8281,103340800
2012-09-04,1.8647,1.8797,1.8294,1.8663,1.8236,80265600
2012-09-05,1.8637,1.8803,1.8519,1.8616,1.8190,62284800
2012-09-06,1.8844,1.9450,1.8844,1.9431,1.8987,106201600
2012-09-07,1.9359,1.9456,1.9284,1.9378,1.8935,64566400
2012-09-10,1.9303,1.9369,1.8869,1.8897,1.8465,68544000
2012-09-11,1.8900,1.9041,1.8772,1.8834,1.8404,70592000
2012-09-12,1.8972,1.9041,1.8713,1.8953,1.8520,87795200
2012-09-13,1.8987,1.9616,1.8931,1.9438,1.8993,103171200
2012-09-14,1.9616,1.9944,1.9584,1.9803,1.9350,109203200
2012-09-17,1.9822,1.9825,1.9678,1.9816,1.9362,50809600
2012-09-18,1.9716,1.9866,1.9713,1.9853,1.9399,46108800
2012-09-19,1.9856,2.0025,1.9731,1.9916,1.9460,58841600
2012-09-20,1.9716,1.9913,1.9625,1.9884,1.9429,72864000
2012-09-21,2.0066,2.0113,1.9856,1.9900,1.9445,48915200
2012-09-24,1.9556,1.9725,1.9481,1.9638,1.9188,54489600
2012-09-25,1.9775,1.9847,1.9084,1.9097,1.8660,75536000
2012-09-26,1.9050,1.9069,1.8600,1.8800,1.8370,82028800
2012-09-27,1.8884,1.9397,1.8825,1.9306,1.8865,69936000
2012-09-28,1.9175,1.9297,1.8956,1.9009,1.8575,87712000
2012-10-01,1.9188,1.9409,1.8816,1.8922,1.8489,85872000
2012-10-02,1.9100,1.9209,1.8750,1.9053,1.8617,83744000
2012-10-03,1.9156,1.9350,1.8987,1.9269,1.8828,98425600
2012-10-04,1.9359,1.9525,1.9228,1.9412,1.8968,70044800
2012-10-05,1.9600,1.9669,1.9116,1.9197,1.8758,76176000
2012-10-08,1.8991,1.9062,1.8772,1.8872,1.8440,70921600
2012-10-09,1.8750,1.8766,1.8175,1.8275,1.7857,123305600
2012-10-10,1.8250,1.8350,1.8012,1.8088,1.7674,108448000
2012-10-11,1.8347,1.8369,1.7938,1.7947,1.7536,87644800
2012-10-12,1.7975,1.8150,1.7875,1.7938,1.7527,90560000
2012-10-15,1.8084,1.8250,1.7862,1.8191,1.7774,91878400
2012-10-16,1.8253,1.8759,1.8253,1.8719,1.8291,92608000
2012-10-17,1.8519,1.8813,1.8475,1.8706,1.8278,83411200
2012-10-18,1.8575,1.8694,1.8125,1.8278,1.7860,110323200
2012-10-19,1.8228,1.8238,1.7347,1.7397,1.6999,127084800
2012-10-22,1.7363,1.7656,1.7297,1.7584,1.7182,131088000
2012-10-23,1.7287,1.7531,1.7125,1.7234,1.6840,132508800
2012-10-24,1.7425,1.7475,1.7059,1.7084,1.6694,101766400
2012-10-25,1.7353,1.7403,1.7003,1.7106,1.6715,99580800
2012-10-26,1.7109,1.7350,1.6847,1.7206,1.6813,95478400
2012-10-31,1.7181,1.7219,1.6875,1.6991,1.6602,69708800
2012-11-01,1.7197,1.7544,1.7112,1.7478,1.7078,67859200
2012-11-02,1.7631,1.7656,1.7059,1.7059,1.6669,92390400
2012-11-05,1.7094,1.7391,1.7034,1.7322,1.6926,62732800
2012-11-06,1.7387,1.7628,1.7259,1.7397,1.6999,109587200
2012-11-07,1.7034,1.7059,1.6428,1.6562,1.6184,175779200
2012-11-08,1.6656,1.6738,1.6066,1.6075,1.5707,129654400
2012-11-09,1.6075,1.6531,1.6050,1.6197,1.5826,151385600
2012-11-12,1.6375,1.6409,1.6087,1.6169,1.5799,78038400
2012-11-13,1.5909,1.6259,1.5859,1.5966,1.5600,107510400
2012-11-14,1.6103,1.6137,1.5528,1.5572,1.5216,147760000
2012-11-15,1.5606,1.5700,1.5356,1.5456,1.5103,160185600
2012-11-16,1.5488,1.5691,1.5106,1.5588,1.5231,165094400
2012-11-19,1.5938,1.6366,1.5938,1.6337,1.5964,113724800
2012-11-20,1.6344,1.6400,1.6041,1.6347,1.5973,117488000
2012-11-21,1.6384,1.6469,1.6256,1.6425,1.6049,79276800
2012-11-23,1.6628,1.6919,1.6591,1.6912,1.6526,61795200
2012-11-26,1.6850,1.7081,1.6731,1.7081,1.6690,81590400
2012-11-27,1.7041,1.7175,1.6891,1.6947,1.6559,105158400
2012-11-28,1.6794,1.7266,1.6575,1.7237,1.6843,120524800
2012-11-29,1.7406,1.7563,1.7275,1.7441,1.7042,120460800
2012-11-30,1.7456,1.7475,1.7287,1.7400,1.7002,78684800
2012-12-03,1.7663,1.7687,1.7309,1.7341,1.6944,84460800
2012-12-04,1.7322,1.7366,1.7075,1.7269,1.6874,87072000
2012-12-05,1.7253,1.7253,1.6725,1.6906,1.6519,128528000
2012-12-06,1.6819,1.7216,1.6719,1.7122,1.6730,95811200
2012-12-07,1.7300,1.7337,1.6809,1.6916,1.6529,84918400
2012-12-10,1.6844,1.7200,1.6831,1.7022,1.6632,68291200
2012-12-11,1.7259,1.7656,1.7231,1.7469,1.7069,106784000
2012-12-12,1.7637,1.7653,1.7297,1.7375,1.6978,97667200
2012-12-13,1.7334,1.7566,1.6966,1.7109,1.6718,109872000
2012-12-14,1.6903,1.6994,1.6678,1.6791,1.6407,83673600
2012-12-17,1.6809,1.7250,1.6775,1.7250,1.6855,72534400
2012-12-18,1.7463,1.7812,1.7319,1.7759,1.7353,193382400
2012-12-19,1.7862,1.7875,1.7594,1.7603,1.7200,87712000
2012-12-20,1.7669,1.7687,1.7431,1.7591,1.7188,94310400
2012-12-21,1.7066,1.7278,1.6912,1.7244,1.6849,89622400
2012-12-24,1.7141,1.7197,1.7088,1.7150,1.6758,17148800
2012-12-26,1.7134,1.7194,1.6728,1.6853,1.6492,36294400
2012-12-27,1.6862,1.6906,1.6363,1.6791,1.6431,121686400
2012-12-28,1.6534,1.6791,1.6450,1.6463,1.6110,83398400
2012-12-31,1.6406,1.7225,1.6359,1.7128,1.6761,182608000
2013-01-02,1.7984,1.8253,1.7862,1.8234,1.7844,169932800
2013-01-03,1.8241,1.8322,1.7947,1.8066,1.7679,78960000
2013-01-04,1.8062,1.8066,1.7850,1.7934,1.7550,59609600
2013-01-07,1.7838,1.8006,1.7731,1.7969,1.7584,80233600
2013-01-08,1.7934,1.8038,1.7694,1.7919,1.7535,89875200
2013-01-09,1.7925,1.8109,1.7903,1.8000,1.7615,70227200
2013-01-10,1.8250,1.8284,1.7894,1.8222,1.7832,109206400
2013-01-11,1.8206,1.8291,1.8131,1.8281,1.7890,52985600
2013-01-14,1.8081,1.8216,1.7956,1.8109,1.7722,67878400
2013-01-15,1.7938,1.7984,1.7772,1.7938,1.7553,75315200
2013-01-16,1.7991,1.8194,1.7919,1.8075,1.7688,72732800
2013-01-17,1.8234,1.8388,1.8162,1.8241,1.7850,87804800
2013-01-18,1.8128,1.8200,1.8000,1.8175,1.7786,60041600
2013-01-22,1.8206,1.8247,1.7981,1.8241,1.7850,73785600
2013-01-23,1.8428,1.8550,1.8372,1.8422,1.8027,91958400
2013-01-24,1.7953,1.8272,1.7878,1.7941,1.7556,96988800
2013-01-25,1.8056,1.8219,1.7978,1.8122,1.7734,78489600
2013-01-28,1.8128,1.8319,1.8081,1.8197,1.7807,92531200
2013-01-29,1.8147,1.8278,1.7912,1.8128,1.7740,95520000
2013-01-30,1.8259,1.8378,1.8041,1.8144,1.7755,96940800
2013-01-31,1.8112,1.8300,1.8016,1.8038,1.7651,74070400
2013-02-01,1.8300,1.8528,1.8150,1.8459,1.8064,76403200
2013-02-04,1.8244,1.8356,1.7812,1.7812,1.7431,115728000
2013-02-05,1.7966,1.8456,1.7894,1.8366,1.7972,73308800
2013-02-06,1.8228,1.8394,1.8119,1.8228,1.7838,75728000
2013-02-07,1.8262,1.8300,1.7859,1.8266,1.7874,79718400
2013-02-08,1.8453,1.8713,1.8431,1.8637,1.8238,64883200
2013-02-11,1.8650,1.8678,1.8522,1.8641,1.8241,52332800
2013-02-12,1.8603,1.8669,1.8459,1.8487,1.8092,54332800
2013-02-13,1.8594,1.8759,1.8509,1.8619,1.8220,42649600
2013-02-14,1.8438,1.8666,1.8431,1.8597,1.8199,46646400
2013-02-15,1.8600,1.8697,1.8397,1.8506,1.8110,61129600
2013-02-19,1.8575,1.8772,1.8566,1.8766,1.8364,40140800
2013-02-20,1.8769,1.8769,1.8188,1.8188,1.7798,81913600
2013-02-21,1.8050,1.8088,1.7666,1.7797,1.7416,129289600
2013-02-22,1.7991,1.8153,1.7866,1.8150,1.7761,61004800
2013-02-25,1.8394,1.8513,1.7675,1.7697,1.7318,153708800
2013-02-26,1.7750,1.7903,1.7522,1.7825,1.7443,128537600
2013-02-27,1.7834,1.8419,1.7787,1.8184,1.7795,130291200
2013-02-28,1.8197,1.8472,1.8125,1.8125,1.7737,98643200
2013-03-01,1.8003,1.8338,1.7825,1.8272,1.7881,65846400
2013-03-04,1.8153,1.8441,1.8109,1.8441,1.8046,86352000
2013-03-05,1.8669,1.9031,1.8659,1.8997,1.8590,97840000
2013-03-06,1.9112,1.9112,1.8837,1.8891,1.8486,56294400
2013-03-07,1.8922,1.9050,1.8863,1.8997,1.8590,45395200
2013-03-08,1.9109,1.9172,1.8887,1.9019,1.8611,46614400
2013-03-11,1.8987,1.9153,1.8869,1.9150,1.8740,42518400
2013-03-12,1.9034,1.9119,1.8825,1.9016,1.8608,64576000
2013-03-13,1.9034,1.9100,1.8828,1.8950,1.8544,63180800
2013-03-14,1.9084,1.9159,1.9000,1.9084,1.8676,52873600
2013-03-15,1.9100,1.9128,1.8878,1.8978,1.8572,66950400
2013-03-18,1.8628,1.9037,1.8537,1.8878,1.8474,54707200
2013-03-19,1.9003,1.9072,1.8481,1.8825,1.8422,110000000
2013-03-20,1.9031,1.9112,1.8863,1.9019,1.8652,52937600
2013-03-21,1.8700,1.8781,1.8516,1.8616,1.8257,88086400
2013-03-22,1.8750,1.8987,1.8716,1.8963,1.8597,46230400
2013-03-25,1.9072,1.9159,1.8644,1.8816,1.8453,86172800
2013-03-26,1.8969,1.9034,1.8884,1.9034,1.8667,44544000
2013-03-27,1.8775,1.9103,1.8719,1.9081,1.8713,47273600
2013-03-28,1.9075,1.9216,1.8984,1.9184,1.8814,45878400
2013-04-01,1.9200,1.9231,1.8813,1.8909,1.8545,71558400
2013-04-02,1.9084,1.9328,1.9056,1.9209,1.8839,70921600
2013-04-03,1.9222,1.9278,1.8766,1.8859,1.8496,86080000
2013-04-04,1.8841,1.8953,1.8663,1.8875,1.8511,59216000
2013-04-05,1.8272,1.8606,1.8181,1.8553,1.8195,86979200
2013-04-08,1.8553,1.8753,1.8453,1.8753,1.8392,45264000
2013-04-09,1.8847,1.9144,1.8669,1.8991,1.8624,86963200
2013-04-10,1.9112,1.9787,1.9112,1.9741,1.9360,57779200
2013-04-11,1.9631,1.9809,1.9600,1.9703,1.9323,64160000
2013-04-12,1.9634,1.9719,1.9397,1.9688,1.9308,55929600
2013-04-15,1.9547,1.9603,1.8875,1.8916,1.8551,69660800
2013-04-16,1.9138,1.9459,1.9050,1.9422,1.9047,45411200
2013-04-17,1.9066,1.9084,1.8438,1.8663,1.8303,122806400
2013-04-18,1.8759,1.8763,1.7981,1.8138,1.7788,109776000
2013-04-19,1.8209,1.8713,1.8156,1.8641,1.8281,109193600
2013-04-22,1.8766,1.9147,1.8631,1.9000,1.8634,65868800
2013-04-23,1.9247,1.9509,1.9028,1.9369,1.8995,91984000
2013-04-24,1.9281,1.9503,1.9191,1.9353,1.8980,90688000
2013-04-25,1.9456,1.9716,1.9456,1.9559,1.9182,83571200
2013-04-26,1.9462,1.9553,1.9278,1.9450,1.9075,78204800
2013-04-29,1.9569,1.9950,1.9556,1.9803,1.9421,71712000
2013-04-30,1.9847,2.0097,1.9706,2.0078,1.9691,83516800
2013-05-01,2.0097,2.0166,1.9825,1.9909,1.9526,114310400
2013-05-02,1.9969,2.0484,1.9934,2.0403,2.0010,46361600
2013-05-03,2.0787,2.1006,2.0775,2.0887,2.0485,60713600
2013-05-06,2.0959,2.1109,2.0925,2.1041,2.0635,60169600
2013-05-07,2.1116,2.1147,2.0866,2.1016,2.0610,57040000
2013-05-08,2.0988,2.1256,2.0931,2.1225,2.0816,41248000
2013-05-09,2.1128,2.1450,2.1084,2.1184,2.0776,60803200
2013-05-10,2.1247,2.1437,2.1178,2.1409,2.0997,49872000
2013-05-13,2.1353,2.1575,2.1306,2.1481,2.1067,40915200
2013-05-14,2.1475,2.1825,2.1469,2.1697,2.1279,43753600
2013-05-15,2.1609,2.1825,2.1506,2.1781,2.1361,35145600
2013-05-16,2.1828,2.2031,2.1713,2.1744,2.1325,50179200
2013-05-17,2.1941,2.2172,2.1822,2.2141,2.1714,71779200
2013-05-20,2.2028,2.2228,2.1913,2.2078,2.1652,60352000
2013-05-21,2.2069,2.2297,2.1913,2.2119,2.1692,64400000
2013-05-22,2.2188,2.2538,2.1519,2.1766,2.1346,166185600
2013-05-23,2.1356,2.1784,2.1281,2.1628,2.1211,130096000
2013-05-24,2.1350,2.1625,2.1234,2.1625,2.1208,66115200
2013-05-28,2.2119,2.2281,2.1772,2.1900,2.1478,82128000
2013-05-29,2.1728,2.1850,2.1444,2.1688,2.1269,99123200
2013-05-30,2.1709,2.2119,2.1709,2.1913,2.1490,67289600
2013-05-31,2.1753,2.2078,2.1484,2.1506,2.1092,79737600
2013-06-03,2.1544,2.1600,2.1041,2.1597,2.1180,107315200
2013-06-04,2.1662,2.1850,2.1194,2.1372,2.0960,124944000
2013-06-05,2.1237,2.1388,2.0781,2.0828,2.0427,97526400
2013-06-06,2.0869,2.1009,2.0475,2.0981,2.0577,89244800
2013-06-07,2.1194,2.1628,2.1078,2.1575,2.1159,77740800
2013-06-10,2.1669,2.1800,2.1509,2.1606,2.1190,56844800
2013-06-11,2.1172,2.1556,2.1025,2.1172,2.0764,88905600
2013-06-12,2.1416,2.1431,2.0619,2.0678,2.0279,96025600
2013-06-13,2.0625,2.1288,2.0509,2.1184,2.0776,83049600
2013-06-14,2.1206,2.1250,2.0859,2.0925,2.0522,57596800
2013-06-17,2.1256,2.1562,2.1106,2.1309,2.0899,72758400
2013-06-18,2.1378,2.1753,2.1375,2.1662,2.1245,67235200
2013-06-19,2.1688,2.1728,2.1147,2.1178,2.0770,101926400
2013-06-20,2.0703,2.0841,2.0047,2.0144,1.9755,160064000
2013-06-21,2.0172,2.0278,1.9641,1.9969,1.9584,88009600
2013-06-24,1.9647,1.9875,1.9244,1.9566,1.9188,106896000
2013-06-25,1.9950,2.0013,1.9612,1.9837,1.9455,76316800
2013-06-26,2.0184,2.0278,2.0050,2.0175,1.9786,72160000
2013-06-27,2.0409,2.0634,2.0356,2.0375,1.9982,68038400
2013-06-28,2.0238,2.0672,2.0156,2.0394,2.0001,78371200
2013-07-01,2.0709,2.1006,2.0638,2.0687,2.0289,81539200
2013-07-02,2.0656,2.0950,2.0481,2.0694,2.0295,44448000
2013-07-03,2.0547,2.1059,2.0522,2.0869,2.0466,27404800
2013-07-05,2.1109,2.1191,2.0769,2.1172,2.0764,59292800
2013-07-08,2.1403,2.1406,2.1072,2.1209,2.0800,38166400
2013-07-09,2.1409,2.1569,2.1225,2.1469,2.1055,36035200
2013-07-10,2.1431,2.1781,2.1428,2.1728,2.1309,37033600
2013-07-11,2.2188,2.2625,2.2169,2.2625,2.2189,54336000
2013-07-12,2.2628,2.2812,2.2500,2.2791,2.2351,43164800
2013-07-15,2.2834,2.2916,2.2709,2.2897,2.2455,40771200
2013-07-16,2.2925,2.2963,2.2716,2.2838,2.2397,49744000
2013-07-17,2.2969,2.3050,2.2816,2.2941,2.2498,46243200
2013-07-18,2.2928,2.3050,2.2756,2.2825,2.2385,57660800
2013-07-19,2.2438,2.2444,2.2222,2.2362,2.1931,56723200
2013-07-22,2.2541,2.2584,2.2350,2.2472,2.2039,34041600
2013-07-23,2.2575,2.2575,2.2119,2.2162,2.1735,45657600
2013-07-24,2.2591,2.2606,2.2197,2.2297,2.1867,46150400
2013-07-25,2.2513,2.2625,2.2269,2.2562,2.2127,41510400
2013-07-26,2.2406,2.2816,2.2322,2.2806,2.2367,33664000
2013-07-29,2.2722,2.2922,2.2609,2.2725,2.2287,46835200
2013-07-30,2.2891,2.3156,2.2803,2.2956,2.2514,51635200
2013-07-31,2.3056,2.3319,2.2969,2.3056,2.2612,55315200
2013-08-01,2.3372,2.3591,2.3325,2.3512,2.3059,42681600
2013-08-02,2.3544,2.3797,2.3425,2.3788,2.3329,36521600
2013-08-05,2.3731,2.3856,2.3672,2.3822,2.3363,27232000
2013-08-06,2.3750,2.3797,2.3344,2.3537,2.3084,50659200
2013-08-07,2.3409,2.3525,2.3109,2.3450,2.2998,64249600
2013-08-08,2.3716,2.3781,2.3369,2.3663,2.3206,55721600
2013-08-09,2.3616,2.3759,2.3353,2.3491,2.3038,40556800
2013-08-12,2.3303,2.3675,2.3297,2.3578,2.3124,65683200
2013-08-13,2.3644,2.3966,2.3316,2.3841,2.3381,70147200
2013-08-14,2.3837,2.3903,2.3612,2.3675,2.3219,71340800
2013-08-15,2.3166,2.3166,2.2747,2.2887,2.2446,57756800
2013-08-16,2.2881,2.3081,2.2775,2.2844,2.2403,57670400
2013-08-19,2.2869,2.3241,2.2759,2.2772,2.2333,57177600
2013-08-20,2.2866,2.3181,2.2816,2.2972,2.2529,45008000
2013-08-21,2.2831,2.3216,2.2647,2.2812,2.2373,63923200
2013-08-22,2.3006,2.3284,2.2991,2.3244,2.2796,55203200
2013-08-23,2.3591,2.3625,2.3416,2.3575,2.3120,61897600
2013-08-26,2.3600,2.3944,2.3497,2.3581,2.3127,78521600
2013-08-27,2.3038,2.3259,2.2525,2.2606,2.2170,118259200
2013-08-28,2.2581,2.2994,2.2575,2.2809,2.2370,59622400
2013-08-29,2.2781,2.3341,2.2722,2.3119,2.2673,64089600
2013-08-30,2.3163,2.3163,2.2662,2.2816,2.2376,68828800
2013-09-03,2.3203,2.3400,2.2875,2.3053,2.2609,62048000
2013-09-04,2.3231,2.3641,2.3106,2.3572,2.3117,65494400
2013-09-05,2.3597,2.3781,2.3584,2.3653,2.3197,45568000
2013-09-06,2.3800,2.3947,2.3175,2.3706,2.3249,91158400
2013-09-09,2.3903,2.4341,2.3903,2.4250,2.3782,49776000
2013-09-10,2.4537,2.4562,2.4325,2.4497,2.4025,70390400
2013-09-11,2.4181,2.4431,2.4116,2.4406,2.3936,46428800
2013-09-12,2.4391,2.4522,2.4272,2.4359,2.3890,51107200
2013-09-13,2.4437,2.4447,2.4144,2.4403,2.3933,32937600
2013-09-16,2.4791,2.4809,2.4162,2.4262,2.3795,38761600
2013-09-17,2.4369,2.4647,2.4369,2.4594,2.4120,35030400
2013-09-18,2.4669,2.5278,2.4562,2.5178,2.4693,45824000
2013-09-19,2.5331,2.5412,2.5219,2.5294,2.4806,30729600
2013-09-20,2.5422,2.5469,2.5094,2.5113,2.4628,37628800
2013-09-23,2.5353,2.5387,2.4787,2.5006,2.4524,39772800
2013-09-24,2.5116,2.5284,2.4850,2.5016,2.4533,33462400
2013-09-25,2.5044,2.5122,2.4750,2.4866,2.4386,54444800
2013-09-26,2.5044,2.5353,2.5031,2.5234,2.4748,40940800
2013-09-27,2.4959,2.5259,2.4869,2.5178,2.4693,52864000
2013-09-30,2.4650,2.5172,2.4484,2.4997,2.4515,79593600
2013-10-01,2.5050,2.5578,2.5019,2.5556,2.5063,49129600
2013-10-02,2.5206,2.5606,2.5159,2.5528,2.5036,52505600
2013-10-03,2.5472,2.5581,2.4672,2.4941,2.4460,59833600
2013-10-04,2.4928,2.5434,2.4891,2.5356,2.4867,39856000
2013-10-07,2.4934,2.5338,2.4906,2.4938,2.4457,51856000
2013-10-08,2.4950,2.4978,2.3969,2.4006,2.3543,89462400
2013-10-09,2.4097,2.4113,2.3444,2.3831,2.3372,85142400
2013-10-10,2.4337,2.4944,2.4337,2.4819,2.4340,87622400
2013-10-11,2.4719,2.5266,2.4713,2.5228,2.4742,66112000
2013-10-14,2.4916,2.5578,2.4878,2.5575,2.5082,57417600
2013-10-15,2.5538,2.5784,2.5325,2.5384,2.4895,113964800
2013-10-16,2.5603,2.5984,2.5581,2.5956,2.5456,88153600
2013-10-17,2.5716,2.6272,2.5684,2.6253,2.5747,78169600
2013-10-18,2.6728,2.7122,2.6584,2.7100,2.6577,86137600
2013-10-21,2.7206,2.7353,2.7062,2.7213,2.6688,74185600
2013-10-22,2.7413,2.7597,2.6962,2.7259,2.6734,107747200
2013-10-23,2.7037,2.7137,2.6713,2.6975,2.6455,109894400
2013-10-24,2.7009,2.7319,2.6925,2.7200,2.6676,60364800
2013-10-25,2.7719,2.7838,2.7338,2.7578,2.7046,95027200
2013-10-28,2.7594,2.7691,2.7359,2.7606,2.7074,82665600
2013-10-29,2.7772,2.7828,2.7456,2.7684,2.7151,132425600
2013-10-30,2.7891,2.7975,2.7378,2.7638,2.7105,137129600
2013-10-31,2.7509,2.7853,2.7313,2.7513,2.6982,118224000
2013-11-01,2.7675,2.7759,2.7259,2.7522,2.6991,85600000
2013-11-04,2.7703,2.7703,2.7409,2.7587,2.7056,39737600
2013-11-05,2.7372,2.7891,2.7234,2.7666,2.7132,54521600
2013-11-06,2.7884,2.7912,2.7475,2.7650,2.7117,71820800
2013-11-07,2.7644,2.7734,2.6569,2.6616,2.6102,105452800
2013-11-08,2.6788,2.7338,2.6659,2.7334,2.6807,87696000
2013-11-11,2.7219,2.7384,2.7059,2.7250,2.6725,56755200
2013-11-12,2.7069,2.7400,2.7044,2.7322,2.6795,93792000
2013-11-13,2.6975,2.7991,2.6962,2.7991,2.7451,95593600
2013-11-14,2.7819,2.8194,2.7728,2.8144,2.7601,94236800
2013-11-15,2.8169,2.8266,2.8025,2.8253,2.7708,82048000
2013-11-18,2.8238,2.8359,2.7609,2.7734,2.7200,99974400
2013-11-19,2.7691,2.7941,2.7456,2.7544,2.7013,126345600
2013-11-20,2.7703,2.7906,2.7253,2.7438,2.6908,172729600
2013-11-21,2.7619,2.8019,2.7597,2.7956,2.7417,127251200
2013-11-22,2.8078,2.8294,2.8025,2.8275,2.7730,128771200
2013-11-25,2.8481,2.8531,2.8266,2.8400,2.7852,93516800
2013-11-26,2.8422,2.8841,2.8294,2.8697,2.8144,91990400
2013-11-27,2.8822,2.9119,2.8772,2.9091,2.8530,97398400
2013-11-29,2.9316,2.9528,2.9284,2.9413,2.8845,46563200
2013-12-02,2.9519,2.9603,2.9191,2.9262,2.8698,75283200
2013-12-03,2.9234,2.9381,2.9003,2.9216,2.8652,88048000
2013-12-04,2.8988,2.9472,2.8797,2.9272,2.8707,92038400
2013-12-05,2.9344,2.9394,2.9056,2.9219,2.8655,84457600
2013-12-06,2.9697,2.9750,2.9344,2.9628,2.9057,95856000
2013-12-09,2.9844,2.9991,2.9762,2.9859,2.9284,94905600
2013-12-10,2.9753,2.9934,2.9709,2.9825,2.9250,74976000
2013-12-11,2.9822,2.9900,2.8975,2.9062,2.8502,106236800
2013-12-12,2.9091,2.9219,2.8866,2.8922,2.8364,103916800
2013-12-13,2.9162,2.9194,2.8712,2.8828,2.8272,64057600
2013-12-16,2.9116,2.9475,2.9072,2.9144,2.8582,57100800
2013-12-17,2.9162,2.9281,2.8922,2.9041,2.8481,43561600
2013-12-18,2.9097,2.9753,2.8256,2.9716,2.9143,166835200
2013-12-19,2.9588,2.9603,2.9272,2.9522,2.8953,114192000
2013-12-20,2.9622,3.0256,2.9609,3.0116,2.9535,93168000
2013-12-23,3.0612,3.0763,3.0444,3.0753,3.0160,67436800
2013-12-24,3.0784,3.0825,3.0666,3.0794,3.0200,31331200
2013-12-26,3.0884,3.1037,3.0781,3.0984,3.0387,61670400
2013-12-27,3.1053,3.1097,3.0759,3.0825,3.0231,75680000
2013-12-30,3.0734,3.0822,3.0569,3.0731,3.0139,55686400
2013-12-31,3.0828,3.1125,3.0828,3.1125,3.0525,55052800
2014-01-02,3.0850,3.0863,3.0472,3.0647,3.0056,70310400
2014-01-03,3.0656,3.0703,3.0191,3.0213,2.9630,92188800
2014-01-06,3.0219,3.0281,2.9759,2.9966,2.9388,131728000
2014-01-07,3.0244,3.0616,3.0147,3.0512,2.9924,132166400
2014-01-08,3.0528,3.0828,3.0409,3.0669,3.0077,117705600
2014-01-09,3.0872,3.0897,3.0250,3.0450,2.9863,109100800
2014-01-10,3.0622,3.0719,3.0150,3.0647,3.0056,104531200
2014-01-13,3.0547,3.0778,2.9509,2.9719,2.9146,146083200
2014-01-14,2.9944,3.0916,2.9944,3.0878,3.0283,113846400
2014-01-15,3.1112,3.1506,3.1072,3.1369,3.0764,104457600
2014-01-16,3.1319,3.1481,3.1231,3.1403,3.0798,72393600
2014-01-17,3.1206,3.1378,3.0884,3.1034,3.0436,73616000
2014-01-21,3.1434,3.1528,3.0978,3.1503,3.0896,81907200
2014-01-22,3.1653,3.1816,3.1475,3.1688,3.1077,69168000
2014-01-23,3.1466,3.1472,3.1012,3.1459,3.0853,101129600
2014-01-24,3.1153,3.1231,3.0178,3.0178,2.9596,152416000
2014-01-27,3.0231,3.0309,2.9175,2.9637,2.9066,204976000
2014-01-28,2.9309,2.9644,2.9219,2.9594,2.9023,94243200
2014-01-29,2.9072,2.9506,2.8834,2.8966,2.8407,196211200
2014-01-30,2.9672,3.0216,2.9600,2.9984,2.9406,97337600
2014-01-31,2.9359,3.0144,2.9291,2.9856,2.9281,121593600
2014-02-03,2.9766,3.0013,2.8334,2.8516,2.7966,177078400
2014-02-04,2.8772,2.9131,2.8603,2.8900,2.8343,121347200
2014-02-05,2.8706,2.8956,2.8103,2.8750,2.8196,108406400
2014-02-06,2.8916,2.9547,2.8906,2.9456,2.8888,83212800
2014-02-07,2.9825,3.0566,2.9641,3.0509,2.9921,109321600
2014-02-10,3.0494,3.0906,3.0481,3.0869,3.0274,87689600
2014-02-11,3.1000,3.1703,3.0947,3.1569,3.0960,117619200
2014-02-12,3.1713,3.1844,3.1516,3.1694,3.1083,98265600
2014-02-13,3.1231,3.2219,3.1231,3.2156,3.1536,104150400
2014-02-14,3.2134,3.2444,3.1962,3.2300,3.1677,84371200
2014-02-18,3.2378,3.2738,3.2250,3.2616,3.1987,64608000
2014-02-19,3.2475,3.2638,3.2031,3.2172,3.1552,115001600
2014-02-20,3.2209,3.2581,3.1941,3.2434,3.1809,111888000
2014-02-21,3.2662,3.2762,3.2300,3.2344,3.1720,91769600
2014-02-24,3.2513,3.3012,3.2456,3.2731,3.2100,70592000
2014-02-25,3.2803,3.2944,3.2438,3.2631,3.2002,112841600
2014-02-26,3.2834,3.3022,3.2328,3.2578,3.1950,116316800
2014-02-27,3.2597,3.3069,3.2494,3.3009,3.2373,82201600
2014-02-28,3.2991,3.3381,3.2356,3.2919,3.2284,106700800
2014-03-03,3.2294,3.2606,3.1859,3.2438,3.1812,104294400
2014-03-04,3.3141,3.3387,3.3084,3.3266,3.2624,130777600
2014-03-05,3.3372,3.3563,3.3238,3.3450,3.2805,85004800
2014-03-06,3.3588,3.3647,3.3147,3.3372,3.2728,90723200
2014-03-07,3.3609,3.3659,3.2722,3.3047,3.2410,124304000
2014-03-10,3.3025,3.3144,3.2687,3.3097,3.2459,77929600
2014-03-11,3.3272,3.3438,3.2634,3.2828,3.2195,135974400
2014-03-12,3.2538,3.3097,3.2287,3.3056,3.2419,110128000
2014-03-13,3.3322,3.3338,3.1834,3.2141,3.1521,176160000
2014-03-14,3.1913,3.2209,3.1672,3.1678,3.1067,129161600
2014-03-17,3.2091,3.2769,3.2066,3.2256,3.1634,93056000
2014-03-18,3.2322,3.3094,3.2313,3.3028,3.2391,108176000
2014-03-19,3.3050,3.3116,3.2234,3.2684,3.2054,128336000
2014-03-20,3.2469,3.3041,3.2328,3.2844,3.2210,98176000
2014-03-21,3.3203,3.3253,3.1931,3.2044,3.1426,169881600
2014-03-24,3.2287,3.2334,3.0919,3.1506,3.0899,196688000
2014-03-25,3.1825,3.2222,3.1178,3.1691,3.1080,171043200
2014-03-26,3.2019,3.2147,3.0869,3.0875,3.0280,162048000
2014-03-27,3.0809,3.1069,3.0203,3.0531,2.9943,136320000
2014-03-28,3.0728,3.1319,3.0481,3.0659,3.0068,103923200
2014-03-31,3.1112,3.1488,3.1050,3.1078,3.0479,107219200
2014-04-01,3.1375,3.2206,3.1369,3.2162,3.1542,111977600
2014-04-02,3.2441,3.2506,3.2044,3.2334,3.1711,107459200
2014-04-03,3.2413,3.2503,3.1469,3.1828,3.1214,103200000
2014-04-04,3.2228,3.2309,2.9969,3.0109,2.9529,228656000
2014-04-07,2.9756,3.0297,2.9141,2.9572,2.9002,183072000
2014-04-08,2.9619,3.0172,2.9416,3.0091,2.9510,135984000
2014-04-09,3.0322,3.1166,3.0162,3.1131,3.0531,105782400
2014-04-10,3.1144,3.1163,2.9034,2.9209,2.8646,244662400
2014-04-11,2.8678,2.9431,2.8384,2.8531,2.7981,173683200
2014-04-14,2.9006,2.9266,2.8428,2.8966,2.8407,149254400
2014-04-15,2.9159,2.9481,2.7938,2.9150,2.8588,180780800
2014-04-16,2.9669,2.9928,2.9184,2.9909,2.9333,89075200
2014-04-17,2.9713,3.0228,2.9553,2.9928,2.9351,69481600
2014-04-21,3.0084,3.0384,2.9803,3.0381,2.9795,70403200
2014-04-22,3.0569,3.1009,3.0481,3.0872,3.0277,55772800
2014-04-23,3.0866,3.0881,3.0278,3.0316,2.9731,64211200
2014-04-24,3.1328,3.1328,3.0238,3.0906,3.0310,94345600
2014-04-25,3.0525,3.0594,2.9766,2.9909,2.9333,84854400
2014-04-28,3.0175,3.0538,2.9153,3.0125,2.9544,147641600
2014-04-29,3.0287,3.0687,2.9991,3.0578,2.9989,62643200
2014-04-30,3.0316,3.0794,3.0141,3.0741,3.0148,65504000
2014-05-01,3.0816,3.1266,3.0684,3.0938,3.0341,69664000
2014-05-02,3.1116,3.1241,3.0663,3.0819,3.0225,92012800
2014-05-05,3.0450,3.1141,3.0297,3.1131,3.0531,59558400
2014-05-06,3.1044,3.1066,3.0294,3.0319,2.9734,79705600
2014-05-07,3.0459,3.0506,2.9437,3.0134,2.9553,105225600
2014-05-08,2.9928,3.0806,2.9797,3.0087,2.9507,110300800
2014-05-09,3.0034,3.0344,2.9653,3.0319,2.9734,88915200
2014-05-12,3.0672,3.1322,3.0619,3.1291,3.0687,48515200
2014-05-13,3.1363,3.1572,3.1231,3.1331,3.0727,48579200
2014-05-14,3.1156,3.1394,3.0875,3.1003,3.0405,37392000
2014-05-15,3.1003,3.1109,3.0141,3.0534,2.9946,81430400
2014-05-16,3.0594,3.0966,3.0203,3.0928,3.0332,52339200
2014-05-19,3.0756,3.1450,3.0641,3.1375,3.0770,45942400
2014-05-20,3.1319,3.1553,3.0869,3.1141,3.0540,58121600
2014-05-21,3.1241,3.1750,3.1206,3.1728,3.1116,44745600
2014-05-22,3.1788,3.2172,3.1700,3.1988,3.1371,46982400
2014-05-23,3.2062,3.2475,3.1919,3.2469,3.1843,26233600
2014-05-27,3.2762,3.3287,3.2697,3.3287,3.2646,33321600
2014-05-28,3.3244,3.3350,3.3012,3.3066,3.2428,55068800
2014-05-29,3.3306,3.3497,3.3166,3.3481,3.2836,39878400
2014-05-30,3.3506,3.3606,3.3150,3.3503,3.2857,32217600
2014-06-02,3.3578,3.3594,3.3009,3.3419,3.2774,31388800
2014-06-03,3.3206,3.3503,3.3125,3.3403,3.2759,26681600
2014-06-04,3.3231,3.3750,3.3131,3.3628,3.2980,28883200
2014-06-05,3.3703,3.4334,3.3478,3.4206,3.3547,39452800
2014-06-06,3.4475,3.4594,3.4328,3.4594,3.3927,36284800
2014-06-09,3.4622,3.4722,3.4356,3.4541,3.3875,30595200
2014-06-10,3.4488,3.4700,3.4409,3.4647,3.3979,30547200
2014-06-11,3.4422,3.4747,3.4366,3.4628,3.3960,36630400
2014-06-12,3.4506,3.4581,3.3781,3.4037,3.3381,58752000
2014-06-13,3.4316,3.4391,3.3925,3.4222,3.3562,37555200
2014-06-16,3.4113,3.4478,3.3956,3.4275,3.3614,28521600
2014-06-17,3.4244,3.4497,3.4109,3.4309,3.3648,31670400
2014-06-18,3.4391,3.4791,3.4003,3.4728,3.4059,36428800
2014-06-19,3.4800,3.4850,3.4347,3.4653,3.3985,31721600
2014-06-20,3.4694,3.4787,3.4550,3.4719,3.4049,25084800
2014-06-23,3.4719,3.4762,3.4541,3.4738,3.4068,27811200
2014-06-24,3.4738,3.5322,3.4478,3.4675,3.4006,60083200
2014-06-25,3.4466,3.5175,3.4453,3.5066,3.4445,47814400
2014-06-26,3.5097,3.5125,3.4556,3.5094,3.4473,55641600
2014-06-27,3.4987,3.5409,3.4987,3.5387,3.4762,41836800
2014-06-30,3.5369,3.5697,3.5347,3.5531,3.4903,30547200
2014-07-01,3.5753,3.6484,3.5734,3.6316,3.5673,32204800
2014-07-02,3.6341,3.6525,3.6278,3.6425,3.5781,34329600
2014-07-03,3.6650,3.6859,3.6459,3.6853,3.6201,32624000
2014-07-07,3.6788,3.6881,3.6512,3.6641,3.5993,54601600
2014-07-08,3.6519,3.6550,3.5466,3.5775,3.5142,67916800
2014-07-09,3.5959,3.6366,3.5747,3.6300,3.5658,50086400
2014-07-10,3.5387,3.6363,3.5281,3.6075,3.5437,43686400
2014-07-11,3.6234,3.6519,3.6028,3.6503,3.5857,36265600
2014-07-14,3.6856,3.7125,3.6731,3.6981,3.6327,27360000
2014-07-15,3.7088,3.7188,3.6181,3.6725,3.6075,59190400
2014-07-16,3.7231,3.7313,3.6925,3.7003,3.6349,27206400
2014-07-17,3.6788,3.7056,3.5784,3.6028,3.5391,64441600
2014-07-18,3.6406,3.7194,3.6303,3.7131,3.6474,43590400
2014-07-21,3.6984,3.7178,3.6716,3.7047,3.6392,24688000
2014-07-22,3.7394,3.7641,3.7328,3.7550,3.6886,25222400
2014-07-23,3.7800,3.8094,3.7659,3.8009,3.7337,31715200
2014-07-24,3.8138,3.8231,3.7816,3.7934,3.7263,40937600
2014-07-25,3.7556,3.7728,3.7238,3.7600,3.6935,31808000
2014-07-28,3.7687,3.7834,3.7069,3.7644,3.6978,30073600
2014-07-29,3.7797,3.7972,3.7453,3.7531,3.6867,57894400
2014-07-30,3.7916,3.8075,3.7528,3.7819,3.7150,38521600
2014-07-31,3.7203,3.7300,3.6169,3.6275,3.5633,63817600
2014-08-01,3.6137,3.6525,3.5525,3.6016,3.5379,73062400
2014-08-04,3.6191,3.6781,3.5897,3.6488,3.5842,44748800
2014-08-05,3.6203,3.6412,3.5603,3.5947,3.5311,69804800
2014-08-06,3.5484,3.6312,3.5444,3.5875,3.5240,53731200
2014-08-07,3.6188,3.6344,3.5403,3.5663,3.5032,58691200
2014-08-08,3.5778,3.6244,3.5459,3.6159,3.5520,47734400
2014-08-11,3.6422,3.6819,3.6403,3.6597,3.5950,29232000
2014-08-12,3.6506,3.6744,3.6184,3.6544,3.5897,34995200
2014-08-13,3.6875,3.7359,3.6816,3.7341,3.6680,31372800
2014-08-14,3.7422,3.7728,3.7331,3.7725,3.7058,34316800
2014-08-15,3.8134,3.8259,3.7378,3.8075,3.7402,49251200
2014-08-18,3.8444,3.8741,3.8372,3.8678,3.7994,27491200
2014-08-19,3.8856,3.9144,3.8812,3.9103,3.8411,18812800
2014-08-20,3.9025,3.9256,3.8978,3.9125,3.8433,22620800
2014-08-21,3.9162,3.9316,3.9022,3.9259,3.8565,18966400
2014-08-22,3.9284,3.9531,3.9116,3.9369,3.8672,24585600
2014-08-25,3.9750,3.9878,3.9466,3.9656,3.8955,31219200
2014-08-26,3.9772,3.9825,3.9556,3.9750,3.9047,18704000
2014-08-27,3.9756,3.9838,3.9581,3.9753,3.9050,14576000
2014-08-28,3.9481,3.9744,3.9400,3.9637,3.8936,24307200
2014-08-29,3.9831,3.9959,3.9547,3.9956,3.9250,16944000
2014-09-02,4.0153,4.0200,3.9853,4.0184,3.9474,28064000
2014-09-03,4.0381,4.0381,3.9566,3.9713,3.9010,42441600
2014-09-04,3.9894,4.0287,3.9431,3.9606,3.8906,43699200
2014-09-05,3.9766,4.0069,3.9347,4.0050,3.9342,33385600
2014-09-08,4.0025,4.0369,3.9816,4.0178,3.9467,44963200
2014-09-09,4.0147,4.0478,3.9366,3.9522,3.8823,57907200
2014-09-10,3.9616,4.0188,3.9394,4.0134,3.9424,34265600
2014-09-11,3.9803,4.0134,3.9509,4.0103,3.9394,48048000
2014-09-12,4.0025,4.0037,3.9434,3.9678,3.8976,78454400
2014-09-15,3.9756,3.9772,3.8672,3.8897,3.8209,77958400
2014-09-16,3.8612,3.9734,3.8553,3.9581,3.8881,62556800
2014-09-17,3.9575,4.0078,3.9262,3.9725,3.9022,39696000
2014-09-18,3.9950,4.0306,3.9872,4.0300,3.9587,21830400
2014-09-19,4.0628,4.0653,3.9928,4.0228,3.9517,42764800
2014-09-22,4.0041,4.0066,3.9159,3.9509,3.8811,46976000
2014-09-23,3.9194,3.9637,3.9125,3.9291,3.8596,50550400
2014-09-24,3.9334,4.0156,3.9100,4.0128,3.9418,39996800
2014-09-25,3.9862,3.9969,3.8416,3.8447,3.7767,67840000
2014-09-26,3.8666,3.9388,3.8563,3.9284,3.8590,47913600
2014-09-29,3.8475,3.9359,3.8431,3.9169,3.8476,60716800
2014-09-30,3.9372,3.9669,3.8894,3.9288,3.8593,63036800
2014-10-01,3.9062,3.9106,3.7759,3.8016,3.7343,88470400
2014-10-02,3.8003,3.8238,3.7047,3.7991,3.7319,98915200
2014-10-03,3.8416,3.9062,3.8187,3.8753,3.8068,50595200
2014-10-06,3.8959,3.9178,3.8353,3.8584,3.7902,48710400
2014-10-07,3.8203,3.8438,3.7478,3.7494,3.6831,69747200
2014-10-08,3.7553,3.9175,3.7078,3.8984,3.8295,66444800
2014-10-09,3.8844,3.9031,3.7556,3.7675,3.7009,121603200
2014-10-10,3.7219,3.7659,3.5781,3.5787,3.5154,78640000
2014-10-13,3.5663,3.6203,3.4613,3.4684,3.4071,134067200
2014-10-14,3.5122,3.5559,3.4484,3.4669,3.4056,141110400
2014-10-15,3.3622,3.4506,3.2641,3.4250,3.3644,159776000
2014-10-16,3.2797,3.4375,3.2766,3.3797,3.3199,155302400
2014-10-17,3.4688,3.5334,3.4284,3.4700,3.4086,133523200
2014-10-20,3.4656,3.5775,3.4544,3.5725,3.5093,66249600
2014-10-21,3.6597,3.7594,3.6428,3.7594,3.6929,92204800
2014-10-22,3.7797,3.7928,3.7159,3.7194,3.6536,67129600
2014-10-23,3.7919,3.8737,3.7825,3.8334,3.7656,80630400
2014-10-24,3.8450,3.8991,3.8191,3.8919,3.8230,64921600
2014-10-27,3.8766,3.9144,3.8475,3.9022,3.8332,57811200
2014-10-28,3.9319,4.0184,3.9316,4.0175,3.9464,61228800
2014-10-29,3.9906,4.0119,3.9309,3.9866,3.9160,96761600
2014-10-30,3.9519,4.0228,3.9344,4.0059,3.9351,63936000
2014-10-31,4.1378,4.1422,4.0881,4.1144,4.0416,64524800
2014-11-03,4.1225,4.1600,4.1178,4.1381,4.0649,32784000
2014-11-04,4.1122,4.1325,4.0550,4.1125,4.0398,56838400
2014-11-05,4.1638,4.1647,4.0828,4.1100,4.0373,55926400
2014-11-06,4.1094,4.1394,4.0769,4.1375,4.0643,49459200
2014-11-07,4.1506,4.1553,4.0875,4.1281,4.0551,41660800
2014-11-10,4.1328,4.1697,4.1119,4.1597,4.0861,31795200
2014-11-11,4.1622,4.1834,4.1384,4.1834,4.1094,36137600
2014-11-12,4.1512,4.2078,4.1500,4.1991,4.1248,28262400
2014-11-13,4.2159,4.2666,4.1962,4.2341,4.1592,47875200
2014-11-14,4.2322,4.2603,4.2053,4.2594,4.1840,24310400
2014-11-17,4.2416,4.2597,4.1959,4.2331,4.1583,30188800
2014-11-18,4.2425,4.3097,4.2425,4.2991,4.2230,21846400
2014-11-19,4.2894,4.2894,4.2216,4.2594,4.1840,36588800
2014-11-20,4.2250,4.3047,4.2169,4.2978,4.2218,19459200
2014-11-21,4.3753,4.3816,4.2878,4.3137,4.2374,39462400
2014-11-24,4.3378,4.3853,4.3306,4.3825,4.3050,25868800
2014-11-25,4.3941,4.4206,4.3722,4.3956,4.3179,30569600
2014-11-26,4.4034,4.4578,4.3947,4.4528,4.3741,28668800
2014-11-28,4.4766,4.5131,4.4716,4.4925,4.4130,15664000
2014-12-01,4.4681,4.4844,4.3581,4.3900,4.3124,47571200
2014-12-02,4.3991,4.4416,4.3819,4.4250,4.3467,30246400
2014-12-03,4.4378,4.4538,4.3881,4.4428,4.3642,32976000
2014-12-04,4.4338,4.4719,4.4009,4.4359,4.3575,40777600
2014-12-05,4.4525,4.4653,4.4191,4.4381,4.3596,26636800
2014-12-08,4.4181,4.4538,4.3281,4.3722,4.2949,37024000
2014-12-09,4.2706,4.4072,4.2419,4.4044,4.3265,54467200
2014-12-10,4.3878,4.4066,4.2469,4.2638,4.1883,53939200
2014-12-11,4.2869,4.4047,4.2863,4.3047,4.2285,34550400
2014-12-12,4.2206,4.3184,4.2094,4.2109,4.1365,48355200
2014-12-15,4.2541,4.2841,4.0978,4.1250,4.0520,73699200
2014-12-16,4.0684,4.1912,3.9875,3.9891,3.9185,75068800
2014-12-17,3.9947,4.1575,3.9844,4.1309,4.0579,80835200
2014-12-18,4.2547,4.3356,4.2300,4.3350,4.2583,61945600
2014-12-19,4.3412,4.4069,4.3222,4.3641,4.2869,48790400
2014-12-22,4.3562,4.3931,4.3503,4.3916,4.3164,38771200
2014-12-23,4.4234,4.4237,4.3491,4.3628,4.2881,27267200
2014-12-24,4.3697,4.4000,4.3641,4.3678,4.2930,8214400
2014-12-26,4.3928,4.4466,4.3909,4.4297,4.3538,16185600
2014-12-29,4.4203,4.4456,4.4159,4.4278,4.3520,20131200
2014-12-30,4.3978,4.4209,4.3547,4.3650,4.2903,28761600
2014-12-31,4.3787,4.4153,4.2641,4.2731,4.1999,36044800
2015-01-02,4.3156,4.3538,4.2097,4.2553,4.1824,49910400
2015-01-05,4.2141,4.2231,4.1028,4.1256,4.0550,56867200
2015-01-06,4.1381,4.1509,3.9791,4.0169,3.9481,52531200
2015-01-07,4.0694,4.1369,4.0487,4.1172,4.0467,52400000
2015-01-08,4.1900,4.2922,4.1803,4.2747,4.2015,52544000
2015-01-09,4.3003,4.3056,4.1716,4.2197,4.1474,55964800
2015-01-12,4.2378,4.2422,4.1103,4.1328,4.0620,41520000
2015-01-13,4.2116,4.2991,4.0628,4.1266,4.0559,75494400
2015-01-14,4.0441,4.1247,4.0113,4.0856,4.0157,73990400
2015-01-15,4.1213,4.1334,3.9669,3.9778,3.9097,57065600
2015-01-16,3.9628,4.0800,3.9541,4.0716,4.0018,70736000
2015-01-20,4.1197,4.1531,4.0269,4.1344,4.0636,62960000
2015-01-21,4.1097,4.2131,4.0800,4.1762,4.1047,58675200
2015-01-22,4.2072,4.3387,4.1341,4.3306,4.2565,63420800
2015-01-23,4.3309,4.3756,4.3050,4.3494,4.2749,55900800
2015-01-26,4.3403,4.3553,4.2956,4.3406,4.2663,45145600
2015-01-27,4.2038,4.2069,4.0866,4.1181,4.0476,64156800
2015-01-28,4.2472,4.2541,4.0700,4.0731,4.0034,67196800
2015-01-29,4.0631,4.1634,3.9944,4.1478,4.0768,60240000
2015-01-30,4.1431,4.2047,4.0741,4.0872,4.0172,50736000
2015-02-02,4.1022,4.1634,3.9778,4.1566,4.0854,51113600
2015-02-03,4.1856,4.2409,4.1312,4.2362,4.1637,51491200
2015-02-04,4.1984,4.2841,4.1819,4.2266,4.1542,57708800
2015-02-05,4.2488,4.3059,4.2278,4.3006,4.2270,41363200
2015-02-06,4.3162,4.3344,4.2181,4.2484,4.1757,41513600
2015-02-09,4.2153,4.2609,4.2019,4.2209,4.1487,32976000
2015-02-10,4.2688,4.3641,4.2541,4.3528,4.2783,37068800
2015-02-11,4.3603,4.4034,4.3466,4.3853,4.3102,40476800
2015-02-12,4.4406,4.4894,4.4278,4.4853,4.4085,42793600
2015-02-13,4.5131,4.5637,4.4956,4.5619,4.4838,52553600
2015-02-17,4.5619,4.5769,4.5409,4.5709,4.4927,30774400
2015-02-18,4.5606,4.5884,4.5478,4.5844,4.5059,27852800
2015-02-19,4.5784,4.6344,4.5759,4.6291,4.5498,37606400
2015-02-20,4.6234,4.6959,4.5947,4.6906,4.6103,42032000
2015-02-23,4.6878,4.7022,4.6653,4.7016,4.6211,28160000
2015-02-24,4.6884,4.7175,4.6613,4.7075,4.6269,33712000
2015-02-25,4.6928,4.7281,4.6634,4.6831,4.6029,32339200
2015-02-26,4.6916,4.7350,4.6675,4.7306,4.6496,29814400
2015-02-27,4.7272,4.7328,4.6744,4.6894,4.6091,25292800
2015-03-02,4.7053,4.7762,4.7044,4.7737,4.6920,36713600
2015-03-03,4.7438,4.7541,4.6687,4.7269,4.6459,48896000
2015-03-04,4.6981,4.7103,4.6406,4.6928,4.6124,41088000
2015-03-05,4.7162,4.7362,4.6697,4.7072,4.6266,34275200
2015-03-06,4.6966,4.7137,4.5775,4.5984,4.5197,46400000
2015-03-09,4.6191,4.6497,4.5816,4.6241,4.5449,29580800
2015-03-10,4.5613,4.5625,4.4559,4.4581,4.3818,58320000
2015-03-11,4.4684,4.4788,4.4006,4.4041,4.3286,43008000
2015-03-12,4.3966,4.4725,4.3919,4.4637,4.3873,39644800
2015-03-13,4.4547,4.4887,4.3675,4.4225,4.3468,60326400
2015-03-16,4.4544,4.5391,4.4459,4.5391,4.4613,39872000
2015-03-17,4.5109,4.5641,4.4913,4.5503,4.4724,30633600
2015-03-18,4.5250,4.6806,4.4794,4.6413,4.5618,36582400
2015-03-19,4.6509,4.6784,4.6375,4.6537,4.5741,28147200
2015-03-20,4.7284,4.7597,4.7134,4.7178,4.6370,28662400
2015-03-23,4.7100,4.7353,4.6922,4.6944,4.6140,28208000
2015-03-24,4.6931,4.7369,4.6591,4.6609,4.5811,28886400
2015-03-25,4.6750,4.6819,4.4419,4.4447,4.3709,73417600
2015-03-26,4.3741,4.4650,4.3428,4.4150,4.3417,73030400
2015-03-27,4.4122,4.4703,4.4003,4.4509,4.3770,38044800
2015-03-30,4.5050,4.5594,4.5047,4.5594,4.4837,51913600
2015-03-31,4.5272,4.5450,4.4534,4.4547,4.3807,37097600
2015-04-01,4.4531,4.4559,4.3516,4.4088,4.3355,47820800
2015-04-02,4.4175,4.4416,4.3875,4.4131,4.3398,29948800
2015-04-06,4.3616,4.5100,4.3488,4.4856,4.4111,45132800
2015-04-07,4.4822,4.5447,4.4700,4.4700,4.3958,31840000
2015-04-08,4.4741,4.5531,4.4722,4.5409,4.4655,44048000
2015-04-09,4.5372,4.6003,4.5059,4.5978,4.5215,32569600
2015-04-10,4.5953,4.6356,4.5734,4.6347,4.5577,26812800
2015-04-13,4.6428,4.6884,4.6016,4.6109,4.5344,33088000
2015-04-14,4.6025,4.6284,4.5334,4.5853,4.5092,32924800
2015-04-15,4.6100,4.6613,4.5988,4.6391,4.5620,32646400
2015-04-16,4.6169,4.6444,4.6047,4.6278,4.5510,25638400
2015-04-17,4.5409,4.5653,4.4453,4.4853,4.4108,56896000
2015-04-20,4.5294,4.6331,4.5262,4.6188,4.5421,42476800
2015-04-21,4.6700,4.6875,4.6481,4.6569,4.5796,31036800
2015-04-22,4.6816,4.7231,4.6216,4.7072,4.6290,38540800
2015-04-23,4.6775,4.7841,4.6753,4.7450,4.6662,35187200
2015-04-24,4.8438,4.8841,4.8284,4.8706,4.7898,35782400
2015-04-27,4.9094,4.9262,4.8272,4.8484,4.7679,44921600
2015-04-28,4.8541,4.8725,4.7466,4.8256,4.7455,40409600
2015-04-29,4.7712,4.8294,4.7147,4.7678,4.6886,52985600
2015-04-30,4.7144,4.7516,4.5687,4.6144,4.5378,66310400
2015-05-01,4.6522,4.7438,4.6519,4.7400,4.6613,50771200
2015-05-04,4.7703,4.8125,4.7488,4.7528,4.6739,32883200
2015-05-05,4.7181,4.7337,4.5950,4.6019,4.5255,56124800
2015-05-06,4.6147,4.6406,4.4741,4.5403,4.4649,69468800
2015-05-07,4.5328,4.6147,4.5259,4.5897,4.5135,59894400
2015-05-08,4.6828,4.7238,4.6706,4.7025,4.6244,46412800
2015-05-11,4.7100,4.7281,4.6609,4.6644,4.5869,33456000
2015-05-12,4.6109,4.6712,4.5413,4.6253,4.5485,35318400
2015-05-13,4.6659,4.7128,4.6300,4.6431,4.5660,33769600
2015-05-14,4.7172,4.7869,4.6844,4.7775,4.6982,39398400
2015-05-15,4.8047,4.8162,4.7562,4.7797,4.7003,25430400
2015-05-18,4.7606,4.8384,4.7550,4.8206,4.7406,19603200
2015-05-19,4.8297,4.8450,4.7947,4.8078,4.7280,23190400
2015-05-20,4.8144,4.8725,4.7656,4.8131,4.7332,20947200
2015-05-21,4.8006,4.8775,4.7856,4.8650,4.7842,15408000
2015-05-22,4.8544,4.8906,4.8475,4.8587,4.7781,16776000
2015-05-26,4.8319,4.8469,4.7050,4.7425,4.6638,20833600
2015-05-27,4.7731,4.9056,4.7512,4.8950,4.8137,19657600
2015-05-28,4.8781,4.8987,4.8444,4.8738,4.7928,13361600
2015-05-29,4.8663,4.8806,4.7944,4.8187,4.7387,20968000
2015-06-01,4.8656,4.8731,4.7706,4.8456,4.7652,24211200
2015-06-02,4.8106,4.8631,4.7656,4.8162,4.7363,18238400
2015-06-03,4.8594,4.8812,4.8225,4.8444,4.7639,20905600
2015-06-04,4.7881,4.8519,4.7413,4.7744,4.6951,28294400
2015-06-05,4.7613,4.7812,4.6931,4.7494,4.6705,30273600
2015-06-08,4.7431,4.7500,4.6331,4.6537,4.5765,25294400
2015-06-09,4.6300,4.6700,4.5669,4.6388,4.5617,36558400
2015-06-10,4.6681,4.7900,4.6588,4.7587,4.6797,29083200
2015-06-11,4.7969,4.8194,4.7587,4.7756,4.6963,23548800
2015-06-12,4.7256,4.7456,4.6863,4.6975,4.6195,21289600
2015-06-15,4.6275,4.6650,4.5738,4.6531,4.5759,30616000
2015-06-16,4.6400,4.7162,4.6375,4.7000,4.6220,19147200
2015-06-17,4.7169,4.7575,4.6687,4.7263,4.6478,30118400
2015-06-18,4.7600,4.8794,4.7569,4.8606,4.7799,37004800
2015-06-19,4.8700,4.8762,4.8131,4.8144,4.7344,21691200
2015-06-22,4.8906,4.9163,4.8656,4.8856,4.8045,25342400
2015-06-23,4.8975,4.9031,4.8556,4.8944,4.8131,18539200
2015-06-24,4.8825,4.9244,4.8419,4.8463,4.7658,20600000
2015-06-25,4.8800,4.8913,4.8094,4.8231,4.7430,18832000
2015-06-26,4.8219,4.8438,4.7250,4.7644,4.6853,24121600
2015-06-29,4.6537,4.7081,4.5331,4.5413,4.4658,60380800
2015-06-30,4.6062,4.6231,4.5406,4.5719,4.4960,41563200
2015-07-01,4.6606,4.6762,4.5994,4.6413,4.5642,35521600
2015-07-02,4.6631,4.6750,4.6156,4.6450,4.5679,24888000
2015-07-06,4.5856,4.6737,4.5656,4.6231,4.5464,30097600
2015-07-07,4.6294,4.6531,4.4612,4.6413,4.5642,45302400
2015-07-08,4.5763,4.5875,4.4662,4.4819,4.4075,34675200
2015-07-09,4.5988,4.6081,4.4731,4.4756,4.4013,33920000
2015-07-10,4.5956,4.6469,4.5631,4.6156,4.5390,30080000
2015-07-13,4.6937,4.7825,4.6919,4.7725,4.6933,35947200
2015-07-14,4.7856,4.8625,4.7831,4.8362,4.7559,27507200
2015-07-15,4.8544,4.8837,4.8194,4.8475,4.7670,28744000
2015-07-16,4.9250,4.9844,4.9075,4.9825,4.8998,29054400
2015-07-17,5.0625,5.1275,5.0487,5.1275,5.0424,26270400
2015-07-20,5.1575,5.2038,5.1206,5.1669,5.0811,32852800
2015-07-21,5.1681,5.1838,5.1294,5.1569,5.0713,21862400
2015-07-22,5.0006,5.0906,5.0006,5.0450,4.9612,25454400
2015-07-23,5.0544,5.0844,4.9788,5.0025,4.9194,23305600
2015-07-24,5.0569,5.0625,4.8913,4.9075,4.8260,25414400
2015-07-27,4.8494,4.8919,4.8038,4.8231,4.7430,33828800
2015-07-28,4.8681,4.9262,4.7906,4.9062,4.8248,35726400
2015-07-29,4.9269,4.9656,4.8913,4.9469,4.8647,22785600
2015-07-30,4.9200,5.0075,4.8631,4.9913,4.9084,29233600
2015-07-31,5.0231,5.0269,4.9587,4.9794,4.8967,24971200
2015-08-03,4.9806,5.0075,4.8831,4.9519,4.8697,31363200
2015-08-04,4.9444,4.9594,4.8875,4.9288,4.8469,29428800
2015-08-05,4.9837,5.0706,4.9738,5.0037,4.9207,31587200
2015-08-06,5.0113,5.0262,4.8000,4.8475,4.7670,33689600
2015-08-07,4.8212,4.8550,4.7531,4.8313,4.7510,34811200
2015-08-10,4.8900,4.9625,4.8900,4.9406,4.8586,28721600
2015-08-11,4.8875,4.9281,4.7613,4.8169,4.7369,34705600
2015-08-12,4.7488,4.8669,4.6469,4.8456,4.7652,45950400
2015-08-13,4.8575,4.9037,4.8113,4.8281,4.7480,27896000
2015-08-14,4.8094,4.8594,4.7900,4.8438,4.7633,22438400
2015-08-17,4.8219,4.9288,4.7987,4.9244,4.8426,23760000
2015-08-18,4.9131,4.9206,4.8625,4.8769,4.7959,18832000
2015-08-19,4.8475,4.8975,4.7550,4.8113,4.7314,43784000
2015-08-20,4.7219,4.7537,4.5437,4.5475,4.4720,57112000
2015-08-21,4.4194,4.4925,4.1575,4.1575,4.0885,72264000
2015-08-24,3.4906,4.1562,3.4375,3.8444,3.7805,62776000
2015-08-25,4.1125,4.1606,3.7950,3.7994,3.7363,48299200
2015-08-26,4.0181,4.1956,3.8625,4.1800,4.1106,62598400
2015-08-27,4.3006,4.3981,4.2006,4.3900,4.3171,77176000
2015-08-28,4.3513,4.4212,4.3269,4.3950,4.3220,35776000
2015-08-31,4.3419,4.3888,4.2600,4.2819,4.2108,33188800
2015-09-01,4.0725,4.1969,3.9781,4.0231,3.9563,52409600
2015-09-02,4.1550,4.2413,4.0681,4.2413,4.1708,34131200
2015-09-03,4.2762,4.3300,4.1750,4.1950,4.1253,30068800
2015-09-04,4.0813,4.1537,4.0506,4.0969,4.0289,36164800
2015-09-08,4.2575,4.3375,4.2213,4.3269,4.2550,26227200
2015-09-09,4.4313,4.4325,4.2087,4.2319,4.1616,33084800
2015-09-10,4.2206,4.3781,4.2137,4.3200,4.2483,32974400
2015-09-11,4.2819,4.3688,4.2587,4.3688,4.2962,22892800
2015-09-14,4.4012,4.4025,4.3106,4.3419,4.2698,16958400
2015-09-15,4.3625,4.4725,4.3337,4.4425,4.3687,25451200
2015-09-16,4.4481,4.5037,4.4163,4.4944,4.4198,29134400
2015-09-17,4.4913,4.6325,4.4612,4.4988,4.4241,47859200
2015-09-18,4.3625,4.4763,4.3575,4.3738,4.3011,29516800
2015-09-21,4.4194,4.4688,4.3206,4.3994,4.3263,30708800
2015-09-22,4.2613,4.2937,4.1863,4.2688,4.1979,33185600
2015-09-23,4.2875,4.3119,4.2306,4.2712,4.2003,22238400
2015-09-24,4.1863,4.2731,4.1181,4.2450,4.1745,38792000
2015-09-25,4.3337,4.3400,4.1181,4.1700,4.1008,32265600
2015-09-28,4.1312,4.1388,3.9081,3.9325,3.8672,42627200
2015-09-29,3.9531,4.0319,3.8344,3.8937,3.8291,44256000
2015-09-30,4.0019,4.0788,3.9706,4.0656,3.9981,46081600
2015-10-01,4.0806,4.1056,3.9762,4.1031,4.0350,33644800
2015-10-02,3.9925,4.2506,3.9669,4.2469,4.1764,46131200
2015-10-05,4.3081,4.3938,4.2931,4.3725,4.2999,42155200
2015-10-06,4.3525,4.3787,4.2619,4.3313,4.2593,29628800
2015-10-07,4.3831,4.4000,4.2706,4.3800,4.3073,43841600
2015-10-08,4.3463,4.4300,4.2631,4.4150,4.3417,47060800
2015-10-09,4.4212,4.4725,4.3962,4.4519,4.3780,32612800
2015-10-12,4.4738,4.4925,4.4412,4.4775,4.4032,16592000
2015-10-13,4.4237,4.5156,4.4106,4.4156,4.3423,32056000
2015-10-14,4.4181,4.4625,4.3669,4.4056,4.3325,24844800
2015-10-15,4.4375,4.5500,4.4250,4.5500,4.4745,32547200
2015-10-16,4.5669,4.5919,4.5256,4.5900,4.5138,21331200
2015-10-19,4.5744,4.6456,4.5550,4.6419,4.5648,21553600
2015-10-20,4.6262,4.6419,4.5625,4.5938,4.5175,18777600
2015-10-21,4.6344,4.6469,4.5319,4.5356,4.4603,21136000
2015-10-22,4.6144,4.7269,4.5912,4.7213,4.6429,37652800
2015-10-23,4.9700,5.0225,4.9237,4.9850,4.9022,33454400
2015-10-26,4.9744,5.0094,4.9400,4.9925,4.9096,19278400
2015-10-27,4.9625,5.0244,4.9625,5.0094,4.9262,15944000
2015-10-28,5.0300,5.0938,4.9475,5.0938,5.0092,28817600
2015-10-29,5.0444,5.0944,5.0363,5.0781,4.9938,17475200
2015-10-30,5.0813,5.0994,5.0312,5.0338,4.9502,21201600
2015-11-02,5.0606,5.1562,5.0375,5.1487,5.0633,16329600
2015-11-03,5.1250,5.2162,5.1100,5.1831,5.0971,13467200
2015-11-04,5.2150,5.2213,5.1394,5.1844,5.0983,21131200
2015-11-05,5.1875,5.2156,5.1000,5.1494,5.0639,16120000
2015-11-06,5.1312,5.1731,5.0681,5.1619,5.0762,25353600
2015-11-09,5.1219,5.1344,4.9869,5.0525,4.9686,22112000
2015-11-10,4.9969,5.0338,4.9669,5.0219,4.9385,16998400
2015-11-11,5.0531,5.0994,4.9950,5.0119,4.9287,16364800
2015-11-12,4.9688,5.0175,4.9075,4.9131,4.8315,22065600
2015-11-13,4.8738,4.8831,4.7156,4.7219,4.6435,30329600
2015-11-16,4.7106,4.8581,4.6919,4.8562,4.7756,21680000
2015-11-17,4.8750,4.9325,4.8375,4.8625,4.7818,30881600
2015-11-18,4.9006,5.0588,4.8913,5.0462,4.9625,26038400
2015-11-19,5.0531,5.1019,5.0381,5.0550,4.9711,22539200
2015-11-20,5.1019,5.1312,5.0931,5.1219,5.0368,16281600
2015-11-23,5.1244,5.1650,5.0512,5.0944,5.0098,14972800
2015-11-24,5.0275,5.1087,4.9775,5.0881,5.0036,19467200
2015-11-25,5.0981,5.1125,5.0731,5.0931,5.0086,13878400
2015-11-27,5.1137,5.1287,5.0750,5.1094,5.0245,6292800
2015-11-30,5.1344,5.1375,5.0487,5.0819,4.9975,17892800
2015-12-01,5.1206,5.1838,5.1094,5.1838,5.0977,19022400
2015-12-02,5.1912,5.2356,5.1038,5.1225,5.0374,16875200
2015-12-03,5.1462,5.1619,4.8850,4.9462,4.8641,26660800
2015-12-04,4.9713,5.1925,4.9550,5.1744,5.0885,25499200
2015-12-07,5.1806,5.1856,5.0806,5.1300,5.0448,14718400
2015-12-08,5.0237,5.1619,5.0175,5.1319,5.0467,18996800
2015-12-09,5.0844,5.1394,4.9125,4.9750,4.8924,30688000
2015-12-10,4.9975,5.0837,4.9662,5.0181,4.9348,25616000
2015-12-11,4.9037,4.9262,4.7800,4.7894,4.7099,33006400
2015-12-14,4.8044,4.8637,4.6650,4.8637,4.7830,38403200
2015-12-15,4.9444,5.0025,4.9056,4.9200,4.8383,23908800
2015-12-16,4.9825,5.0788,4.8775,5.0581,4.9741,32404800
2015-12-17,5.1094,5.1094,4.9150,4.9181,4.8365,29236800
2015-12-18,4.8800,4.9044,4.7300,4.7356,4.6570,34099200
2015-12-21,4.8150,4.8337,4.7469,4.8331,4.7529,27478400
2015-12-22,4.8794,4.9056,4.8300,4.8931,4.8147,15635200
2015-12-23,4.9412,4.9706,4.9256,4.9669,4.8873,13251200
2015-12-24,4.9625,4.9906,4.9575,4.9631,4.8836,7520000
2015-12-28,4.9381,4.9563,4.8663,4.9538,4.8744,18648000
2015-12-29,5.0138,5.1325,5.0113,5.1094,5.0275,15214400
2015-12-30,5.1000,5.1056,5.0188,5.0212,4.9408,10608000
2015-12-31,4.9812,5.0006,4.8938,4.8975,4.8191,20696000
2016-01-04,4.6788,4.6962,4.5675,4.6931,4.6179,35806400
2016-01-05,4.7300,4.7463,4.6281,4.6681,4.5933,26548800
2016-01-06,4.5087,4.6337,4.5087,4.5837,4.5103,27740800
2016-01-07,4.3869,4.5000,4.2906,4.2981,4.2293,48697600
2016-01-08,4.3644,4.4100,4.2150,4.2231,4.1555,42179200
2016-01-11,4.2844,4.3075,4.1219,4.2531,4.1850,41776000
2016-01-12,4.3313,4.3913,4.2269,4.3519,4.2822,38926400
2016-01-13,4.3819,4.4025,4.0338,4.0487,3.9839,50889600
2016-01-14,4.0806,4.2906,3.9494,4.2188,4.1512,68628800
2016-01-15,3.9356,4.0456,3.8500,3.9575,3.8941,65014400
2016-01-19,4.0656,4.0756,3.8806,3.9744,3.9107,39897600
2016-01-20,3.8537,4.0338,3.6750,3.9519,3.8886,71588800
2016-01-21,3.9800,4.0744,3.8769,3.9613,3.8978,39494400
2016-01-22,4.1094,4.1887,4.0887,4.1869,4.1198,30761600
2016-01-25,4.1619,4.2025,4.0544,4.0650,3.9999,21739200
2016-01-26,4.0931,4.1675,4.0256,4.1369,4.0706,21836800
2016-01-27,4.0875,4.1206,3.8944,3.9294,3.8664,35966400
2016-01-28,4.0544,4.0613,3.9037,4.0381,3.9734,42700800
2016-01-29,4.0381,4.2094,4.0338,4.2075,4.1401,38099200
2016-02-01,4.1644,4.2613,4.1350,4.2244,4.1567,38388800
2016-02-02,4.1906,4.1931,4.0212,4.0456,3.9808,40942400
2016-02-03,4.0975,4.0975,3.8681,4.0087,3.9445,61872000
2016-02-04,3.9856,4.0687,3.9119,4.0075,3.9433,38441600
2016-02-05,3.9769,3.9769,3.6969,3.7262,3.6666,68220800
2016-02-08,3.5894,3.6444,3.4769,3.6131,3.5552,89908800
2016-02-09,3.5156,3.6981,3.5050,3.5887,3.5313,62656000
2016-02-10,3.6769,3.7656,3.6125,3.6194,3.5614,52228800
2016-02-11,3.5244,3.6637,3.5050,3.6125,3.5546,64488000
2016-02-12,3.6894,3.7231,3.6200,3.7162,3.6567,37144000
2016-02-16,3.8231,3.8781,3.7794,3.8781,3.8160,39641600
2016-02-17,3.9425,4.0706,3.9206,4.0588,3.9937,51164800
2016-02-18,4.0825,4.0844,3.9556,3.9688,3.9052,37030400
2016-02-19,3.9331,4.0144,3.9113,3.9919,3.9279,21908800
2016-02-22,4.0650,4.1269,4.0569,4.1200,4.0540,25412800
2016-02-23,4.0700,4.0938,3.9787,3.9844,3.9206,24014400
2016-02-24,3.8925,4.0687,3.8419,4.0606,3.9956,47172800
2016-02-25,4.0781,4.1381,4.0037,4.1381,4.0718,36518400
2016-02-26,4.1988,4.2038,4.1100,4.1287,4.0626,28660800
2016-02-29,4.1213,4.1819,4.0550,4.0550,3.9900,23267200
2016-03-01,4.1281,4.3156,4.1075,4.3131,4.2440,29036800
2016-03-02,4.3038,4.3187,4.2512,4.3175,4.2483,33582400
2016-03-03,4.3088,4.3125,4.2413,4.3025,4.2336,27324800
2016-03-04,4.3088,4.3606,4.2500,4.3063,4.2373,27908800
2016-03-07,4.2619,4.3106,4.1906,4.2544,4.1862,33275200
2016-03-08,4.1912,4.2663,4.1656,4.1800,4.1130,31656000
2016-03-09,4.2169,4.2356,4.1663,4.2350,4.1672,33705600
2016-03-10,4.2750,4.3181,4.1156,4.2244,4.1567,51094400
2016-03-11,4.3156,4.3688,4.2869,4.3688,4.2988,34801600
2016-03-14,4.3356,4.4044,4.3350,4.3819,4.3117,36288000
2016-03-15,4.3500,4.3881,4.3250,4.3800,4.3098,18264000
2016-03-16,4.3569,4.4806,4.3569,4.4575,4.3861,26411200
2016-03-17,4.4294,4.4725,4.3994,4.4525,4.3812,22763200
2016-03-18,4.4725,4.4887,4.4212,4.4694,4.3978,19916800
2016-03-21,4.4513,4.5069,4.4450,4.5019,4.4298,18492800
2016-03-22,4.4475,4.5481,4.4475,4.5269,4.4544,20251200
2016-03-23,4.5069,4.5100,4.4313,4.4481,4.3769,19715200
2016-03-24,4.4012,4.4531,4.3900,4.4506,4.3793,31988800
2016-03-28,4.4769,4.4769,4.4225,4.4394,4.3683,21395200
2016-03-29,4.4219,4.5856,4.4062,4.5756,4.5023,26508800
2016-03-30,4.6331,4.6813,4.6056,4.6269,4.5528,21083200
2016-03-31,4.6219,4.6512,4.5969,4.6125,4.5386,21683200
2016-04-01,4.5550,4.7119,4.5425,4.7075,4.6321,27049600
2016-04-04,4.7050,4.7137,4.6519,4.6700,4.5952,15491200
2016-04-05,4.5981,4.6344,4.5712,4.5856,4.5122,22894400
2016-04-06,4.5912,4.7344,4.5912,4.7331,4.6573,24446400
2016-04-07,4.6800,4.6937,4.5569,4.5906,4.5171,25952000
2016-04-08,4.6531,4.6750,4.5575,4.5906,4.5171,20640000
2016-04-11,4.6300,4.6737,4.5538,4.5550,4.4820,21836800
2016-04-12,4.5588,4.6481,4.5050,4.6331,4.5589,22438400
2016-04-13,4.7025,4.7638,4.6906,4.7506,4.6745,29584000
2016-04-14,4.7525,4.7844,4.7250,4.7500,4.6739,17824000
2016-04-15,4.7413,4.7613,4.7025,4.7250,4.6493,13128000
2016-04-18,4.6988,4.7775,4.6931,4.7750,4.6985,15134400
2016-04-19,4.7869,4.8050,4.6650,4.7162,4.6407,15326400
2016-04-20,4.7156,4.7675,4.6850,4.7219,4.6462,16120000
2016-04-21,4.7219,4.7581,4.6844,4.7244,4.6487,15380800
2016-04-22,4.6056,4.6450,4.5119,4.5837,4.5103,20971200
2016-04-25,4.5531,4.5831,4.5381,4.5831,4.5097,20844800
2016-04-26,4.6000,4.6163,4.5106,4.5413,4.4685,21633600
2016-04-27,4.4450,4.4850,4.3913,4.4631,4.3916,35660800
2016-04-28,4.4744,4.5275,4.3369,4.3594,4.2895,28190400
2016-04-29,4.3519,4.3731,4.2444,4.3100,4.2410,34160000
2016-05-02,4.3269,4.4031,4.2975,4.3900,4.3197,20142400
2016-05-03,4.3281,4.3675,4.2875,4.3106,4.2416,17856000
2016-05-04,4.2600,4.2888,4.2337,4.2544,4.1862,22870400
2016-05-05,4.2812,4.3025,4.2356,4.2537,4.1856,14476800
2016-05-06,4.2144,4.2975,4.2013,4.2975,4.2287,18067200
2016-05-09,4.2956,4.3594,4.2931,4.3200,4.2508,18638400
2016-05-10,4.3531,4.4431,4.3362,4.4387,4.3676,12568000
2016-05-11,4.4256,4.4519,4.3556,4.3600,4.2902,14916800
2016-05-12,4.3825,4.3875,4.2587,4.3200,4.2508,32142400
2016-05-13,4.3137,4.3644,4.2719,4.2900,4.2213,16592000
2016-05-16,4.3000,4.4256,4.2925,4.3938,4.3234,16824000
2016-05-17,4.3875,4.4113,4.2606,4.2850,4.2164,19136000
2016-05-18,4.2669,4.3612,4.2475,4.3150,4.2459,26556800
2016-05-19,4.2819,4.3000,4.2069,4.2712,4.2028,20454400
2016-05-20,4.3050,4.3975,4.2981,4.3612,4.2914,15123200
2016-05-23,4.3681,4.4044,4.3438,4.3494,4.2797,12968000
2016-05-24,4.3969,4.5356,4.3969,4.5269,4.4544,18547200
2016-05-25,4.5594,4.6175,4.5450,4.5919,4.5183,18772800
2016-05-26,4.6050,4.6287,4.5781,4.6175,4.5435,11008000
2016-05-27,4.6231,4.6663,4.6219,4.6650,4.5903,11939200
2016-05-31,4.6800,4.6969,4.6369,4.6838,4.6087,12563200
2016-06-01,4.6519,4.7044,4.6481,4.6813,4.6063,13427200
2016-06-02,4.6631,4.7038,4.6137,4.7038,4.6284,9129600
2016-06-03,4.6844,4.6875,4.5981,4.6575,4.5829,15198400
2016-06-06,4.6756,4.7156,4.6594,4.6894,4.6143,11830400
2016-06-07,4.6962,4.7056,4.6638,4.6706,4.5958,8638400
2016-06-08,4.6788,4.7025,4.6506,4.6831,4.6081,10907200
2016-06-09,4.6487,4.6781,4.6281,4.6669,4.5921,15601600
2016-06-10,4.5825,4.6006,4.5306,4.5625,4.4894,18483200
2016-06-13,4.5119,4.5600,4.4750,4.4831,4.4113,24073600
2016-06-14,4.4669,4.5169,4.4200,4.4875,4.4156,19985600
2016-06-15,4.5075,4.5175,4.4469,4.4600,4.3886,15638400
2016-06-16,4.4150,4.4919,4.3594,4.4869,4.4150,27001600
2016-06-17,4.4688,4.4688,4.3600,4.3831,4.3129,24080000
2016-06-20,4.4844,4.5231,4.4288,4.4338,4.3627,17139200
2016-06-21,4.4500,4.4794,4.4306,4.4625,4.3910,15651200
2016-06-22,4.4662,4.5163,4.4313,4.4381,4.3695,18288000
2016-06-23,4.5062,4.5656,4.4706,4.5631,4.4925,17403200
2016-06-24,4.2350,4.3744,4.1719,4.1925,4.1277,44379200
2016-06-27,4.1375,4.1375,3.9862,4.0306,3.9683,34388800
2016-06-28,4.1106,4.2019,4.1094,4.2000,4.1350,25536000
2016-06-29,4.2625,4.3637,4.2613,4.3469,4.2796,23608000
2016-06-30,4.3631,4.4531,4.3325,4.4475,4.3787,19667200
2016-07-01,4.4462,4.5250,4.4419,4.4919,4.4224,17614400
2016-07-05,4.4494,4.4550,4.3900,4.4356,4.3670,14720000
2016-07-06,4.3956,4.5125,4.3675,4.5075,4.4378,21640000
2016-07-07,4.5156,4.5556,4.4944,4.5363,4.4661,22222400
2016-07-08,4.5813,4.6806,4.5694,4.6762,4.6039,23932800
2016-07-11,4.7050,4.7631,4.7050,4.7312,4.6581,16667200
2016-07-12,4.7875,4.8006,4.7663,4.7762,4.7024,12889600
2016-07-13,4.8019,4.8031,4.7531,4.7556,4.6821,13334400
2016-07-14,4.8156,4.8350,4.7944,4.8156,4.7411,13686400
2016-07-15,4.8387,4.8450,4.7812,4.8019,4.7276,11956800
2016-07-18,4.8063,4.8812,4.8063,4.8656,4.7904,10432000
2016-07-19,4.8337,4.8587,4.8131,4.8294,4.7547,15460800
2016-07-20,4.8837,4.9606,4.8713,4.9431,4.8667,15251200
2016-07-21,4.9506,4.9675,4.8931,4.9212,4.8451,10196800
2016-07-22,4.9269,4.9713,4.8981,4.9600,4.8833,7872000
2016-07-25,4.9488,4.9625,4.9281,4.9625,4.8857,7715200
2016-07-26,4.9581,5.0081,4.9225,4.9750,4.8981,17550400
2016-07-27,5.0556,5.0662,4.9981,5.0388,4.9608,19049600
2016-07-28,5.0569,5.0881,5.0250,5.0775,4.9990,16355200
2016-07-29,5.0981,5.1244,5.0662,5.0969,5.0180,13929600
2016-08-01,5.1044,5.1762,5.0925,5.1500,5.0703,17864000
2016-08-02,5.1363,5.1419,5.0069,5.0719,4.9934,23694400
2016-08-03,5.0631,5.1075,5.0600,5.1075,5.0285,13172800
2016-08-04,5.1056,5.1444,5.0788,5.1356,5.0562,14243200
2016-08-05,5.1894,5.2556,5.1762,5.2331,5.1522,18352000
2016-08-08,5.2375,5.2413,5.1881,5.2231,5.1423,9110400
2016-08-09,5.2281,5.2769,5.2231,5.2469,5.1657,12280000
2016-08-10,5.2500,5.2550,5.1919,5.2200,5.1393,10563200
2016-08-11,5.2525,5.2856,5.2325,5.2638,5.1823,10595200
2016-08-12,5.2444,5.2706,5.2331,5.2706,5.1891,12123200
2016-08-15,5.2825,5.3381,5.2812,5.3156,5.2334,11044800
2016-08-16,5.2937,5.2956,5.2537,5.2575,5.1762,10518400
2016-08-17,5.2581,5.2762,5.2000,5.2731,5.1916,19310400
2016-08-18,5.2663,5.2894,5.2456,5.2781,5.1965,12105600
2016-08-19,5.2606,5.2962,5.2306,5.2737,5.1922,13158400
2016-08-22,5.2562,5.2981,5.2394,5.2800,5.1983,9748800
2016-08-23,5.3187,5.3406,5.2956,5.2981,5.2162,10059200
2016-08-24,5.2931,5.3063,5.1969,5.2288,5.1479,14985600
2016-08-25,5.2025,5.2450,5.1906,5.2112,5.1306,9433600
2016-08-26,5.2175,5.2950,5.1669,5.2275,5.1466,21740800
2016-08-29,5.2312,5.2706,5.2306,5.2425,5.1614,7222400
2016-08-30,5.2250,5.2544,5.1725,5.2081,5.1276,12595200
2016-08-31,5.1912,5.2075,5.1537,5.1944,5.1140,12654400
2016-09-01,5.2013,5.2350,5.1500,5.2213,5.1405,18008000
2016-09-02,5.2731,5.2962,5.2175,5.2544,5.1731,9112000
2016-09-06,5.2725,5.3219,5.2525,5.3206,5.2383,11809600
2016-09-07,5.3300,5.3456,5.2881,5.3294,5.2469,9542400
2016-09-08,5.2962,5.2987,5.2394,5.2650,5.1836,17118400
2016-09-09,5.1762,5.2006,4.9981,4.9981,4.9208,28272000
2016-09-12,4.9450,5.1925,4.9425,5.1750,5.0950,32851200
2016-09-13,5.1250,5.1562,5.0381,5.0862,5.0076,27662400
2016-09-14,5.0975,5.1900,5.0963,5.1375,5.0580,26166400
2016-09-15,5.1400,5.3075,5.1356,5.2962,5.2143,21566400
2016-09-16,5.2825,5.2987,5.2387,5.2894,5.2076,19907200
2016-09-19,5.3144,5.3488,5.2219,5.2419,5.1608,20796800
2016-09-20,5.2787,5.3038,5.2431,5.2613,5.1799,12260800
2016-09-21,5.3038,5.3781,5.2444,5.3631,5.2802,24152000
2016-09-22,5.4288,5.4619,5.4169,5.4506,5.3663,14419200
2016-09-23,5.4331,5.4350,5.3656,5.3794,5.2962,18270400
2016-09-26,5.3200,5.3319,5.2750,5.2906,5.2088,13180800
2016-09-27,5.2869,5.3981,5.2744,5.3931,5.3097,18976000
2016-09-28,5.4050,5.4187,5.3575,5.4138,5.3300,15054400
2016-09-29,5.3956,5.4138,5.2875,5.3319,5.2494,25457600
2016-09-30,5.3619,5.4444,5.3500,5.4088,5.3251,20096000
2016-10-03,5.3938,5.4094,5.3556,5.3956,5.3122,14316800
2016-10-04,5.4237,5.4519,5.3394,5.3812,5.2980,25336000
2016-10-05,5.4075,5.4519,5.4062,5.4169,5.3331,11352000
2016-10-06,5.4037,5.4319,5.3606,5.4131,5.3294,15828800
2016-10-07,5.4219,5.4350,5.3362,5.3888,5.3054,18608000
2016-10-10,5.4381,5.4788,5.4381,5.4531,5.3688,10912000
2016-10-11,5.4431,5.4475,5.2531,5.2962,5.2143,19296000
2016-10-12,5.3044,5.3269,5.2600,5.2925,5.2106,9936000
2016-10-13,5.2200,5.2812,5.1581,5.2544,5.1731,17497600
2016-10-14,5.3000,5.3456,5.2581,5.2625,5.1811,15888000
2016-10-17,5.2600,5.2762,5.2238,5.2356,5.1546,11208000
2016-10-18,5.3562,5.3769,5.3225,5.3281,5.2457,12230400
2016-10-19,5.3181,5.3419,5.3088,5.3250,5.2426,8024000
2016-10-20,5.3113,5.3356,5.2531,5.3150,5.2328,14680000
2016-10-21,5.3219,5.3594,5.2869,5.3550,5.2722,10553600
2016-10-24,5.4219,5.4881,5.4206,5.4831,5.3983,12548800
2016-10-25,5.4856,5.4900,5.4300,5.4450,5.3608,15875200
2016-10-26,5.3756,5.4319,5.3431,5.3744,5.2912,17249600
2016-10-27,5.4200,5.4256,5.3088,5.3269,5.2445,15204800
2016-10-28,5.2888,5.3481,5.2244,5.2531,5.1719,25560000
2016-10-31,5.2919,5.2944,5.2419,5.2431,5.1620,12478400
2016-11-01,5.2625,5.2644,5.0769,5.1681,5.0882,19878400
2016-11-02,5.1600,5.1813,5.0588,5.0825,5.0039,18243200
2016-11-03,5.0669,5.1000,4.9731,4.9850,4.9079,12520000
2016-11-04,4.9575,5.0250,4.9300,4.9469,4.8704,16256000
2016-11-07,5.1044,5.1931,5.0938,5.1863,5.1060,17072000
2016-11-08,5.1712,5.2975,5.1481,5.2531,5.1719,19294400
2016-11-09,5.1213,5.3150,5.1169,5.2975,5.2156,27628800
2016-11-10,5.3425,5.3619,4.9875,5.1256,5.0463,45632000
2016-11-11,5.0806,5.1519,5.0469,5.1312,5.0519,24038400
2016-11-14,5.1356,5.1419,4.9744,5.0287,4.9510,27435200
2016-11-15,5.1006,5.1994,5.0887,5.1687,5.0888,20566400
2016-11-16,5.1219,5.2331,5.1188,5.2281,5.1473,11209600
2016-11-17,5.2225,5.3044,5.2006,5.3031,5.2211,14073600
2016-11-18,5.3106,5.3337,5.2544,5.2650,5.1836,9241600
2016-11-21,5.2888,5.3812,5.2850,5.3713,5.2882,13617600
2016-11-22,5.4119,5.4313,5.3775,5.4062,5.3226,14211200
2016-11-23,5.3681,5.3800,5.3125,5.3625,5.2796,13320000
2016-11-25,5.3713,5.3987,5.3606,5.3956,5.3122,5251200
2016-11-28,5.3781,5.4194,5.3587,5.3725,5.2894,12137600
2016-11-29,5.3769,5.4581,5.3500,5.4081,5.3245,12667200
2016-11-30,5.4163,5.4231,5.2712,5.2731,5.1916,18036800
2016-12-01,5.2731,5.2731,5.0775,5.0963,5.0174,20212800
2016-12-02,5.1006,5.1537,5.0706,5.1119,5.0328,18075200
2016-12-05,5.1663,5.2319,5.1188,5.1906,5.1103,12681600
2016-12-06,5.2144,5.2344,5.1737,5.2175,5.1368,14288000
2016-12-07,5.1944,5.3600,5.1638,5.3481,5.2654,17998400
2016-12-08,5.3531,5.3931,5.3313,5.3663,5.2832,17940800
2016-12-09,5.4081,5.4544,5.4062,5.4500,5.3657,17382400
2016-12-12,5.4012,5.4237,5.3562,5.4000,5.3165,12670400
2016-12-13,5.4356,5.5956,5.4344,5.5369,5.4512,25563200
2016-12-14,5.5462,5.5856,5.4831,5.5119,5.4266,23904000
2016-12-15,5.5250,5.5950,5.5025,5.5294,5.4439,20779200
2016-12-16,5.5538,5.5719,5.4681,5.4925,5.4075,14985600
2016-12-19,5.5019,5.6019,5.4881,5.5363,5.4506,13302400
2016-12-20,5.5675,5.5969,5.5575,5.5794,5.4931,11360000
2016-12-21,5.5763,5.5813,5.5394,5.5637,5.4813,5710400
2016-12-22,5.5644,5.5656,5.4900,5.5319,5.4499,10484800
2016-12-23,5.5144,5.5419,5.5031,5.5381,5.4561,4673600
2016-12-27,5.5625,5.6594,5.5575,5.5994,5.5164,7228800
2016-12-28,5.6188,5.6287,5.5000,5.5106,5.4290,12851200
2016-12-29,5.5044,5.5294,5.4594,5.4919,5.4105,8950400
2016-12-30,5.5106,5.5125,5.3494,5.3825,5.3028,16683200
2017-01-03,5.4544,5.5169,5.4169,5.4756,5.3945,13486400
2017-01-04,5.4850,5.5531,5.4850,5.5331,5.4511,9744000
2017-01-05,5.5275,5.6025,5.5275,5.5950,5.5121,9990400
2017-01-06,5.6062,5.7225,5.5788,5.6931,5.6088,13712000
2017-01-09,5.6994,5.7506,5.6956,5.7312,5.6463,12824000
2017-01-10,5.7325,5.7888,5.7081,5.7562,5.6710,11523200
2017-01-11,5.7550,5.7844,5.7000,5.7831,5.6974,19227200
2017-01-12,5.7413,5.7737,5.6606,5.7656,5.6802,15232000
2017-01-13,5.7762,5.8263,5.7750,5.8069,5.7208,12737600
2017-01-17,5.7731,5.7931,5.7375,5.7706,5.6851,10734400
2017-01-18,5.7869,5.8038,5.7587,5.7969,5.7110,11449600
2017-01-19,5.8063,5.8488,5.7650,5.7875,5.7018,12588800
2017-01-20,5.8387,5.8681,5.7838,5.8131,5.7270,15254400
2017-01-23,5.8031,5.8369,5.7494,5.8219,5.7356,12027200
2017-01-24,5.8438,5.9187,5.8263,5.9012,5.8138,12608000
2017-01-25,5.9731,6.0219,5.9656,6.0188,5.9296,12539200
2017-01-26,6.0344,6.0563,6.0106,6.0281,5.9388,11788800
2017-01-27,6.0531,6.0644,6.0163,6.0512,5.9616,9688000
2017-01-30,6.0119,6.0125,5.8931,5.9606,5.8723,16958400
2017-01-31,5.9181,5.9375,5.8669,5.9356,5.8477,14944000
2017-02-01,6.0144,6.0388,5.9625,6.0163,5.9271,19384000
2017-02-02,5.9950,6.0394,5.9612,6.0056,5.9166,12419200
2017-02-03,6.0194,6.0506,6.0062,6.0369,5.9474,13200000
2017-02-06,6.0144,6.0550,6.0087,6.0531,5.9634,9465600
2017-02-07,6.0750,6.1219,6.0681,6.0969,6.0065,13507200
2017-02-08,6.0794,6.1337,6.0575,6.1200,6.0293,9296000
2017-02-09,6.1306,6.1875,6.1225,6.1625,6.0712,15824000
2017-02-10,6.1838,6.2188,6.1675,6.2019,6.1100,17462400
2017-02-13,6.2394,6.2869,6.2344,6.2725,6.1796,14137600
2017-02-14,6.2750,6.3137,6.2350,6.3125,6.2190,14966400
2017-02-15,6.3012,6.3913,6.2969,6.3850,6.2904,14771200
2017-02-16,6.3944,6.4187,6.3506,6.3831,6.2886,16126400
2017-02-17,6.3656,6.4387,6.3625,6.4387,6.3434,10902400
2017-02-21,6.4612,6.5081,6.4556,6.5000,6.4037,18315200
2017-02-22,6.4881,6.5138,6.4675,6.5056,6.4092,13968000
2017-02-23,6.5225,6.5231,6.4044,6.4587,6.3631,18371200
2017-02-24,6.4006,6.4788,6.3919,6.4788,6.3828,17516800
2017-02-27,6.4563,6.4969,6.4338,6.4969,6.4006,14411200
2017-02-28,6.4906,6.4981,6.4200,6.4556,6.3600,14988800
2017-03-01,6.5350,6.6194,6.5131,6.5956,6.4979,15451200
2017-03-02,6.5938,6.5938,6.5144,6.5306,6.4339,11808000
2017-03-03,6.5169,6.5563,6.4856,6.5531,6.4560,13326400
2017-03-06,6.5081,6.5450,6.4713,6.5250,6.4283,11216000
2017-03-07,6.4969,6.5575,6.4788,6.4988,6.4025,10406400
2017-03-08,6.5050,6.5631,6.4950,6.5225,6.4259,8952000
2017-03-09,6.5206,6.5500,6.4631,6.5312,6.4345,12166400
2017-03-10,6.5894,6.6087,6.5325,6.5875,6.4899,11372800
2017-03-13,6.5813,6.6106,6.5750,6.6075,6.5096,6617600
2017-03-14,6.5781,6.5837,6.5231,6.5731,6.4757,9457600
2017-03-15,6.6025,6.6856,6.5619,6.6550,6.5564,13812800
2017-03-16,6.6813,6.6819,6.6188,6.6500,6.5515,11846400
2017-03-17,6.6594,6.6769,6.6369,6.6375,6.5392,7243200
2017-03-20,6.6381,6.6838,6.6188,6.6519,6.5533,8475200
2017-03-21,6.7019,6.7156,6.4444,6.4544,6.3587,17296000
2017-03-22,6.4569,6.5500,6.4356,6.5375,6.4418,13499200
2017-03-23,6.5206,6.5563,6.4819,6.5069,6.4117,11168000
2017-03-24,6.5431,6.5956,6.4806,6.5256,6.4301,12824000
2017-03-27,6.4381,6.5731,6.4075,6.5519,6.4560,11979200
2017-03-28,6.5481,6.6694,6.5231,6.6300,6.5330,12640000
2017-03-29,6.6400,6.6956,6.6256,6.6919,6.5939,8689600
2017-03-30,6.6881,6.7269,6.6744,6.7106,6.6124,10065600
2017-03-31,6.6931,6.7387,6.6788,6.7038,6.6056,11584000
2017-04-03,6.7144,6.7456,6.6225,6.6937,6.5958,11862400
2017-04-04,6.6556,6.7162,6.6525,6.7125,6.6143,6385600
2017-04-05,6.7331,6.8106,6.6356,6.6613,6.5638,16068800
2017-04-06,6.6769,6.7019,6.6331,6.6675,6.5699,12670400
2017-04-07,6.6600,6.7000,6.6125,6.6606,6.5632,10004800
2017-04-10,6.6731,6.7181,6.6300,6.6669,6.5693,8843200
2017-04-11,6.6481,6.6694,6.5100,6.6100,6.5133,16848000
2017-04-12,6.6050,6.6137,6.5388,6.5550,6.4591,12068800
2017-04-13,6.5356,6.6094,6.4975,6.4994,6.4043,13960000
2017-04-17,6.5363,6.6081,6.5319,6.6056,6.5090,8764800
2017-04-18,6.5619,6.6244,6.5538,6.5887,6.4923,12592000
2017-04-19,6.6406,6.6850,6.5875,6.6075,6.5108,13726400
2017-04-20,6.6600,6.7450,6.6400,6.7125,6.6143,13692800
2017-04-21,6.7269,6.7319,6.6794,6.7125,6.6143,10641600
2017-04-24,6.8569,6.8856,6.8394,6.8744,6.7738,11488000
2017-04-25,6.9181,6.9963,6.9088,6.9744,6.8723,8708800
2017-04-26,6.9788,7.0100,6.9450,6.9544,6.8526,11865600
2017-04-27,6.9875,7.0356,6.9794,7.0356,6.9327,9142400
2017-04-28,7.0919,7.0969,7.0381,7.0606,6.9573,9145600
2017-05-01,7.1069,7.2038,7.1031,7.1800,7.0749,8368000
2017-05-02,7.2056,7.2150,7.1669,7.2094,7.1039,8174400
2017-05-03,7.1794,7.1813,7.1238,7.1625,7.0577,9921600
2017-05-04,7.1631,7.1838,7.1169,7.1675,7.0626,9598400
2017-05-05,7.2038,7.2188,7.1494,7.2188,7.1131,8523200
2017-05-08,7.2231,7.2500,7.1988,7.2500,7.1439,6856000
2017-05-09,7.2681,7.3313,7.2594,7.3012,7.1944,9747200
2017-05-10,7.3088,7.3137,7.2575,7.3075,7.2006,7777600
2017-05-11,7.2700,7.2981,7.2000,7.2956,7.1889,12984000
2017-05-12,7.3006,7.3319,7.2913,7.3288,7.2215,6872000
2017-05-15,7.3331,7.3819,7.3238,7.3738,7.2658,7286400
2017-05-16,7.4081,7.4375,7.3700,7.4375,7.3287,7971200
2017-05-17,7.3175,7.3425,7.0544,7.0563,6.9530,24633600
2017-05-18,7.0544,7.2250,7.0356,7.1762,7.0712,22795200
2017-05-19,7.2275,7.3000,7.2244,7.2406,7.1347,13368000
2017-05-22,7.2694,7.3694,7.2663,7.3625,7.2548,8078400
2017-05-23,7.4069,7.4069,7.3412,7.3744,7.2665,10201600
2017-05-24,7.4206,7.4500,7.3775,7.4444,7.3354,10771200
2017-05-25,7.5000,7.6062,7.4675,7.5675,7.4568,13491200
2017-05-26,7.5700,7.5994,7.5519,7.5938,7.4826,7923200
2017-05-30,7.5831,7.6250,7.5794,7.6081,7.4968,5656000
2017-05-31,7.6562,7.6588,7.5237,7.5988,7.4875,12798400
2017-06-01,7.6325,7.6650,7.5687,7.6650,7.5528,13092800
2017-06-02,7.7156,7.8362,7.6881,7.8313,7.7166,8580800
2017-06-05,7.8331,7.8581,7.8088,7.8300,7.7154,7500800
2017-06-06,7.8119,7.8612,7.7481,7.7725,7.6588,11993600
2017-06-07,7.8063,7.8406,7.7400,7.8281,7.7136,12206400
2017-06-08,7.8637,7.8681,7.7594,7.8463,7.7314,14518400
2017-06-09,7.8606,7.8794,7.2431,7.4519,7.3428,39006400
2017-06-12,7.3275,7.3944,7.1819,7.3694,7.2615,40088000
2017-06-13,7.4513,7.5087,7.3762,7.4887,7.3792,23492800
2017-06-14,7.5500,7.5500,7.3038,7.4219,7.3133,21617600
2017-06-15,7.2719,7.3719,7.1813,7.3525,7.2449,27932800
2017-06-16,7.3513,7.3538,7.2375,7.2994,7.1926,17182400
2017-06-19,7.4294,7.5481,7.4106,7.5338,7.4235,18313600
2017-06-20,7.5188,7.5375,7.4119,7.4181,7.3096,13609600
2017-06-21,7.4481,7.5656,7.4394,7.5625,7.4523,18323200
2017-06-22,7.5819,7.6125,7.5188,7.5569,7.4467,15884800
2017-06-23,7.5406,7.6337,7.4988,7.6125,7.5015,11470400
2017-06-26,7.6981,7.7263,7.5113,7.5444,7.4344,20366400
2017-06-27,7.4856,7.5025,7.2688,7.2706,7.1646,32388800
2017-06-28,7.3206,7.4881,7.2381,7.4731,7.3642,24598400
2017-06-29,7.4094,7.4144,7.0744,7.2162,7.1111,39684800
2017-06-30,7.2587,7.2931,7.1756,7.2075,7.1024,19865600
2017-07-03,7.2831,7.3031,7.0594,7.0694,6.9663,14022400
2017-07-05,7.1094,7.2450,7.0644,7.2069,7.1018,15768000
2017-07-06,7.0956,7.1575,7.0256,7.0750,6.9719,21062400
2017-07-07,7.1219,7.2656,7.1219,7.2225,7.1172,13872000
2017-07-10,7.2375,7.3569,7.2019,7.3225,7.2158,14107200
2017-07-11,7.2975,7.3800,7.2481,7.3625,7.2552,15385600
2017-07-12,7.4875,7.5538,7.4587,7.5406,7.4307,13705600
2017-07-13,7.5544,7.6050,7.5262,7.5719,7.4615,11862400
2017-07-14,7.6344,7.7075,7.5900,7.6869,7.5748,13230400
2017-07-17,7.7025,7.7475,7.6663,7.6950,7.5828,6811200
2017-07-18,7.6838,7.8000,7.6375,7.8000,7.6863,7520000
2017-07-19,7.8425,7.9113,7.8387,7.8900,7.7750,7757600
2017-07-20,7.9300,7.9375,7.8375,7.9100,7.7947,9481600
2017-07-21,7.8450,7.9000,7.8187,7.8987,7.7836,5974400
2017-07-24,7.8987,7.9837,7.8800,7.9688,7.8526,6931200
2017-07-25,7.9175,7.9675,7.8888,7.9350,7.8193,6710400
2017-07-26,7.9725,7.9900,7.9488,7.9837,7.8674,5128800
2017-07-27,8.0875,8.1012,7.6988,7.8900,7.7750,22096000
2017-07-28,7.7863,7.8938,7.7613,7.8688,7.7541,9999200
2017-07-31,7.9100,7.9300,7.7675,7.7987,7.6851,9078400
2017-08-01,7.8475,7.8575,7.7913,7.8325,7.7183,6574400
2017-08-02,7.9363,7.9387,7.7325,7.8750,7.7602,11362400
2017-08-03,7.8950,7.8950,7.7888,7.8225,7.7085,10845600
2017-08-04,7.8450,7.8775,7.7800,7.8425,7.7282,8856000
2017-08-07,7.8688,7.9412,7.8500,7.9375,7.8218,6524800
2017-08-08,7.9088,8.0387,7.8675,7.9150,7.7996,12042400
2017-08-09,7.7875,7.8975,7.7475,7.8925,7.7775,17067200
2017-08-10,7.8063,7.8125,7.5388,7.5500,7.4400,24116800
2017-08-11,7.5738,7.7000,7.5388,7.6638,7.5520,15600000
2017-08-14,7.7850,7.8875,7.7838,7.8625,7.7479,13187200
2017-08-15,7.8975,7.9037,7.8325,7.8725,7.7577,9633600
2017-08-16,7.9075,7.9750,7.8500,7.9025,7.7873,11654400
2017-08-17,7.8425,7.8625,7.5775,7.5800,7.4695,19133600
2017-08-18,7.5850,7.6687,7.5050,7.5600,7.4498,19329600
2017-08-21,7.5675,7.5963,7.4513,7.5512,7.4412,11562400
2017-08-22,7.6262,7.7913,7.6225,7.7762,7.6629,10056800
2017-08-23,7.6975,7.7537,7.6850,7.7175,7.6050,9434400
2017-08-24,7.7537,7.7700,7.5862,7.6775,7.5656,11104000
2017-08-25,7.7300,7.7688,7.6213,7.6425,7.5311,12544000
2017-08-28,7.6850,7.7213,7.6375,7.6813,7.5693,6819200
2017-08-29,7.5550,7.7712,7.5375,7.7450,7.6321,7864800
2017-08-30,7.7600,7.9500,7.7488,7.9300,7.8144,12700800
2017-08-31,7.9688,8.0962,7.9625,8.0775,7.9598,10594400
2017-09-01,8.1175,8.1388,8.0312,8.0763,7.9585,7959200
2017-09-05,8.0200,8.0588,7.8088,7.9275,7.8119,16024800
2017-09-06,7.9725,8.0112,7.8612,7.9738,7.8575,8940800
2017-09-07,8.0050,8.0525,7.9525,8.0125,7.8957,7624000
2017-09-08,7.9900,7.9963,7.8562,7.8762,7.7614,7356000
2017-09-11,7.9925,8.0787,7.9925,8.0463,7.9290,7383200
2017-09-12,8.1000,8.1138,8.0175,8.0913,7.9733,10645600
2017-09-13,8.0650,8.1150,8.0375,8.1138,7.9955,5560800
2017-09-14,8.0525,8.0975,8.0075,8.0162,7.8994,7819200
2017-09-15,8.0175,8.1300,7.9887,8.0675,7.9499,7004000
2017-09-18,8.0837,8.1388,8.0013,8.0500,7.9327,6916000
2017-09-19,8.0800,8.0988,8.0225,8.0775,7.9598,4793600
2017-09-20,8.0725,8.0850,7.9012,8.0300,7.9130,10851200
2017-09-21,8.0162,8.0162,7.8725,7.9250,7.8095,8819200
2017-09-22,7.8750,7.9313,7.8600,7.9125,7.7972,5692800
2017-09-25,7.8463,7.8562,7.6663,7.7475,7.6346,12168000
2017-09-26,7.8200,7.8525,7.7300,7.7850,7.6715,8515200
2017-09-27,7.8637,7.9812,7.8250,7.9237,7.8083,12598400
2017-09-28,7.8875,7.9313,7.8488,7.9163,7.8009,8776800
2017-09-29,7.9450,8.0400,7.9062,8.0275,7.9105,9125600
2017-10-02,8.0538,8.1075,7.9725,8.0387,7.9216,8859200
2017-10-03,8.0600,8.0938,8.0288,8.0787,7.9610,6309600
2017-10-04,8.0475,8.1250,8.0325,8.0900,7.9721,6527200
2017-10-05,8.1462,8.2550,8.1313,8.2500,8.1297,8244800
2017-10-06,8.1925,8.2688,8.1925,8.2675,8.1470,7084000
2017-10-09,8.2950,8.3062,8.2312,8.2525,8.1322,4552000
2017-10-10,8.3050,8.3225,8.1888,8.2638,8.1433,6088000
2017-10-11,8.2563,8.3138,8.2350,8.3138,8.1926,4819200
2017-10-12,8.2850,8.3462,8.2638,8.2825,8.1618,6525600
2017-10-13,8.3475,8.3625,8.3287,8.3425,8.2209,4937600
2017-10-16,8.3813,8.4025,8.3512,8.4000,8.2776,5237600
2017-10-17,8.3938,8.4213,8.3675,8.4187,8.2960,4802400
2017-10-18,8.4350,8.4375,8.3763,8.4000,8.2776,4096800
2017-10-19,8.3088,8.3375,8.2200,8.3375,8.2160,8650400
2017-10-20,8.4075,8.4175,8.3600,8.3800,8.2579,5980800
2017-10-23,8.4137,8.4150,8.2487,8.2712,8.1507,10334400
2017-10-24,8.2963,8.3325,8.2375,8.3025,8.1815,10473600
2017-10-25,8.2650,8.3200,8.1125,8.2350,8.1150,9878400
2017-10-26,8.2275,8.2638,8.1788,8.1875,8.0682,7840000
2017-10-27,8.4487,8.6875,8.4300,8.6500,8.5239,13812000
2017-10-30,8.4487,8.7625,8.4487,8.6975,8.5707,8524000
2017-10-31,8.7500,8.7850,8.7013,8.7600,8.6323,5910400
2017-11-01,8.8250,8.8387,8.6900,8.7563,8.6286,8323200
2017-11-02,8.7325,8.7400,8.6025,8.7163,8.5892,8817600
2017-11-03,8.7863,8.8888,8.7225,8.8813,8.7518,10007200
2017-11-06,8.8725,8.9513,8.8663,8.9438,8.8134,4132000
2017-11-07,8.9325,8.9775,8.8938,8.9537,8.8232,7084800
2017-11-08,8.9500,9.0312,8.9288,9.0275,8.8959,4901600
2017-11-09,8.8813,8.9400,8.7475,8.9275,8.7974,10623200
2017-11-10,8.8900,8.9438,8.8588,8.9300,8.7998,5646400
2017-11-13,8.8625,8.9725,8.8625,8.9487,8.8183,4464800
2017-11-14,8.8813,8.9050,8.8000,8.8875,8.7580,7810400
2017-11-15,8.8100,8.8462,8.7087,8.7950,8.6668,8024000
2017-11-16,8.8912,9.0638,8.8900,9.0238,8.8922,9411200
2017-11-17,9.0275,9.0387,8.9388,8.9550,8.8245,5201600
2017-11-20,8.9688,8.9812,8.9163,8.9400,8.8097,4398400
2017-11-21,9.0175,9.1388,9.0162,9.1300,8.9969,5812800
2017-11-22,9.1500,9.1700,9.1150,9.1550,9.0216,4404000
2017-11-24,9.1700,9.2238,9.1625,9.2225,9.0881,4624800
2017-11-27,9.2125,9.2513,9.1700,9.2125,9.0782,7015200
2017-11-28,9.2537,9.2675,9.1525,9.2587,9.1238,11962400
2017-11-29,9.2338,9.2338,8.8488,8.9412,8.8109,19259200
2017-11-30,9.0087,9.1150,8.9688,9.0850,8.9526,13880000
2017-12-01,8.9675,9.0925,8.7388,9.0075,8.8762,17671200
2017-12-04,9.1213,9.1313,8.7800,8.8000,8.6717,17936000
2017-12-05,8.7837,9.0063,8.7238,8.8025,8.6742,14808800
2017-12-06,8.7375,8.9125,8.7200,8.8825,8.7530,10258400
2017-12-07,8.8850,8.9963,8.8638,8.9450,8.8146,9636800
2017-12-08,9.0737,9.1175,8.9950,9.0238,8.8922,8942400
2017-12-11,9.0300,9.1663,9.0288,9.1637,9.0302,7212800
2017-12-12,9.1550,9.1900,9.1000,9.1375,9.0043,6592800
2017-12-13,9.2075,9.2288,9.1462,9.1700,9.0363,7186400
2017-12-14,9.2050,9.2450,9.1375,9.1562,9.0228,7492000
2017-12-15,9.2275,9.3837,9.1975,9.3562,9.2199,10990400
2017-12-18,9.4838,9.5363,9.4525,9.5175,9.3788,9395200
2017-12-19,9.4838,9.5000,9.3562,9.4100,9.2728,9002400
2017-12-20,9.4750,9.4775,9.3112,9.3862,9.2494,11491200
2017-12-21,9.4075,9.4688,9.3650,9.3875,9.2507,6385600
2017-12-22,9.3550,9.3700,9.3150,9.3650,9.2285,6430400
2017-12-26,9.2675,9.2850,9.1938,9.2638,9.1287,5585600
2017-12-27,9.2563,9.3125,9.2437,9.2650,9.1300,4949600
2017-12-28,9.3162,9.3200,9.2625,9.2837,9.1484,6582400
2017-12-29,9.2987,9.3000,9.1600,9.1663,9.0326,9567200
2018-01-02,9.2575,9.4925,9.2175,9.4838,9.3455,10641600
2018-01-03,9.5075,9.6875,9.5037,9.6687,9.5278,10131200
2018-01-04,9.7425,9.7625,9.6825,9.7037,9.5623,8392000
2018-01-05,9.7925,9.9113,9.7612,9.8962,9.7520,9568800
2018-01-08,9.9025,9.9850,9.8912,9.9700,9.8247,9283200
2018-01-09,10.0150,10.0325,9.9163,9.9788,9.8333,9404000
2018-01-10,9.8787,9.9300,9.7950,9.9237,9.7791,10728800
2018-01-11,9.9625,10.0612,9.9312,10.0612,9.9146,11340800
2018-01-12,10.0413,10.2288,10.0212,10.2037,10.0550,10579200
2018-01-16,10.3387,10.4475,10.0913,10.1462,9.9984,19343200
2018-01-17,10.2425,10.3988,10.1488,10.3650,10.2139,12359200
2018-01-18,10.3363,10.4175,10.2850,10.3687,10.2176,10056000
2018-01-19,10.4350,10.4663,10.3337,10.4350,10.2829,10224000
2018-01-22,10.4213,10.6562,10.4038,10.6562,10.5009,9268000
2018-01-23,10.7250,10.8525,10.7137,10.8300,10.6721,10878400
2018-01-24,10.8750,10.9263,10.5688,10.6975,10.5416,22814400
2018-01-25,10.8300,10.8413,10.6125,10.6838,10.5280,12841600
2018-01-26,10.7987,10.9975,10.7600,10.9963,10.8360,9285600
2018-01-29,10.9550,11.0013,10.8538,10.8975,10.7387,13812000
2018-01-30,10.6987,10.8088,10.6088,10.7225,10.5662,14988800
2018-01-31,10.8400,10.8787,10.6713,10.8013,10.6438,11579200
2018-02-01,10.6400,10.8438,10.5538,10.6225,10.4677,12460800
2018-02-02,10.5425,10.5850,10.1812,10.1925,10.0439,31801600
2018-02-05,10.0013,10.3363,9.3825,9.4038,9.2667,34402400
2018-02-06,9.1250,9.9113,9.0325,9.8825,9.7384,32716000
2018-02-07,9.8275,10.0413,9.6300,9.6300,9.4896,20606400
2018-02-08,9.6775,9.7000,8.8200,8.8275,8.6988,23687200
2018-02-09,9.0700,9.2500,8.4350,9.1175,8.9846,38595200
2018-02-12,9.3075,9.5700,9.1613,9.4500,9.3123,21568800
2018-02-13,9.3450,9.5787,9.3075,9.5350,9.3960,11773600
2018-02-14,9.4275,9.9275,9.4250,9.9000,9.7557,20396000
2018-02-15,10.0712,10.2563,9.8663,10.2550,10.1055,22069600
2018-02-16,10.1987,10.3912,10.1375,10.1788,10.0304,18961600
2018-02-20,10.1000,10.3813,10.0875,10.2037,10.0550,14119200
2018-02-21,10.3000,10.5087,10.1412,10.1438,9.9959,19419200
2018-02-22,10.2437,10.3438,10.0950,10.1550,10.0070,16747200
2018-02-23,10.3000,10.5562,10.2262,10.5562,10.4024,13585600
2018-02-26,10.6538,10.8337,10.6438,10.8337,10.6758,13797600
2018-02-27,10.8450,10.8800,10.5638,10.5638,10.4098,26056000
2018-02-28,10.6925,10.7587,10.4225,10.4312,10.2792,15216000
2018-03-01,10.4462,10.5375,9.9087,10.1012,9.9540,31126400
2018-03-02,9.8462,10.3125,9.7812,10.2775,10.1277,19491200
2018-03-05,10.1838,10.5562,10.1088,10.5000,10.3470,18609600
2018-03-06,10.6038,10.6650,10.4650,10.5875,10.4332,18846400
2018-03-07,10.4275,10.6562,10.3962,10.6350,10.4800,16130400
2018-03-08,10.7200,10.7700,10.6412,10.7537,10.5970,11268800
2018-03-09,10.9125,11.1625,10.8775,11.1625,10.9998,15151200
2018-03-12,11.2338,11.3413,11.1850,11.2650,11.1008,15638400
2018-03-13,11.3813,11.4350,10.9250,10.9875,10.8273,20951200
2018-03-14,11.0925,11.1125,10.8813,10.9788,10.8187,17603200
2018-03-15,10.9975,11.0863,10.8750,10.9487,10.7892,15205600
2018-03-16,10.9875,11.0400,10.8813,10.8962,10.7374,12656000
2018-03-19,10.7013,10.7013,10.2388,10.4338,10.2817,23240000
2018-03-20,10.4225,10.5387,10.3663,10.4925,10.3396,10019200
2018-03-21,10.4425,10.6300,10.3100,10.3950,10.2435,15803200
2018-03-22,10.1163,10.2550,9.8625,9.8775,9.7335,26274400
2018-03-23,9.8625,9.9150,9.3525,9.3525,9.2162,25210400
2018-03-26,9.7350,10.0813,9.4375,10.0562,9.9097,24511200
2018-03-27,10.2013,10.2037,9.2350,9.3925,9.2556,25253600
2018-03-28,9.3025,9.4775,9.0450,9.1875,9.0536,31148800
2018-03-29,9.2900,9.7037,9.1150,9.5250,9.3862,18369600
2018-04-02,9.3862,9.4738,8.7775,8.9775,8.8466,24124000
2018-04-03,9.1412,9.2487,8.8500,9.1700,9.0363,24143200
2018-04-04,8.8212,9.5162,8.7963,9.4075,9.2704,27109600
2018-04-05,9.6425,9.6775,9.4300,9.5600,9.4207,24580000
2018-04-06,9.3625,9.5425,8.9975,9.0988,8.9661,20556000
2018-04-09,9.2463,9.5775,9.1825,9.2050,9.0708,15968000
2018-04-10,9.4963,9.6788,9.3687,9.6100,9.4699,16132800
2018-04-11,9.5075,9.7125,9.4875,9.5100,9.3714,13467200
2018-04-12,9.6313,9.7987,9.6125,9.7275,9.5857,13984000
2018-04-13,9.8337,9.8575,9.5550,9.6362,9.4958,13190400
2018-04-16,9.7612,9.8488,9.6488,9.7725,9.6301,8600800
2018-04-17,9.9738,10.2413,9.9412,10.1888,10.0402,10188800
2018-04-18,10.2075,10.3112,10.1025,10.2362,10.0870,9190400
2018-04-19,10.1425,10.1825,9.9800,10.0625,9.9158,12736800
2018-04-20,9.9975,10.0100,9.6625,9.7350,9.5931,16163200
2018-04-23,9.8237,9.8988,9.5750,9.6825,9.5414,13684800
2018-04-24,9.7712,9.8013,9.1438,9.2712,9.1361,21473600
2018-04-25,9.3038,9.3675,9.0375,9.3000,9.1644,17077600
2018-04-26,9.5300,9.7400,9.4688,9.6750,9.5340,13362400
2018-04-27,9.9587,9.9637,9.5825,9.6912,9.5500,17289600
2018-04-30,9.7375,9.8550,9.5050,9.5500,9.4108,15795200
2018-05-01,9.5050,9.7725,9.4587,9.7600,9.6177,15316000
2018-05-02,9.8050,9.8625,9.6325,9.6550,9.5143,12085600
2018-05-03,9.5612,9.7188,9.3425,9.6488,9.5081,18940000
2018-05-04,9.5688,10.0588,9.5513,10.0125,9.8666,12237600
2018-05-07,10.1088,10.2437,10.0925,10.1700,10.0218,11336000
2018-05-08,10.1337,10.1987,10.0100,10.1475,9.9996,11168000
2018-05-09,10.2000,10.3938,10.1250,10.3825,10.2312,10900000
2018-05-10,10.4438,10.6062,10.4300,10.5925,10.4381,13800800
2018-05-11,10.5513,10.6200,10.4775,10.5725,10.4184,11444800
2018-05-14,10.6175,10.7388,10.5712,10.6038,10.4492,11264800
2018-05-15,10.4362,10.4462,10.2575,10.3700,10.2188,18564800
2018-05-16,10.3975,10.5525,10.3862,10.5087,10.3556,10063200
2018-05-17,10.4362,10.5825,10.3225,10.4200,10.2681,10403200
2018-05-18,10.3475,10.4113,10.2850,10.3125,10.1622,7439200
2018-05-21,10.4712,10.5650,10.3425,10.4325,10.2804,11191200
2018-05-22,10.5250,10.5562,10.3638,10.4025,10.2509,7474400
2018-05-23,10.2425,10.5763,10.2413,10.5763,10.4221,10725600
2018-05-24,10.5688,10.6025,10.3550,10.5662,10.4122,10844000
2018-05-25,10.5625,10.6637,10.5250,10.5887,10.4344,8568800
2018-05-29,10.4850,10.6100,10.3687,10.4937,10.3408,12250400
2018-05-30,10.5688,10.6788,10.5212,10.6400,10.4849,8212800
2018-05-31,10.6313,10.7662,10.5737,10.6263,10.4714,13189600
2018-06-01,10.7300,10.9688,10.7262,10.9600,10.8002,9189600
2018-06-04,11.0138,11.1625,11.0013,11.1475,10.9850,8380000
2018-06-05,11.2000,11.2625,11.1275,11.2200,11.0565,8060000
2018-06-06,11.2513,11.3538,11.1337,11.3538,11.1883,7833600
2018-06-07,11.3550,11.3562,11.0588,11.1763,11.0133,9358400
2018-06-08,11.0475,11.2000,11.0075,11.1650,11.0023,9008800
2018-06-11,11.1512,11.2800,11.1450,11.2250,11.0614,5928000
2018-06-12,11.2563,11.3650,11.2362,11.3438,11.1784,5282400
2018-06-13,11.3800,11.5075,11.2937,11.3337,11.1685,10618400
2018-06-14,11.4350,11.6012,11.4263,11.5700,11.4014,9347200
2018-06-15,11.4888,11.5325,11.3737,11.4888,11.3213,12302400
2018-06-18,11.3413,11.4900,11.2675,11.4750,11.3077,11745600
2018-06-19,11.1800,11.4062,11.1112,11.4050,11.2388,12672800
2018-06-20,11.5075,11.6613,11.4888,11.5675,11.3989,9612000
2018-06-21,11.6213,11.6412,11.3200,11.3625,11.1969,11680000
2018-06-22,11.4412,11.4475,11.2325,11.2900,11.1254,8013600
2018-06-25,11.1075,11.1375,10.6012,10.7987,10.6413,25484800
2018-06-26,10.8787,11.0125,10.7987,10.8900,10.7313,14937600
2018-06-27,10.9788,11.0750,10.5775,10.5813,10.4270,18160000
2018-06-28,10.5562,10.8425,10.5200,10.7738,10.6167,16586400
2018-06-29,10.8763,10.9888,10.8000,10.8075,10.6500,10381600
2018-07-02,10.6237,10.9762,10.5787,10.9700,10.8101,8789600
2018-07-03,11.0437,11.0513,10.6975,10.7137,10.5576,8424800
2018-07-05,10.8575,10.9937,10.7450,10.9800,10.8200,10808000
2018-07-06,11.0250,11.3350,10.9875,11.3112,11.1464,9174400
2018-07-09,11.4300,11.5250,11.3475,11.5212,11.3533,9883200
2018-07-10,11.5525,11.5863,11.4587,11.5387,11.3706,8161600
2018-07-11,11.3625,11.5000,11.3375,11.4237,11.2572,9681600
2018-07-12,11.5212,11.8050,11.5063,11.7987,11.6268,9515200
2018-07-13,11.8025,11.8650,11.7450,11.8225,11.6502,7636000
2018-07-16,11.8313,11.8700,11.7325,11.7712,11.5997,7059200
2018-07-17,11.5188,11.9613,11.5188,11.9187,11.7450,8197600
2018-07-18,11.9100,11.9263,11.7937,11.8663,11.6933,8352000
2018-07-19,11.7900,11.8562,11.7188,11.7500,11.5787,9615200
2018-07-20,11.8225,11.8900,11.7125,11.7350,11.5639,10312800
2018-07-23,11.6625,11.8200,11.5737,11.8088,11.6366,7251200
2018-07-24,12.0575,12.1388,11.8150,11.9113,11.7376,11300800
2018-07-25,11.9200,12.2537,11.9100,12.2375,12.0591,10581600
2018-07-26,11.9038,11.9838,11.8387,11.8825,11.7093,11900000
2018-07-27,12.0225,12.0300,11.4125,11.5550,11.3866,18134400
2018-07-30,11.5513,11.5588,11.1100,11.2238,11.0602,14644800
2018-07-31,11.3000,11.4762,11.1825,11.3525,11.1870,11528800
2018-08-01,11.4450,11.5425,11.3488,11.4725,11.3053,9388800
2018-08-02,11.3100,11.8112,11.3000,11.7850,11.6132,12026400
2018-08-03,11.8162,11.8562,11.7275,11.8525,11.6797,8567200
2018-08-06,11.8462,12.0000,11.8088,12.0000,11.8251,10143200
2018-08-07,12.0550,12.1237,12.0075,12.0712,11.8953,7208800
2018-08-08,12.0437,12.1512,11.9788,12.0925,11.9162,6814400
2018-08-09,12.0938,12.1812,12.0575,12.0825,11.9064,6632800
2018-08-10,11.9250,11.9975,11.8162,11.9025,11.7290,12099200
2018-08-13,11.9400,12.0962,11.8650,11.8813,11.7081,9997600
2018-08-14,11.9675,12.0525,11.8413,12.0250,11.8497,6780800
2018-08-15,11.8438,11.9075,11.5825,11.7362,11.5652,13655200
2018-08-16,11.9075,11.9550,11.7575,11.8013,11.6292,8097600
2018-08-17,11.7375,11.8663,11.5988,11.8075,11.6354,9157600
2018-08-20,11.8650,11.8675,11.6950,11.7900,11.6181,9772800
2018-08-21,11.8600,12.0125,11.8425,11.8713,11.6982,10044000
2018-08-22,11.8150,11.9875,11.7900,11.9587,11.7844,5916800
2018-08-23,11.9213,12.0875,11.8875,11.9237,11.7499,9630400
2018-08-24,11.9975,12.1637,11.9975,12.1425,11.9655,6557600
2018-08-27,12.2725,12.3875,12.2300,12.3875,12.2069,8938400
2018-08-28,12.4575,12.4788,12.3737,12.4263,12.2451,6043200
2018-08-29,12.4625,12.7250,12.4587,12.7137,12.5284,6626400
2018-08-30,12.6613,12.8138,12.5800,12.6600,12.4755,8798400
2018-08-31,12.6275,12.7650,12.6025,12.6900,12.5050,5545600
2018-09-04,12.6200,12.6525,12.4487,12.5875,12.4040,6148000
2018-09-05,12.5413,12.5413,12.1763,12.2612,12.0825,11512000
2018-09-06,12.2675,12.2950,11.8725,12.0400,11.8645,14222400
2018-09-07,11.8663,12.1488,11.8538,11.9650,11.7906,13063200
2018-09-10,12.0750,12.0913,11.8912,12.0200,11.8448,7935200
2018-09-11,11.9187,12.2437,11.8638,12.2025,12.0246,8543200
2018-09-12,12.1562,12.1862,11.9263,12.1375,11.9606,11160800
2018-09-13,12.2738,12.4338,12.2738,12.3750,12.1946,8707200
2018-09-14,12.4050,12.4425,12.2175,12.3100,12.1306,10212800
2018-09-17,12.2700,12.2863,11.9362,11.9625,11.7881,9657600
2018-09-18,11.9775,12.2700,11.9700,12.1538,11.9766,6864000
2018-09-19,12.1538,12.2125,11.9800,12.1388,11.9618,5288800
2018-09-20,12.2975,12.4325,12.2425,12.3912,12.2106,9399200
2018-09-21,12.4750,12.5025,12.2350,12.2650,12.0862,7732000
2018-09-24,12.0875,12.3387,11.9862,12.3250,12.1453,8125600
2018-09-25,12.3138,12.3825,12.2350,12.3638,12.1835,4893600
2018-09-26,12.3775,12.6100,12.3325,12.3725,12.1922,7184000
2018-09-27,12.4738,12.6725,12.4663,12.5825,12.3991,7039200
2018-09-28,12.5075,12.6450,12.4738,12.5850,12.4016,5012800
2018-10-01,12.7212,12.8125,12.5675,12.6263,12.4422,8796800
2018-10-02,12.5962,12.7638,12.5138,12.5675,12.3843,5109600
2018-10-03,12.6788,12.7350,12.5600,12.6038,12.4200,5771200
2018-10-04,12.4900,12.5037,11.9350,12.1150,11.9384,14784800
2018-10-05,12.1062,12.1862,11.5863,11.8250,11.6526,17824800
2018-10-08,11.7075,11.8775,11.3925,11.6725,11.5024,15397600
2018-10-09,11.6862,11.9213,11.6313,11.7375,11.5664,12202400
2018-10-10,11.5975,11.6100,10.6812,10.7150,10.5588,37497600
2018-10-11,10.6200,10.9125,10.2163,10.4462,10.2940,37673600
2018-10-12,10.9900,11.0863,10.6088,11.0262,10.8655,25358400
2018-10-15,10.9462,10.9812,10.6737,10.7463,10.5896,20704800
2018-10-16,10.9700,11.4312,10.9362,11.3713,11.2055,14580800
2018-10-17,11.4950,11.5025,11.1525,11.3850,11.2190,15159200
2018-10-18,11.2925,11.3013,10.7612,10.8763,10.7177,19958400
2018-10-19,11.0125,11.2137,10.7550,10.8350,10.6771,21019200
2018-10-22,10.9613,11.1075,10.7775,10.9487,10.7892,14622400
2018-10-23,10.5513,10.9688,10.3013,10.8775,10.7189,30164800
2018-10-24,10.8425,10.8700,9.8313,9.8675,9.7237,24856000
2018-10-25,10.1763,10.6663,10.0813,10.5337,10.3802,21328800
2018-10-26,9.8337,10.4050,9.7037,10.0288,9.8826,36252800
2018-10-29,10.2950,10.3813,9.2137,9.6425,9.5020,25815200
2018-10-30,9.5375,9.9175,9.4475,9.8962,9.7520,25826400
2018-10-31,10.2225,10.5425,10.2212,10.3512,10.2004,20238400
2018-11-01,10.4025,10.6637,10.2450,10.6500,10.4948,15801600
2018-11-02,10.5787,10.7037,10.1700,10.3287,10.1782,23082400
2018-11-05,10.3350,10.3400,10.0275,10.2575,10.1080,11281600
2018-11-06,10.2500,10.5262,10.2262,10.4137,10.2620,9108000
2018-11-07,10.6575,11.0575,10.6163,11.0575,10.8963,16076000
2018-11-08,10.9625,11.0250,10.8150,10.9225,10.7633,9666400
2018-11-09,10.7137,10.7612,10.3800,10.5513,10.3975,14313600
2018-11-12,10.3975,10.4350,9.8900,9.9275,9.7828,17848000
2018-11-13,10.0025,10.2850,9.8700,9.9312,9.7865,16548000
2018-11-14,10.1187,10.1875,9.6625,9.7650,9.6227,15684800
2018-11-15,9.7275,10.1637,9.5662,10.1125,9.9651,18927200
2018-11-16,9.9213,10.1400,9.8375,10.0450,9.8986,13453600
2018-11-19,9.9487,9.9650,9.3275,9.3837,9.2470,17876000
2018-11-20,8.9537,9.3038,8.8125,9.0550,8.9230,24724800
2018-11-21,9.2825,9.3650,9.1562,9.1838,9.0499,12043200
2018-11-23,9.0387,9.2375,9.0337,9.0500,8.9181,4828000
2018-11-26,9.2950,9.4762,9.2262,9.4675,9.3295,12930400
2018-11-27,9.3650,9.5775,9.2700,9.5350,9.3960,9388000
2018-11-28,9.6687,10.1400,9.5600,10.1350,9.9873,16129600
2018-11-29,10.0588,10.2087,9.9150,10.0750,9.9281,11163200
2018-11-30,10.0975,10.2312,10.0125,10.2300,10.0809,8653600
2018-12-03,10.6700,10.6925,10.4200,10.5700,10.4159,14574400
2018-12-04,10.4600,10.5200,9.7400,9.7600,9.6177,18368800
2018-12-06,9.3750,9.9000,9.2963,9.9000,9.7557,28344000
2018-12-07,9.8050,9.9237,9.1825,9.2375,9.1029,22570400
2018-12-10,9.2075,9.5150,9.0188,9.4350,9.2975,25332800
2018-12-11,9.7338,9.7500,9.3350,9.4937,9.3554,16714400
2018-12-12,9.7788,9.9600,9.6525,9.6625,9.5217,15156000
2018-12-13,9.7738,9.8687,9.5413,9.6713,9.5303,12075200
2018-12-14,9.4425,9.5112,9.1512,9.1713,9.0376,13204800
2018-12-17,9.1163,9.2563,8.6337,8.7863,8.6582,25010400
2018-12-18,8.9125,9.0562,8.7312,8.8825,8.7530,16136800
2018-12-19,8.8638,9.1475,8.3162,8.4625,8.3391,27059200
2018-12-20,8.4075,8.5900,7.9913,8.2087,8.0891,32672000
2018-12-21,8.2738,8.3862,7.6075,7.6800,7.5681,40079200
2018-12-24,7.5738,7.7675,7.3050,7.3150,7.2084,20820000
2018-12-26,7.4575,8.2100,7.3600,8.2100,8.0959,35284800
2018-12-27,7.9950,8.2812,7.6300,8.2788,8.1637,29698400
2018-12-28,8.3725,8.5413,8.1250,8.2688,8.1538,23563200
2018-12-31,8.4225,8.4775,8.2312,8.3988,8.2820,18244000
2019-01-02,8.0425,8.5575,8.0288,8.4613,8.3436,17621600
2019-01-03,8.2175,8.2850,7.8713,7.8938,7.7840,21891200
2019-01-04,8.1587,8.6625,8.1100,8.6012,8.4817,25744800
2019-01-07,8.6225,8.8687,8.5700,8.7750,8.6530,16092000
2019-01-08,8.9500,9.0075,8.6875,8.9500,8.8256,14865600
2019-01-09,9.0087,9.1663,8.9388,9.0837,8.9575,16208000
2019-01-10,8.9475,9.1488,8.8475,9.1300,9.0031,13630400
2019-01-11,9.0337,9.0887,8.9712,9.0750,8.9488,8992800
2019-01-14,8.9125,8.9875,8.8325,8.9100,8.7861,11020000
2019-01-15,8.9862,9.2812,8.9812,9.2612,9.1325,17195200
2019-01-16,9.2875,9.4163,9.2475,9.2587,9.1300,12770400
2019-01-17,9.1912,9.4750,9.1625,9.3900,9.2595,14449600
2019-01-18,9.5300,9.6687,9.4175,9.5725,9.4394,18348800
2019-01-22,9.4362,9.4475,9.0588,9.2075,9.0795,21948800
2019-01-23,9.2900,9.3713,9.0112,9.2188,9.0906,20761600
2019-01-24,9.2712,9.3612,9.2075,9.3300,9.2003,11466400
2019-01-25,9.4750,9.6125,9.4200,9.5650,9.4320,14160800
2019-01-28,9.3138,9.3200,9.1650,9.3200,9.1904,11272000
2019-01-29,9.3287,9.3337,9.0775,9.1375,9.0105,8624000
2019-01-30,9.3475,9.6737,9.2913,9.6200,9.4863,18242400
2019-01-31,9.7150,9.9838,9.6962,9.8962,9.7587,18085600
2019-02-01,9.7975,9.9425,9.7537,9.8050,9.6687,13536000
2019-02-04,9.8088,10.0463,9.7925,10.0463,9.9066,10956800
2019-02-05,10.0750,10.2475,10.0725,10.2275,10.0853,10905600
2019-02-06,10.2300,10.2662,10.0725,10.1600,10.0188,10268800
2019-02-07,9.9838,10.0300,9.7375,9.8862,9.7488,25721600
2019-02-08,9.7113,9.9213,9.6912,9.9175,9.7796,13643200
2019-02-11,9.9937,10.0437,9.8588,9.9050,9.7673,8244000
2019-02-12,10.0425,10.2262,10.0162,10.2013,10.0594,8245600
2019-02-13,10.2837,10.3475,10.1900,10.2075,10.0656,11249600
2019-02-14,10.1287,10.3050,10.0675,10.2250,10.0829,16321600
2019-02-15,10.3888,10.3888,10.2225,10.3212,10.1778,13076800
2019-02-19,10.2513,10.4200,10.2513,10.3550,10.2110,10092000
2019-02-20,10.3737,10.4513,10.2425,10.3538,10.2098,13265600
2019-02-21,10.2950,10.3500,10.1663,10.2688,10.1260,10931200
2019-02-22,10.3162,10.4388,10.3050,10.4250,10.2801,8028000
2019-02-25,10.5787,10.6375,10.4862,10.5000,10.3540,9064000
2019-02-26,10.4375,10.5850,10.4187,10.5188,10.3725,9204800
2019-02-27,10.4300,10.5300,10.2850,10.5013,10.3553,9379200
2019-02-28,10.4350,10.5275,10.3962,10.4525,10.3072,6304000
2019-03-01,10.6038,10.6287,10.4550,10.6050,10.4576,7465600
2019-03-04,10.7175,10.7662,10.3650,10.6000,10.4526,14304800
2019-03-05,10.6088,10.6788,10.5100,10.6150,10.4674,6786400
2019-03-06,10.6275,10.6350,10.4587,10.4900,10.3442,9884000
2019-03-07,10.4338,10.4450,10.1587,10.2350,10.0927,16847200
2019-03-08,10.0025,10.2087,9.9812,10.1987,10.0570,12748800
2019-03-11,10.2800,10.6375,10.2800,10.6250,10.4773,8944800
2019-03-12,10.6750,10.7950,10.6313,10.7450,10.5956,10898400
2019-03-13,10.8488,11.0138,10.8237,10.9012,10.7497,9967200
2019-03-14,10.9087,10.9375,10.8550,10.8600,10.7090,5555200
2019-03-15,10.9450,11.1263,10.9338,11.0463,10.8927,9206400
2019-03-18,11.0525,11.1800,11.0087,11.1038,10.9494,9306400
2019-03-19,11.2013,11.3050,11.0938,11.1838,11.0283,10556800
2019-03-20,11.1788,11.3988,11.0787,11.2675,11.1187,13987200
2019-03-21,11.1950,11.6450,11.1925,11.6138,11.4604,12127200
2019-03-22,11.5112,11.5750,11.0800,11.0938,10.9472,21494400
2019-03-25,11.0225,11.1362,10.9038,11.0650,10.9189,17850400
2019-03-26,11.2250,11.3625,11.0500,11.1650,11.0175,11055200
2019-03-27,11.1875,11.2413,10.8562,11.0325,10.8868,12356000
2019-03-28,11.0688,11.1450,10.9350,11.0675,10.9213,11332000
2019-03-29,11.2250,11.2513,11.1025,11.2413,11.0928,11311200
2019-04-01,11.4513,11.5550,11.3700,11.5425,11.3901,10333600
2019-04-02,11.5513,11.6350,11.4937,11.6138,11.4604,8560800
2019-04-03,11.7437,11.8900,11.6725,11.7475,11.5923,11328800
2019-04-04,11.7475,11.8350,11.5962,11.7375,11.5825,10709600
2019-04-05,11.8062,11.8663,11.7712,11.8525,11.6960,8264800
2019-04-08,11.8125,11.9288,11.7225,11.9137,11.7564,10833600
2019-04-09,11.8250,11.9087,11.7775,11.8300,11.6738,8942400
2019-04-10,11.8600,11.9587,11.8300,11.9575,11.7996,6844800
2019-04-11,11.9850,11.9900,11.8500,11.8988,11.7416,6588000
2019-04-12,11.9987,12.0100,11.8988,11.9963,11.8378,7475200
2019-04-15,11.9950,12.0225,11.8375,11.9975,11.8390,7102400
2019-04-16,12.0800,12.1313,12.0075,12.0787,11.9192,7738400
2019-04-17,12.2350,12.2587,12.0900,12.1600,11.9994,7839200
2019-04-18,12.1987,12.2013,12.0475,12.1862,12.0253,6980000
2019-04-22,12.0787,12.2650,12.0625,12.2587,12.0968,5758400
2019-04-23,12.3112,12.5950,12.2850,12.5675,12.4015,9048800
2019-04-24,12.5800,12.6187,12.4800,12.4875,12.3226,7058400
2019-04-25,12.6737,12.6812,12.4513,12.5725,12.4065,8656800
2019-04-26,12.5475,12.6100,12.3350,12.6100,12.4435,9377600
2019-04-29,12.6025,12.6912,12.5650,12.6475,12.4805,5885600
2019-04-30,12.4525,12.4950,12.2825,12.4600,12.2954,10799200
2019-05-01,12.6163,12.6888,12.3575,12.3638,12.2005,13489600
2019-05-02,12.3663,12.4925,12.1012,12.2700,12.1079,17077600
2019-05-03,12.4675,12.6713,12.4263,12.6550,12.4879,11482400
2019-05-06,12.1175,12.5312,12.0775,12.5075,12.3423,12828800
2019-05-07,12.2200,12.3300,11.7812,12.0050,11.8464,26300000
2019-05-08,11.9300,12.1263,11.8500,11.9325,11.7749,16962400
2019-05-09,11.6862,11.8962,11.4725,11.8225,11.6664,25925600
2019-05-10,11.7262,11.9575,11.3375,11.8462,11.6898,19810400
2019-05-13,11.2413,11.3575,10.9525,11.0150,10.8695,28607200
2019-05-14,11.1350,11.3925,11.0550,11.2575,11.1088,14888800
2019-05-15,11.1138,11.6337,11.1038,11.5650,11.4123,20064000
2019-05-16,11.5800,11.9513,11.5562,11.8000,11.6442,19188000
2019-05-17,11.5675,11.8850,11.5437,11.5588,11.4061,19876000
2019-05-20,11.2437,11.3263,11.0950,11.1775,11.0299,18007200
2019-05-21,11.3625,11.4637,11.2937,11.4012,11.2507,9770400
2019-05-22,11.2725,11.4250,11.2688,11.3000,11.1508,7378400
2019-05-23,11.0450,11.0475,10.8125,10.9487,10.8041,18256000
2019-05-24,11.0763,11.1462,10.9125,10.9338,10.7893,10604000
2019-05-28,10.9925,11.1213,10.8512,10.8512,10.7079,10436000
2019-05-29,10.7250,10.7925,10.5588,10.6775,10.5365,17305600
2019-05-30,10.7350,10.8212,10.6400,10.7688,10.6265,13569600
2019-05-31,10.5100,10.5800,10.4075,10.4087,10.2713,16176800
2019-06-03,10.3638,10.4125,9.8550,9.9712,9.8396,30019200
2019-06-04,10.1750,10.5212,10.1025,10.5162,10.3774,14740800
2019-06-05,10.7150,10.7188,10.4525,10.6713,10.5303,16856800
2019-06-06,10.7050,10.8912,10.6125,10.8350,10.6919,12558400
2019-06-07,10.9487,11.3475,10.9263,11.2500,11.1014,14323200
2019-06-10,11.4025,11.7325,11.4025,11.5075,11.3555,14978400
2019-06-11,11.7612,11.8013,11.4738,11.5475,11.3950,12202400
2019-06-12,11.4812,11.5300,11.3750,11.4200,11.2692,7091200
2019-06-13,11.5100,11.6000,11.4637,11.5525,11.3999,7874400
2019-06-14,11.4200,11.5050,11.3588,11.4375,11.2864,8337600
2019-06-17,11.4925,11.6475,11.4725,11.5825,11.4295,6988000
2019-06-18,11.8500,12.0825,11.7975,11.9200,11.7626,13854400
2019-06-19,11.9613,12.0638,11.8088,12.0075,11.8489,12580800
2019-06-20,12.3400,12.3462,12.0500,12.2262,12.0648,14650400
2019-06-21,12.1925,12.3475,12.1412,12.1962,12.0352,11025600
2019-06-24,12.2362,12.2600,12.1775,12.1925,12.0315,5284800
2019-06-25,12.1687,12.1788,11.7338,11.7650,11.6145,13850400
2019-06-26,11.9200,12.0688,11.8375,11.8700,11.7182,8439200
2019-06-27,11.9575,12.0175,11.8988,11.9650,11.8119,6425600
2019-06-28,12.0188,12.0463,11.9050,12.0013,11.8477,10090400
2019-07-01,12.4487,12.4800,12.2013,12.3125,12.1550,11168800
2019-07-02,12.3038,12.4125,12.2350,12.4125,12.2537,7073600
2019-07-03,12.4637,12.5887,12.4425,12.5887,12.4277,4602400
2019-07-05,12.4225,12.5863,12.3237,12.5475,12.3870,7598400
2019-07-08,12.3825,12.3825,12.2625,12.3625,12.2044,4544800
2019-07-09,12.2400,12.5162,12.2238,12.4875,12.3278,6504000
2019-07-10,12.6375,12.8038,12.5913,12.7312,12.5684,8825600
2019-07-11,12.7762,12.8325,12.6337,12.7113,12.5486,9186400
2019-07-12,12.7375,12.8575,12.7125,12.8575,12.6930,5073600
2019-07-15,12.9137,12.9425,12.8450,12.9288,12.7634,4829600
2019-07-16,12.8950,12.9263,12.7238,12.8000,12.6363,6689600
2019-07-17,12.8075,12.8462,12.6737,12.6775,12.5153,4691200
2019-07-18,12.5575,12.7500,12.4725,12.7175,12.5548,8288800
2019-07-19,12.8888,12.8888,12.4875,12.5013,12.3413,9793600
2019-07-22,12.5800,12.7612,12.5737,12.7163,12.5536,5620000
2019-07-23,12.8500,12.8763,12.6800,12.8763,12.7115,6175200
2019-07-24,12.7812,13.0550,12.7725,13.0550,12.8880,6628800
2019-07-25,12.9613,12.9663,12.7587,12.8025,12.6387,8358400
2019-07-26,12.9663,13.1000,12.9525,13.0600,12.8929,5265600
2019-07-29,13.0487,13.0487,12.8125,12.9800,12.8140,6031200
2019-07-30,12.7800,12.9637,12.7575,12.8600,12.6955,4669600
2019-07-31,12.9325,12.9450,12.2712,12.5188,12.3586,15574400
2019-08-01,12.5538,13.0063,12.2625,12.3775,12.2192,20566400
2019-08-02,12.2013,12.2250,11.8638,12.0175,11.8638,18462400
2019-08-05,11.5125,11.5162,10.9637,11.1462,11.0037,26062400
2019-08-06,11.3700,11.5363,11.2037,11.4738,11.3270,14356000
2019-08-07,11.2275,11.6237,11.0525,11.5725,11.4245,21372000
2019-08-08,11.7125,12.1000,11.6337,12.0950,11.9403,11144000
2019-08-09,11.9762,12.0562,11.6788,11.8650,11.7132,15328000
2019-08-12,11.7188,11.7875,11.4850,11.5950,11.4467,10623200
2019-08-13,11.5837,12.2537,11.5525,12.1150,11.9600,17779200
2019-08-14,11.7025,11.7850,11.3350,11.3612,11.2159,19658400
2019-08-15,11.4113,11.4725,11.1737,11.3462,11.2011,15259200
2019-08-16,11.5400,11.7650,11.5400,11.7050,11.5553,8902400
2019-08-19,12.0325,12.1300,11.9637,12.0625,11.9082,8017600
2019-08-20,12.0250,12.1050,11.8925,11.9000,11.7478,8296800
2019-08-21,12.1088,12.1788,12.0225,12.1062,11.9514,5812800
2019-08-22,12.1475,12.2037,11.8350,12.0275,11.8736,8872800
2019-08-23,11.8650,12.0763,11.1962,11.2700,11.1258,18804800
2019-08-26,11.5162,11.6000,11.3800,11.5988,11.4504,9049600
2019-08-27,11.7550,11.7950,11.4575,11.5588,11.4109,10804000
2019-08-28,11.4712,11.6663,11.3625,11.6263,11.4775,7570400
2019-08-29,11.9137,12.0475,11.8287,11.9825,11.8292,9375200
2019-08-30,12.1075,12.1138,11.7937,11.9288,11.7762,8736000
2019-09-03,11.7700,11.8862,11.6125,11.6925,11.5429,10075200
2019-09-04,11.9137,12.0450,11.8538,12.0300,11.8761,6433600
2019-09-05,12.2875,12.5337,12.2800,12.4725,12.3129,7368800
2019-09-06,12.5000,12.5138,12.3925,12.4438,12.2846,6122400
2019-09-09,12.5175,12.5250,12.2587,12.3850,12.2266,6916800
2019-09-10,12.2513,12.3263,12.0900,12.3263,12.1686,7916800
2019-09-11,12.3575,12.5538,12.3038,12.5475,12.3870,6238400
2019-09-12,12.6987,12.8375,12.6112,12.6412,12.4795,11579200
2019-09-13,12.6075,12.6650,12.5225,12.5588,12.3981,5365600
2019-09-16,12.3875,12.4913,12.3650,12.4325,12.2735,7053600
2019-09-17,12.4375,12.5575,12.3925,12.5513,12.3907,3535200
2019-09-18,12.5075,12.5562,12.2362,12.5500,12.3895,7505600
2019-09-19,12.5900,12.7400,12.5387,12.5863,12.4252,4820800
2019-09-20,12.6250,12.6438,12.2312,12.3200,12.1624,8774400
2019-09-23,12.3088,12.3988,12.2250,12.3275,12.1698,6104000
2019-09-24,12.4425,12.4888,11.8988,11.9925,11.8391,15376000
2019-09-25,11.9725,12.3287,11.7762,12.2638,12.1069,9322400
2019-09-26,12.2425,12.2525,11.9937,12.1737,12.0180,9116000
2019-09-27,12.2125,12.2275,11.7075,11.8825,11.7305,11147200
2019-09-30,11.9575,12.1313,11.9225,12.0913,11.9366,8552000
2019-10-01,12.1800,12.3200,11.8612,11.8925,11.7404,10512800
2019-10-02,11.7400,11.7400,11.3625,11.4838,11.3368,12161600
2019-10-03,11.4875,11.7513,11.2063,11.7400,11.5898,13472000
2019-10-04,11.8538,12.1150,11.8387,12.0863,11.9316,8134400
2019-10-07,12.0087,12.1975,11.9625,12.0050,11.8514,6994400
2019-10-08,11.8512,11.9537,11.6275,11.6325,11.4837,11548800
2019-10-09,11.8325,11.9775,11.7700,11.8813,11.7293,6865600
2019-10-10,11.8713,12.1438,11.8625,12.0463,11.8921,6428800
2019-10-11,12.3250,12.5550,12.3125,12.3512,12.1932,13950400
2019-10-14,12.3200,12.4312,12.3025,12.3625,12.2044,4255200
2019-10-15,12.4300,12.7262,12.4213,12.6675,12.5055,6500000
2019-10-16,12.5938,12.6625,12.5275,12.6038,12.4425,5408000
2019-10-17,12.7575,12.7950,12.5825,12.6737,12.5116,5344000
2019-10-18,12.6425,12.6850,12.3000,12.4288,12.2698,7823200
2019-10-21,12.5525,12.6625,12.4975,12.6475,12.4857,4286400
2019-10-22,12.7350,12.7812,12.4388,12.4450,12.2858,5113600
2019-10-23,12.3837,12.4925,12.3525,12.4913,12.3315,3968800
2019-10-24,12.6687,12.7437,12.5562,12.7275,12.5647,5922400
2019-10-25,12.5988,12.9438,12.5938,12.9237,12.7584,6609600
2019-10-28,13.0513,13.2212,13.0513,13.1850,13.0163,5828000
2019-10-29,13.1400,13.1775,12.9775,12.9875,12.8214,6106400
2019-10-30,13.0350,13.1475,12.8825,13.0913,12.9238,6336800
2019-10-31,13.1750,13.1900,12.9675,13.1112,12.9435,7887200
2019-11-01,13.2275,13.3562,13.1888,13.3562,13.1854,6411200
2019-11-04,13.5350,13.5750,13.4688,13.5100,13.3372,7344800
2019-11-05,13.5513,13.5750,13.4412,13.5150,13.3421,4214400
2019-11-06,13.5000,13.5000,13.3363,13.4663,13.2940,5488800
2019-11-07,13.6038,13.7288,13.4775,13.5562,13.3828,6590400
2019-11-08,13.5063,13.6637,13.4350,13.6637,13.4890,4704800
2019-11-11,13.5337,13.6337,13.4875,13.6250,13.4507,3490400
2019-11-12,13.6475,13.7925,13.6050,13.6962,13.5210,4613600
2019-11-13,13.6062,13.7312,13.5900,13.6775,13.5025,6140000
2019-11-14,13.6038,13.7013,13.5250,13.6850,13.5099,4528000
2019-11-15,13.8450,13.8700,13.7612,13.8550,13.6778,4488000
2019-11-18,13.8425,13.9500,13.7300,13.9100,13.7321,5767200
2019-11-19,14.0087,14.0087,13.8413,13.9412,13.7629,4820800
2019-11-20,13.8750,13.9550,13.5650,13.7725,13.5963,10796000
2019-11-21,13.7413,13.7612,13.6250,13.7100,13.5346,4807200
2019-11-22,13.7725,13.7937,13.5863,13.7300,13.5544,4209600
2019-11-25,13.8363,14.0562,13.8363,14.0525,13.8727,4988000
2019-11-26,14.0675,14.1388,14.0375,14.1050,13.9246,3788800
2019-11-27,14.1800,14.3000,14.1438,14.3000,14.1171,6480000
2019-11-29,14.2312,14.2688,14.1525,14.1650,13.9838,2859200
2019-12-02,14.1687,14.1737,13.7163,13.8525,13.6753,10956800
2019-12-03,13.5050,13.6650,13.3588,13.6512,13.4766,11588000
2019-12-04,13.7987,13.8600,13.7575,13.7900,13.6136,4644800
2019-12-05,13.8912,13.8912,13.7150,13.8425,13.6654,6520000
2019-12-06,14.0375,14.1613,14.0288,14.1313,13.9505,6270400
2019-12-09,14.0875,14.2212,14.0037,14.0125,13.8332,4480800
2019-12-10,14.0200,14.1175,13.9263,13.9888,13.8098,5700000
2019-12-11,14.0450,14.1625,14.0075,14.1388,13.9579,4825600
2019-12-12,14.1025,14.4500,14.0675,14.3500,14.1664,16383200
2019-12-13,14.3325,14.5350,14.2700,14.4362,14.2516,15720000
2019-12-16,14.6187,14.7587,14.6187,14.7125,14.5243,6349600
2019-12-17,14.7638,14.7825,14.6925,14.7288,14.5403,5134400
2019-12-18,14.7662,14.8425,14.7375,14.7500,14.5613,3756800
2019-12-19,14.7762,14.9513,14.7750,14.9450,14.7538,5753600
2019-12-20,15.0863,15.1150,15.0050,15.0688,14.8760,7419200
2019-12-23,15.1737,15.1888,15.1163,15.1375,14.9439,5128000
2019-12-24,15.1613,15.1725,15.0763,15.1388,14.9513,3299200
2019-12-26,15.1912,15.4150,15.1912,15.4150,15.2241,3947200
2019-12-27,15.5238,15.5238,15.3075,15.3775,15.1871,6070400
2019-12-30,15.3650,15.3825,15.0312,15.1700,14.9821,9577600
2019-12-31,15.0875,15.2550,15.0387,15.2362,15.0476,5025600
2020-01-02,15.4888,15.7388,15.4338,15.7362,15.5414,7477600
2020-01-03,15.3225,15.6388,15.3225,15.4575,15.2661,10924000
2020-01-06,15.2000,15.6538,15.1687,15.6412,15.4475,6679200
2020-01-07,15.6613,15.7312,15.5487,15.6337,15.4401,5158400
2020-01-08,15.6300,16.0225,15.5875,15.8700,15.6735,9110400
2020-01-09,16.1362,16.2025,15.9575,16.1513,15.9512,7167200
2020-01-10,16.2725,16.2725,16.0063,16.0662,15.8673,8929600
2020-01-13,16.1838,16.4350,16.1462,16.4263,16.2228,5419200
2020-01-14,16.4013,16.4662,16.2463,16.3050,16.1031,7709600
2020-01-15,16.3150,16.4600,16.2062,16.3075,16.1055,6817600
2020-01-16,16.4638,16.6213,16.4013,16.6150,16.4092,4939200
2020-01-17,16.7638,16.8062,16.5987,16.7838,16.5759,5762400
2020-01-21,16.6875,16.8500,16.6787,16.7687,16.5611,6591200
2020-01-22,16.9312,17.0462,16.8100,16.8538,16.6450,5920000
2020-01-23,16.8312,16.9675,16.6787,16.9538,16.7438,5767200
2020-01-24,17.1275,17.1500,16.5175,16.6637,16.4574,13505600
2020-01-27,15.9275,16.1537,15.8125,15.9775,15.7796,14857600
2020-01-28,16.1987,16.5387,16.1200,16.4600,16.2562,5929600
2020-01-29,16.6525,16.6863,16.3762,16.5112,16.3068,8316800
2020-01-30,16.3037,16.6488,16.2087,16.6313,16.4253,9340000
2020-01-31,16.7650,16.7800,15.9850,16.0925,15.8932,14463200
2020-02-03,16.2550,16.6612,16.2437,16.5713,16.3660,8365600
2020-02-04,17.0375,17.4062,16.9300,17.3337,17.1191,7303200
2020-02-05,17.7738,17.7738,17.2537,17.4662,17.2499,13258400
2020-02-06,17.5500,17.7712,17.4263,17.7563,17.5364,5023200
2020-02-07,17.6025,17.7975,17.5050,17.5963,17.3783,5877600
2020-02-10,17.4912,18.0325,17.4825,18.0325,17.8092,5871200
2020-02-11,18.2288,18.3463,17.9412,18.0325,17.8092,13471200
2020-02-12,18.2388,18.4000,18.1625,18.3862,18.1585,8524800
2020-02-13,18.1275,18.4850,18.0875,18.3250,18.0981,8584000
2020-02-14,18.3900,18.4737,18.2687,18.4225,18.1943,5173600
2020-02-18,18.2450,18.5187,18.2188,18.4538,18.2252,7386400
2020-02-19,18.6625,18.8800,18.6338,18.8000,18.5672,4651200
2020-02-20,18.7200,18.7938,17.9912,18.4350,18.2067,10793600
2020-02-21,18.2750,18.3250,17.5950,17.7488,17.5289,11076800
2020-02-24,16.3787,16.8062,16.1925,16.3700,16.1673,32115200
2020-02-25,16.6362,16.7500,15.3850,15.4862,15.2945,32688800
2020-02-26,15.6575,16.1775,15.4050,15.6200,15.4266,28350400
2020-02-27,14.8425,15.3188,14.0538,14.0562,13.8822,44845600
2020-02-28,13.1362,14.2712,13.0437,14.1975,14.0217,52608800
2020-03-02,14.4963,15.5475,14.0988,15.5337,15.3414,27213600
2020-03-03,15.6350,15.9913,14.2725,14.5425,14.3624,36943200
2020-03-04,15.0913,15.7563,14.7975,15.7362,15.5414,19877600
2020-03-05,14.9350,15.4712,14.5712,14.7887,14.6056,23922400
2020-03-06,13.8050,14.4375,13.5725,14.2900,14.1130,25092000
2020-03-09,12.3125,13.3363,12.2500,12.3225,12.1699,18062400
2020-03-10,13.2575,13.6613,12.3125,13.6438,13.4748,27948800
2020-03-11,13.0025,13.1862,12.1150,12.4537,12.2995,29296000
2020-03-12,10.7837,11.8687,10.1187,10.1488,10.0231,36395200
2020-03-13,11.2725,12.1375,10.2587,12.0825,11.9329,32360800
2020-03-16,9.5638,10.9025,9.0000,9.1488,9.0354,23924800
2020-03-17,9.6613,10.6325,9.0612,10.3825,10.2539,31902400
2020-03-18,9.1987,10.0387,8.6412,9.7325,9.6120,30875200
2020-03-19,9.6337,10.4975,9.2000,9.8663,9.7441,35715200
2020-03-20,10.3088,10.4350,9.0200,9.0775,8.9651,36707200
2020-03-23,9.1400,9.4937,8.5037,9.1237,9.0108,33055200
2020-03-24,10.0700,10.5200,9.9012,10.5125,10.3823,31956000
2020-03-25,10.5787,11.1700,10.0775,10.3237,10.1970,28396800
2020-03-26,10.5150,11.5188,10.4825,11.4350,11.2946,22880000
2020-03-27,10.8413,11.2587,10.5625,10.5962,10.4661,17913600
2020-03-30,10.8350,11.4600,10.7625,11.4075,11.2674,16922400
2020-03-31,11.3600,11.7837,11.0700,11.1975,11.0600,20289600
2020-04-01,10.5525,10.8850,10.0938,10.2625,10.1365,15729600
2020-04-02,10.1613,10.6912,10.1050,10.6700,10.5390,17881600
2020-04-03,10.6112,10.7925,10.1300,10.3800,10.2525,11934400
2020-04-06,11.1613,11.9738,11.0288,11.8562,11.7107,16623200
2020-04-07,12.5337,12.5787,11.7887,11.8100,11.6650,23536800
2020-04-08,12.0400,12.4000,11.8325,12.3237,12.1724,18464800
2020-04-09,12.5363,12.6600,12.1438,12.3550,12.2033,20278400
2020-04-13,12.2600,12.6875,12.1125,12.6388,12.4836,13797600
2020-04-14,13.1450,13.8025,13.0550,13.7312,13.5626,23470400
2020-04-15,13.3025,13.6575,13.1250,13.4175,13.2527,14076000
2020-04-16,13.7150,14.0450,13.4550,13.9263,13.7553,23693600
2020-04-17,14.2587,14.3300,13.7513,14.1562,13.9824,17477600
2020-04-20,13.9062,14.2537,13.8225,13.8287,13.6589,14834400
2020-04-21,13.5612,13.6300,12.6550,12.8000,12.6428,24203200
2020-04-22,13.3538,13.7362,13.2450,13.5913,13.4244,14567200
2020-04-23,13.6812,14.0150,13.4625,13.5262,13.3602,16400000
2020-04-24,13.5688,13.9925,13.3888,13.9712,13.7997,12976800
2020-04-27,14.2450,14.3038,14.0275,14.1412,13.9676,13344800
2020-04-28,14.4000,14.4000,13.6000,13.6375,13.4700,18484800
2020-04-29,14.2425,14.7212,14.1000,14.5675,14.3886,16485600
2020-04-30,14.7300,14.7312,14.3763,14.6225,14.4430,14748000
2020-05-01,13.9925,14.2812,13.6200,13.7388,13.5701,15874400
2020-05-04,13.6088,14.1050,13.5450,14.0825,13.9096,11196800
2020-05-05,14.3588,14.7175,14.2900,14.3962,14.2195,11768000
2020-05-06,14.6225,14.8413,14.4563,14.5712,14.3923,11310400
2020-05-07,14.9400,15.0662,14.7675,14.9575,14.7738,10453600
2020-05-08,15.1775,15.3700,15.0475,15.3500,15.1615,11151200
2020-05-11,15.1687,15.7712,15.1337,15.6050,15.4134,9703200
2020-05-12,15.7075,15.7975,14.9738,14.9825,14.7985,10824000
2020-05-13,15.0550,15.3075,14.2450,14.6088,14.4294,18562400
2020-05-14,14.4312,14.9338,14.1525,14.9275,14.7442,16701600
2020-05-15,14.5200,15.1325,14.4663,15.1200,14.9343,13533600
2020-05-18,15.5300,15.8287,15.4263,15.6987,15.5060,15345600
2020-05-19,15.7212,16.0175,15.5925,15.5975,15.4060,14496800
2020-05-20,15.9688,16.2775,15.9688,16.2325,16.0332,10851200
2020-05-21,16.2450,16.3312,15.8075,15.8750,15.6801,14448800
2020-05-22,15.8125,16.0112,15.6862,15.9738,15.7776,7922400
2020-05-26,16.4925,16.5212,15.8675,15.9100,15.7146,12181600
2020-05-27,15.8237,16.0850,15.1875,16.0613,15.8640,21416800
2020-05-28,15.8975,16.5088,15.8962,15.9987,15.8023,16858400
2020-05-29,16.0950,16.5238,15.8512,16.4338,16.2320,23090400
2020-06-01,16.3550,16.6475,16.3062,16.6087,16.4048,9300800
2020-06-02,16.6488,16.8150,16.3037,16.8150,16.6085,10876800
2020-06-03,16.8988,17.0713,16.7763,16.9625,16.7542,7372000
2020-06-04,16.9037,17.1200,16.5362,16.7200,16.5147,14243200
2020-06-05,16.8675,17.4737,16.8125,17.3750,17.1617,12560800
2020-06-08,17.3575,17.6700,17.1338,17.6612,17.4444,12563200
2020-06-09,17.5250,18.0425,17.5163,17.9025,17.6827,11370400
2020-06-10,18.1625,18.5775,18.0925,18.3475,18.1222,15496800
2020-06-11,17.7488,17.9487,16.5163,16.5338,16.3307,20905600
2020-06-12,17.2475,17.4212,16.2025,16.7650,16.5591,24397600
2020-06-15,16.2825,17.2900,16.1537,17.1838,16.9728,16255200
2020-06-16,17.9212,18.1087,17.1575,17.8013,17.5827,17252000
2020-06-17,18.0063,18.1700,17.7800,17.8875,17.6679,10474400
2020-06-18,17.8463,18.0287,17.7300,17.9988,17.7777,11544800
2020-06-19,18.3625,18.3925,17.7250,17.9762,17.7555,12873600
2020-06-22,17.9775,18.4387,17.9200,18.4225,18.1963,8647200
2020-06-23,18.6600,19.0650,18.5775,18.7162,18.4864,8218400
2020-06-24,18.6025,18.8000,17.7262,17.9662,17.7456,16951200
2020-06-25,17.9675,18.3288,17.5875,18.3113,18.0864,11276800
2020-06-26,18.2550,18.2588,17.3500,17.4163,17.2024,15106400
2020-06-29,17.3937,17.8075,17.0063,17.7838,17.5654,12743200
2020-06-30,17.7938,18.5837,17.7712,18.4613,18.2346,9148800
2020-07-01,18.5050,19.0850,18.4250,18.9312,18.6988,9286400
2020-07-02,19.3062,19.5075,19.1187,19.1875,18.9519,9366400
2020-07-06,19.6963,20.2125,19.6887,20.1362,19.8890,8572800
2020-07-07,20.0875,20.5187,19.8137,19.8512,19.6075,10094400
2020-07-08,20.0713,20.3838,19.8375,20.3662,20.1162,8076000
2020-07-09,20.6737,20.8325,20.0125,20.7050,20.4508,12246400
2020-07-10,20.6712,21.0413,20.2600,21.0138,20.7557,9117600
2020-07-13,21.4613,21.9225,20.0037,20.1388,19.8915,16536000
2020-07-14,19.7463,20.4837,19.2388,20.4325,20.1816,21487200
2020-07-15,20.6325,20.7825,19.9713,20.4775,20.2261,14611200
2020-07-16,20.0362,20.3188,19.6737,20.1912,19.9433,11288800
2020-07-17,20.3162,20.4025,19.9200,20.2563,20.0075,9411200
2020-07-20,20.3750,21.5088,20.1663,21.4200,21.1570,7736800
2020-07-21,21.6763,21.6787,20.8300,20.9688,20.7113,11613600
2020-07-22,21.0387,21.2588,20.7350,21.1162,20.8570,7987200
2020-07-23,21.0450,21.1462,19.7812,20.0025,19.7569,16324000
2020-07-24,19.4025,19.8425,18.9750,19.6175,19.3766,15490400
2020-07-27,19.8913,20.3862,19.7700,20.3250,20.0754,10046400
2020-07-28,20.2013,20.2838,19.7638,19.8200,19.5766,7340000
2020-07-29,20.0450,20.4037,19.9813,20.2787,20.0297,6929600
2020-07-30,19.9550,20.5650,19.7712,20.4825,20.2310,8896800
2020-07-31,21.2138,21.2275,20.4387,21.2100,20.9496,11823200
2020-08-03,21.5688,21.8975,21.5400,21.7712,21.5039,7482400
2020-08-04,21.6775,21.9438,21.5713,21.9400,21.6706,7414400
2020-08-05,22.0163,22.1175,21.8400,22.0550,21.7842,6196800
2020-08-06,22.0088,22.6850,21.9075,22.6162,22.3385,7689600
2020-08-07,22.5287,22.6650,21.7375,22.1075,21.8360,11301600
2020-08-10,22.1550,22.1975,21.3325,21.9100,21.6410,10324000
2020-08-11,21.7175,21.9387,20.9937,21.0925,20.8335,11932800
2020-08-12,21.4275,22.3000,21.4275,22.1537,21.8817,9388000
2020-08-13,22.2687,22.6250,22.0975,22.2412,21.9681,8996000
2020-08-14,22.3275,22.3838,21.9575,22.2000,21.9274,5904000
2020-08-17,22.4750,22.7612,22.4525,22.6925,22.4139,5020800
2020-08-18,22.8850,23.2250,22.6400,23.1350,22.8509,4248000
2020-08-19,23.1400,23.3125,22.7525,22.8325,22.5521,6243600
2020-08-20,22.6925,23.5450,22.6325,23.4650,23.1769,4279600
2020-08-21,23.5125,23.8625,23.3850,23.7775,23.4855,4805200
2020-08-24,24.3375,24.4775,23.6900,24.0850,23.7893,5148400
2020-08-25,23.9425,24.4725,23.8750,24.4600,24.1597,4954400
2020-08-26,24.6700,25.5300,24.6550,25.4975,25.1844,6337600
2020-08-27,25.6900,25.8325,24.9375,25.3275,25.0165,9339600
2020-08-28,25.5550,25.7075,25.3250,25.5925,25.2783,5770000
2020-08-31,25.7050,26.3375,25.6200,26.0400,25.7203,6781200
2020-09-01,26.4975,26.9225,26.1775,26.9000,26.5697,7399200
2020-09-02,27.4950,27.5075,26.3575,27.4025,27.0660,10671200
2020-09-03,26.5875,26.6500,24.0825,24.5925,24.2905,21334400
2020-09-04,24.3425,24.8725,21.9525,23.9400,23.6460,22371200
2020-09-08,22.0650,23.0500,21.6075,21.6575,21.3916,14596800
2020-09-09,22.5475,23.2775,22.1525,22.9200,22.6386,15787600
2020-09-10,23.4400,23.6400,21.7125,21.9800,21.7101,15222800
2020-09-11,22.3450,22.4675,21.1350,21.7025,21.4360,15321600
2020-09-14,22.3275,22.7900,22.1175,22.4575,22.1817,10220400
2020-09-15,23.0725,23.3325,22.8100,23.0975,22.8139,9455200
2020-09-16,23.2125,23.3075,22.3075,22.3350,22.0607,11146800
2020-09-17,21.2025,21.9900,21.0675,21.6700,21.4039,12571600
2020-09-18,21.8625,21.9250,20.4275,21.0975,20.8384,16731200
2020-09-21,20.4800,21.2800,20.0950,21.2800,21.0187,15192800
2020-09-22,21.6700,22.1425,21.1100,22.0425,21.7718,9837200
2020-09-23,22.0050,22.0225,20.5600,20.6875,20.4335,11753600
2020-09-24,20.2950,21.4125,20.2425,20.8950,20.6384,14940400
2020-09-25,20.9725,21.9950,20.7275,21.8850,21.6163,9966800
2020-09-28,22.6750,22.7775,22.2375,22.7625,22.4830,7680400
2020-09-29,22.7025,22.8575,22.4750,22.5575,22.2805,7970800
2020-09-30,22.5850,23.4050,22.5600,22.9125,22.6312,11083200
2020-10-01,23.5275,23.7300,23.2125,23.6075,23.3176,10772400
2020-10-02,22.5625,23.1875,22.1275,22.2775,22.0040,15080400
2020-10-05,22.5975,23.2700,22.5875,23.2425,22.9571,8582000
2020-10-06,23.0825,23.3900,22.2300,22.3800,22.1052,11046000
2020-10-07,22.8275,23.2925,22.7425,23.2000,22.9151,5386400
2020-10-08,23.5650,23.5800,23.2275,23.4100,23.1225,6250000
2020-10-09,23.6750,24.1300,23.6225,24.1200,23.8238,8204400
2020-10-12,24.9350,26.1000,24.7500,25.6025,25.2881,11895200
2020-10-13,25.9300,26.0450,25.3625,25.5850,25.2708,10455200
2020-10-14,25.7575,25.9200,24.8700,25.1775,24.8684,9660000
2020-10-15,24.3300,24.9450,24.2250,24.8225,24.5177,9642000
2020-10-16,25.1325,25.3800,24.5250,24.5625,24.2609,10963200
2020-10-19,24.8975,25.0625,23.5800,23.7350,23.4436,9526400
2020-10-20,23.8925,24.3950,23.6175,23.8825,23.5892,10346800
2020-10-21,23.8950,24.3475,23.7375,23.8225,23.5300,7973200
2020-10-22,23.9725,24.1150,23.2625,23.8300,23.5374,9636000
2020-10-23,23.9375,23.9375,23.4200,23.9375,23.6436,6109600
2020-10-26,23.5050,24.0000,22.5750,23.1800,22.8954,13420000
2020-10-27,23.3525,23.6900,23.1575,23.5375,23.2485,9899200
2020-10-28,22.7950,22.8800,21.6750,21.7150,21.4484,16731600
2020-10-29,21.9475,22.9650,21.8575,22.4375,22.1620,11930800
2020-10-30,22.1375,22.2750,20.9525,21.3750,21.1125,14191200
2020-11-02,21.7000,21.9825,20.9500,21.4350,21.1718,8594800
2020-11-03,21.7100,22.5000,21.5675,22.1525,21.8805,8650800
2020-11-04,23.5975,24.4300,23.3250,24.1350,23.8386,12656400
2020-11-05,25.2500,25.5600,24.9925,25.4050,25.0931,10176000
2020-11-06,25.2625,25.5525,24.6100,25.4475,25.1350,7578400
2020-11-09,25.9025,26.1950,24.3250,24.3700,24.0708,14152400
2020-11-10,23.8225,24.0650,23.0475,23.5350,23.2460,11485600
2020-11-11,23.9175,24.6450,23.8650,24.5775,24.2757,7230400
2020-11-12,24.7100,24.9575,24.1400,24.3450,24.0461,6288800
2020-11-13,24.6175,24.8650,24.2450,24.7925,24.4881,4542000
2020-11-16,24.7075,25.2000,24.6100,25.1225,24.8140,5726400
2020-11-17,25.1800,25.2375,24.8675,24.9600,24.6535,4220000
2020-11-18,24.8850,25.1700,24.6025,24.6075,24.3054,5259600
2020-11-19,24.5175,25.0525,24.4000,24.9800,24.6733,4780800
2020-11-20,24.9975,25.1125,24.6500,24.6600,24.3572,3907200
2020-11-23,24.8325,25.0550,24.2700,24.6575,24.3547,6552800
2020-11-24,24.8400,25.4350,24.5300,25.3625,25.0511,5338800
2020-11-25,25.5200,25.7725,25.3750,25.6800,25.3647,5023600
2020-11-27,25.9900,26.3300,25.9525,26.1350,25.8141,3326400
2020-11-30,26.1850,26.2900,25.3950,26.2025,25.8808,5148000
2020-12-01,26.6275,27.2000,26.4475,26.9500,26.6191,4608000
2020-12-02,26.6825,27.0375,26.3550,26.9700,26.6388,4815200
2020-12-03,27.0050,27.3300,26.9200,27.0325,26.7006,5140400
2020-12-04,27.0575,27.2900,26.9300,27.2875,26.9524,3401200
2020-12-07,27.3000,27.6375,27.2700,27.5750,27.2364,3628000
2020-12-08,27.4900,27.8125,27.1600,27.7450,27.4043,3881600
2020-12-09,27.7350,27.7650,26.3050,26.5275,26.2018,8483600
2020-12-10,26.1325,26.9175,25.9400,26.7000,26.3722,7340000
2020-12-11,26.4050,26.6150,26.0000,26.6025,26.2759,6267200
2020-12-14,26.7850,27.3325,26.7850,26.9500,26.6191,5519200
2020-12-15,27.3950,27.5500,26.9950,27.5500,27.2117,3863600
2020-12-16,27.6350,28.0050,27.4475,27.8550,27.5130,5317200
2020-12-17,28.1600,28.2625,27.9325,28.2175,27.8710,4388400
2020-12-18,28.3525,28.3900,27.6075,28.0225,27.6784,7573200
2020-12-21,27.5000,28.0425,26.9775,27.9500,27.6068,7365200
2020-12-22,28.1125,28.2650,27.5700,28.0850,27.7401,6357600
2020-12-23,28.1000,28.1625,27.7800,27.8050,27.4636,4632800
2020-12-24,27.8575,28.1275,27.8500,28.0475,27.7031,2612400
2020-12-28,28.5275,28.7025,28.1975,28.6175,28.2661,4510800
2020-12-29,28.8675,28.9800,28.5000,28.6700,28.3180,4793200
2020-12-30,28.8800,28.9400,28.5475,28.6450,28.2933,3214800
2020-12-31,28.6525,28.8850,28.4525,28.7775,28.4241,4652000
2021-01-04,29.0550,29.0800,27.2400,27.9675,27.6241,10180000
2021-01-05,27.8000,28.4775,27.7925,28.4225,28.0735,8942800
2021-01-06,27.5725,28.4450,27.3700,27.6600,27.3204,9966000
2021-01-07,28.1450,29.1425,28.1450,29.0100,28.6538,6424400
2021-01-08,29.4250,29.7950,29.0100,29.7400,29.3748,9081200
2021-01-11,29.1600,29.3850,28.7400,28.8550,28.5007,8142800
2021-01-12,28.8850,29.0825,28.2825,28.7850,28.4316,6837200
2021-01-13,28.8300,29.3100,28.7200,29.1575,28.7995,4868400
2021-01-14,29.2375,29.4325,28.7650,28.8375,28.4834,5456400
2021-01-15,28.8175,28.9875,28.1775,28.3900,28.0414,5389200
2021-01-19,28.8225,29.3075,28.6250,29.2300,28.8711,6685200
2021-01-20,29.8875,30.7500,29.8325,30.5675,30.1922,5584400
2021-01-21,30.7650,31.2025,30.5700,31.0825,30.7008,6775200
2021-01-22,30.8875,31.0800,30.7500,30.8875,30.5082,5576800
2021-01-25,31.5475,31.8025,30.1250,31.4350,31.0490,14268400
2021-01-26,31.5400,31.7050,31.2275,31.4800,31.0935,9333200
2021-01-27,31.0300,31.0325,29.3375,29.7850,29.4193,12130800
2021-01-28,29.9450,31.0175,29.8425,30.0825,29.7131,9271200
2021-01-29,29.7400,29.9550,28.4675,28.8425,28.4883,11287200
2021-02-01,29.4700,30.4325,29.1075,30.2600,29.8884,9096400
2021-02-02,30.8250,31.4500,30.7875,31.2525,30.8688,6991600
2021-02-03,31.6250,31.7050,30.9725,30.9825,30.6021,7540400
2021-02-04,31.2675,31.7250,30.9950,31.7225,31.3330,4824400
2021-02-05,31.9125,32.1250,31.5825,31.9450,31.5527,7433200
2021-02-08,32.2650,32.3800,31.9475,32.3450,31.9478,5049200
2021-02-09,32.1675,32.5875,32.1675,32.3350,31.9380,3492400
2021-02-10,32.6075,32.7000,31.5525,32.1775,31.7824,5258800
2021-02-11,32.5000,32.6175,32.0650,32.5350,32.1355,4302000
2021-02-12,32.3775,32.9325,32.1650,32.8950,32.4911,3381600
2021-02-16,33.0550,33.2400,32.4875,32.7250,32.3232,4618800
2021-02-17,32.1225,32.4575,31.6700,32.4075,32.0096,6291600
2021-02-18,31.6850,32.2575,31.3275,32.1125,31.7182,5330400
2021-02-19,32.3875,32.4050,31.6475,31.8425,31.4515,4489600
2021-02-22,30.9650,31.2175,30.1600,30.1925,29.8218,8728800
2021-02-23,29.1600,30.3275,28.0525,30.0050,29.6366,17403200
2021-02-24,29.4900,30.5625,28.9725,30.4950,30.1206,9657200
2021-02-25,29.9700,30.4725,28.0700,28.3350,27.9871,16296800
2021-02-26,28.9125,29.5050,28.0225,28.6350,28.2834,19246400
2021-03-01,29.5575,30.3875,29.2950,30.3275,29.9551,8928000
2021-03-02,30.4450,30.4600,29.3050,29.3450,28.9847,7660000
2021-03-03,29.1425,29.3175,27.6350,27.6550,27.3154,11431200
2021-03-04,27.5625,28.1550,26.0225,26.7275,26.3993,26453600
2021-03-05,27.2150,27.6975,25.6000,27.5475,27.2092,17203600
2021-03-08,27.4350,27.7800,25.9025,25.9800,25.6610,11614000
2021-03-09,27.2725,28.3625,27.1875,28.0350,27.6908,8753600
2021-03-10,28.8175,28.9250,27.7425,27.8675,27.5253,14217200
2021-03-11,28.7450,29.4650,28.5725,29.1600,28.8019,8259600
2021-03-12,28.3700,28.6950,27.9350,28.6725,28.3204,9356400
2021-03-15,28.7250,29.3125,28.4225,29.2925,28.9328,5027200
2021-03-16,29.6900,30.2625,29.3300,29.6125,29.2489,7150400
2021-03-17,29.0225,30.2025,28.6950,29.8475,29.4810,8042000
2021-03-18,28.9125,29.0900,27.9300,28.0075,27.6636,12377600
2021-03-19,27.9875,28.4925,27.5850,28.2600,27.9130,9916800
2021-03-22,28.6325,29.6375,28.6325,29.2750,28.9155,8472000
2021-03-23,29.4550,29.7125,28.8550,28.9725,28.6167,9600400
2021-03-24,29.2725,29.2725,28.0075,28.0125,27.6685,8714800
2021-03-25,27.6775,28.2025,27.2200,27.9325,27.5895,10858000
2021-03-26,27.8875,28.8200,27.6375,28.7650,28.4118,8796400
2021-03-29,28.6675,28.9400,28.1225,28.7400,28.3871,8086400
2021-03-30,28.3800,28.5625,27.9500,28.4600,28.1105,6412400
2021-03-31,28.7900,29.6075,28.7225,29.2975,28.9378,6393600
2021-04-01,30.0575,30.3475,30.0050,30.3250,29.9526,6406000
2021-04-05,30.8025,31.6750,30.7525,31.5400,31.1527,7248400
2021-04-06,31.4650,31.8625,31.3500,31.4725,31.0861,5124000
2021-04-07,31.3975,31.7925,31.2125,31.6275,31.2392,4508400
2021-04-08,32.2025,32.3275,32.0350,32.2925,31.8960,3505600
2021-04-09,32.0225,32.7150,31.8900,32.6875,32.2861,5977600
2021-04-12,32.4725,32.6800,32.2200,32.5925,32.1923,3947200
2021-04-13,32.8950,33.4425,32.8650,33.3525,32.9430,4570000
2021-04-14,33.4050,33.4050,32.3875,32.5500,32.1503,5747600
2021-04-15,33.1200,33.6050,33.1000,33.5275,33.1158,6026800
2021-04-16,33.6375,33.6525,33.2425,33.6175,33.2047,4457600
2021-04-19,33.3050,33.5275,32.6100,32.9975,32.5923,6363600
2021-04-20,32.8525,33.1250,32.1150,32.4950,32.0960,6347600
2021-04-21,32.2625,33.1050,32.0550,33.0700,32.6639,5561200
2021-04-22,32.9825,33.1875,32.0400,32.2750,31.8787,7203600
2021-04-23,32.3975,33.3375,32.3975,33.0850,32.6787,4764400
2021-04-26,33.1325,33.5575,32.9825,33.5125,33.1010,4052800
2021-04-27,33.5600,33.5950,33.0225,33.2050,32.7973,4010800
2021-04-28,33.1525,33.3525,32.8650,32.9425,32.5380,5616400
2021-04-29,33.6375,33.7250,32.5850,33.2175,32.8096,6563200
2021-04-30,32.7275,33.2250,32.6125,32.7675,32.3652,4820000
2021-05-03,33.0200,33.1675,32.3500,32.4325,32.0343,5927200
2021-05-04,31.9200,31.9825,30.5050,31.2600,30.8762,9809600
2021-05-05,31.6625,31.8275,30.9075,31.0350,30.6539,6844000
2021-05-06,31.0050,31.5475,30.5675,31.5200,31.1330,7207200
2021-05-07,32.0575,32.4975,31.8175,32.0150,31.6219,5674800
2021-05-10,31.7550,31.7850,30.3750,30.3875,30.0144,8011200
2021-05-11,29.2650,30.4750,29.1500,30.3300,29.9576,8990000
2021-05-12,29.3675,29.8150,28.5950,28.7600,28.4069,9091200
2021-05-13,29.3025,29.7475,28.7525,29.2050,28.8464,9386800
2021-05-14,29.8025,30.6575,29.6975,30.4800,30.1057,8473200
2021-05-17,30.1400,30.2800,29.5675,30.1125,29.7428,6804800
2021-05-18,30.3000,30.5225,29.6575,29.6975,29.3328,6408800
2021-05-19,28.6800,29.8275,28.6150,29.7675,29.4020,13063200
2021-05-20,30.0475,31.0850,30.0175,30.9200,30.5403,9842800
2021-05-21,31.2250,31.3000,30.5050,30.5700,30.1946,10658400
2021-05-24,31.0225,31.8200,30.9475,31.6075,31.2194,6468000
2021-05-25,31.9050,32.0400,31.4600,31.6900,31.3009,5461600
2021-05-26,31.8250,32.0000,31.6850,31.9000,31.5083,4153200
2021-05-27,31.8150,31.9850,31.6400,31.6700,31.2811,3494400
2021-05-28,31.9050,32.1800,31.8100,31.8450,31.4540,5952400
2021-06-01,32.1300,32.2200,31.3950,31.6500,31.2614,4544400
2021-06-02,31.7350,31.9350,31.4350,31.7700,31.3799,3727800
2021-06-03,31.2100,31.4650,30.7850,31.0850,30.7033,4663800
2021-06-04,31.4600,32.2500,31.4400,32.1800,31.7849,6406800
2021-06-07,32.0350,32.3650,31.9250,32.3450,31.9478,4148600
2021-06-08,32.7050,32.8700,32.0550,32.3700,31.9725,4288400
2021-06-09,32.6600,32.8100,32.3650,32.4000,32.0022,3653000
2021-06-10,32.4700,33.0950,32.3900,33.0800,32.6738,3531600
2021-06-11,33.0750,33.2450,32.9450,33.2400,32.8319,2649600
2021-06-14,33.3350,33.8800,33.1000,33.8750,33.4591,3428600
2021-06-15,33.8050,33.8750,33.2950,33.4250,33.0146,3032000
2021-06-16,33.5250,33.7400,32.4950,33.1850,32.7775,6306400
2021-06-17,32.9850,34.2300,32.9750,34.0250,33.6072,5353800
2021-06-18,33.7050,33.9300,33.3450,33.4950,33.0837,5902200
2021-06-21,33.5350,33.9700,33.0850,33.9000,33.4837,7340200
2021-06-22,33.8700,34.6300,33.8050,34.5350,34.1109,3735800
2021-06-23,34.5300,34.8050,34.4100,34.5600,34.1357,4704800
2021-06-24,34.9800,35.3100,34.8600,34.9900,34.5604,3644800
2021-06-25,35.1100,35.1650,34.7900,34.9150,34.4863,3307400
2021-06-28,35.2000,35.7850,35.1650,35.7550,35.3160,2578400
2021-06-29,35.7150,36.0200,35.5550,36.0100,35.5678,2170400
2021-06-30,35.9800,36.0600,35.7800,35.9050,35.4641,2516400
2021-07-01,35.8200,36.0250,35.5500,35.9300,35.4888,3110000
2021-07-02,36.3200,36.8100,36.2800,36.7400,36.2889,2966600
2021-07-06,36.8650,37.1200,36.3050,37.0500,36.5951,2962400
2021-07-07,37.5200,37.5800,36.8100,37.1800,36.7235,3650200
2021-07-08,36.1350,36.9450,35.8650,36.7800,36.3284,6300600
2021-07-09,36.6400,37.3250,36.5200,37.2250,36.7679,3614200
2021-07-12,37.5150,37.6100,37.1800,37.5100,37.0494,3513200
2021-07-13,37.4350,38.1450,37.3300,37.4950,37.0346,5558200
2021-07-14,38.0150,38.1400,37.4700,37.6250,37.1630,4879000
2021-07-15,37.6200,37.6500,36.6850,37.0950,36.6395,5503400
2021-07-16,37.3000,37.4950,36.4350,36.5000,36.0518,4855200
2021-07-19,35.7650,36.0100,35.3650,35.9000,35.4592,13662600
2021-07-20,36.1100,37.0400,35.7500,36.7350,36.2839,7660800
2021-07-21,36.6550,37.3000,36.6000,37.2750,36.8173,4796800
2021-07-22,37.3550,37.7950,37.3550,37.7950,37.3309,4153800
2021-07-23,38.0850,38.7300,37.8150,38.6550,38.1804,4845600
2021-07-26,38.5300,38.8200,38.3400,38.7400,38.2643,4782000
2021-07-27,38.6750,38.6850,36.9800,37.8900,37.4248,8540200
2021-07-28,38.1200,38.5050,37.6400,38.1600,37.6914,6524600
2021-07-29,38.0600,38.5500,38.0500,38.3100,37.8396,3819200
2021-07-30,37.4600,38.0200,37.4400,37.9000,37.4346,4870600
2021-08-02,38.2550,38.3750,37.7800,37.8950,37.4297,9445200
2021-08-03,38.0600,38.3750,37.3600,38.3550,37.8840,5711400
2021-08-04,38.3500,38.6750,38.1200,38.4800,38.0075,3463000
2021-08-05,38.6400,39.0000,38.4950,38.9650,38.4865,3099200
2021-08-06,38.6750,38.8850,38.3750,38.6100,38.1359,3444800
2021-08-09,38.7100,38.8650,38.4750,38.7500,38.2742,2604800
2021-08-10,38.8550,38.9200,38.0950,38.3600,37.8890,3344000
2021-08-11,38.6250,38.7300,37.9300,38.2350,37.7655,2856600
2021-08-12,38.1050,38.5700,37.8250,38.5050,38.0322,2949200
2021-08-13,38.5700,38.8300,38.4750,38.7550,38.2791,2254400
2021-08-16,38.5150,38.8000,37.6850,38.7850,38.3088,4969200
2021-08-17,38.1950,38.4050,37.5850,38.1050,37.6371,4737200
2021-08-18,38.0000,38.2900,37.3000,37.3650,36.9062,4988200
2021-08-19,36.9500,38.0850,36.9000,37.7350,37.2717,10185200
2021-08-20,37.9400,38.5900,37.8950,38.5200,38.0470,5549600
2021-08-23,38.7350,39.8100,38.7350,39.6600,39.1730,3810000
2021-08-24,39.8000,40.0350,39.6850,39.9050,39.4150,2759000
2021-08-25,39.9650,40.1200,39.7950,39.9500,39.4595,3226400
2021-08-26,39.8150,39.9550,39.4000,39.4850,39.0002,3864400
2021-08-27,39.6250,40.3450,39.5200,40.2600,39.7657,3742200
2021-08-30,40.4150,41.2550,40.4150,41.1650,40.6595,3975800
2021-08-31,41.2050,41.2050,40.7400,41.0800,40.5756,3753200
2021-09-01,41.3200,41.6750,41.1750,41.2250,40.7188,3672200
2021-09-02,41.5150,41.5850,40.9050,41.1750,40.6694,3180400
2021-09-03,40.9100,41.5150,40.9100,41.4350,40.9262,2811800
2021-09-07,41.4400,41.6850,41.1900,41.5350,41.0250,3041800
2021-09-08,41.5000,41.5000,40.7450,41.2650,40.7583,4814600
2021-09-09,41.2900,41.5400,40.9100,40.9400,40.4373,3812200
2021-09-10,41.3750,41.4900,40.2650,40.3300,39.8348,5649800
2021-09-13,40.8450,40.9400,39.8250,40.2750,39.7805,6193600
2021-09-14,40.6000,40.7650,39.8400,40.0400,39.5484,5696600
2021-09-15,40.1550,40.7200,39.6450,40.6300,40.1311,3364000
2021-09-16,40.3600,40.8200,39.9250,40.7050,40.2052,3707200
2021-09-17,40.6000,40.6000,39.5000,39.7400,39.2520,5933400
2021-09-20,38.4500,38.8400,37.0700,38.0850,37.6174,14432400
2021-09-21,38.4700,38.7250,37.9400,38.1600,37.6914,7007000
2021-09-22,38.3800,39.2000,38.1450,38.8900,38.4125,6998800
2021-09-23,39.1250,39.8300,38.9950,39.6000,39.1138,6841200
2021-09-24,39.1000,39.7700,39.0400,39.6650,39.1780,3990600
2021-09-27,39.0000,39.2300,38.4850,39.0500,38.5705,6146800
2021-09-28,38.0600,38.1950,36.7250,36.8200,36.3679,12348400
2021-09-29,37.1050,37.5400,36.5800,36.7300,36.2790,7409000
2021-09-30,37.0600,37.4000,36.3650,36.3850,35.9382,8754400
2021-10-01,36.5450,37.0950,35.7050,36.8750,36.4222,9564600
2021-10-04,36.5350,36.6100,34.8650,35.3450,34.9110,12422000
2021-10-05,35.5350,36.7450,35.5150,36.2900,35.8444,8216200
2021-10-06,35.6150,36.8050,35.4250,36.7450,36.2938,8508200
2021-10-07,37.3800,37.9700,37.2850,37.4200,36.9605,5256200
2021-10-08,37.6550,37.6900,36.9350,37.0400,36.5852,4585000
2021-10-11,36.7300,37.4550,36.4550,36.4750,36.0271,4333000
2021-10-12,36.7800,36.8600,36.0850,36.2300,35.7851,4932400
2021-10-13,36.6900,36.9300,36.2850,36.8000,36.3481,4573400
2021-10-14,37.5500,38.1950,37.4150,38.1500,37.6816,5528000
2021-10-15,38.4100,38.6500,38.1950,38.6300,38.1557,3799000
2021-10-18,38.3550,39.4450,38.2300,39.4100,38.9261,4577800
2021-10-19,39.6400,40.0100,39.4950,39.9850,39.4940,3963600
2021-10-20,40.1050,40.2250,39.5700,39.8900,39.4002,3802200
2021-10-21,39.7200,40.4150,39.6450,40.3800,39.8842,3066600
2021-10-22,40.0950,40.3050,39.3300,39.6900,39.2027,4902400
2021-10-25,40.0050,40.7050,39.5850,40.5000,40.0027,4804600
2021-10-26,41.0000,41.5300,40.5050,40.7250,40.2249,5430600
2021-10-27,40.8650,41.6200,40.8050,40.9350,40.4324,3991600
2021-10-28,41.3650,41.9050,41.2050,41.8600,41.3460,3595800
2021-10-29,41.1600,42.3000,41.0850,42.2700,41.7510,4382400
2021-11-01,42.3700,42.5700,41.8950,42.5550,42.0325,4304600
2021-11-02,42.4100,43.0150,42.4050,42.9150,42.3881,3240400
2021-11-03,43.0050,43.9050,42.7800,43.8200,43.2819,4803400
2021-11-04,44.1050,45.1550,43.9750,44.9300,44.3783,5058800
2021-11-05,45.3450,45.5650,44.7000,45.0200,44.4672,5388000
2021-11-08,45.0100,45.2450,44.7450,44.9000,44.3487,3865800
2021-11-09,45.1500,45.2250,43.9600,44.2650,43.7215,5863000
2021-11-10,43.6200,44.2750,42.5300,42.9750,42.4473,7582200
2021-11-11,43.6500,43.6850,43.1250,43.2150,42.6844,4129000
2021-11-12,43.4600,44.2350,43.1050,44.1200,43.5783,3584400
2021-11-15,44.3850,44.4550,43.5300,44.1050,43.5634,4993600
2021-11-16,43.9300,44.8300,43.9000,44.7250,44.1758,5156400
2021-11-17,44.7950,45.2300,44.5550,44.7650,44.2153,3583800
2021-11-18,45.2350,45.8000,44.7200,45.6850,45.1240,6605000
2021-11-19,46.0650,46.4900,45.8700,46.1900,45.6228,4075600
2021-11-22,46.5550,47.2700,45.1000,45.1350,44.5808,8661600
2021-11-23,44.8550,45.3250,43.6800,44.7100,44.1610,8533200
2021-11-24,44.1300,45.0500,43.5950,45.0250,44.4721,5404800
2021-11-26,44.3700,44.6950,42.9700,43.2250,42.6942,9370400
2021-11-29,44.3200,45.3700,44.1600,45.1450,44.5907,6771400
2021-11-30,44.9350,45.4850,43.3600,43.8050,43.2671,13698400
2021-12-01,44.8250,45.3000,42.2400,42.3200,41.8004,10846200
2021-12-02,42.0500,43.3250,41.7200,42.9450,42.4177,12959800
2021-12-03,43.2200,43.4550,40.5100,41.4500,40.9410,13186200
2021-12-06,41.5450,42.4050,40.6200,42.1300,41.6127,9277400
2021-12-07,43.5750,44.7700,43.5750,44.6650,44.1166,8152800
2021-12-08,44.7100,45.0750,44.2750,45.0400,44.4870,6692400
2021-12-09,44.7600,45.1650,43.6600,43.7100,43.1733,7616200
2021-12-10,44.3400,44.7050,43.6250,44.6550,44.1067,6575600
2021-12-13,44.6450,44.7050,43.2800,43.3600,42.8276,6913800
2021-12-14,42.2450,42.8750,41.4800,42.4900,41.9683,9612800
2021-12-15,42.3950,44.4650,41.5100,44.3900,43.8449,11968200
2021-12-16,44.6200,44.7050,41.7400,42.1200,41.6028,12277000
2021-12-17,41.3200,42.6100,40.9950,41.6900,41.1781,13475200
2021-12-20,40.6050,41.0350,40.1650,40.8500,40.3484,11559800
2021-12-21,41.5800,42.7600,40.7600,42.6800,42.1559,8665800
2021-12-22,42.6150,43.7650,42.4750,43.7300,43.1930,7392600
2021-12-23,43.8000,44.7250,43.7700,44.4000,43.8548,7158600
2021-12-27,44.7000,45.8350,44.6700,45.8250,45.2623,7256800
2021-12-28,46.0500,46.1250,45.2200,45.4500,44.8919,8987400
2021-12-29,45.4600,45.7400,44.8550,45.4100,44.8524,6671800
2021-12-30,45.3550,45.8550,44.9950,45.0950,44.5413,5771200
2021-12-31,44.9650,45.2750,44.4550,44.5100,43.9635,10505200
2022-01-03,44.8250,45.4800,44.3450,45.4350,44.8771,12321800
2022-01-04,45.5400,45.5500,43.5150,44.2450,43.7017,12080400
2022-01-05,43.8500,44.1050,41.4700,41.4950,40.9855,19416000
2022-01-06,41.0950,42.1750,40.6100,41.4650,40.9559,21080800
2022-01-07,41.4450,41.8250,40.1650,40.5500,40.0521,14856400
2022-01-10,39.4850,40.7150,38.3050,40.6450,40.1459,26443400
2022-01-11,40.4250,41.8500,39.9800,41.8400,41.3263,21613000
2022-01-12,42.4150,42.7550,41.6450,42.1700,41.6522,16403600
2022-01-13,42.4400,42.6050,39.8350,40.0350,39.5434,21576200
2022-01-14,39.4850,40.6000,39.4600,40.5400,40.0422,23671400
2022-01-18,39.2500,39.7150,38.3450,38.5500,38.0766,19022800
2022-01-19,38.8200,39.3650,37.6100,37.6600,37.1976,21533600
2022-01-20,38.3250,39.1750,36.5650,36.6650,36.2148,18105000
2022-01-21,36.2250,36.7650,34.5850,34.6000,34.1751,30147800
2022-01-24,33.5100,35.0900,31.1850,35.0200,34.5900,40041000
2022-01-25,33.6150,34.5050,32.6550,33.2700,32.8615,45231000
2022-01-26,34.8250,35.5950,32.4900,33.3250,32.9158,26151200
2022-01-27,34.1600,34.5150,32.3500,32.5500,32.1503,31453800
2022-01-28,32.9200,34.6350,31.9550,34.6350,34.2097,34542600
2022-01-31,34.8550,36.9200,34.5400,36.8550,36.4025,15154800
2022-02-01,37.0700,37.4350,36.0000,37.2950,36.8371,14213600
2022-02-02,38.1850,38.2250,37.0450,37.9200,37.4544,14866600
2022-02-03,35.8450,36.5400,34.6050,34.8100,34.3826,20256200
2022-02-04,34.9250,36.3600,34.5100,35.7000,35.2616,12168600
2022-02-07,35.7900,36.2950,34.8650,35.1400,34.7085,13006400
2022-02-08,34.8900,36.1250,34.6600,35.9300,35.4888,10682800
2022-02-09,36.8150,37.4550,36.5100,37.4550,36.9951,10437000
2022-02-10,35.9400,37.3700,35.3450,35.7500,35.3110,20919000
2022-02-11,35.7300,36.0500,33.2100,33.4950,33.0837,20967000
2022-02-14,33.3350,34.2100,32.8450,33.5850,33.1726,21453600
2022-02-15,34.5900,35.2500,34.3800,35.2300,34.7974,12314800
2022-02-16,34.7500,35.3900,34.1300,35.1950,34.7628,13161000
2022-02-17,34.5150,34.6700,33.0100,33.1050,32.6985,12042400
2022-02-18,33.2600,33.3450,31.8900,32.3400,31.9429,17350400
2022-02-22,31.7550,32.8100,30.9850,31.6850,31.2959,18384000
2022-02-23,32.2850,32.4450,30.0050,30.0750,29.7057,20689000
2022-02-24,28.1200,32.1600,28.0600,32.0900,31.6960,31324600
2022-02-25,32.2250,33.1000,31.4850,33.0800,32.6738,17812000
2022-02-28,32.4450,33.5900,32.2200,33.3350,32.9257,15971200
2022-03-01,33.0600,33.5050,31.7650,32.2400,31.8441,15366600
2022-03-02,32.5450,33.5600,32.0050,33.3000,32.8911,13087800
2022-03-03,33.8600,33.8650,32.0000,32.3500,31.9528,13261400
2022-03-04,31.8950,32.1750,30.9750,31.4400,31.0539,12057200
2022-03-07,31.4250,31.6400,29.0650,29.1050,28.7476,15477000
2022-03-08,28.9550,30.5950,28.2150,28.8200,28.4661,29354000
2022-03-09,30.3400,31.1500,29.8600,30.9300,30.5502,15465000
2022-03-10,30.1200,30.4400,29.3750,30.2350,29.8637,14806400
2022-03-11,30.7700,30.8250,28.8700,28.9550,28.5995,11842600
2022-03-14,28.7350,29.3450,27.7150,27.8600,27.5179,17040600
2022-03-15,28.3200,29.7250,28.0300,29.5800,29.2168,17767800
2022-03-16,30.3150,31.8000,29.6400,31.7950,31.4046,21507400
2022-03-17,31.4300,32.5350,31.1700,32.5350,32.1355,13647600
2022-03-18,32.2250,33.9400,32.0050,33.8900,33.4739,14640200
2022-03-21,33.7150,34.1500,32.8250,33.7000,33.2862,13864000
2022-03-22,33.7950,35.1800,33.7200,35.0100,34.5801,13091000
2022-03-23,34.4500,35.1500,34.0000,34.0050,33.5875,12659000
2022-03-24,34.3900,35.5250,33.9650,35.5200,35.0839,14963400
2022-03-25,35.4900,35.7100,34.5950,35.4700,35.0345,13492000
2022-03-28,35.4500,36.5650,35.2000,36.5650,36.1160,13447800
2022-03-29,37.3600,37.9300,36.7800,37.7950,37.3309,13109400
2022-03-30,37.4250,37.7600,36.6650,36.9900,36.5358,10161800
2022-03-31,37.0000,37.0700,35.8900,35.9600,35.5184,18050400
2022-04-01,36.1100,36.2650,35.2700,35.9350,35.4938,13742200
2022-04-04,36.0800,37.3850,36.0250,37.3800,36.9210,10275600
2022-04-05,37.0850,37.2300,35.4750,35.7450,35.3061,15053400
2022-04-06,34.6350,34.8600,33.6400,34.1500,33.7307,18505000
2022-04-07,33.9750,34.7650,33.2800,34.3350,33.9134,23844200
2022-04-08,33.9950,34.1350,33.2550,33.3600,32.9504,16143000
2022-04-11,32.5300,32.7150,31.7250,31.7900,31.3997,12651800
2022-04-12,32.7050,33.0500,31.2600,31.5400,31.1527,17267000
2022-04-13,31.5750,32.9950,31.4450,32.7900,32.3874,9644600
2022-04-14,32.8000,32.9100,31.2600,31.2850,30.9009,13048400
2022-04-18,31.0850,31.7750,30.8050,31.3850,30.9996,10158600
2022-04-19,31.2150,32.8450,31.0250,32.7150,32.3133,10597400
2022-04-20,32.9100,32.9850,31.5550,31.7600,31.3700,11112600
2022-04-21,32.5300,33.0200,30.2950,30.4900,30.1156,15518200
2022-04-22,30.4950,30.7250,28.7950,28.8600,28.5056,17695400
2022-04-25,28.5550,29.6650,28.3400,29.6200,29.2563,20252600
2022-04-26,29.2350,29.2600,27.3200,27.3350,26.9994,17151800
2022-04-27,27.3750,28.3550,27.0000,27.3050,26.9697,22371200
2022-04-28,28.1800,29.5600,27.4350,29.2250,28.8661,21608600
2022-04-29,28.4700,29.1000,26.5050,26.6000,26.2734,21359800
2022-05-02,26.5300,27.5300,25.9950,27.4950,27.1574,41917000
2022-05-03,27.4900,27.9500,27.0650,27.5800,27.2413,15773400
2022-05-04,27.6450,29.5300,26.7000,29.4300,29.0686,26193600
2022-05-05,28.6050,28.6350,25.8450,26.5050,26.1795,21008600
2022-05-06,26.0950,26.7950,25.1150,25.8400,25.5227,23935200
2022-05-09,24.8600,25.2650,23.5500,23.7900,23.4979,20535800
2022-05-10,24.9650,25.1550,23.6950,24.3750,24.0757,31727200
2022-05-11,23.9850,24.9000,22.7800,22.9100,22.6287,29229400
2022-05-12,22.2150,23.5250,21.8300,22.8100,22.5299,26040200
2022-05-13,23.5200,24.6550,23.2550,24.4750,24.1745,13575400
2022-05-16,24.1950,24.5350,23.7100,23.9250,23.6312,12234800
2022-05-17,24.8750,25.2200,24.2600,25.1600,24.8511,12646200
2022-05-18,24.3800,24.5100,22.4750,22.6600,22.3818,11742200
2022-05-19,22.3650,23.1800,22.1200,22.4350,22.1595,17992400
2022-05-20,22.9850,23.0850,20.9800,22.2800,22.0064,16167600
2022-05-23,22.4600,23.0850,22.0750,23.0250,22.7423,13331600
2022-05-24,22.1800,22.2950,21.2650,22.0400,21.7694,14160000
2022-05-25,21.8050,22.9900,21.7800,22.6700,22.3916,13620800
2022-05-26,22.5350,24.1600,22.4900,23.9150,23.6213,8656400
2022-05-27,24.4300,25.5000,24.4100,25.5000,25.1869,13309200
2022-05-31,25.4800,25.8450,24.6800,25.3350,25.0239,11966200
2022-06-01,25.7050,26.0600,24.5900,24.9650,24.6585,11093600
2022-06-02,24.7750,26.3500,24.5350,26.3400,26.0166,11470600
2022-06-03,25.4250,25.6650,24.7350,24.9300,24.6239,10348600
2022-06-06,25.6950,25.9500,24.8600,25.1200,24.8116,8605800
2022-06-07,24.5500,25.6750,24.3650,25.5650,25.2511,7821400
2022-06-08,25.4050,25.8500,25.0350,25.1800,24.8708,5292200
2022-06-09,24.8750,25.4000,23.8000,23.8050,23.5127,7298400
2022-06-10,22.9000,23.0950,22.0700,22.1100,21.8385,16818000
2022-06-13,20.7350,21.1200,19.9350,20.0750,19.8285,19895600
2022-06-14,20.4100,20.5400,19.7650,20.1700,19.9223,12524200
2022-06-15,20.6600,21.7350,20.2450,21.1550,20.8952,19030800
2022-06-16,20.0600,20.1250,19.1200,19.4600,19.2211,28909800
2022-06-17,19.5500,20.2600,19.3100,19.9100,19.6655,16117000
2022-06-21,20.5700,21.2500,20.5600,20.9150,20.6582,14404600
2022-06-22,20.5050,21.5150,20.4400,20.8450,20.5890,11397000
2022-06-23,21.2250,21.5900,20.7950,21.4650,21.2014,10545400
2022-06-24,21.9000,22.9850,21.8700,22.9750,22.6929,8389200
2022-06-27,23.1450,23.2350,22.4100,22.5850,22.3077,7038600
2022-06-28,22.6800,23.0800,21.1800,21.2000,20.9397,10029800
2022-06-29,21.1700,21.4700,20.8050,21.2600,20.9989,10130800
2022-06-30,20.7800,21.2450,20.0350,20.7050,20.4508,11290800
2022-07-01,20.4900,21.0350,20.2300,20.9750,20.7175,12950600
2022-07-05,20.4100,21.7050,20.1700,21.6950,21.4286,9101400
2022-07-06,21.7500,22.2900,21.4850,21.9600,21.6904,9548800
2022-07-07,22.1000,23.0100,22.1000,22.8950,22.6139,5611400
2022-07-08,22.4400,23.1750,22.3150,22.9700,22.6880,6734400
2022-07-11,22.5750,22.6100,21.8400,21.9600,21.6904,6936800
2022-07-12,22.1650,22.4650,21.3000,21.5450,21.2805,7321400
2022-07-13,20.6950,21.8200,20.6150,21.4650,21.2014,11671000
2022-07-14,21.0500,21.7300,20.5700,21.6100,21.3447,9062400
2022-07-15,22.0700,22.3950,21.8150,22.3800,22.1052,7206000
2022-07-18,22.8150,23.0400,21.8300,22.0050,21.7348,7378000
2022-07-19,22.5750,23.3950,22.3150,23.3450,23.0583,8199000
2022-07-20,23.4200,24.2800,23.3000,24.0850,23.7893,9271800
2022-07-21,24.1500,24.7800,23.7400,24.7750,24.4708,7491000
2022-07-22,24.6400,24.9750,23.6050,23.9050,23.6115,8823200
2022-07-25,23.9000,23.9750,23.3100,23.6500,23.3596,9322800
2022-07-26,23.3600,23.3900,22.5700,22.6950,22.4163,4909400
2022-07-27,23.4100,24.8850,23.3350,24.6150,24.3128,12328400
2022-07-28,24.5750,25.1900,23.9600,25.0800,24.7720,11962600
2022-07-29,25.3450,26.1500,25.1150,26.0100,25.6906,8710600
2022-08-01,25.7100,26.5500,25.5250,25.9800,25.6610,5901400
2022-08-02,25.5750,26.5050,25.4050,25.8050,25.4881,6476400
2022-08-03,26.1000,27.3550,26.0900,27.2100,26.8759,6720800
2022-08-04,27.2150,27.5150,26.8550,27.4450,27.1080,5514800
2022-08-05,26.5800,27.3650,26.4400,27.0100,26.6783,10551200
2022-08-08,27.1700,27.8000,26.5900,26.8350,26.5055,6903400
2022-08-09,26.5000,26.5500,25.9500,26.2200,25.8981,5850400
2022-08-10,27.4750,27.7300,27.0450,27.6800,27.3401,11302000
2022-08-11,28.0850,28.4300,27.2400,27.3650,27.0290,6851400
2022-08-12,27.7200,28.4550,27.5350,28.4450,28.0957,5083600
2022-08-15,28.2500,28.9650,28.2500,28.8750,28.5204,4667600
2022-08-16,28.6900,29.1100,28.2000,28.7400,28.3871,6352200
2022-08-17,28.1700,28.5850,27.7200,28.0750,27.7303,8123400
2022-08-18,28.0450,28.4100,27.7800,28.2200,27.8735,4834400
2022-08-19,27.6750,27.7750,26.9700,27.1100,26.7771,6553200
2022-08-22,26.3600,26.4000,25.5250,25.6750,25.3597,13726800
2022-08-23,25.6250,26.0950,25.4950,25.6300,25.3153,6612000
2022-08-24,25.5400,26.0750,25.4450,25.7750,25.4585,5331800
2022-08-25,26.0600,26.6750,25.8850,26.6700,26.3425,7587200
2022-08-26,26.6250,26.8200,24.4750,24.4800,24.1794,11767200
2022-08-29,24.0000,24.4350,23.8150,24.0000,23.7053,9565000
2022-08-30,24.2650,24.3500,23.0500,23.4600,23.1719,8286200
2022-08-31,23.9150,24.0550,23.1700,23.1850,22.9003,17338000
2022-09-01,22.7750,23.2450,22.1900,23.2000,22.9151,10762800
2022-09-02,23.6550,23.8650,22.2850,22.5350,22.2583,13055400
2022-09-06,22.5950,22.7500,21.8750,22.2100,21.9373,10722600
2022-09-07,22.2650,23.2550,22.2400,23.1000,22.8164,11316400
2022-09-08,22.7550,23.5400,22.5550,23.3350,23.0485,11207200
2022-09-09,23.6900,24.4250,23.6800,24.3450,24.0461,6408800
2022-09-12,24.5650,24.9800,24.5250,24.9200,24.6140,7567400
2022-09-13,23.4700,23.6800,22.0450,22.1750,21.9027,12905800
2022-09-14,22.3650,22.6650,22.0850,22.5400,22.2632,7933400
2022-09-15,22.2100,22.6000,21.5250,21.7600,21.4928,9872400
2022-09-16,21.2600,21.5600,20.9500,21.4950,21.2311,8808600
2022-09-19,21.0950,21.8550,21.0850,21.8400,21.5718,8166000
2022-09-20,21.4450,21.8300,21.1350,21.4750,21.2113,9361400
2022-09-21,21.6200,22.2600,20.6900,20.7000,20.4458,15802000
2022-09-22,20.4600,20.6250,20.0150,20.2000,19.9520,11582400
2022-09-23,19.8350,19.8700,19.0350,19.5400,19.3001,13828600
2022-09-26,19.4500,20.0950,19.2600,19.3450,19.1075,10924200
2022-09-27,19.8500,20.1900,19.0450,19.3950,19.1569,13018200
2022-09-28,19.3800,20.3350,19.1650,20.1500,19.9026,9776800
2022-09-29,19.5550,19.6100,18.5450,19.0150,18.7815,13093400
2022-09-30,18.8700,19.4350,18.3150,18.3300,18.1049,12365400
2022-10-03,18.5700,19.4150,18.3750,19.1950,18.9593,12673600
2022-10-04,19.9600,20.4950,19.9500,20.4000,20.1495,12115200
2022-10-05,19.8250,20.6350,19.4400,20.3650,20.1149,10373800
2022-10-06,20.2200,20.6750,19.9900,20.0400,19.7939,11859200
2022-10-07,19.3600,19.3700,18.3200,18.5050,18.2778,12149800
2022-10-10,18.5250,18.5850,17.7600,18.1100,17.8876,8529800
2022-10-11,17.8950,18.2900,17.4000,17.6600,17.4432,14375400
2022-10-12,17.7250,17.9850,17.5250,17.6300,17.4135,9579000
2022-10-13,16.6050,18.6150,16.4900,18.4300,18.2037,22276800
2022-10-14,18.7600,18.8450,17.2450,17.3100,17.0975,15657600
2022-10-17,18.1250,18.5850,18.1250,18.4850,18.2580,12955800
2022-10-18,19.4450,19.5350,18.3800,18.7750,18.5445,17131400
2022-10-19,18.5300,19.0450,18.2700,18.6150,18.3864,9111800
2022-10-20,18.4800,19.1950,18.2450,18.4050,18.1790,12220400
2022-10-21,18.2500,19.3450,18.0900,19.2850,19.0482,12779800
2022-10-24,19.3100,19.8300,18.7850,19.7050,19.4630,11592200
2022-10-25,19.8300,20.5600,19.8300,20.5100,20.2582,8550600
2022-10-26,19.6700,20.4700,19.5300,19.5900,19.3495,12766000
2022-10-27,19.4250,19.6350,18.8050,18.8650,18.6334,9520800
2022-10-28,18.7750,20.0900,18.7700,20.0300,19.7841,10842400
2022-10-31,19.6850,19.8100,19.2800,19.5400,19.3001,9882600
2022-11-01,20.0550,20.1300,19.1000,19.1450,18.9099,10109800
2022-11-02,19.1500,19.5750,17.8250,17.8350,17.6160,16235200
2022-11-03,17.4600,17.6650,17.0800,17.1400,16.9295,12666600
2022-11-04,17.7950,17.9350,16.9500,17.6850,17.4678,13356600
2022-11-07,17.8300,18.1400,17.5350,18.0700,17.8481,5524000
2022-11-08,18.2700,18.7700,17.7850,18.3200,18.0951,9044400
2022-11-09,18.0650,18.1700,17.4250,17.4600,17.2456,7479000
2022-11-10,19.1650,20.0850,18.8700,20.0400,19.7939,16590200
2022-11-11,20.0250,20.8800,19.8300,20.7800,20.5248,10517600
2022-11-14,20.4800,20.9650,20.2750,20.4050,20.1545,19760200
2022-11-15,21.3850,21.5250,20.4900,20.9800,20.7224,13337000
2022-11-16,20.6850,20.7250,20.2750,20.3950,20.1446,6324200
2022-11-17,19.7200,20.5100,19.7000,20.2900,20.0409,13683000
2022-11-18,20.7350,20.7600,19.9450,20.2950,20.0458,8882000
2022-11-21,20.0900,20.2600,19.7550,19.8700,19.6260,4776000
2022-11-22,19.9750,20.4650,19.6650,20.4400,20.1890,8834800
2022-11-23,20.4400,20.9300,20.4050,20.8450,20.5890,8342400
2022-11-25,20.6050,20.7050,20.4950,20.5600,20.3075,2779600
2022-11-28,20.2750,20.5650,19.8250,19.9500,19.7050,4054800
2022-11-29,19.9800,20.0400,19.4500,19.6550,19.4137,4890400
2022-11-30,19.6850,21.4500,19.5700,21.4500,21.1866,14528800
2022-12-01,21.4850,21.7700,21.0700,21.4900,21.2261,7831000
2022-12-02,20.7300,21.4350,20.7000,21.3200,21.0582,7703600
2022-12-05,20.9850,21.1750,20.3750,20.5800,20.3273,6606600
2022-12-06,20.5600,20.5800,19.5300,19.7300,19.4877,9560400
2022-12-07,19.5500,19.8500,19.3300,19.5600,19.3198,11128600
2022-12-08,19.7550,20.1600,19.4650,20.0350,19.7890,5958600
2022-12-09,19.8800,20.2700,19.7000,19.7750,19.5322,7095400
2022-12-12,19.7850,20.2600,19.6450,20.2550,20.0063,5270200
2022-12-13,21.8350,21.8600,20.3000,20.6950,20.4409,16672200
2022-12-14,20.5900,21.0850,19.9150,20.3750,20.1248,12088200
2022-12-15,19.7600,19.8650,18.8250,19.0050,18.7716,13833200
2022-12-16,18.8950,19.1150,18.4100,18.6300,18.4012,20766800
2022-12-19,18.6600,18.6700,17.9350,18.1250,17.9024,7875200
2022-12-20,17.9400,18.3100,17.7300,18.0750,17.8531,8547800
2022-12-21,18.2150,18.7750,18.1000,18.6050,18.3766,7561800
2022-12-22,18.1150,18.1250,17.0350,17.6300,17.4647,12134000
2022-12-23,17.4450,17.7800,17.1900,17.7150,17.5489,7979600
2022-12-27,17.6150,17.6250,17.1200,17.1800,17.0189,7173200
2022-12-28,17.1300,17.4350,16.6900,16.7250,16.5682,7322000
2022-12-29,17.0800,17.6550,17.0000,17.5350,17.3706,7830200
2022-12-30,17.1550,17.5250,16.9850,17.5200,17.3557,6488200
2023-01-03,17.8200,18.0150,16.9600,17.2750,17.1130,10744400
2023-01-04,17.5550,17.6550,17.0150,17.4400,17.2765,10703200
2023-01-05,17.2050,17.2150,16.8350,16.8700,16.7118,8770800
2023-01-06,17.0900,17.9500,16.7100,17.8000,17.6331,9068400
2023-01-09,18.0700,18.6600,17.9450,18.0350,17.8659,10445600
2023-01-10,17.8900,18.3400,17.8200,18.3400,18.1680,7259400
2023-01-11,18.4750,18.9750,18.3650,18.9600,18.7822,6547600
2023-01-12,19.0250,19.2900,18.4300,19.1400,18.9605,13126400
2023-01-13,18.7950,19.4500,18.7500,19.4050,19.2230,7118200
2023-01-17,19.3750,19.6700,19.2200,19.4700,19.2874,5573000
2023-01-18,19.7100,19.9200,18.9500,18.9700,18.7921,7323400
2023-01-19,18.7350,18.8950,18.4250,18.5900,18.4157,8381800
2023-01-20,18.8100,19.6550,18.6750,19.6300,19.4459,6992200
2023-01-23,19.7150,20.6500,19.6250,20.4900,20.2979,15408800
2023-01-24,20.2350,20.5550,20.1600,20.3950,20.2038,11212400
2023-01-25,19.7400,20.3850,19.3700,20.2850,20.0948,12435200
2023-01-26,20.7750,21.0950,20.3950,21.0700,20.8724,9152400
2023-01-27,20.8750,21.7800,20.8650,21.4850,21.2835,11035400
2023-01-30,21.0000,21.2150,20.5700,20.6000,20.4068,9410800
2023-01-31,20.6150,21.2400,20.6050,21.2350,21.0359,10618800
2023-02-01,21.2000,22.4900,20.8950,22.1550,21.9473,16668600
2023-02-02,23.1000,24.0050,22.7100,23.7150,23.4926,15147200
2023-02-03,22.6800,23.8100,22.6250,22.8600,22.6456,17743200
2023-02-06,22.4650,22.8150,22.2700,22.4800,22.2692,13271600
2023-02-07,22.4550,23.5700,22.2850,23.4150,23.1954,17696600
2023-02-08,23.1950,23.3350,22.4650,22.5600,22.3485,8346000
2023-02-09,23.2100,23.2350,21.9350,22.1450,21.9373,9880600
2023-02-10,21.8250,22.1300,21.4950,21.8650,21.6600,9519400
2023-02-13,22.0700,22.6400,21.8950,22.5700,22.3584,7921400
2023-02-14,22.3150,23.0300,22.0200,22.8750,22.6605,12703800
2023-02-15,22.6050,23.2500,22.5050,23.2450,23.0270,9261400
2023-02-16,22.4950,23.1150,22.3200,22.3350,22.1256,11092600
2023-02-17,22.0200,22.1300,21.5800,22.0150,21.8086,7646400
2023-02-21,21.4500,21.6600,20.9550,20.9700,20.7734,7102800
2023-02-22,21.0600,21.3000,20.7650,21.0000,20.8031,9557600
2023-02-23,21.5250,21.5400,20.7450,21.3650,21.1647,12213600
2023-02-24,20.6300,20.8000,20.3750,20.6300,20.4366,12301000
2023-02-27,21.0950,21.2850,20.8500,20.9350,20.7387,8575200
2023-02-28,20.8350,21.2350,20.7850,20.8650,20.6693,6760600
2023-03-01,20.8200,20.9150,20.3900,20.5300,20.3375,8565200
2023-03-02,20.1550,20.9750,20.1250,20.8800,20.6842,8872200
2023-03-03,21.1100,21.7550,21.0400,21.7300,21.5262,9703800
2023-03-06,21.9100,22.3400,21.7400,21.7600,21.5560,8407200
2023-03-07,21.7750,21.9050,21.1350,21.2250,21.0260,10278000
2023-03-08,21.2750,21.5150,21.0100,21.4450,21.2439,8041200
2023-03-09,21.4950,21.8700,20.5600,20.6600,20.4663,10255800
2023-03-10,20.6900,20.9150,19.9350,20.0850,19.8967,30820800
2023-03-13,19.8500,20.9150,19.6200,20.3900,20.1988,30307800
2023-03-14,20.8950,21.4050,20.7750,21.3300,21.1300,13031000
2023-03-15,20.9450,21.5950,20.7350,21.5400,21.3380,18626200
2023-03-16,21.3850,22.7200,21.2850,22.6650,22.4525,16590200
2023-03-17,22.6600,23.0100,22.1600,22.4400,22.2296,12643400
2023-03-20,22.3600,22.6500,22.0250,22.6050,22.3930,8176800
2023-03-21,22.8900,23.3150,22.6700,23.2350,23.0171,7240800
2023-03-22,23.2350,23.9800,22.5900,22.6000,22.3881,24747800
2023-03-23,23.1550,23.7850,22.7400,23.1500,22.9329,12797200
2023-03-24,23.0650,23.3200,22.7150,23.3050,23.0865,7752000
2023-03-27,23.4050,23.5700,22.8500,22.9700,22.7546,6827600
2023-03-28,22.9000,22.9000,22.3850,22.7400,22.5268,7862200
2023-03-29,23.2850,23.6550,23.1650,23.5750,23.3539,6727800
2023-03-30,23.9300,24.0850,23.7250,23.9900,23.7650,8303200
2023-03-31,24.0200,24.8150,23.9850,24.7850,24.5526,7233800
2023-04-03,24.4450,24.7000,24.2400,24.6600,24.4288,8188000
2023-04-04,24.7250,24.8800,24.3000,24.4950,24.2653,6524000
2023-04-05,24.3250,24.3550,23.7000,23.9850,23.7601,8331400
2023-04-06,23.7250,24.3800,23.5200,24.3300,24.1019,8803400
2023-04-10,23.8450,24.2800,23.5650,24.2750,24.0474,6597000
2023-04-11,24.2700,24.2700,23.8850,23.9650,23.7403,5338600
2023-04-12,24.2600,24.3400,23.4650,23.5300,23.3094,8870200
2023-04-13,23.7900,24.5100,23.7650,24.4500,24.2207,7159200
2023-04-14,24.1850,24.6200,23.8950,24.3450,24.1167,6523200
2023-04-17,24.2850,24.4350,23.9600,24.3700,24.1415,6663400
2023-04-18,24.7050,24.7700,24.1900,24.3850,24.1563,6720600
2023-04-19,24.0100,24.5150,23.9900,24.3550,24.1266,7118600
2023-04-20,23.8800,24.4250,23.7700,23.9800,23.7551,10049200
2023-04-21,23.9000,24.1350,23.6350,24.0100,23.7849,8053600
2023-04-24,23.9750,24.1800,23.5800,23.9050,23.6808,5432200
2023-04-25,23.6500,23.7550,22.9900,23.0100,22.7942,10007200
2023-04-26,23.5000,23.7350,23.2050,23.2700,23.0518,7649800
2023-04-27,23.8400,24.6100,23.7450,24.5350,24.3049,13067400
2023-04-28,24.4850,24.8750,24.3150,24.8700,24.6368,7154800
2023-05-01,24.8000,25.0200,24.6350,24.8050,24.5724,6884000
2023-05-02,24.7950,24.8400,24.0900,24.3600,24.1316,7979400
2023-05-03,24.4250,24.8300,24.0300,24.0600,23.8344,10127800
2023-05-04,24.0050,24.1700,23.7050,23.8750,23.6511,7362000
2023-05-05,24.2000,25.0050,24.1500,24.8750,24.6417,6692400
2023-05-08,24.7900,25.0450,24.6250,24.9900,24.7557,5566600
2023-05-09,24.7250,24.8600,24.6200,24.6750,24.4436,5099200
2023-05-10,25.0550,25.3400,24.6650,25.2100,24.9736,9513800
2023-05-11,25.2700,25.4400,25.0300,25.3600,25.1222,7098400
2023-05-12,25.4250,25.5050,24.8450,25.1750,24.9389,7470200
2023-05-15,25.2400,25.4750,25.0000,25.4450,25.2064,7146600
2023-05-16,25.3150,25.7600,25.3150,25.4900,25.2510,5980600
2023-05-17,25.6450,26.1950,25.4700,26.1150,25.8701,7689400
2023-05-18,26.1600,27.0950,26.1550,27.0550,26.8013,10012800
2023-05-19,27.0900,27.2050,26.7600,26.9350,26.6824,7781200
2023-05-22,26.8900,27.2700,26.8850,27.0950,26.8409,6917800
2023-05-23,26.8350,27.0100,26.3600,26.4150,26.1673,5407400
2023-05-24,26.1000,26.3400,25.8100,26.1350,25.8899,7873200
2023-05-25,27.3050,27.5950,26.9100,27.3900,27.1332,9238800
2023-05-26,27.5700,28.9250,27.5450,28.7950,28.5250,9572800
2023-05-30,29.5050,29.6950,28.8100,29.0400,28.7677,9288400
2023-05-31,28.7650,29.1100,28.4700,28.6600,28.3913,8536000
2023-06-01,28.6450,29.5750,28.4750,29.3700,29.0946,6621400
2023-06-02,29.6550,29.9900,29.3550,29.8000,29.5206,8838800
2023-06-05,29.7600,30.2650,29.6550,29.8350,29.5552,6077000
2023-06-06,29.7200,29.9800,29.4900,29.8250,29.5453,5470200
2023-06-07,29.8600,30.1900,28.6900,28.8000,28.5299,8243600
2023-06-08,28.8350,29.5700,28.7950,29.4950,29.2184,6031800
2023-06-09,29.7450,30.2450,29.4800,29.7100,29.4314,8509600
2023-06-12,30.0000,30.7300,29.8300,30.7250,30.4369,5299600
2023-06-13,31.2000,31.3250,30.6400,31.1750,30.8827,6533600
2023-06-14,31.1800,31.6800,30.6950,31.6300,31.3334,9163200
2023-06-15,31.4000,32.6300,31.2900,32.3600,32.0566,12554400
2023-06-16,32.7850,32.8100,31.8800,31.9400,31.6405,6792600
2023-06-20,31.6850,32.1000,31.3300,31.8650,31.5662,5751400
2023-06-21,31.6400,31.7150,30.8200,30.9950,30.7044,6789600
2023-06-22,30.7450,31.7200,30.6750,31.7100,31.4127,4765800
2023-06-23,30.9950,31.4700,30.7700,31.0700,30.7787,5761000
2023-06-26,30.9700,31.4500,30.2150,30.2350,29.9515,6571600
2023-06-27,30.5000,31.3800,30.3600,31.2650,30.9718,10757200
2023-06-28,30.9250,31.7100,30.9250,31.3700,31.0758,9968600
2023-06-29,31.3150,31.4100,30.9450,31.2300,30.9372,6941800
2023-06-30,31.8600,32.3650,31.8100,32.1900,31.8881,6290800
2023-07-03,32.2900,32.4400,32.1000,32.3450,32.0417,3440600
2023-07-05,32.0350,32.6200,32.0350,32.3200,32.0169,4058000
2023-07-06,31.6300,31.8850,31.2950,31.8200,31.5216,7080200
2023-07-07,31.7550,32.3250,31.5550,31.5900,31.2938,7112200
2023-07-10,31.5250,31.7250,31.1000,31.6300,31.3334,9980800
2023-07-11,31.6750,31.9900,31.3050,31.9200,31.6207,10915800
2023-07-12,32.6250,32.9550,32.2800,32.7300,32.4231,11074400
2023-07-13,33.2650,33.9550,33.1650,33.8050,33.4880,6168000
2023-07-14,33.8850,34.4650,33.6300,33.7900,33.4732,7406600
2023-07-17,33.9050,34.5700,33.8300,34.4050,34.0824,9326800
2023-07-18,34.2950,35.2200,33.9350,34.9800,34.6520,12493000
2023-07-19,35.1650,35.3700,34.7050,34.8900,34.5628,9836000
2023-07-20,34.3650,34.6450,33.1300,33.3100,32.9977,10129200
2023-07-21,33.7450,33.8750,33.0400,33.1050,32.7946,8124000
2023-07-24,33.2800,33.4500,32.8850,33.2100,32.8986,10284000
2023-07-25,33.3350,33.9500,33.3250,33.6700,33.3543,10330600
2023-07-26,33.4650,33.7300,33.0150,33.4350,33.1215,6982200
2023-07-27,34.3900,34.6750,33.0150,33.2500,32.9382,16236400
2023-07-28,33.9650,34.6350,33.8800,34.4550,34.1319,8282600
2023-07-31,34.5050,34.6950,34.2450,34.5150,34.1914,5744800
2023-08-01,34.2350,34.4500,33.9400,34.3200,33.9982,5208800
2023-08-02,33.6800,33.6800,32.5800,32.8000,32.4924,13333800
2023-08-03,32.3550,33.0500,32.3300,32.6800,32.3736,7784200
2023-08-04,33.0250,33.4300,32.2850,32.3650,32.0615,14143000
2023-08-07,32.6950,32.9250,32.2650,32.9150,32.6064,6114800
2023-08-08,32.4550,32.4600,31.7850,32.3400,32.0368,10888600
2023-08-09,32.3850,32.4150,31.4950,31.6200,31.3235,7037800
2023-08-10,32.1250,32.7150,31.4550,31.7250,31.4275,13651800
2023-08-11,31.2650,31.6150,31.0500,31.3100,31.0164,8892800
2023-08-14,31.1800,32.0250,31.0500,32.0200,31.7197,5633400
2023-08-15,31.8250,31.9700,31.2050,31.3250,31.0313,5414800
2023-08-16,31.2300,31.4900,30.6400,30.6450,30.3576,6374000
2023-08-17,30.8800,30.9350,29.9000,29.9600,29.6791,9601400
2023-08-18,29.3950,30.1000,29.3200,29.8800,29.5998,7514600
2023-08-21,30.1300,30.9600,30.0550,30.8500,30.5607,8257000
2023-08-22,31.2750,31.2800,30.6300,30.7550,30.4666,7614000
2023-08-23,30.9400,31.9000,30.9100,31.7150,31.4176,8116200
2023-08-24,32.3100,32.3200,30.3100,30.3200,30.0357,10530400
2023-08-25,30.4750,31.0950,29.8950,30.8150,30.5260,14986600
2023-08-28,31.3100,31.4150,30.8400,31.2800,30.9867,5851200
2023-08-29,31.2250,32.6850,31.1800,32.6200,32.3141,8184000
2023-08-30,32.6450,33.0800,32.4600,32.9800,32.6707,7393400
2023-08-31,32.9700,33.4550,32.9650,33.1400,32.8292,5388000
2023-09-01,33.5850,33.6450,32.8150,33.0950,32.7847,5922400
2023-09-05,32.9300,33.3700,32.7650,33.1550,32.8441,4413600
2023-09-06,33.0000,33.0650,32.2100,32.5700,32.2646,6877200
2023-09-07,31.7600,32.2150,31.5750,32.0800,31.7792,6219600
2023-09-08,32.0550,32.5550,31.9950,32.1550,31.8535,6527200
2023-09-11,32.6900,33.0100,32.3550,32.9150,32.6064,7382200
2023-09-12,32.6150,32.8500,32.1300,32.1850,31.8832,7969800
2023-09-13,32.2200,32.6950,32.0150,32.4200,32.1160,7316200
2023-09-14,32.7050,33.1000,32.3450,32.9350,32.6262,7829400
2023-09-15,32.6800,32.7550,31.6350,31.7800,31.4820,10794000
2023-09-18,31.6150,32.0450,31.5750,31.8600,31.5612,5146600
2023-09-19,31.6100,31.8400,31.1850,31.7200,31.4226,6375200
2023-09-20,31.9000,31.9500,30.7800,30.8000,30.5961,10784400
2023-09-21,30.1350,30.2750,29.6200,29.6350,29.4388,8599200
2023-09-22,29.9400,30.2900,29.5950,29.6600,29.4636,7559200
2023-09-25,29.4800,29.9400,29.3200,29.9250,29.7269,5793000
2023-09-26,29.4800,29.5700,28.8550,29.0150,28.8229,6881200
2023-09-27,29.2000,29.4700,28.5500,29.1700,28.9769,9552000
2023-09-28,28.9750,29.9750,28.8450,29.6300,29.4338,9031600
2023-09-29,30.1950,30.4350,29.4550,29.6750,29.4785,11351800
2023-10-02,29.6950,30.3850,29.6000,30.1500,29.9504,9423200
2023-10-03,29.7200,30.0950,28.8100,29.0850,28.8924,10531000
2023-10-04,29.2150,30.0100,29.1450,29.8700,29.6722,10016800
2023-10-05,29.8600,29.9100,29.0850,29.6750,29.4785,6617000
2023-10-06,29.1650,30.8550,29.0300,30.6550,30.4520,10872000
2023-10-09,30.2700,31.0650,30.0050,30.9750,30.7699,6528800
2023-10-10,31.0200,31.7600,30.9450,31.2950,31.0878,7793000
2023-10-11,31.5300,31.7850,31.2400,31.7500,31.5398,6928000
2023-10-12,31.8300,32.1300,31.0950,31.4950,31.2865,10319000
2023-10-13,31.6150,31.7150,30.4700,30.7150,30.5116,9706000
2023-10-16,30.9400,31.5800,30.9150,31.4200,31.2120,6193400
2023-10-17,30.7750,31.4800,30.4150,31.2050,30.9984,8118200
2023-10-18,30.7550,31.1350,30.1400,30.3250,30.1242,9828200
2023-10-19,30.5850,30.7900,29.6400,29.7800,29.5828,16464600
2023-10-20,29.7000,29.7850,28.8550,28.8950,28.7037,11697200
2023-10-23,28.6500,29.6450,28.3150,29.0500,28.8577,36769400
2023-10-24,29.3550,29.7400,29.0750,29.6300,29.4338,8863400
2023-10-25,29.1900,29.2350,28.0650,28.1600,27.9735,12723400
2023-10-26,27.9500,28.1050,26.8600,27.0750,26.8957,17080400
2023-10-27,27.4950,27.8750,27.1300,27.3350,27.1540,14958000
2023-10-30,27.7150,28.1450,27.5000,27.9250,27.7401,15122600
2023-10-31,27.9400,28.2600,27.5200,28.2100,28.0232,8014600
2023-11-01,28.3300,29.2650,28.3200,29.1900,28.9967,13525000
2023-11-02,29.9000,30.2500,29.7000,30.2250,30.0249,13622200
2023-11-03,30.4250,31.1350,30.3900,30.9250,30.7202,8676600
2023-11-06,31.0500,31.2550,30.7800,31.1650,30.9587,7315800
2023-11-07,31.3350,31.8950,31.1300,31.7450,31.5348,7065600
2023-11-08,31.8200,31.9200,31.3900,31.7950,31.5845,6037400
2023-11-09,31.8900,32.0850,31.1900,31.2900,31.0828,9564600
2023-11-10,31.5600,32.7000,31.4800,32.6600,32.4437,15628400
2023-11-13,32.3950,32.6450,32.1300,32.4650,32.2500,7899600
2023-11-14,33.5750,34.0200,33.4900,33.8500,33.6259,11581600
2023-11-15,34.1700,34.2750,33.6650,33.8950,33.6706,8840200
2023-11-16,33.7500,33.9850,33.5250,33.9550,33.7302,8899800
2023-11-17,33.8050,34.1350,33.6450,33.9500,33.7252,5736400
2023-11-20,33.9550,34.8900,33.9450,34.7800,34.5497,11375000
2023-11-21,34.4550,34.4900,34.0400,34.3350,34.1077,8832800
2023-11-22,34.7100,35.1500,34.4400,34.6300,34.4007,11136200
2023-11-24,34.5300,34.6450,34.3350,34.5100,34.2815,2595000
2023-11-27,34.4200,34.8000,34.2950,34.4500,34.2219,4448200
2023-11-28,34.3150,34.7250,34.2400,34.6200,34.3908,6934600
2023-11-29,35.0600,35.3150,34.4900,34.5400,34.3113,9940200
2023-11-30,34.5800,34.6500,33.8200,34.3550,34.1275,7866800
2023-12-01,34.1500,34.6500,33.8650,34.5550,34.3262,7126600
2023-12-04,33.8450,33.9400,33.2450,33.8900,33.6656,8523400
2023-12-05,33.5500,34.2700,33.5200,34.0550,33.8295,7302000
2023-12-06,34.5800,34.6000,33.5950,33.6600,33.4371,5998600
2023-12-07,34.1650,34.7250,33.9750,34.6050,34.3759,5838800
2023-12-08,34.2550,34.9650,34.2350,34.8750,34.6441,8000800
2023-12-11,34.7950,35.5200,34.7700,35.4750,35.2401,5527600
2023-12-12,35.4750,36.0500,35.2700,36.0400,35.8014,5436000
2023-12-13,36.1950,37.0500,36.0600,36.9400,36.6954,7928800
2023-12-14,37.1500,37.3900,36.3000,36.8600,36.6159,8718600
2023-12-15,37.0050,37.4250,36.8850,37.1300,36.8842,8727400
2023-12-18,37.2750,37.8350,37.2250,37.6700,37.4206,6906800
2023-12-19,37.7400,38.0700,37.7150,38.0400,37.7881,5965200
2023-12-20,37.8600,38.2400,36.8400,36.8550,36.6486,8167600
2023-12-21,37.5750,37.7650,37.1000,37.7100,37.4988,6424600
2023-12-22,37.9200,38.1050,37.4600,37.8150,37.6032,7050000
2023-12-26,37.9600,38.3900,37.9500,38.2550,38.0407,3625600
2023-12-27,38.3100,38.4650,38.1500,38.4000,38.1849,4740400
2023-12-28,38.6100,38.6450,38.2800,38.3300,38.1153,3925600
2023-12-29,38.3350,38.4050,37.6500,38.0000,37.7871,7528400
2024-01-02,37.3200,37.3650,36.2850,36.7200,36.5143,9588000
2024-01-03,36.2250,36.4150,35.8550,35.9350,35.7337,9925800
2024-01-04,35.5700,36.1350,35.5000,35.5400,35.3409,6966000
2024-01-05,35.5650,36.1100,35.3700,35.6300,35.4304,7603600
2024-01-08,35.8400,37.1350,35.8150,37.0900,36.8822,7127000
2024-01-09,36.5200,37.4000,36.4850,37.2350,37.0264,5750000
2024-01-10,37.2700,37.9100,37.1150,37.7200,37.5087,5419400
2024-01-11,37.9400,38.1900,36.9100,37.8400,37.6280,7780200
2024-01-12,38.0450,38.1950,37.6250,37.8900,37.6778,6328000
2024-01-16,37.6450,38.1600,37.3700,37.8750,37.6628,7434200
2024-01-17,37.2450,37.5000,36.6450,37.4300,37.2203,9561000
2024-01-18,38.0100,38.5750,37.7750,38.5000,38.2843,9237000
2024-01-19,38.8850,40.0200,38.7750,39.9950,39.7710,10636800
2024-01-22,40.4200,40.6550,39.9800,40.0950,39.8704,8290600
2024-01-23,40.2150,40.4500,39.8650,40.4150,40.1886,5471600
2024-01-24,41.1550,41.6250,40.7650,40.8450,40.6162,11427600
2024-01-25,41.3150,41.4500,40.4850,40.9250,40.6958,8001600
2024-01-26,40.5550,40.8950,40.3200,40.4250,40.1986,7150800
2024-01-29,40.5150,41.2950,40.3950,41.2650,41.0338,6252800
2024-01-30,41.0600,41.1600,40.5300,40.6900,40.4621,5167600
2024-01-31,39.8450,40.2300,39.0700,39.1000,38.8810,14639800
2024-02-01,39.4200,40.0850,39.2350,40.0300,39.8058,9338600
2024-02-02,40.3550,41.5850,40.1700,41.3700,41.1383,10507400
2024-02-05,41.3400,41.4500,40.5600,41.2200,40.9891,6399200
2024-02-06,41.4300,41.5550,40.6000,41.0700,40.8399,6142200
2024-02-07,41.5900,42.0550,41.3400,41.8950,41.6603,5831400
2024-02-08,41.9000,42.1700,41.7600,42.0300,41.7946,4085600
2024-02-09,42.2350,42.9900,42.0850,42.8400,42.6000,5793600
2024-02-12,42.8000,43.2450,42.3650,42.4900,42.2520,5187200
2024-02-13,40.9200,41.6900,40.5400,41.1550,40.9245,11005000
2024-02-14,41.6750,42.1350,41.2200,42.0600,41.8244,7728000
2024-02-15,42.1750,42.3650,41.6600,42.2700,42.0332,7730000
2024-02-16,42.3400,42.3550,41.3700,41.5050,41.2725,7759600
2024-02-20,41.1050,41.3850,40.1250,40.8700,40.6411,8186200
2024-02-21,40.3200,40.5450,39.7700,40.5300,40.3030,7356600
2024-02-22,42.1850,43.0750,42.0500,42.8950,42.6547,8965600
2024-02-23,43.1750,43.3650,42.4250,42.6200,42.3813,7262400
2024-02-26,42.7500,42.9600,42.5300,42.5700,42.3315,5209000
2024-02-27,42.7800,42.8400,42.2600,42.7750,42.5354,4686000
2024-02-28,42.3400,42.5700,42.1100,42.2900,42.0531,3813000
2024-02-29,42.8500,43.2100,42.2250,43.0200,42.7790,6100000
2024-03-01,43.1700,44.4700,43.1600,44.3050,44.0568,6217600
2024-03-04,44.2800,44.3600,43.9150,43.9450,43.6988,6141600
2024-03-05,43.3300,43.3450,41.9000,42.3800,42.1426,8465800
2024-03-06,43.1950,43.5150,42.5300,42.9000,42.6597,6384400
2024-03-07,43.5850,44.4250,43.2800,44.1900,43.9425,6978400
2024-03-08,44.2400,44.8000,42.7600,42.8800,42.6398,10652400
2024-03-11,42.5850,42.8150,42.1850,42.5550,42.3166,8074800
2024-03-12,43.0150,43.8500,42.3750,43.7900,43.5447,7163200
2024-03-13,43.5550,43.5700,42.8750,43.0800,42.8387,4144400
2024-03-14,43.3200,43.4150,42.3150,42.8550,42.6149,7269800
2024-03-15,42.2650,42.3750,41.6000,41.8200,41.5857,6586800
2024-03-18,42.8500,43.2950,42.5650,42.6100,42.3713,5561400
2024-03-19,42.2050,42.8900,41.8000,42.8100,42.5702,4733800
2024-03-20,43.0150,43.8600,42.6800,43.8000,43.5826,9219800
2024-03-21,44.7850,44.8700,44.1450,44.1800,43.9608,6303000
2024-03-22,44.0750,44.5050,43.9150,44.2550,44.0354,5832000
2024-03-25,43.7050,44.2500,43.5150,43.9450,43.7269,4242400
2024-03-26,44.2550,44.4300,43.6200,43.6600,43.4433,5007600
2024-03-27,44.2450,44.2600,43.3550,43.9500,43.7319,6829600
2024-03-28,43.9150,44.0800,43.6900,43.7400,43.5229,5932000
2024-04-01,43.9250,44.4450,43.5550,43.9450,43.7269,5497800
2024-04-02,42.9600,43.2250,42.5600,43.1650,42.9508,5965400
2024-04-03,42.7450,43.7200,42.7300,43.3350,43.1199,5091600
2024-04-04,44.1650,44.2800,41.9600,41.9850,41.7767,9408600
2024-04-05,42.2700,43.5050,42.1250,42.9850,42.7717,9035800
2024-04-08,43.1600,43.3700,42.7300,43.0100,42.7966,5717400
2024-04-09,43.4550,43.5100,42.3800,43.3100,43.0951,7480000
2024-04-10,42.2850,42.7150,42.1400,42.5200,42.3090,9474200
2024-04-11,42.8950,44.0600,42.4500,43.8950,43.6772,6481000
2024-04-12,43.0300,43.2500,42.2000,42.4750,42.2642,9770200
2024-04-15,43.2000,43.2100,40.9050,41.0600,40.8562,20375400
2024-04-16,41.0300,41.5700,40.8050,41.0600,40.8562,8559200
2024-04-17,41.4300,41.4400,39.8800,40.0550,39.8562,8073600
2024-04-18,40.1350,40.4800,39.4700,39.5650,39.3687,7749600
2024-04-19,39.3400,39.4350,37.6400,37.9400,37.7517,11067200
2024-04-22,38.4150,39.1200,37.8000,38.6850,38.4930,8090000
2024-04-23,39.0450,40.0550,38.9800,39.8450,39.6473,6423000
2024-04-24,40.4150,40.7000,39.6750,40.1050,39.9060,6341800
2024-04-25,38.7050,39.8450,38.5000,39.6800,39.4831,7856200
2024-04-26,40.2700,41.1950,40.1500,40.9150,40.7120,16079800
2024-04-29,41.3000,41.4200,40.7050,41.2300,41.0254,5073000
2024-04-30,40.9050,41.1750,39.6600,39.6600,39.4632,5158400
2024-05-01,39.3750,40.6950,38.9300,39.0750,38.8811,11989600
2024-05-02,39.7600,40.2250,38.8950,40.0600,39.8612,5431600
2024-05-03,41.4750,41.8700,41.1700,41.6600,41.4533,5837800
2024-05-06,42.0100,42.5900,41.8600,42.5900,42.3787,4026800
2024-05-07,42.6500,42.8950,42.4400,42.5700,42.3587,3822800
2024-05-08,42.0600,42.7900,42.0400,42.5250,42.3140,2550200
2024-05-09,42.5600,42.7900,42.2000,42.6800,42.4682,2669000
2024-05-10,42.9700,43.3100,42.5750,42.8850,42.6722,4574000
2024-05-13,43.2400,43.2600,42.7900,43.0750,42.8612,3147400
2024-05-14,42.9600,43.7150,42.9350,43.6100,43.3936,5012600
2024-05-15,44.1000,45.0100,43.7950,44.9500,44.7269,6462600
2024-05-16,44.9050,45.2950,44.7300,44.7650,44.5429,4388000
2024-05-17,44.7800,44.8950,44.2700,44.7200,44.4981,4363200
2024-05-20,44.7350,45.4600,44.7100,45.3300,45.1051,3577200
2024-05-21,44.9450,45.5300,44.9050,45.4850,45.2593,2838200
2024-05-22,45.5300,45.6850,44.9400,45.4700,45.2444,4075200
2024-05-23,46.3950,46.4050,44.6600,45.0300,44.8065,7033400
2024-05-24,45.3350,46.1150,45.2000,45.8800,45.6523,4924400
2024-05-28,46.1000,46.2150,45.6150,46.2050,45.9757,3476600
2024-05-29,45.3350,45.9050,45.3350,45.5550,45.3289,3680200
2024-05-30,45.3500,45.3700,44.2950,44.5600,44.3389,3318000
2024-05-31,44.5800,44.7200,42.8650,44.5600,44.3389,5934000
2024-06-03,45.1200,45.3250,43.8100,44.8450,44.6225,4175800
2024-06-04,44.7800,45.3100,44.4350,45.0700,44.8463,3824000
2024-06-05,45.7900,46.9000,45.5600,46.8900,46.6573,4699200
2024-06-06,47.0200,47.0750,46.6150,46.8500,46.6175,3274600
2024-06-07,46.7400,47.3000,46.5150,46.7400,46.5081,3349000
2024-06-10,46.5000,47.1650,46.4450,47.1100,46.8762,2651800
2024-06-11,46.8350,47.7650,46.5300,47.7350,47.4981,3227800
2024-06-12,48.5400,49.4700,48.4050,48.9900,48.7469,4820800
2024-06-13,49.7150,49.8450,49.0350,49.4950,49.2494,3417800
2024-06-14,49.4350,50.0050,49.3500,49.9850,49.7370,3886600
2024-06-17,50.0300,51.5850,49.7650,51.2000,50.9459,4282400
2024-06-18,51.1850,51.3650,50.8500,51.2150,50.9608,4113800
2024-06-20,51.4700,51.5500,50.0450,50.4000,50.1499,5670000
2024-06-21,50.3350,50.6150,49.8200,50.1000,49.8514,3283200
2024-06-24,49.8600,50.2200,48.9450,48.9750,48.7320,4279200
2024-06-25,49.4050,50.1450,49.2250,50.0900,49.8414,3653400
2024-06-26,49.8500,50.3450,49.7850,50.2400,50.0436,2900400
2024-06-27,50.1750,50.7950,50.0000,50.4700,50.2727,3387600
2024-06-28,50.6200,51.6300,49.8100,49.9050,49.7099,6420200
2024-07-01,50.1150,50.6250,49.3400,50.5150,50.3176,4247800
2024-07-02,50.1800,51.5600,50.1600,51.5600,51.3585,4374400
2024-07-03,51.3800,52.4250,51.3800,52.3950,52.1902,3810600
2024-07-05,52.5500,53.5550,52.4850,53.4600,53.2511,5120400
2024-07-08,53.5350,53.8250,53.3300,53.7250,53.5150,4022000
2024-07-09,54.0250,54.2700,53.4650,53.7800,53.5698,3915600
2024-07-10,54.2000,55.0200,53.9150,54.9150,54.7004,4492400
2024-07-11,54.9150,54.9550,52.2200,52.4700,52.2649,11170200
2024-07-12,52.5850,54.0900,52.4900,53.0650,52.8576,6546000
2024-07-15,53.4500,54.3900,52.9000,53.3600,53.1514,5799400
2024-07-16,53.6500,53.8250,52.6900,53.3900,53.1813,4686000
2024-07-17,51.6350,51.7350,50.2250,50.2450,50.0486,8610600
2024-07-18,50.9950,51.0400,49.0800,49.7500,49.5556,6969000
2024-07-19,49.6700,50.1650,48.5750,48.8450,48.6541,7341400
2024-07-22,50.0450,50.4900,49.3450,50.2750,50.0785,5351000
2024-07-23,50.0850,50.7100,49.8250,49.9300,49.7349,3006000
2024-07-24,48.5050,48.5600,46.1500,46.3200,46.1390,8864800
2024-07-25,46.3950,47.2300,44.7750,45.3050,45.1279,10057400
2024-07-26,46.1400,46.7800,45.5750,46.2200,46.0394,5543200
2024-07-29,46.7400,47.1700,45.9250,46.3600,46.1788,4943200
2024-07-30,46.7600,46.8950,44.4250,45.0800,44.9038,7852200
2024-07-31,47.1300,48.0900,46.8500,47.7550,47.5684,8010600
2024-08-01,47.8800,48.6350,44.6800,45.4450,45.2674,10456200
2024-08-02,43.6900,44.1900,42.4200,43.2500,43.0810,23179600
2024-08-05,38.5950,42.0000,38.3800,40.7450,40.5858,13239600
2024-08-06,41.0300,42.8300,40.5000,41.4500,41.2880,9835400
2024-08-07,42.7450,43.2050,40.4500,40.5300,40.3716,10463400
2024-08-08,41.6900,43.1600,40.9600,43.0200,42.8519,9644800
2024-08-09,42.7200,43.7400,42.5100,43.4550,43.2852,5869400
2024-08-12,43.5950,44.1800,43.0550,43.6150,43.4445,5364200
2024-08-13,44.4500,45.8000,44.4250,45.7650,45.5861,5930200
2024-08-14,45.9350,46.2500,44.9350,45.8000,45.6210,5412800
2024-08-15,46.9750,48.1600,46.8950,48.0900,47.9020,5241000
2024-08-16,47.6900,48.4550,47.4950,48.1750,47.9867,5839400
2024-08-19,48.2050,49.4500,47.8250,49.4400,49.2468,5369000
2024-08-20,49.2450,49.7750,48.8700,49.2200,49.0276,10537400
2024-08-21,49.3800,50.0500,49.0200,49.6950,49.5008,4822600
2024-08-22,50.1450,50.2850,47.8850,48.0800,47.8921,6161400
2024-08-23,48.9550,49.6700,48.1500,49.1150,48.9230,6503200
2024-08-26,48.9200,49.1700,47.7200,48.1450,47.9568,4811000
2024-08-27,47.8100,48.6350,47.4100,48.4300,48.2407,5530400
2024-08-28,48.3150,48.4600,46.6050,47.3100,47.1251,14859200
2024-08-29,47.6900,48.6250,46.9250,47.1650,46.9807,8166400
2024-08-30,48.0050,48.3650,47.1000,48.2750,48.0863,3913800
2024-09-03,47.6100,47.6400,44.8400,45.3100,45.1329,8750200
2024-09-04,44.6850,45.8050,44.4900,45.0700,44.8938,6797600
2024-09-05,44.7250,45.9850,44.5400,45.1600,44.9835,6771600
2024-09-06,44.9750,45.1450,42.6000,42.7200,42.5530,7841000
2024-09-09,43.5200,43.9700,42.9050,43.7900,43.6189,4455400
2024-09-10,44.1300,44.6800,43.3450,44.5850,44.4107,4513400
2024-09-11,44.8150,46.6550,43.1500,46.4850,46.3033,21973600
2024-09-12,46.5050,47.5850,46.1550,47.4350,47.2496,6297600
2024-09-13,47.2500,48.0500,47.2000,47.8150,47.6281,5788400
2024-09-16,47.3800,47.5050,46.7300,47.3800,47.1948,4989400
2024-09-17,47.9900,48.2350,46.9350,47.4300,47.2446,5042400
2024-09-18,47.6600,48.4800,46.8900,46.9850,46.8014,9610800
2024-09-19,49.2400,49.9550,48.8150,49.3850,49.1920,7565600
2024-09-20,49.1850,49.4200,48.3250,49.1600,48.9679,4389000
2024-09-23,49.4050,49.6450,49.1300,49.4200,49.2268,3702200
2024-09-24,49.7000,50.0800,48.8300,49.8900,49.6950,6006600
2024-09-25,49.7300,50.3500,49.6900,49.9850,49.8151,3107800
2024-09-26,51.4950,51.5600,49.9400,50.6950,50.5227,5234800
2024-09-27,50.8950,50.9000,49.8600,50.1000,49.9297,4736400
2024-09-30,49.8850,50.4300,49.3000,50.3500,50.1789,6042400
2024-10-01,50.2750,50.3350,48.1550,48.9250,48.7587,7386000
2024-10-02,48.7500,49.4750,48.2250,49.0900,48.9231,3421400
2024-10-03,48.6250,49.6050,48.4750,49.0100,48.8434,5250000
2024-10-04,50.1750,50.2500,49.1400,50.1750,50.0044,6669600
2024-10-07,49.7800,49.9600,48.8100,49.0450,48.8783,4444200
2024-10-08,49.5700,50.6550,49.4250,50.5100,50.3383,3400000
2024-10-09,50.4450,51.4150,50.2350,51.2950,51.1206,4126400
2024-10-10,50.8100,51.5550,50.5400,51.1850,51.0110,4275200
2024-10-11,50.7600,51.5100,50.6400,51.2900,51.1157,4889400
2024-10-14,51.8100,52.4400,51.6950,52.1500,51.9727,9945800
2024-10-15,52.2200,52.3550,50.3000,50.7500,50.5775,10941800
2024-10-16,50.8050,50.9200,50.0800,50.7650,50.5924,9462600
2024-10-17,51.8950,51.9050,50.8200,50.8450,50.6722,3931800
2024-10-18,51.3800,51.6950,51.2250,51.4650,51.2901,2761800
2024-10-21,51.2050,51.8200,50.7900,51.6600,51.4844,4592800
2024-10-22,51.0850,52.0650,50.9200,51.7600,51.5841,3890600
2024-10-23,51.2500,51.3800,49.4700,50.1600,49.9895,4582600
2024-10-24,50.9100,51.1000,50.3800,50.9650,50.7918,3311600
2024-10-25,51.5300,52.5800,51.3800,51.5500,51.3748,6929000
2024-10-28,52.2150,52.2150,51.5100,51.5700,51.3947,3535600
2024-10-29,51.6200,52.7950,51.2400,52.5450,52.3664,4629000
2024-10-30,52.3700,52.5750,51.6550,51.7500,51.5741,4261200
2024-10-31,50.9050,50.9050,49.1200,49.1400,48.9730,8799200
2024-11-01,49.4200,50.5050,49.3750,49.8250,49.6556,5359200
2024-11-04,49.7000,50.2200,49.1750,49.5150,49.3467,4660600
2024-11-05,49.8550,50.9200,49.8300,50.7800,50.6074,4177600
2024-11-06,52.5100,53.7000,52.3000,53.5400,53.3580,9537200
2024-11-07,54.1250,55.3800,54.1150,55.2250,55.0373,5141600
2024-11-08,55.0550,55.4650,54.9500,55.3000,55.1120,3458600
2024-11-11,55.5450,55.6000,54.6100,55.2300,55.0423,5074800
2024-11-12,55.2100,55.4050,54.3750,55.0350,54.8479,4291400
2024-11-13,54.9150,55.4600,54.4000,54.8800,54.6935,3293600
2024-11-14,54.7950,54.9800,53.9200,54.0900,53.9061,3939000
2024-11-15,52.8600,52.9300,51.0550,51.4750,51.3000,7093800
2024-11-18,51.8150,52.6500,51.5300,52.2100,52.0325,4297800
2024-11-19,51.6400,53.0200,51.5900,52.9050,52.7252,4783200
2024-11-20,52.8400,52.9050,51.4500,52.8400,52.6604,5953400
2024-11-21,53.4800,53.6150,51.6750,53.2250,53.0441,5367000
2024-11-22,53.0700,53.5050,52.7400,53.3600,53.1786,3869800
2024-11-25,54.2250,54.5500,53.0350,53.5250,53.3431,4661800
2024-11-26,53.8300,54.2550,53.6550,54.0850,53.9012,3162600
2024-11-27,53.8350,53.8350,52.5000,53.2250,53.0441,3628200
2024-11-29,53.3050,54.2450,53.1950,54.1050,53.9211,2598400
2024-12-02,54.3850,55.5050,54.3150,55.2850,55.0971,5273000
2024-12-03,54.9850,55.6750,54.8900,55.6350,55.4459,3279200
2024-12-04,56.3600,57.0350,56.2150,56.9900,56.7963,4539200
2024-12-05,56.9850,57.1500,56.5850,56.6750,56.4824,2433600
2024-12-06,56.7850,57.7050,56.7700,57.6650,57.4690,4528000
2024-12-09,57.4200,57.6050,56.4900,56.7400,56.5471,4050400
2024-12-10,56.9850,57.3850,56.0400,56.3250,56.1335,4187600
2024-12-11,57.2800,58.5050,57.2100,58.3550,58.1566,3927200
2024-12-12,57.8550,58.1300,57.4950,57.5900,57.3942,3539800
2024-12-13,58.4300,59.0150,57.7500,58.4400,58.2414,3579000
2024-12-16,59.0050,60.3400,58.9850,60.1250,59.9206,4078600
2024-12-17,59.7100,59.9550,59.2200,59.5900,59.3875,4227000
2024-12-18,59.4200,59.8050,54.9500,55.2900,55.1021,9103000
2024-12-19,56.2700,56.3900,54.6950,54.7550,54.5689,9644600
2024-12-20,53.9400,57.0050,53.6950,55.7250,55.5356,9987600
2024-12-23,56.0150,56.8100,55.2900,56.7400,56.5781,4810400
2024-12-24,57.1450,58.2700,57.0100,58.2700,58.1037,2841800
2024-12-26,57.8850,58.5300,57.4400,58.1650,57.9990,3195600
2024-12-27,57.3550,57.4350,55.5650,56.5800,56.4186,6193600
2024-12-30,55.0450,55.8850,54.2600,55.0650,54.9079,6596400
2024-12-31,55.3350,55.4950,53.9200,54.1200,53.9656,6637600
2025-01-02,54.7700,55.2500,52.9500,53.8800,53.7263,8256800
2025-01-03,54.5350,55.8550,54.3600,55.6400,55.4812,6843400
2025-01-06,56.7900,57.6250,56.3700,56.9050,56.7426,5248000
2025-01-07,57.1500,57.2000,54.4550,54.8550,54.6985,6579800
2025-01-08,54.8450,55.2200,53.8750,54.8650,54.7085,6203000
2025-01-10,54.0500,54.0500,52.4250,53.1150,52.9635,24778400
2025-01-13,51.8300,52.8600,51.5450,52.7850,52.6344,4882000
2025-01-14,53.4350,53.7100,51.9300,52.6600,52.5097,5988800
2025-01-15,54.3100,55.3100,53.9900,55.0400,54.8830,6318000
2025-01-16,55.5550,55.5650,54.2800,54.3050,54.1501,4321600
2025-01-17,56.3700,56.4550,55.5000,56.0950,55.9349,5983600
2025-01-21,56.6850,57.0000,55.7300,56.7000,56.5382,6641400
2025-01-22,57.7550,58.6850,57.7100,58.1800,58.0140,20804400
2025-01-23,57.6300,58.4400,57.5050,58.4350,58.2683,4767200
2025-01-24,58.4800,58.6500,57.4150,57.7450,57.5802,4596000
2025-01-27,53.6650,55.1800,53.4750,54.3300,54.1750,12186000
2025-01-28,54.5700,56.2050,53.8400,55.9650,55.8053,5140200
2025-01-29,56.0950,56.1000,54.9000,55.7400,55.5810,3849000
2025-01-30,56.3600,56.8500,55.1750,56.2050,56.0446,5598400
2025-01-31,57.0300,57.9850,55.7850,56.0050,55.8452,5608600
2025-02-03,54.1250,55.6950,53.5900,55.1150,54.9577,6997800
2025-02-04,55.1950,56.5800,55.1300,56.4600,56.2989,3644400
2025-02-05,55.8750,56.9950,55.6150,56.9550,56.7925,3631400
2025-02-06,57.0550,57.5850,56.7150,57.5300,57.3658,3693400
2025-02-07,57.6450,58.0550,55.9050,56.0750,55.9150,4503400
2025-02-10,56.9850,57.6400,56.8800,57.3950,57.2312,2721000
2025-02-11,56.6850,57.5400,56.6650,57.1250,56.9620,2220400
2025-02-12,55.8850,57.3800,55.8250,57.1900,57.0268,4213400
2025-02-13,57.5550,58.8850,57.3750,58.8200,58.6522,5266000
2025-02-14,58.7950,59.4300,58.7400,59.2700,59.1009,6285600
2025-02-18,59.6300,59.6800,58.8050,59.5300,59.3601,6538600
2025-02-19,59.3550,59.8350,58.9000,59.5600,59.3901,2730400
2025-02-20,59.3750,59.4550,57.9950,59.0300,58.8616,4167600
2025-02-21,59.2700,59.2700,56.4900,56.5700,56.4086,5246200
2025-02-24,56.9450,57.1750,55.1450,55.2050,55.0475,6613400
2025-02-25,55.0750,55.0900,53.0000,53.8050,53.6515,7208600
2025-02-26,54.2850,55.1350,53.4000,54.0500,53.8958,5547000
2025-02-27,54.8250,55.0050,51.0200,51.0700,50.9243,20766000
2025-02-28,51.0050,52.7600,50.3600,52.6450,52.4948,9041600
2025-03-03,53.3300,53.6500,49.6150,50.3950,50.2512,9457800
2025-03-04,49.7550,51.6750,48.4400,50.0250,49.8823,12562400
2025-03-05,50.1400,51.6400,49.1500,51.3350,51.1885,10075400
2025-03-06,49.5950,50.6000,48.0750,48.5100,48.3716,7609000
2025-03-07,48.2450,49.4650,46.9500,49.1800,49.0397,8447400
2025-03-10,47.5000,47.5950,44.5450,45.4550,45.3253,9306200
2025-03-11,45.2400,46.5000,44.2500,45.1250,44.9962,9621800
2025-03-12,46.5650,46.9250,45.1550,46.1650,46.0333,7135000
2025-03-13,45.9900,46.0000,44.0900,44.4750,44.3481,7399200
2025-03-14,45.4650,46.7550,45.3550,46.5950,46.4620,6040400
2025-03-17,46.5700,47.8200,46.2300,47.1950,47.0603,33021400
2025-03-18,46.5350,46.5350,45.1500,45.6000,45.4699,5057800
2025-03-19,45.9950,47.6250,45.6250,46.7600,46.6266,6574800
2025-03-20,45.9800,47.4800,45.8550,46.4500,46.3175,5467000
2025-03-21,45.4450,46.8750,45.2300,46.7800,46.6465,6196000
2025-03-24,48.2150,48.9350,48.0850,48.7500,48.6109,6242600
2025-03-25,48.9150,49.3500,48.7350,49.3300,49.1893,4001000
2025-03-26,49.0900,49.2450,47.1850,47.5050,47.3819,6238600
2025-03-27,47.0900,47.9150,46.6850,46.9400,46.8184,6267400
2025-03-28,46.5750,46.7000,44.2800,44.4700,44.3548,8245800
2025-03-31,43.1150,44.6100,42.2250,44.4400,44.3249,31218600
2025-04-01,44.1200,45.3100,43.5800,45.1350,45.0181,9454400
2025-04-02,43.8800,46.4500,43.8400,45.7950,45.6764,8060800
2025-04-03,41.9900,42.6850,40.7950,40.9000,40.7941,10364800
2025-04-04,38.5900,38.9800,35.8750,35.9050,35.8120,21589800
2025-04-07,33.3550,39.2500,32.3600,36.0100,35.9167,24840600
2025-04-08,38.4450,39.2500,33.5950,34.6700,34.5802,23193200
2025-04-09,34.5650,43.2500,34.5500,42.8150,42.7041,37896400
2025-04-10,40.6800,41.0300,36.8150,39.3150,39.2132,17448400
2025-04-11,39.0600,40.9650,38.4400,40.7050,40.5996,9625800
2025-04-14,42.5300,42.6250,40.4100,41.2700,41.1631,11640800
2025-04-15,41.4600,42.1500,41.0300,41.3650,41.2578,6603000
2025-04-16,39.7200,40.3800,37.7000,38.8800,38.7793,16537400
2025-04-17,39.3450,39.4550,38.3500,38.8200,38.7194,8891600
2025-04-21,37.7850,37.9400,35.9850,36.9200,36.8244,9018800
2025-04-22,37.8600,39.3450,37.6550,38.8050,38.7045,9504400
2025-04-23,41.2350,42.1050,40.2800,40.5300,40.4250,11145200
2025-04-24,40.9050,42.9000,40.8000,42.8350,42.7240,8749200
2025-04-25,42.7600,43.8850,42.4700,43.7800,43.6666,6968200
2025-04-28,43.8600,44.1950,42.5700,43.7600,43.6466,4880400
2025-04-29,43.3100,44.4750,43.2400,44.3000,44.1852,4523200
2025-04-30,42.7600,44.6200,41.8700,44.2900,44.1753,6723800
2025-05-01,45.7650,46.5150,45.2800,45.3750,45.2575,22707800
2025-05-02,46.3450,47.1700,46.0350,46.7700,46.6488,5397000
2025-05-05,45.9650,46.8050,45.8600,46.2200,46.1003,3589600
2025-05-06,44.9950,46.0400,44.7350,45.3700,45.2525,5648800
2025-05-07,45.4650,46.1550,44.4650,45.7100,45.5916,9409200
2025-05-08,46.6700,47.4600,45.8650,46.6200,46.4992,6169200
2025-05-09,46.9800,47.2250,46.2200,46.5400,46.4194,4620200
2025-05-12,50.1650,50.3450,49.1150,50.3300,50.1996,9100400
2025-05-13,50.5900,52.2100,50.4500,51.8450,51.7107,7795200
2025-05-14,52.0750,52.5750,51.8800,52.4650,52.3291,6100800
2025-05-15,52.0150,53.1050,51.7700,52.5800,52.4438,5064800
2025-05-16,52.8500,53.0550,52.1300,53.0300,52.8926,5194200
2025-05-19,51.5400,53.2100,51.5250,53.1050,52.9674,6118800
2025-05-20,52.5800,52.8700,52.0050,52.7250,52.5884,4190800
2025-05-21,51.9150,53.2900,50.8950,51.2600,51.1272,7939800
2025-05-22,51.3650,52.1800,51.1150,51.4500,51.3167,4672800
2025-05-23,49.8550,50.9800,49.7400,50.4700,50.3393,7199600
2025-05-27,51.8200,52.9100,51.5250,52.8150,52.6782,4745400
2025-05-28,53.0200,53.3150,52.2550,52.3650,52.2294,3210600
2025-05-29,53.8400,53.8700,52.0350,52.5550,52.4189,4067400
2025-05-30,52.4300,52.6650,50.9100,52.3650,52.2294,5291800
2025-06-02,51.9750,53.2250,51.7300,53.1700,53.0323,3449800
2025-06-03,53.2400,54.2950,53.0700,54.0150,53.8751,3973600
2025-06-04,54.1350,54.5150,53.7450,54.2950,54.1544,3940400
2025-06-05,54.5800,55.1600,53.0300,53.4450,53.3066,7350400
2025-06-06,54.5150,54.8650,54.1500,54.4750,54.3339,4288600
2025-06-09,54.5200,54.9750,54.3000,54.6250,54.4835,3214000
2025-06-10,54.7150,55.4900,54.2600,55.3550,55.2116,4771600
2025-06-11,55.6300,55.8750,54.4900,54.9700,54.8276,8108000
2025-06-12,54.6800,55.4150,54.6350,55.2200,55.0770,5104200
2025-06-13,53.9600,54.8250,53.5500,53.8050,53.6656,7400600
2025-06-16,54.5100,55.5150,54.5050,55.2850,55.1418,5108000
2025-06-17,54.7450,55.0850,53.9750,54.1850,54.0446,4457800
2025-06-18,54.3900,54.8900,53.8450,54.1600,54.0197,4966400
2025-06-20,54.8100,55.0800,53.3050,53.6750,53.5360,5328800
2025-06-23,53.8000,54.8900,53.1600,54.7950,54.6531,6551600
2025-06-24,55.8650,56.6500,55.7450,56.4550,56.3088,5531600
2025-06-25,56.8650,57.1200,56.3100,56.6650,56.5803,5296800
2025-06-26,57.1350,57.8250,56.7500,57.7350,57.6488,5577800
2025-06-27,57.9350,58.5050,57.3500,58.1150,58.0282,6156000
2025-06-30,58.7550,59.0900,58.2950,58.8550,58.7671,6690400
2025-07-01,58.4250,58.6350,57.3500,57.8300,57.7436,6996800
2025-07-02,57.6550,58.6850,57.6500,58.6450,58.5574,5045200
2025-07-03,59.1250,59.9650,59.1050,59.7450,59.6558,4315000
2025-07-07,59.1550,59.3400,58.3250,58.8500,58.7621,6357800
2025-07-08,59.1200,59.2500,58.6500,58.8950,58.8070,3404600
2025-07-09,59.3350,60.0150,59.0600,59.7250,59.6358,4030600
2025-07-10,59.8400,59.9300,58.9600,59.5350,59.4461,3561200
2025-07-11,59.0450,59.5800,58.7800,59.2500,59.1615,3797200
2025-07-14,59.1900,59.8200,58.6850,59.6550,59.5659,3245800
2025-07-15,60.5300,60.6150,59.7450,59.7500,59.6607,5046400
2025-07-16,59.8650,60.0100,58.6450,59.8800,59.7905,5898400
2025-07-17,60.0250,60.9450,59.8500,60.8400,60.7491,5011800
2025-07-18,61.1000,61.1400,60.4150,60.6850,60.5943,6542200
2025-07-21,60.8700,61.7200,60.8550,61.3100,61.2184,4801200
2025-07-22,61.3250,61.3400,60.0850,60.6650,60.5744,7200800
2025-07-23,60.8900,61.2100,60.2950,61.2100,61.1186,7623800
2025-07-24,61.4950,61.7300,61.0900,61.4800,61.3882,5132600
2025-07-25,61.4250,62.0150,61.2850,61.7250,61.6328,4364600
2025-07-28,62.0100,62.3000,61.8450,62.1150,62.0222,4544200
2025-07-29,62.6700,62.9650,61.7450,61.9300,61.8375,5170400
2025-07-30,62.0900,62.6150,61.4300,62.0750,61.9823,5327400
2025-07-31,63.4650,63.4900,61.1450,61.3850,61.2933,8180400
2025-08-01,60.0250,60.0600,58.4000,58.9350,58.8470,9479800
2025-08-04,60.0350,61.1450,60.0150,61.1000,61.0087,6182400
2025-08-05,61.3750,61.6300,60.1500,60.2550,60.1650,4372200
2025-08-06,60.4350,61.8700,60.3450,61.7700,61.6777,5789200
2025-08-07,62.7100,63.0700,61.2900,62.1850,62.0921,6093400
2025-08-08,62.4100,63.3600,62.3500,63.3100,63.2154,5211800
2025-08-11,63.3300,63.8000,62.6400,62.9000,62.8060,6339000
2025-08-12,63.4200,64.5700,62.8500,64.5000,64.4036,7203600
2025-08-13,65.0950,65.2100,64.2450,64.5500,64.4536,5422200
2025-08-14,64.0850,64.8850,64.0100,64.4350,64.3387,5745800
2025-08-15,64.4050,64.4050,63.4650,63.8300,63.7346,5608600
2025-08-18,63.6300,63.9250,63.3800,63.7900,63.6947,3912000
2025-08-19,63.6150,63.6300,61.8150,62.0400,61.9473,6192400
2025-08-20,61.8200,61.8300,59.7600,61.2850,61.1934,8544600
2025-08-21,60.9350,61.4050,60.2200,60.7250,60.6343,4594800
2025-08-22,60.9950,63.0050,60.6900,62.5700,62.4765,10276000
2025-08-25,62.2100,62.8450,61.9450,62.1950,62.1021,4631400
2025-08-26,62.0750,62.7500,61.8600,62.6950,62.6013,4834000
2025-08-27,62.4550,63.0650,62.1800,62.8700,62.7761,7315600
2025-08-28,62.9900,63.8350,62.6300,63.6350,63.5399,10720800
2025-08-29,63.0750,63.1400,61.7200,62.1100,62.0172,7505400
2025-09-02,60.1450,61.1400,59.7350,61.0800,60.9888,10894000
2025-09-03,61.8450,62.3800,61.3100,62.0100,61.9174,9083400
2025-09-04,62.1600,63.2100,61.7950,63.1400,63.0457,6589400
2025-09-05,64.2600,64.4000,62.2950,63.2800,63.1855,7853800
2025-09-08,63.7900,64.3300,63.6700,63.9000,63.8045,6027000
2025-09-09,64.0600,64.3500,63.4900,64.2450,64.1490,6153600
2025-09-10,64.9550,64.9600,63.8150,64.2850,64.1890,7311200
2025-09-11,64.8350,65.2100,64.4850,65.0150,64.9179,7643600
2025-09-12,65.2100,65.8350,65.0000,65.5750,65.4770,6465400
2025-09-15,65.9550,66.6950,65.9300,66.6900,66.5904,5914200
2025-09-16,66.8750,66.9350,66.4000,66.5400,66.4406,4658000
2025-09-17,66.5350,66.6650,65.0100,66.2550,66.1560,7769800
2025-09-18,67.3700,68.0900,66.9350,67.4800,67.3792,4336200
2025-09-19,67.8850,68.5050,67.5600,68.3600,68.2579,4208800
2025-09-22,68.1300,69.2950,68.1200,69.1550,69.0517,5058400
2025-09-23,69.1650,69.2100,67.9450,68.2200,68.1181,4513000
2025-09-24,68.5000,68.5650,67.0850,67.7250,67.6441,5326600
2025-09-25,66.8150,67.4750,65.9750,67.1150,67.0349,5032000
2025-09-26,67.2700,67.7100,66.5300,67.6550,67.5742,3117400
2025-09-29,68.3450,69.0000,67.9700,68.2600,68.1785,4276000
2025-09-30,68.1700,68.6900,67.6400,68.6000,68.5181,3456600
2025-10-01,67.8700,69.3850,67.6950,69.2600,69.1773,4213600
2025-10-02,70.1250,70.1300,69.1750,69.8200,69.7367,3962800
2025-10-03,69.9700,70.1550,68.7900,69.1900,69.1074,3938800
2025-10-06,70.4000,70.6150,69.8350,70.2350,70.1512,3741600
2025-10-07,70.5300,70.6750,69.1400,69.4800,69.3971,3275600
2025-10-08,69.6750,71.1400,69.6600,71.0600,70.9752,2534200
2025-10-09,71.0750,71.0850,70.1350,70.8750,70.7904,2289400
2025-10-10,71.0050,71.4100,65.8200,65.9050,65.8263,9907600
2025-10-13,68.1850,68.9200,67.6550,68.7150,68.6330,7482400
2025-10-14,67.1700,68.8500,65.9750,67.8000,67.7191,8362200
2025-10-15,69.1400,69.7450,67.3050,68.7200,68.6380,6604600
2025-10-16,69.3750,70.1000,67.1950,68.2100,68.1286,8831200
2025-10-17,67.7150,69.4350,67.3650,69.0800,68.9975,7761200
2025-10-20,69.8250,71.0900,69.7900,70.8050,70.7205,4817000
2025-10-21,70.8200,71.0700,70.2900,70.7650,70.6805,4708600
2025-10-22,70.6150,70.7500,68.0600,69.3600,69.2772,7780600
2025-10-23,69.2350,70.7200,69.1550,70.5500,70.4658,5162600
2025-10-24,71.7600,72.3200,71.5650,71.9900,71.9041,7029000
2025-10-27,73.7650,74.6800,73.6300,74.5700,74.4810,4927400
2025-10-28,75.1100,76.1150,74.8350,75.6950,75.6046,5344800
2025-10-29,76.3350,76.6650,75.0500,76.3850,76.2938,7443000
2025-10-30,75.5000,75.8100,73.9950,74.0250,73.9366,7706000
2025-10-31,75.9150,75.9300,74.1500,74.7400,74.6508,5028400
2025-11-03,76.1400,76.3050,74.8800,75.4100,75.3200,4294200
2025-11-04,73.2950,74.1650,72.1550,72.3200,72.2337,7876600
2025-11-05,72.1600,74.0500,71.8450,73.2700,73.1825,5082000
2025-11-06,72.9100,72.9600,70.2200,70.5300,70.4458,7409600
2025-11-07,69.7350,70.1000,67.5000,70.0550,69.9714,9751200
2025-11-10,72.1350,73.3800,71.6800,73.1250,73.0377,6672200
2025-11-11,72.5150,73.0100,71.7850,72.7350,72.6482,4370800
2025-11-12,73.5050,73.5050,71.8500,72.6100,72.5233,5287600
2025-11-13,71.7700,71.8900,69.1050,69.6250,69.5419,8550000
2025-11-14,67.5800,70.7350,67.0400,69.6950,69.6118,9982000
2025-11-17,69.1050,70.5250,67.6450,68.5000,68.4182,8383600
2025-11-18,67.5650,68.1950,65.7200,66.8350,66.7552,9274400
2025-11-19,66.9950,69.0200,66.4350,67.5950,67.5143,6362400
2025-11-20,70.2700,70.7900,64.2100,64.4100,64.3331,7790000
2025-11-21,64.7600,66.8600,63.3000,65.3600,65.2820,10246000
2025-11-24,66.4700,69.0200,66.4600,68.7300,68.6480,6323800
2025-11-25,68.2900,69.8200,66.8900,69.5100,69.4270,6988000
2025-11-26,70.3500,71.1600,69.8500,70.7400,70.6556,5542200
2025-11-28,71.1100,71.8300,70.9700,71.8100,71.7243,4196700
2025-12-01,70.5500,71.8800,70.2700,71.3500,71.2648,3899600
2025-12-02,71.8600,72.8500,71.4400,72.4700,72.3835,4059600
2025-12-03,71.8900,72.9600,71.5200,72.7900,72.7031,3311300
2025-12-04,73.1100,73.1400,71.8800,72.6200,72.5333,3357200
2025-12-05,72.9500,74.0100,72.7900,73.2200,73.1326,3703900
2025-12-08,73.5900,73.9800,72.3100,72.8900,72.8030,2875400
2025-12-09,72.6000,73.2700,72.2900,73.1000,73.0127,2782400
2025-12-10,72.7900,74.0400,72.1200,73.6600,73.5721,4132600
2025-12-11,72.7800,73.2200,71.3400,73.1800,73.0926,5511400
2025-12-12,72.3500,72.6700,69.8300,70.3400,70.2560,8015500
2025-12-15,71.4500,71.4500,69.3600,69.6300,69.5469,5727600
2025-12-16,69.1000,70.3000,68.8000,69.9000,69.8166,6377200
2025-12-17,70.1800,70.3000,67.2600,67.2800,67.1997,9929200
2025-12-18,69.3800,70.0800,68.7500,69.2400,69.1573,5479100
2025-12-19,69.8600,71.1300,69.8400,71.0500,70.9652,5733500
2025-12-22,72.1900,72.2400,71.3400,71.6700,71.5844,4336300
2025-12-23,71.4300,72.4000,71.3400,72.3600,72.2736,4157400
2025-12-24,72.2600,72.8000,72.2100,72.7300,72.6663,2534000
2025-12-26,72.8500,73.0500,72.5000,72.6800,72.6163,2707500
2025-12-29,71.7800,72.4000,71.4700,71.9600,71.8969,4585500
2025-12-30,71.7100,72.2500,71.5700,71.6100,71.5473,2467300
2025-12-31,71.6500,71.7100,70.3500,70.4100,70.3483,3960500
2026-01-02,71.7100,72.3200,69.4400,70.1000,70.0386,7355500
2026-01-05,71.5100,71.8600,70.9400,71.2000,71.1376,5097800
2026-01-06,71.4900,72.5900,71.3400,72.4600,72.3965,4801600
2026-01-07,72.3500,73.4900,72.2500,72.5900,72.5264,4126600
2026-01-08,72.3700,72.4300,71.1400,71.7500,71.6871,4344600
2026-01-09,71.9300,73.4300,71.4000,73.1400,73.0759,4090000
2026-01-12,72.1300,73.6400,72.1200,73.2700,73.2058,3879200
2026-01-13,73.2600,73.7800,72.4500,73.0100,72.9460,4804900
2026-01-14,72.0800,72.3600,70.3000,71.4900,71.4274,5370100
2026-01-15,73.1200,73.2200,71.7300,71.9400,71.8770,4026000
2026-01-16,72.8000,72.9200,71.2600,71.7500,71.6871,4071300
2026-01-20,69.3100,70.3500,68.5100,68.7300,68.6698,7404900
2026-01-21,69.0400,71.5200,68.6900,70.5400,70.4782,9095800
2026-01-22,71.9700,71.9800,70.9300,71.6100,71.5473,4275600
2026-01-23,71.3200,72.6500,71.0900,72.0500,71.9869,4766500
2026-01-26,72.1300,73.1400,71.9000,72.6600,72.5963,3777100
2026-01-27,73.4400,74.1700,73.0700,73.9600,73.8952,3335500
2026-01-28,74.9700,75.2200,74.1000,74.3600,74.2949,4422900
2026-01-29,74.2900,74.5200,70.9100,73.5200,73.4556,6630900
2026-01-30,72.5900,73.2000,71.1400,71.7100,71.6472,6850500
2026-02-02,70.9900,73.2300,70.9800,72.7300,72.6663,4547900
2026-02-03,73.1900,73.2900,69.1700,70.4600,70.3983,4970500
2026-02-04,70.1100,70.1300,66.7900,67.9800,67.9204,10802600
2026-02-05,66.7200,67.7700,65.5100,66.0400,65.9821,12348100
2026-02-06,66.6900,69.1700,66.3900,68.7900,68.7297,11017200
2026-02-09,68.3000,70.3100,67.7400,69.8300,69.7688,6467000
2026-02-10,70.0400,70.4300,69.0700,69.1800,69.1194,3960700
2026-02-11,70.2800,70.5200,68.3200,69.5200,69.4591,4081200
2026-02-12,69.8800,70.1200,66.4600,66.6900,66.6316,6782700
2026-02-13,66.6200,67.9500,65.7400,66.9200,66.8614,4856000
2026-02-17,66.1500,67.3800,65.0200,66.7700,66.7115,4688200
2026-02-18,66.9600,68.6600,66.6800,67.7500,67.6906,3790900
2026-02-19,67.1000,67.7700,66.6400,67.2400,67.1811,3421200
2026-02-20,66.4700,68.7500,66.2700,68.4000,68.3401,3453200
2026-02-23,67.9100,68.2000,66.2100,66.7500,66.6915,4681200
2026-02-24,66.9500,68.4000,66.3600,68.1300,68.0703,3174600
2026-02-25,68.8600,70.1500,68.8600,70.0800,70.0186,2925400
2026-02-26,69.8600,69.8900,67.2300,68.4400,68.3800,3747000
2026-02-27,66.9800,68.1900,66.8200,67.9900,67.9304,3752000
2026-03-02,66.0600,68.5400,65.8700,68.1300,68.0703,4495300
2026-03-03,65.4800,67.1800,64.4900,66.6800,66.6216,6669400
2026-03-04,67.2300,69.1600,67.0700,68.6500,68.5899,5079700
2026-03-05,67.9300,69.1300,66.7700,68.2600,68.2002,5983400
2026-03-06,66.3100,67.5800,65.8800,66.1900,66.1320,6292600
2026-03-09,64.9400,68.2700,64.3000,67.9400,67.8805,6123900
2026-03-10,67.9600,69.1500,67.4200,67.9100,67.8505,5540600
2026-03-11,68.1900,68.9400,67.3200,67.9000,67.8405,5077500
2026-03-12,66.7800,67.0900,65.5100,65.5800,65.5225,5388300
2026-03-13,66.0700,66.9300,64.5100,64.7600,64.7033,5815100
2026-03-16,66.1200,66.9600,65.9200,66.1900,66.1320,3004600
2026-03-17,66.7900,67.4100,66.5300,66.8500,66.7914,3213900
2026-03-18,66.4300,66.7900,64.9000,64.9500,64.8931,4568200
2026-03-19,63.7800,65.1500,63.2600,64.5300,64.4735,5470700
2026-03-20,64.0900,64.1200,61.3700,62.1300,62.0756,7178100
2026-03-23,64.0800,65.0600,63.1200,63.5800,63.5243,19902000
2026-03-24,62.8400,63.5200,62.2400,62.6400,62.5851,5354100
2026-03-25,63.7600,64.2400,63.0200,63.4300,63.3876,3108400
2026-03-26,62.3300,62.7600,60.3600,60.4300,60.3896,5020800
2026-03-27,59.7700,59.8200,57.8300,58.0500,58.0112,7692800
2026-03-30,59.0200,59.1700,56.6000,57.1600,57.1218,8459000
2026-03-31,58.3700,61.3000,58.3500,61.0000,60.9592,9515200
2026-04-01,61.9000,63.2200,61.7000,62.4900,62.4482,6712200
2026-04-02,60.2600,62.8100,59.8200,62.6000,62.5581,5847700
2026-04-06,62.8600,63.8100,62.5400,63.3500,63.3076,5359900
2026-04-07,62.7200,63.4400,61.1700,63.3900,63.3476,5676600
2026-04-08,67.7100,67.9500,66.2900,67.0800,67.0351,5157600
2026-04-09,67.0900,68.1100,66.4500,68.0100,67.9645,3493200
2026-04-10,68.3700,68.7800,67.8700,68.1900,68.1444,4318400
2026-04-13,67.8900,69.6400,67.5400,69.5900,69.5435,3796300
2026-04-14,70.2300,72.1100,70.2300,72.1000,72.0518,14742700
2026-04-15,72.2400,74.1800,72.0200,74.1100,74.0604,4557900
2026-04-16,74.5500,75.2400,73.6200,74.8000,74.7500,3949400
2026-04-17,76.0000,77.0300,75.6300,76.7300,76.6787,5542400
2026-04-20,76.5400,76.7000,75.2500,76.2700,76.2190,4289200
2026-04-21,76.6200,77.0500,75.1800,75.6700,75.6194,6332200
2026-04-22,77.0300,78.2400,76.6500,78.1800,78.1277,4155900
2026-04-23,77.8100,78.6100,75.9000,77.3000,77.2483,5395800
2026-04-24,78.9400,80.3700,78.4900,80.2400,80.1863,4817100
2026-04-27,80.0600,80.3300,79.4400,80.2900,80.2363,3866600
2026-04-28,78.6200,79.1600,77.7700,78.6700,78.6174,3800200
2026-04-29,78.9000,79.6500,78.4300,79.6400,79.5867,5793000
2026-04-30,80.5400,81.3200,78.6500,81.0500,80.9958,4916100
2026-05-01,81.4200,83.0500,81.3200,82.6000,82.5448,4503300
2026-05-04,82.7200,83.2400,81.3300,82.2800,82.2250,4732800
2026-05-05,83.5100,84.6900,83.4200,84.3900,84.3336,3972100
2026-05-06,85.9400,87.9400,85.6100,87.8500,87.7913,5090100
2026-05-07,88.0800,89.2700,86.8900,87.6600,87.6014,7225600
2026-05-08,88.9000,91.7400,88.8100,91.7200,91.6587,3645200
2026-05-11,91.5200,92.6100,91.1600,92.2600,92.1983,3982000
2026-05-12,90.9300,91.4500,87.9700,90.6900,90.6294,5528200
2026-05-13,91.3800,93.1100,90.0700,92.5500,92.4881,3761500
2026-05-14,92.5800,94.4800,92.4700,93.9000,93.8372,4528700
2026-05-15,91.3300,92.6400,90.1600,91.0300,90.9691,6414500
2026-05-18,91.7100,91.8100,88.4500,90.2000,90.1397,6049100
2026-05-19,88.6700,90.3800,87.5200,89.1300,89.0704,4158100
2026-05-20,90.0600,92.0500,89.6800,92.0500,91.9884,3884100
2026-05-21,90.9600,93.0400,90.4200,92.3800,92.3182,3999800
2026-05-22,93.2700,94.3200,92.7300,93.1000,93.0377,4042000
2026-05-26,95.3000,96.6500,94.8400,96.4000,96.3355,4142400
2026-05-27,97.1100,97.1400,95.1500,96.1900,96.1257,4035800
2026-05-28,96.2500,98.0600,95.4000,97.7900,97.7246,3614200
2026-05-29,98.3900,99.3500,97.6800,98.4600,98.3942,4821500
2026-06-01,98.1600,100.4100,97.8400,99.6300,99.5634,4830700
2026-06-02,99.5600,100.6000,98.6900,100.5300,100.4628,3891700
2026-06-03,100.8500,101.1900,99.1600,100.0000,99.9331,4401500
2026-06-04,97.6600,99.7800,96.8800,99.0200,98.9538,4130800
2026-06-05,96.1800,96.5800,89.2800,89.5400,89.4801,8437900
2026-06-08,92.7100,94.0300,91.5400,92.2500,92.1883,6023600
2026-06-09,94.0200,94.7200,84.6000,90.1200,90.0597,10184800
2026-06-10,88.5200,90.9800,86.3200,86.5100,86.4522,7232200
2026-06-11,87.9100,92.6600,86.8400,92.1800,92.1184,6688400
2026-06-12,92.4700,94.0700,90.8000,93.3800,93.3176,7289100
2026-06-15,97.6900,99.4400,97.5400,99.1800,99.1137,4768600
2026-06-16,98.7700,99.2800,95.3900,95.4600,95.3962,3520400
2026-06-17,96.8300,96.9600,93.1100,93.5600,93.4974,5566100
2026-06-18,97.2700,98.4500,96.0700,97.9100,97.8445,3727200
2026-06-22,98.7300,99.6400,96.7200,97.6800,97.6147,3493600
2026-06-23,91.7400,93.8200,90.8100,91.2200,91.1590,5692200
2026-06-24,91.5900,92.7400,88.8000,90.3700,90.3700,4405200
2026-06-25,94.2200,94.4700,88.9800,91.7700,91.7700,4754900
2026-06-26,89.3900,91.5200,88.3000,89.1200,89.1200,4520400
2026-06-29,91.1200,93.7900,88.9100,93.6800,93.6800,4209300
2026-06-30,93.6900,97.1600,93.6400,96.7600,96.7600,3942000
2026-07-01,94.9300,95.6500,93.7400,93.9000,93.9000,4558100
2026-07-02,93.9700,95.2900,89.3000,90.6100,90.6100,6283700
2026-07-06,92.4000,93.9800,92.0500,93.1400,93.1400,2936200
2026-07-07,90.9100,91.4800,88.5400,89.6900,89.6900,4543600
2026-07-08,88.5600,90.3800,87.5400,90.1400,90.1400,4867500
2026-07-09,91.9000,93.4200,91.1300,93.1400,93.1400,2926500
2026-07-10,92.4600,93.9400,91.5200,93.7000,93.7000,2857700
2026-07-13,91.6700,91.9400,89.7000,90.1300,90.1300,5029600
2026-07-14,92.2800,92.8000,90.7800,92.1300,92.1300,3908600
2026-07-15,93.1700,93.3100,89.7300,91.6100,91.6100,4532900
2026-07-16,90.1400,90.5600,87.7600,88.5700,88.5700,4334400
2026-07-17,84.9800,87.6500,83.7700,85.9100,85.9100,5352100
2026-07-20,87.6000,88.4600,85.9500,86.0300,86.0300,3420000
2026-07-21,88.6600,89.5000,87.7400,89.2300,89.2300,2825000
2026-07-22,87.9000,89.3700,87.8700,88.2800,88.2800,2507100
2026-07-23,85.6400,86.6300,83.9000,85.0000,85.0000,5985900
2026-07-24,84.5400,85.0800,82.5900,83.0000,83.0000,4115500
2026-07-27,84.8200,84.9400,80.9900,82.4800,82.4800,4033400
2026-07-28,81.0500,81.8200,79.0500,80.8700,80.8700,5230500
2026-07-29,80.8800,81.9400,77.4500,77.5800,77.5800,8074300
2026-07-30,80.6100,83.0400,80.2700,82.6800,82.6800,5777700
2026-07-31,84.6900,85.5900,81.7900,83.6700,83.6700,7395200
2026-08-03,83.7800,86.9900,83.1800,86.6200,86.6200,4177400
2026-08-04,88.6300,92.9500,88.4700,92.4600,92.4600,5541100
2026-08-05,93.1100,93.6900,90.7200,90.8000,90.8000,4812900
2026-08-06,89.1400,91.3100,88.5900,90.1300,90.1300,4441300
2026-08-07,91.5000,92.3600,90.5700,92.2100,92.2100,4855400
2026-08-10,92.0300,92.6200,91.5100,91.6300,91.6300,3544000
2026-08-11,92.2500,92.2600,90.3600,90.9800,90.9800,2804900
2026-08-12,93.1500,93.2300,92.1400,92.3200,92.3200,3455100
2026-08-13,92.6800,94.9400,92.4200,94.4300,94.4300,4060500
2026-08-14,94.7600,95.0000,93.4500,94.1500,94.1500,2800200
2026-08-18,91.3400,91.8000,90.9600,91.0403,91.0403,1486399
