Date,Open,High,Low,Close,AdjClose,Volume
1999-03-10,51.1250,51.1562,50.2812,51.0625,43.0743,5232000
1999-03-11,51.4375,51.7344,50.3125,51.3125,43.2852,9688600
1999-03-12,51.1250,51.1562,49.6562,50.0625,42.2308,8743600
1999-03-15,50.4375,51.5625,49.9062,51.5000,43.4434,6369000
1999-03-16,51.7188,52.1562,51.1562,51.9375,43.8124,4905800
1999-03-17,51.9375,52.0000,51.4062,51.5625,43.4961,3965000
1999-03-18,51.5000,52.5938,51.4844,52.5625,44.3397,4848400
1999-03-19,53.2500,53.2500,51.1875,51.2188,43.2062,7160400
1999-03-22,51.4375,51.5625,50.5000,50.5938,42.6789,5024800
1999-03-23,50.3125,50.5000,48.7188,48.8125,41.1763,10962400
1999-03-24,49.2500,50.5000,48.5000,50.4688,42.5735,8447000
1999-03-25,51.2500,52.3125,50.9141,52.3125,44.1288,8133800
1999-03-26,51.8750,52.4688,51.5312,51.7500,43.6543,8256200
1999-03-29,52.3750,53.6562,52.0625,53.6250,45.2360,5113800
1999-03-30,53.5625,54.0000,53.0312,53.2500,44.9196,4940600
1999-03-31,54.1250,54.1875,52.3125,52.4688,44.2606,8256600
1999-04-01,54.0000,54.0625,52.6875,53.5625,45.1832,8715800
1999-04-05,54.4297,55.5781,54.0938,55.5000,46.8176,5697200
1999-04-06,55.4375,56.2188,54.9688,55.6094,46.9099,7522400
1999-04-07,56.1250,56.2500,53.8438,55.0312,46.4222,11923600
1999-04-08,54.9375,55.7344,53.8125,55.4688,46.7913,7952400
1999-04-09,55.3750,55.9375,55.2188,55.8125,47.0813,4946800
1999-04-12,54.5000,55.8125,54.4375,55.4375,46.7649,10934000
1999-04-13,55.7812,55.9062,54.2500,54.6875,46.1323,9962200
1999-04-14,55.3750,55.4375,52.5078,52.8125,44.5506,21253800
1999-04-15,53.0000,53.6172,51.1250,53.5312,45.1569,17650600
1999-04-16,53.4062,53.4062,51.6875,51.9688,43.8388,17274000
1999-04-19,52.3125,52.7500,49.0078,49.5312,41.7826,19460600
1999-04-20,49.3125,51.0625,48.8438,50.6562,42.7316,17413600
1999-04-21,51.1250,53.1875,50.4375,53.1562,44.8405,10940400
1999-04-22,53.6562,54.7500,53.3047,54.5938,46.0532,13630600
1999-04-23,54.3125,55.7188,53.7500,55.3125,46.6595,7064400
1999-04-26,55.6875,57.0000,55.5078,56.5859,47.7337,5421000
1999-04-27,57.0000,57.2812,55.0078,55.7188,47.0022,16482800
1999-04-28,55.2500,55.4375,53.5703,53.8125,45.3941,7676800
1999-04-29,53.5625,53.8750,52.2500,53.3750,45.0251,19148200
1999-04-30,54.1250,54.4062,51.8125,53.7188,45.3151,15295200
1999-05-03,53.5625,53.7812,52.5391,53.4375,45.0778,11109800
1999-05-04,53.5312,54.3750,52.2812,52.5938,44.3660,15428400
1999-05-05,52.6250,54.1875,51.0312,54.1875,45.7105,12642600
1999-05-06,53.6875,54.1562,51.7188,52.2188,44.0497,15173400
1999-05-07,52.6875,53.1250,51.5625,52.9688,44.6824,16430400
1999-05-10,53.3125,53.8594,52.6875,53.5000,45.1305,10604200
1999-05-11,53.9375,54.6250,53.6250,54.3438,45.8423,8800800
1999-05-12,54.5938,55.6562,53.0000,55.4688,46.7913,12507400
1999-05-13,55.9062,56.0000,54.1875,54.4375,45.9214,9864000
1999-05-14,53.3750,54.0000,53.0000,53.4062,45.0514,12205400
1999-05-17,52.9375,54.5312,52.4141,54.3672,45.8620,9906800
1999-05-18,54.3125,54.6250,53.5000,54.1250,45.6577,9267800
1999-05-19,54.3438,54.9062,53.5000,54.8750,46.2904,7985600
1999-05-20,54.9922,54.9922,53.2812,53.3672,45.0185,5997200
1999-05-21,53.5312,53.6875,52.5938,52.8750,44.6033,10958600
1999-05-24,52.9688,53.0625,51.1875,51.5312,43.4698,9569800
1999-05-25,51.4688,52.2188,49.6250,49.8438,42.0463,17771200
1999-05-26,50.5000,51.4375,48.9375,51.2344,43.2193,26772000
1999-05-27,51.0312,51.9297,50.3750,51.1875,43.1798,23334800
1999-05-28,51.5000,52.3125,50.8438,52.0312,43.8915,12969800
1999-06-01,51.9375,52.1875,50.5938,50.8750,42.9162,6960200
1999-06-02,50.8438,52.0000,49.5703,51.7344,43.6411,11996600
1999-06-03,52.1250,52.1250,50.6875,51.0000,43.0216,11147800
1999-06-04,51.3750,52.7422,51.3750,52.5625,44.3397,12987200
1999-06-07,52.9297,53.9922,52.8125,53.6562,45.2623,11491800
1999-06-08,53.7812,54.0312,52.0391,52.3125,44.1288,8134800
1999-06-09,52.5000,53.3359,52.4688,53.1875,44.8669,8384400
1999-06-10,52.6250,52.9375,51.9453,52.5781,44.3529,9392400
1999-06-11,52.9375,52.9922,51.3125,51.7812,43.6807,16567600
1999-06-14,51.9688,51.9688,50.6875,50.8047,42.8569,14136800
1999-06-15,50.9297,51.8672,50.7812,51.5625,43.4961,9147800
1999-06-16,52.8438,54.2109,52.7812,54.2109,45.7303,15060200
1999-06-17,53.5000,55.0625,53.5000,54.8125,46.2377,16278200
1999-06-18,54.3125,55.2188,54.2188,55.0625,46.4486,5392800
1999-06-21,55.4375,56.7422,55.3438,56.7109,47.8391,10565200
1999-06-22,56.3750,57.0938,55.0000,55.0000,46.3959,10862800
1999-06-23,55.0078,56.0000,54.6562,55.8672,47.1274,9607000
1999-06-24,55.8438,55.8750,54.5000,54.7578,46.1916,14988800
1999-06-25,55.1250,55.5625,54.1875,54.6875,46.1323,8635600
1999-06-28,55.1562,56.0625,54.7031,55.9844,47.2262,7666200
1999-06-29,55.9375,56.9688,55.6562,56.7500,47.8721,9000400
1999-06-30,56.8047,59.9375,56.1328,57.6250,48.6102,19467600
1999-07-01,57.8125,58.3438,56.8125,58.0156,48.9397,6822600
1999-07-02,58.0000,58.8125,58.0000,58.7500,49.5592,3302000
1999-07-06,59.0625,59.6562,58.0625,58.3750,49.2429,8794800
1999-07-07,58.3438,58.7188,57.9375,58.4688,49.3219,10520000
1999-07-08,58.4688,59.4922,58.1875,59.2500,49.9810,11225000
1999-07-09,59.4688,59.9062,59.0312,59.8438,50.4818,4206800
1999-07-12,60.0625,60.3750,59.1875,59.5312,50.2183,7816200
1999-07-13,59.2500,59.4688,58.7812,59.2500,49.9810,6230000
1999-07-14,59.8438,60.3750,59.0000,60.2578,50.8312,6909400
1999-07-15,60.4688,60.8125,60.1328,60.8125,51.2990,6539800
1999-07-16,60.8438,61.7188,60.8203,61.3750,51.7736,4913800
1999-07-19,61.6250,61.6250,60.5078,60.7500,51.2464,6833000
1999-07-20,60.0078,60.0938,58.2500,58.4062,49.2693,14837400
1999-07-21,58.5312,59.1953,58.0625,58.6875,49.5065,10980400
1999-07-22,58.6875,58.6875,57.0312,57.1953,48.2477,15148400
1999-07-23,57.6250,57.8672,56.6875,57.2812,48.3202,12115000
1999-07-26,56.5000,57.1250,55.7812,55.8750,47.1340,10720000
1999-07-27,57.0000,57.8750,56.5156,57.0000,48.0830,13732800
1999-07-28,57.6875,58.4375,56.9453,58.1172,49.0254,10161800
1999-07-29,57.0312,57.5000,56.3125,56.8750,47.9775,13033800
1999-07-30,57.1250,57.7500,56.5078,56.5938,47.7403,10947400
1999-08-02,56.6875,57.8125,56.2188,56.4375,47.6085,9642400
1999-08-03,57.2109,57.2188,55.2500,56.0703,47.2987,13005000
1999-08-04,56.0703,56.4922,55.0078,55.0547,46.4420,13227600
1999-08-05,55.0625,55.9297,53.7500,55.9297,47.1801,18695200
1999-08-06,55.5312,56.5625,54.9375,55.3281,46.6727,12392200
1999-08-09,55.5312,55.6875,54.5078,54.6172,46.0729,7983400
1999-08-10,54.4688,54.8672,52.9375,54.1250,45.6577,16767200
1999-08-11,55.0938,56.0000,54.2656,55.9062,47.1603,13101400
1999-08-12,56.1250,56.5000,55.1250,55.2500,46.6068,12715000
1999-08-13,56.4062,57.7188,56.3125,57.6562,48.6366,14342600
1999-08-16,57.6250,58.3125,57.2500,58.1172,49.0254,11470600
1999-08-17,58.6250,58.6875,57.3438,58.4062,49.2693,11408400
1999-08-18,58.1250,58.8438,57.5312,57.7500,48.7157,7035200
1999-08-19,57.2188,57.6250,56.6953,57.0625,48.1357,10157800
1999-08-20,57.1250,57.9688,56.8125,57.9688,48.9002,6920800
1999-08-23,58.5000,59.8125,58.3672,59.8125,50.4555,9652000
1999-08-24,59.3750,60.8750,59.2578,60.2188,50.7982,13891400
1999-08-25,60.5938,61.7500,59.9375,61.5000,51.8790,11352000
1999-08-26,61.5000,61.7188,60.3828,60.4766,51.0157,9753000
1999-08-27,60.9297,60.9375,59.7188,59.8750,50.5082,9635400
1999-08-30,60.1250,60.3125,58.8750,59.0312,49.7965,10141600
1999-08-31,59.4375,60.0625,58.1250,59.6875,50.3501,14590400
1999-09-01,60.0625,60.6250,59.6875,60.1172,50.7125,10752000
1999-09-02,59.0000,60.2188,58.8750,59.9062,50.5346,14583200
1999-09-03,61.6250,62.6797,61.4062,62.6562,52.8544,14195400
1999-09-07,62.5312,63.1562,62.2812,62.3750,52.6171,9009000
1999-09-08,62.0000,62.6250,61.0312,61.5312,51.9054,14303400
1999-09-09,61.5625,62.5625,61.2500,62.4062,52.6435,12677600
1999-09-10,63.2500,63.7422,62.5312,63.1250,53.2498,10251000
1999-09-13,63.0625,63.1875,62.0312,62.3672,52.6105,7240800
1999-09-14,62.1250,63.1484,62.0000,62.7109,52.9005,10022600
1999-09-15,63.4922,63.4922,61.4375,61.5000,51.8790,16096000
1999-09-16,61.4688,62.0312,60.1953,61.4688,51.8526,15371000
1999-09-17,62.0312,63.4375,61.9375,63.3125,53.4080,14506400
1999-09-20,63.5000,63.7500,63.0312,63.4609,53.5332,6187200
1999-09-21,62.9062,63.0312,61.7578,61.9375,52.2481,12265800
1999-09-22,62.0312,62.9219,61.2812,62.5938,52.8016,12441800
1999-09-23,63.2500,63.3750,59.6328,60.0000,50.6137,19766000
1999-09-24,59.6250,60.3125,58.6250,60.0781,50.6796,23570800
1999-09-27,60.9375,61.3750,60.3125,60.5000,51.0355,12608800
1999-09-28,60.1953,61.0000,58.9062,60.7812,51.2727,20622000
1999-09-29,60.7812,61.2188,59.5625,59.5625,50.2446,15557000
1999-09-30,60.1250,60.8125,59.3750,60.1875,50.7718,17604200
1999-10-01,59.3750,60.2109,58.7500,60.2109,50.7916,19607400
1999-10-04,60.5312,61.7812,60.1875,61.5625,51.9317,12434200
1999-10-05,61.7812,62.7500,60.6875,62.0000,52.3008,19526400
1999-10-06,62.3750,63.3359,61.4297,63.2422,53.3486,19098200
1999-10-07,63.5938,63.8984,62.6250,63.0938,53.2234,22013600
1999-10-08,62.8438,63.9375,62.0000,63.7578,53.7836,22523200
1999-10-11,63.9375,64.6875,63.7812,64.6562,54.5415,13016000
1999-10-12,64.4375,64.9531,63.0000,63.1875,53.3025,20182800
1999-10-13,62.4688,63.2188,61.0625,61.3125,51.7209,22570600
1999-10-14,61.5312,62.1250,60.5312,61.6953,52.0438,22130400
1999-10-15,60.1250,61.0000,59.5078,59.8750,50.5082,33703000
1999-10-18,59.9375,60.1562,57.4141,59.1172,49.8690,24714800
1999-10-19,59.7578,60.0625,58.4375,59.4375,50.1392,26657200
1999-10-20,60.3438,61.7422,59.7500,61.2500,51.6681,22486400
1999-10-21,60.2500,62.2500,59.8125,62.2500,52.5117,22454800
1999-10-22,62.6172,63.2500,61.7500,61.9688,52.2744,16589400
1999-10-25,61.6875,62.6797,61.4375,62.0000,52.3008,13855400
1999-10-26,62.7500,63.0938,61.3750,61.5000,51.8790,13542400
1999-10-27,61.3438,61.6250,60.4453,61.4062,51.7999,15225200
1999-10-28,62.3750,63.7500,61.8125,63.5312,53.5925,14103800
1999-10-29,65.0000,66.2500,64.7812,65.7500,55.4641,19000000
1999-11-01,65.7500,66.5312,65.3203,65.4062,55.1742,9681800
1999-11-02,65.7500,66.5625,65.1953,65.4453,55.2071,12834800
1999-11-03,66.3750,67.1250,66.1875,66.7500,56.3077,18752600
1999-11-04,67.6797,67.8125,66.7812,67.5000,56.9404,20048600
1999-11-05,68.8750,69.2188,68.1875,68.1875,57.5203,15134600
1999-11-08,68.4375,69.8047,68.2188,69.5625,58.6802,10890800
1999-11-09,70.1250,70.2500,68.5000,69.0938,58.2848,14629800
1999-11-10,69.1250,70.5938,68.8125,70.0000,59.0493,16561000
1999-11-11,70.7500,71.3438,70.1250,71.2500,60.1038,18501400
1999-11-12,71.6250,72.2500,69.3750,72.1875,60.8946,28646600
1999-11-15,72.2500,72.5000,71.6875,72.0469,60.7759,10909400
1999-11-16,72.3125,74.2188,72.0000,73.8750,62.3181,19126400
1999-11-17,73.8750,74.1953,72.5000,72.8750,61.4745,21683600
1999-11-18,73.3750,75.1094,72.9375,75.1094,63.3594,17738400
1999-11-19,74.7812,75.9062,74.5000,75.7812,63.9261,17939400
1999-11-22,75.9375,77.5000,74.6250,74.6250,62.9507,18841800
1999-11-23,76.4375,76.5000,74.2500,74.9688,63.2407,24047600
1999-11-24,75.1875,77.7422,74.4062,77.4375,65.3233,18617800
1999-11-26,78.4062,78.7812,77.3750,77.6875,65.5341,8045200
1999-11-29,77.5312,78.1875,76.3125,76.4062,64.4533,20485200
1999-11-30,76.5625,76.6875,73.5000,73.5000,62.0017,23702400
1999-12-01,74.3125,75.4688,73.7500,75.0938,63.3461,23205800
1999-12-02,75.3750,77.6250,75.3281,77.4766,65.3562,17229200
1999-12-03,79.3125,80.1875,78.9062,79.1250,66.7468,21444600
1999-12-06,79.4297,80.5000,78.6875,79.8438,67.3531,16018400
1999-12-07,80.0938,80.4062,78.8359,79.8438,67.3531,23397000
1999-12-08,79.8672,80.4922,78.6875,78.8750,66.5359,19563000
1999-12-09,80.0000,80.4375,77.2500,79.2500,66.8522,28445400
1999-12-10,79.9062,80.1875,78.1250,79.9062,67.4058,20428400
1999-12-13,79.6328,81.3359,79.2812,80.9922,68.3219,16209200
1999-12-14,80.7500,81.2188,79.0000,79.5312,67.0895,27760200
1999-12-15,78.6250,81.0625,77.9375,81.0625,68.3811,31797200
1999-12-16,82.1250,83.2500,81.7500,83.0625,70.0683,27219600
1999-12-17,84.5000,84.8750,83.4297,83.7812,70.6746,23892400
1999-12-20,84.4062,85.2500,83.6875,84.8750,71.5973,15392000
1999-12-21,85.1250,89.4375,84.6406,89.4375,75.4460,26003800
1999-12-22,89.1875,89.3125,87.4375,89.1562,75.2087,22313600
1999-12-23,89.8672,90.7500,89.0000,90.2188,76.1050,17543600
1999-12-27,90.3125,90.3438,87.9062,89.6875,75.6569,19281800
1999-12-28,89.7500,90.5000,88.5625,89.1250,75.1824,15346400
1999-12-29,90.0000,92.5000,89.8750,92.5000,78.0294,16512600
1999-12-30,93.6250,93.7500,91.5000,91.5000,77.1859,21887000
1999-12-31,92.6250,93.1875,91.3750,91.3750,77.0804,14464400
2000-01-03,96.1875,96.1875,90.7500,94.7500,79.9274,36345200
2000-01-04,92.0000,93.5000,87.9375,88.2500,74.4443,33786600
2000-01-05,87.5000,89.6250,84.2500,86.0000,72.5462,42496600
2000-01-06,86.8750,88.0000,79.7500,80.0938,67.5639,37134800
2000-01-07,82.9375,90.0000,82.5000,90.0000,75.9205,28138200
2000-01-10,91.0000,93.9375,89.9375,92.5000,78.0294,29675600
2000-01-11,91.7500,92.8750,87.0000,88.0000,74.2334,32546600
2000-01-12,89.0000,89.2422,86.0000,86.0625,72.5990,29050000
2000-01-13,88.5000,91.5000,87.0781,91.2500,76.9750,25165200
2000-01-14,93.0000,93.6250,92.0000,93.3750,78.7675,21898600
2000-01-18,92.0625,94.4375,91.4375,93.8750,79.1893,16752400
2000-01-19,93.4922,96.0000,92.4297,96.0000,80.9818,19006000
2000-01-20,95.5000,96.8750,94.0078,95.0625,80.1910,25958000
2000-01-21,96.5000,96.5625,95.0625,96.2500,81.1927,18698200
2000-01-24,97.4375,97.6250,90.9688,91.6250,77.2913,28340400
2000-01-25,91.8750,94.1172,89.4062,93.0000,78.4512,33276200
2000-01-26,93.2500,93.3125,89.0000,89.2500,75.2879,23095600
2000-01-27,91.7500,92.5000,87.6250,90.5625,76.3950,30739200
2000-01-28,90.0000,90.4688,84.7500,86.0000,72.5462,35313800
2000-01-31,85.8750,90.0000,83.5000,89.6875,75.6569,36014600
2000-02-01,89.5312,92.5000,88.4375,92.0938,77.6867,26417600
2000-02-02,92.2500,94.7188,92.0938,92.8750,78.3457,26169200
2000-02-03,94.3125,96.6250,92.2812,96.5000,81.4037,30579800
2000-02-04,97.0000,98.2422,96.2188,97.1562,81.9572,26640000
2000-02-07,97.2500,98.6250,96.2500,98.5000,83.0908,17761000
2000-02-08,99.3750,102.8750,99.3750,102.6250,86.5705,21999400
2000-02-09,102.0625,102.1953,98.7500,99.0000,83.5125,27258200
2000-02-10,99.8125,102.2500,98.5547,102.2500,86.2541,26341600
2000-02-11,102.0625,102.0625,98.0000,99.8750,84.2507,24876000
2000-02-14,99.9922,100.0000,97.7500,99.7500,84.1452,22814600
2000-02-15,98.9375,100.6250,95.8750,100.4688,84.7516,30572800
2000-02-16,99.9062,101.6875,99.3125,100.0000,84.3561,25310600
2000-02-17,101.1875,103.2500,99.6250,102.1250,86.1487,30080200
2000-02-18,102.6250,103.0000,98.4375,98.4375,83.0380,25271200
2000-02-22,99.0000,99.9375,96.2500,98.7500,83.3017,37226200
2000-02-23,99.6797,105.0000,99.1562,104.2500,87.9413,32170800
2000-02-24,104.8750,106.8047,102.0000,106.5000,89.8392,48868200
2000-02-25,106.1875,107.5000,103.8750,104.0625,87.7831,32617600
2000-02-28,103.2500,105.6875,100.5000,104.0000,87.7304,38216200
2000-02-29,105.7500,107.0938,104.9375,106.7500,90.0501,23978600
2000-03-01,107.2500,108.5625,106.5000,107.6250,90.7883,24468400
2000-03-02,108.0625,108.1875,104.7500,105.1328,88.6859,32739200
2000-03-03,108.0000,111.1250,107.0000,111.0625,93.6880,32017200
2000-03-06,111.7500,113.2188,110.2500,111.9375,94.4261,23268400
2000-03-07,113.8125,113.8750,108.7500,110.2500,93.0026,39471000
2000-03-08,111.0000,112.0000,106.2812,111.2500,93.8462,43512600
2000-03-09,111.2188,115.5000,109.0938,115.0000,97.0095,30101400
2000-03-10,114.8750,116.4375,113.5078,114.5000,96.5877,29750600
2000-03-13,110.0000,114.1250,109.5312,111.5000,94.0571,37544200
2000-03-14,112.7500,113.3750,105.0000,107.3750,90.5774,39106800
2000-03-15,106.5000,107.0000,101.8750,102.8750,86.7814,51202600
2000-03-16,105.3750,109.2500,101.0000,108.7500,91.7373,55282200
2000-03-17,108.0000,111.0625,107.9375,110.8125,93.4771,31422400
2000-03-20,111.0000,111.5000,106.2500,107.6875,90.8410,21167200
2000-03-21,106.1250,111.9375,103.5625,111.7500,94.2679,33435100
2000-03-22,113.5000,115.9688,111.1250,114.0000,96.1659,24370200
2000-03-23,114.4844,117.7500,113.5625,116.0000,97.8531,19227400
2000-03-24,117.4844,120.5000,115.0156,117.5625,99.1712,22063000
2000-03-27,118.0000,119.5000,117.1250,117.7500,99.3293,11752600
2000-03-28,116.9844,117.8125,113.1250,114.7500,96.7987,18336300
2000-03-29,115.3750,115.4375,110.0000,110.0000,92.7917,27189500
2000-03-30,107.2500,112.7500,103.5000,107.2500,90.4719,42328700
2000-03-31,108.1406,110.6250,104.0000,109.5000,92.3700,31349900
2000-04-03,107.7656,109.1250,100.7500,102.9375,86.8341,31551300
2000-04-04,103.6250,103.9375,88.3125,101.9375,85.9905,66213000
2000-04-05,97.5000,103.9375,96.2500,100.1250,84.4616,37631500
2000-04-06,102.3750,103.8750,99.7500,102.5000,86.4650,30499900
2000-04-07,104.1250,107.3750,102.6250,106.6250,89.9447,20645500
2000-04-10,107.6250,107.6875,99.2500,100.1250,84.4616,26988200
2000-04-11,97.1250,101.5000,95.0625,97.7500,82.4581,34497100
2000-04-12,97.6250,98.7500,90.2500,92.0000,77.6076,34824400
2000-04-13,92.8125,96.0000,88.0000,88.0000,74.2334,46330500
2000-04-14,86.0625,88.5000,78.0000,80.3750,67.8012,60851300
2000-04-17,78.0156,90.0000,78.0000,89.6250,75.6042,55398500
2000-04-18,89.4844,93.0000,87.3750,92.0000,77.6076,36260900
2000-04-19,92.5000,93.6250,89.0625,89.1875,75.2351,28082500
2000-04-20,90.3750,90.9688,86.0625,87.2500,73.6007,21255600
2000-04-24,83.4375,85.2500,79.8750,84.7500,71.4918,31190900
2000-04-25,86.5000,90.5000,86.0000,90.4688,76.3159,28663200
2000-04-26,90.6250,92.4219,87.1250,87.3750,73.7061,25688300
2000-04-27,84.0000,92.4844,82.2500,91.2500,76.9750,37010400
2000-04-28,93.5625,94.7500,92.1250,94.7500,79.9274,24828400
2000-05-01,95.7500,96.8750,94.2500,95.6250,80.6655,23205700
2000-05-02,94.8750,95.6250,89.7500,90.1250,76.0259,20307900
2000-05-03,89.5000,90.2500,85.5156,89.1250,75.1824,26589700
2000-05-04,89.0000,90.7500,87.6250,89.3125,75.3406,17750700
2000-05-05,88.1250,92.3125,88.0312,91.4375,77.1332,20571200
2000-05-08,90.5000,90.7500,87.7500,87.8750,74.1279,13903000
2000-05-09,88.5000,89.1250,84.3125,86.0000,72.5462,19825800
2000-05-10,84.3750,84.9844,79.5000,79.7500,67.2740,34847500
2000-05-11,82.7500,85.2500,80.8750,84.6250,71.3863,24709700
2000-05-12,85.3750,87.5625,84.0000,84.6250,71.3863,17832000
2000-05-15,84.8125,88.6250,82.6250,88.3125,74.4970,17950800
2000-05-16,90.0000,91.5000,88.0625,90.8125,76.6059,23758800
2000-05-17,89.2500,90.5000,87.7500,88.9375,75.0242,20339400
2000-05-18,89.0000,89.3594,85.3750,85.7500,72.3354,19063000
2000-05-19,83.7500,85.0000,81.3125,81.6875,68.9084,28178100
2000-05-22,81.6250,82.2500,75.5781,81.6250,68.8557,43879800
2000-05-23,81.3750,82.6250,74.2500,74.8125,63.1089,31898500
2000-05-24,75.0000,79.8750,72.2500,79.5000,67.0631,49476000
2000-05-25,80.2500,82.2500,76.5000,77.7500,65.5869,29632700
2000-05-26,77.7500,79.2500,75.7500,77.7500,65.5869,18203200
2000-05-30,80.0000,85.9375,80.0000,85.5625,72.1772,31590400
2000-05-31,84.4688,86.6719,82.7500,83.1250,70.1210,29675400
2000-06-01,85.1875,88.3750,84.0000,87.3750,73.7061,28993500
2000-06-02,92.6250,93.9375,82.5000,93.6250,78.9784,31677200
2000-06-05,92.2500,95.3125,91.8750,93.8594,79.1761,23784300
2000-06-06,93.1875,95.0000,90.8750,91.2500,76.9750,23200500
2000-06-07,91.5625,94.0000,89.5625,93.6875,79.0311,22524400
2000-06-08,94.6250,94.8750,91.6250,93.2500,78.6621,19313800
2000-06-09,94.7500,94.7500,93.0000,93.7500,79.0839,17014600
2000-06-12,94.3125,94.3125,90.0000,90.7500,76.5531,16484700
2000-06-13,90.5000,94.6250,89.3594,94.2500,79.5056,25187900
2000-06-14,94.8750,94.8750,91.5000,92.1250,77.7131,20274500
2000-06-15,91.8750,93.8750,90.8750,93.7500,79.0839,18807800
2000-06-16,94.7500,95.3125,93.0625,94.2500,79.5056,21203400
2000-06-19,94.0156,98.2500,92.6875,98.0000,82.6690,20042500
2000-06-20,98.2500,99.6875,97.1875,97.6250,82.3527,20988300
2000-06-21,96.8125,99.7188,96.6875,98.8750,83.4071,20880600
2000-06-22,98.6250,99.0000,94.5000,95.2500,80.3492,21526700
2000-06-23,95.0000,95.5000,91.3750,91.5000,77.1859,24888100
2000-06-26,93.0625,94.4219,92.0000,94.0000,79.2947,22169200
2000-06-27,93.7656,95.0625,92.3750,92.8750,78.3457,14786000
2000-06-28,92.9844,95.5000,92.5000,94.0000,79.2947,19259800
2000-06-29,92.9375,93.3750,90.6250,91.6406,77.3045,21355800
2000-06-30,91.8125,93.9531,91.3125,93.4375,78.8202,15153100
2000-07-03,93.5000,95.2500,93.2500,95.2500,80.3492,5212000
2000-07-05,93.6250,93.9688,90.8750,91.5625,77.2386,16489000
2000-07-06,91.5625,94.7500,90.0625,94.0000,79.2947,23594700
2000-07-07,95.0000,97.0000,94.4375,95.9375,80.9292,16603200
2000-07-10,94.6875,95.8750,94.0000,94.4844,79.7034,12659400
2000-07-11,94.0625,95.7500,92.8125,95.0000,80.1383,14374600
2000-07-12,95.4375,97.7500,94.6250,97.2500,82.0363,18252600
2000-07-13,97.9375,99.7500,97.1250,98.5000,83.0908,19566700
2000-07-14,100.2500,101.1250,98.8125,100.6250,84.8833,17219400
2000-07-17,100.9375,102.0625,99.8750,101.7500,85.8323,13140500
2000-07-18,100.3750,100.7812,98.3594,99.5000,83.9343,20684000
2000-07-19,98.3125,98.9375,95.6562,97.2500,82.0363,21828500
2000-07-20,97.8750,100.5000,97.2656,100.3750,84.6725,19521200
2000-07-21,98.4375,99.5156,97.0000,97.0000,81.8254,14411400
2000-07-24,97.9375,99.0000,94.2500,95.0000,80.1383,18579200
2000-07-25,95.6250,97.0000,93.8125,95.7500,80.7710,19065700
2000-07-26,95.5000,96.1250,93.2500,95.6250,80.6655,20318700
2000-07-27,93.9375,95.0625,91.5625,91.8750,77.5022,26141800
2000-07-28,92.1875,92.8750,86.0000,86.8750,73.2844,36485600
2000-07-31,87.6250,90.1250,85.7188,89.4375,75.4460,27609900
2000-08-01,89.8125,89.9844,87.6875,88.2500,74.4443,15751800
2000-08-02,87.8750,90.3906,86.5000,86.6875,73.1262,23578200
2000-08-03,84.2500,91.2500,83.3125,90.4375,76.2896,35874700
2000-08-04,92.0000,92.7656,89.1250,90.1250,76.0259,22283400
2000-08-07,90.8750,93.0312,90.2500,92.2500,77.8186,15103300
2000-08-08,92.0625,94.2500,91.5000,94.1250,79.4002,14832300
2000-08-09,93.6875,94.4375,91.3750,91.6250,77.2913,18649800
2000-08-10,91.8125,92.2344,89.5000,89.8125,75.7623,15336200
2000-08-11,89.2500,91.1094,87.8750,91.0625,76.8168,21050600
2000-08-14,91.3750,93.0000,90.2031,93.0000,78.4512,12539300
2000-08-15,92.7500,93.9844,92.0000,93.0000,78.4512,14090300
2000-08-16,93.4375,94.6875,92.0000,93.9375,79.2420,15245300
2000-08-17,92.9375,95.8750,92.8750,95.7500,80.7710,14492400
2000-08-18,95.9375,96.6250,94.6875,95.2500,80.3492,14706700
2000-08-21,96.0000,96.8594,94.3750,95.5000,80.5601,13560100
2000-08-22,96.0000,97.3594,95.2656,95.5000,80.5601,14878200
2000-08-23,94.6875,97.4375,93.8281,97.0625,81.8781,21396400
2000-08-24,97.4375,98.6875,96.0625,98.5625,83.1435,13567700
2000-08-25,98.4844,99.9531,97.0000,98.0312,82.6953,11764700
2000-08-28,98.2500,99.8438,97.9375,98.5000,83.0908,12314200
2000-08-29,98.6250,99.1719,97.8594,99.0000,83.5125,11162800
2000-08-30,98.3125,99.5000,97.7656,98.8750,83.4071,10545300
2000-08-31,99.6250,102.0000,98.8750,101.6250,85.7269,15588700
2000-09-01,103.0000,103.5156,101.1875,102.6250,86.5705,14071900
2000-09-05,101.6250,101.7500,99.4219,99.5000,83.9343,16348300
2000-09-06,99.2500,99.4844,95.5000,96.0000,80.9818,20964900
2000-09-07,96.8125,99.4219,96.5625,98.1250,82.7744,16669700
2000-09-08,97.7656,98.0000,94.7656,95.1250,80.2438,23475200
2000-09-11,94.5000,96.1250,92.0000,92.8125,78.2931,27262100
2000-09-12,93.5000,94.6875,90.8438,91.3750,77.0804,24256000
2000-09-13,90.2500,93.8750,90.0000,93.5000,78.8730,34093100
2000-09-14,95.2500,95.9375,92.6406,93.0000,78.4512,28615300
2000-09-15,93.1250,93.6250,90.6875,91.3125,77.0277,24994600
2000-09-18,91.8125,93.0000,88.0000,89.8750,75.8151,29218500
2000-09-19,90.7500,93.7812,89.8750,93.1875,78.6093,27568700
2000-09-20,93.3750,95.2344,91.3125,94.6250,79.8220,33123200
2000-09-21,93.7500,94.4844,87.0000,87.7500,74.0225,25031400
2000-09-22,87.6250,93.2500,87.5000,92.9375,78.3984,33710100
2000-09-25,93.6250,94.2500,90.0000,90.4688,76.3159,20560800
2000-09-26,90.7656,92.5000,88.9219,89.4375,75.4460,26011200
2000-09-27,90.6250,91.1875,88.0000,89.5625,75.5514,28482900
2000-09-28,88.7188,93.0000,88.7188,91.5625,77.2386,29050000
2000-09-29,92.0000,92.4531,88.6875,88.7500,74.8660,27198800
2000-10-02,90.2500,90.2500,86.0000,86.7500,73.1789,24968200
2000-10-03,88.0625,88.8125,83.2656,84.0000,70.8592,35731200
2000-10-04,83.5000,86.8594,82.1250,85.6250,72.2299,37672100
2000-10-05,85.2500,87.1875,84.5625,85.8750,72.4408,23443100
2000-10-06,85.5625,86.5625,81.2500,83.0000,70.0156,36335800
2000-10-09,82.5625,83.8125,79.3750,82.6250,69.6992,28834600
2000-10-10,81.8125,83.3125,77.8750,78.3125,66.0614,35283200
2000-10-11,76.8750,80.4531,76.0625,77.0625,65.0069,48462600
2000-10-12,79.2500,79.5625,74.4062,75.1250,63.3725,53223600
2000-10-13,74.6875,81.6250,74.6250,81.2500,68.5393,42410200
2000-10-16,81.1250,82.3125,79.7500,82.0000,69.1720,27644900
2000-10-17,83.1250,83.1719,78.0000,78.2500,66.0086,52101400
2000-10-18,76.7500,81.1875,74.5625,78.0000,65.7977,64354400
2000-10-19,82.3906,85.1094,81.4375,85.0625,71.7554,44278900
2000-10-20,84.5000,87.8750,84.3906,86.3125,72.8098,40692200
2000-10-23,86.1875,87.5000,84.1250,86.1875,72.7044,28989200
2000-10-24,86.4375,87.0000,82.3750,82.5000,69.5938,31466200
2000-10-25,81.2500,82.0000,76.8906,77.8750,65.6923,48635400
2000-10-26,78.1875,80.0000,73.6250,79.8750,67.3794,69991300
2000-10-27,80.8594,81.8594,77.4844,79.7188,67.2477,51046400
2000-10-30,78.1875,79.8750,75.7031,76.7656,64.7565,35496700
2000-10-31,78.0000,82.5625,77.8750,81.7031,68.9216,43863800
2000-11-01,80.3125,82.8125,79.1875,81.0000,68.3285,45186400
2000-11-02,82.1875,83.2500,81.0625,82.0000,69.1720,26594300
2000-11-03,82.8750,83.9375,81.6406,83.0625,70.0683,29837100
2000-11-06,83.6250,84.1250,82.0000,82.4375,69.5411,23485800
2000-11-07,81.4375,82.4688,80.2500,82.1250,69.2775,24334400
2000-11-08,82.1250,82.2500,75.6250,75.7031,63.8602,40338200
2000-11-09,74.7500,76.9375,73.0000,75.6875,63.8470,64955900
2000-11-10,74.2500,75.6875,71.7500,71.7500,60.5255,49235500
2000-11-13,70.9531,74.1875,68.2656,71.8594,60.6178,75023400
2000-11-14,73.0000,76.0000,72.7500,75.8438,63.9788,44829500
2000-11-15,75.5625,78.0625,74.7969,77.3750,65.2705,37760900
2000-11-16,75.3750,77.0000,72.8750,72.8750,61.4745,33898700
2000-11-17,73.1875,75.1875,71.0000,72.8281,61.4350,49913800
2000-11-20,70.9375,72.0625,69.2500,69.8594,58.9307,46862300
2000-11-21,70.1875,71.1250,68.4375,69.7500,58.8384,42128600
2000-11-22,68.4375,70.1250,66.5000,66.6250,56.2023,56623700
2000-11-24,68.3750,70.6250,68.1719,70.4375,59.4183,19987900
2000-11-27,72.5625,72.9375,68.7500,69.5625,58.6802,35416600
2000-11-28,68.9375,69.9375,65.3125,65.4531,55.2137,48812700
2000-11-29,65.8125,66.7500,62.5000,62.9375,53.0916,66189300
2000-11-30,61.7500,64.2500,60.5000,62.9844,53.1312,74792600
2000-12-01,64.0625,66.7656,62.1250,64.0000,53.9879,57112500
2000-12-04,64.1250,65.3594,61.7500,65.0000,54.8315,49106300
2000-12-05,66.0625,71.0000,65.5000,70.6875,59.6292,76531800
2000-12-06,70.5938,72.2969,67.7500,68.0000,57.3622,63352100
2000-12-07,67.0000,68.9844,65.5000,66.5000,56.0968,41481100
2000-12-08,71.0938,73.5000,67.6250,68.0000,57.3622,65856900
2000-12-11,72.0625,74.7812,70.9531,74.3750,62.7399,51829800
2000-12-12,73.5000,73.8750,71.3125,71.6562,60.4464,31054500
2000-12-13,73.4375,73.5000,68.3125,68.7344,57.9816,51661600
2000-12-14,68.5156,69.6875,65.2500,65.3750,55.1478,41562700
2000-12-15,64.2500,65.6250,62.5625,63.8750,53.8825,59026100
2000-12-18,65.1562,65.9688,62.5625,64.0000,53.9879,42950000
2000-12-19,63.4531,65.8594,58.7500,59.1250,49.8755,80489200
2000-12-20,57.3125,58.3750,54.7500,55.7344,47.0154,81432100
2000-12-21,55.0156,58.7500,54.2500,56.0625,47.2921,85875600
2000-12-22,57.6250,60.7500,57.5000,60.5000,51.0355,57240000
2000-12-26,60.5938,61.9219,58.0000,60.8750,51.3518,37082800
2000-12-27,59.6875,62.1875,58.9375,61.5625,51.9317,33955500
2000-12-28,60.7812,62.4844,60.2500,61.4375,51.8263,30996900
2000-12-29,61.5625,62.2344,58.0000,58.3750,49.2429,49191000
2001-01-02,58.5625,58.6875,52.4375,53.4375,45.0778,62514100
2001-01-03,52.1875,65.2500,52.1562,62.4375,52.6698,118175700
2001-01-04,61.6250,63.6250,60.2344,61.3125,51.7209,58465400
2001-01-05,61.3125,61.3125,56.0000,56.6250,47.7666,68782000
2001-01-08,56.3125,57.5000,53.5156,57.2500,48.2939,55576500
2001-01-09,57.7500,59.1250,56.6250,57.2500,48.2939,53318900
2001-01-10,56.1250,60.3750,55.7500,60.1875,50.7718,74258300
2001-01-11,59.2656,63.6875,59.1875,61.9375,52.2481,65451700
2001-01-12,62.7500,64.6250,61.5000,62.7344,52.9203,60793900
2001-01-16,62.5625,62.9219,60.5625,61.9844,52.2876,32203300
2001-01-17,64.5000,65.6094,63.1406,63.8750,53.8825,61388800
2001-01-18,64.1250,66.7500,62.6875,66.5625,56.1495,54934700
2001-01-19,68.1406,68.3125,65.5625,66.3125,55.9386,56292500
2001-01-22,65.8750,67.0000,64.7500,66.3750,55.9914,35777100
2001-01-23,65.9062,68.4062,65.3125,67.7656,57.1645,49859500
2001-01-24,68.0625,69.1250,66.7500,67.1250,56.6241,53905400
2001-01-25,66.8750,67.6719,64.3906,64.5000,54.4097,57151900
2001-01-26,63.5625,65.9375,63.0000,65.5469,55.2928,45681400
2001-01-29,64.7500,67.2500,64.2500,67.0000,56.5186,31514100
2001-01-30,67.1500,67.7400,66.0000,66.7500,56.3077,42439300
2001-01-31,67.2500,67.9900,64.3000,64.3000,54.2410,59322200
2001-02-01,64.5500,65.6100,63.6000,65.1500,54.9580,45142600
2001-02-02,64.9400,65.3000,60.0000,61.5500,51.9212,47471000
2001-02-05,61.1900,61.9000,60.1200,61.5000,51.8790,36016300
2001-02-06,61.4900,63.1200,61.1600,61.6000,51.9634,42417700
2001-02-07,60.5100,61.2000,58.5800,60.6000,51.1198,61972200
2001-02-08,60.9000,61.5000,58.5800,58.7900,49.5930,48269500
2001-02-09,58.2500,58.6000,56.0000,56.4000,47.5768,55385200
2001-02-12,56.2500,57.9400,55.6200,57.0800,48.1505,50540400
2001-02-13,57.6500,59.1800,54.9800,55.2500,46.6068,58914000
2001-02-14,55.4000,57.7500,54.1200,57.4500,48.4626,63048200
2001-02-15,58.8000,60.4900,58.3000,58.4000,49.2640,67801300
2001-02-16,55.9600,56.8700,54.5300,55.1300,46.5055,66779700
2001-02-20,55.7400,55.8400,52.3000,52.9900,44.7003,55298400
2001-02-21,51.5500,54.0700,50.9200,51.5000,43.4434,72349000
2001-02-22,51.4500,52.1600,48.8900,51.0000,43.0216,103855500
2001-02-23,50.0900,51.6000,48.2300,51.1800,43.1735,93337900
2001-02-26,52.0800,52.6000,50.2500,52.1500,43.9917,78342700
2001-02-27,51.5400,52.0800,48.9000,49.0000,41.3345,66741700
2001-02-28,49.4500,50.2100,46.8600,47.4500,40.0270,102187900
2001-03-01,46.9700,49.2000,45.7500,48.8000,41.1658,101773000
2001-03-02,47.2000,49.6300,45.6500,46.7000,39.3943,95927100
2001-03-05,47.5000,48.3600,47.0900,47.5500,40.1113,43888400
2001-03-06,49.3000,50.6600,49.1000,49.4000,41.6719,60828600
2001-03-07,50.4000,50.4300,48.9700,49.4200,41.6888,55215500
2001-03-08,49.3500,49.8100,48.1000,48.5000,40.9127,48965200
2001-03-09,47.2500,47.3700,44.9500,45.1000,38.0446,79990900
2001-03-12,44.0000,44.9500,41.8000,42.3000,35.6826,80674000
2001-03-13,42.7800,44.7400,42.1300,44.4500,37.4963,80024400
2001-03-14,42.7000,45.1900,42.3100,43.7500,36.9058,97190000
2001-03-15,45.2000,45.3100,42.0500,42.1500,35.5561,74135500
2001-03-16,41.8800,42.8000,40.5600,41.2000,34.7547,77784500
2001-03-19,41.4400,43.2600,40.7500,43.2600,36.4925,53248200
2001-03-20,43.4400,43.8100,40.2000,40.3500,34.0377,104796200
2001-03-21,40.5200,41.8000,39.7100,40.3500,34.0377,96200700
2001-03-22,40.6000,42.8000,39.4900,42.8000,36.1044,130208100
2001-03-23,43.5500,43.8300,41.5000,42.8000,36.1044,95277500
2001-03-26,43.4700,43.5000,41.5500,41.8100,35.2693,57666200
2001-03-27,41.8000,43.7200,41.4200,43.2500,36.4840,69945300
2001-03-28,41.9000,42.2000,39.6800,39.7000,33.4894,77863500
2001-03-29,39.3800,40.6100,38.4000,38.9500,32.8567,79654700
2001-03-30,39.3000,39.9800,38.0000,39.1500,33.0254,63661300
2001-04-02,39.1700,39.8500,37.3000,37.4000,31.5492,69713600
2001-04-03,37.2000,37.7500,34.6200,34.6600,29.2378,89015700
2001-04-04,34.7100,35.8100,33.6000,34.0500,28.7233,76473900
2001-04-05,36.0000,37.9600,35.7100,37.3100,31.4733,87035800
2001-04-06,36.9000,37.1000,35.5000,35.9500,30.3260,86123600
2001-04-09,36.7900,37.3900,35.8500,37.0500,31.2539,51638700
2001-04-10,37.9000,40.4600,37.7800,39.8000,33.5737,94265100
2001-04-11,42.1600,42.5000,40.4500,41.0000,34.5860,92829500
2001-04-12,40.3000,42.8000,40.0000,42.8000,36.1044,79531500
2001-04-16,41.9400,42.4300,40.0600,40.2500,33.9533,65229800
2001-04-17,39.9500,42.7000,39.9000,41.2500,34.7969,94694300
2001-04-18,43.7200,48.0000,43.2000,45.5500,38.4242,128891400
2001-04-19,46.1000,48.7500,45.5800,48.3000,40.7440,110467600
2001-04-20,48.1800,49.4400,43.0500,48.4000,40.8284,80598100
2001-04-23,46.9900,47.7200,44.8900,45.1500,38.0868,79317600
2001-04-24,45.1000,46.4200,43.7500,44.3000,37.3698,88888300
2001-04-25,43.9000,45.5800,43.1000,45.1000,38.0446,68418400
2001-04-26,45.9000,46.2500,43.8700,43.9500,37.0745,71110200
2001-04-27,45.1500,45.4700,44.2400,45.1500,38.0868,55580000
2001-04-30,46.2500,47.5700,45.3000,46.1500,38.9304,73859100
2001-05-01,46.2000,48.0800,45.4000,48.0500,40.5331,54498300
2001-05-02,48.8000,49.4000,47.5000,48.9800,41.3176,77566500
2001-05-03,47.9000,47.9000,46.2000,46.8000,39.4787,67124900
2001-05-04,45.3000,48.2000,45.1100,48.2000,40.6596,72673400
2001-05-07,48.0000,48.6000,47.1000,47.2000,39.8161,45561600
2001-05-08,48.3000,48.3500,46.9900,48.2000,40.6596,56970700
2001-05-09,47.0500,47.9500,46.4400,46.5500,39.2678,60984600
2001-05-10,47.9200,48.0500,45.7200,45.7700,38.6098,61130300
2001-05-11,45.8400,46.4200,45.0900,45.5500,38.4242,48760400
2001-05-14,45.3000,45.3600,43.3500,44.8200,37.8084,43108000
2001-05-15,44.9000,46.3000,44.5800,45.1500,38.0868,69007600
2001-05-16,44.3100,47.5200,44.0600,47.1500,39.7739,80110500
2001-05-17,47.4500,48.7900,47.2600,47.9000,40.4066,73810700
2001-05-18,47.6400,48.3800,47.0900,48.0400,40.5247,41095100
2001-05-21,48.1700,51.1500,47.6500,51.0500,43.0638,85426900
2001-05-22,51.3100,51.9500,50.1800,50.9000,42.9373,77233900
2001-05-23,50.4400,50.4500,48.6400,48.6500,41.0392,65618000
2001-05-24,48.9700,49.9900,48.2700,49.9000,42.0937,61792500
2001-05-25,49.9600,50.0200,48.0200,48.9900,41.3261,36191100
2001-05-29,48.5000,48.5000,46.1000,46.1200,38.9050,66609600
2001-05-30,45.4300,45.8500,44.0800,44.4300,37.4794,81397400
2001-05-31,44.5400,45.8500,44.3000,44.7300,37.7325,68018300
2001-06-01,45.5400,46.2300,44.3300,46.0500,38.8460,61874300
2001-06-04,46.3300,46.6600,45.2900,45.8300,38.6604,41696000
2001-06-05,46.3000,48.3600,46.2000,47.8500,40.3644,68146400
2001-06-06,48.0800,48.8900,47.0700,47.4800,40.0523,61169500
2001-06-07,47.1300,49.4900,47.0700,48.7000,41.0814,65400200
2001-06-08,48.7200,48.7700,46.9500,47.3500,39.9426,56391400
2001-06-11,46.9000,47.0000,45.4900,46.0500,38.8460,48809400
2001-06-12,44.8700,46.8000,44.2300,45.8000,38.6351,78450500
2001-06-13,46.2700,46.7500,44.5200,44.5500,37.5806,68535400
2001-06-14,44.0200,44.4000,42.0000,42.2500,35.6405,91050300
2001-06-15,41.8000,43.0700,41.2800,42.6000,35.9357,84589400
2001-06-18,42.6400,43.1700,41.4000,42.0300,35.4549,63539100
2001-06-19,43.3200,43.5600,41.2600,41.8200,35.2777,73386900
2001-06-20,41.3000,42.9700,41.2800,42.7700,36.0791,83588600
2001-06-21,42.6700,44.2300,42.3000,43.3500,36.5684,67212600
2001-06-22,43.6200,44.2000,42.5900,43.2500,36.4840,51870400
2001-06-25,43.6100,43.8000,42.6500,43.3600,36.5768,39212100
2001-06-26,42.5400,43.8900,42.4800,43.5100,36.7033,55155100
2001-06-27,43.6800,44.1500,43.0000,43.7900,36.9395,53289400
2001-06-28,44.4000,46.3600,44.3500,44.3500,37.4119,89963700
2001-06-29,45.0900,46.5200,44.7000,45.7000,38.5507,59719600
2001-07-02,45.6500,46.4800,45.1900,45.4500,38.3399,50884300
2001-07-03,45.2500,45.6900,44.8000,45.6400,38.5001,24758400
2001-07-05,44.8700,45.1800,43.4500,43.4500,36.6527,44409800
2001-07-06,43.0100,43.1100,41.4900,41.6500,35.1343,53434800
2001-07-09,41.8900,42.6900,41.5000,42.0100,35.4380,45547500
2001-07-10,42.7600,42.8800,40.4000,40.5000,34.1642,58620000
2001-07-11,40.4200,41.1000,39.8700,41.0000,34.5860,77840200
2001-07-12,42.6300,43.8300,42.3000,43.6000,36.7793,70363300
2001-07-13,43.3800,44.4300,42.9000,43.1500,36.3997,62474200
2001-07-16,43.3700,43.8600,41.9000,42.3500,35.7248,53390800
2001-07-17,41.8200,43.4000,41.5400,43.3000,36.5262,59813000
2001-07-18,42.2700,42.8500,41.1400,41.6500,35.1343,64797200
2001-07-19,42.4600,43.3500,41.7500,42.6400,35.9694,76590200
2001-07-20,41.4900,42.1400,41.3600,41.6500,35.1343,49012800
2001-07-23,42.2400,42.4000,40.5500,40.6100,34.2570,55329400
2001-07-24,40.3800,40.9000,39.3100,40.1500,33.8690,70422900
2001-07-25,40.1400,40.7200,39.4000,40.5000,34.1642,68859600
2001-07-26,40.4500,41.8900,39.9800,41.1000,34.6704,69199300
2001-07-27,41.6400,42.2600,41.3000,41.9500,35.3874,47452900
2001-07-30,42.1300,42.3000,41.4000,41.7000,35.1765,39459400
2001-07-31,41.8400,42.7800,41.5000,41.7600,35.2271,55732500
2001-08-01,42.6300,43.5000,42.4100,43.1000,36.3575,53864800
2001-08-02,43.7900,44.0000,42.8200,43.9100,37.0408,53187300
2001-08-03,43.5300,43.5300,42.5600,43.1800,36.4250,51513700
2001-08-06,42.5300,42.8500,42.3500,42.5000,35.8513,31105700
2001-08-07,42.1000,42.8200,41.9400,42.2800,35.6658,38407500
2001-08-08,41.8500,42.6500,40.3000,40.5000,34.1642,76045200
2001-08-09,40.4100,40.8800,39.9800,40.6700,34.3076,66861400
2001-08-10,40.4200,40.7500,39.2300,40.2800,33.9786,68491900
2001-08-13,40.5900,41.3400,40.2000,41.1000,34.6704,48425700
2001-08-14,41.4900,41.7000,40.5400,40.6000,34.2486,51267600
2001-08-15,40.6200,40.9300,39.0700,39.1000,32.9832,58935300
2001-08-16,38.6400,39.5900,38.0400,39.5600,33.3713,68227300
2001-08-17,38.4400,38.8000,37.7100,37.7600,31.8529,56649300
2001-08-20,37.8500,38.6500,37.5200,38.2800,32.2915,49921300
2001-08-21,38.2900,38.6500,36.6500,36.6900,30.9503,56445600
2001-08-22,37.4500,37.8400,36.5400,37.6900,31.7938,65221400
2001-08-23,37.6700,38.4600,37.3000,37.3200,31.4817,54711800
2001-08-24,37.8600,39.3900,37.7500,39.3000,33.1519,58450600
2001-08-27,39.2800,39.9000,38.8300,39.3500,33.1941,50927500
2001-08-28,39.3200,39.4400,38.0100,38.1200,32.1566,65275500
2001-08-29,38.3700,38.4500,37.1300,37.5600,31.6842,59060500
2001-08-30,36.8000,37.3100,35.7500,36.1700,30.5116,76105800
2001-08-31,36.0300,37.0300,35.9400,36.6300,30.8996,54309000
2001-09-04,36.5100,37.5000,35.3500,35.4700,29.9211,74073600
2001-09-05,35.4900,35.9100,34.1500,35.3300,29.8030,95461200
2001-09-06,34.7400,35.5200,33.7800,33.9000,28.5967,88701800
2001-09-07,33.6200,35.1000,33.3500,33.7000,28.4280,95528800
2001-09-10,33.4900,34.3200,33.3400,34.1000,28.7654,80371300
2001-09-17,31.2500,32.8000,31.0900,31.2000,26.3191,97700900
2001-09-18,31.5300,32.5000,30.3700,30.5000,25.7286,66285300
2001-09-19,30.6400,31.0000,28.2600,29.9700,25.2815,116632800
2001-09-20,29.3000,30.0900,28.8000,28.9700,24.4380,90840200
2001-09-21,27.4100,28.9700,27.2000,28.1900,23.7800,112341900
2001-09-24,29.0800,30.0000,28.5900,29.6100,24.9779,85696500
2001-09-25,29.7100,30.4300,28.9500,29.7000,25.0538,83860600
2001-09-26,29.9500,30.0000,28.4100,28.6700,24.1849,59759800
2001-09-27,28.4000,28.7900,27.4200,28.4800,24.0246,70050700
2001-09-28,28.8400,29.9200,28.3100,28.9800,24.4464,84810800
2001-10-01,28.8500,28.9800,27.8500,28.7300,24.2355,53460800
2001-10-02,28.6500,29.4100,28.4000,28.8200,24.3114,74133400
2001-10-03,28.4200,31.6100,28.3300,31.0000,26.1504,136198600
2001-10-04,31.6500,33.2000,30.9400,31.3000,26.4035,127371500
2001-10-05,31.0000,31.9000,30.2600,31.7600,26.7915,96443400
2001-10-08,31.1300,32.3500,30.9600,31.8600,26.8759,67789600
2001-10-09,31.8600,32.0200,30.8700,31.0900,26.2263,57564800
2001-10-10,30.8700,32.5400,30.7500,32.5000,27.4157,73840600
2001-10-11,33.1900,35.2500,33.1400,34.7000,29.2716,117232200
2001-10-12,34.3300,34.8000,33.1400,34.5500,29.1450,111901600
2001-10-15,34.1200,34.5500,33.6600,34.4000,29.0185,78322000
2001-10-16,34.6600,35.1000,34.0700,34.9600,29.4909,81346800
2001-10-17,35.8700,36.0000,32.3000,32.4500,27.3736,141530300
2001-10-18,32.7000,33.5400,32.4000,33.3300,28.1159,94448200
2001-10-19,32.8600,33.7500,32.0000,33.5500,28.3015,73434200
2001-10-22,33.4400,34.5000,33.2200,34.4500,29.0607,74104900
2001-10-23,34.8200,35.4000,34.0000,34.6300,29.2125,104062200
2001-10-24,34.6000,35.6800,34.3200,35.3800,29.8452,90171400
2001-10-25,34.7000,36.8200,34.2300,36.8000,31.0431,118551900
2001-10-26,36.5000,37.0600,36.0100,36.0100,30.3766,93823900
2001-10-29,36.0000,36.1500,34.0400,34.0400,28.7148,92146800
2001-10-30,33.7100,34.0900,32.8400,33.3800,28.1581,96092200
2001-10-31,34.0400,34.9600,33.6800,33.9000,28.5967,106175500
2001-11-01,34.4400,35.5600,33.7800,35.3400,29.8115,92716000
2001-11-02,35.2700,35.8500,34.8900,35.6000,30.0308,64917700
2001-11-05,36.2600,37.1600,36.1600,36.7600,31.0093,64473000
2001-11-06,36.6000,38.2000,36.3900,38.1900,32.2156,107214900
2001-11-07,37.6100,38.8400,37.5000,38.1400,32.1734,92562100
2001-11-08,38.5500,39.4000,37.2500,37.7500,31.8444,105916300
2001-11-09,37.5900,38.0800,37.1200,37.7300,31.8275,74121900
2001-11-12,37.0000,38.3500,36.3000,38.0000,32.0553,112994400
2001-11-13,39.0300,39.5000,38.6300,39.3600,33.2026,97931800
2001-11-14,39.9600,40.2400,38.7400,39.6400,33.4388,88660100
2001-11-15,39.1600,40.1100,38.9500,39.4800,33.3038,86349700
2001-11-16,39.4800,39.6800,38.9200,39.3700,33.2110,64035500
2001-11-19,39.7900,40.4900,39.4900,40.4900,34.1558,69196300
2001-11-20,40.0800,40.2300,38.4800,38.6200,32.5783,85176500
2001-11-21,38.4700,38.9500,37.9800,38.4200,32.4096,60867900
2001-11-23,38.7600,39.4300,38.5700,39.2800,33.1351,27046000
2001-11-26,39.5800,40.3600,39.0100,40.2500,33.9533,75267500
2001-11-27,40.0500,40.9700,39.2000,40.2000,33.9111,100289700
2001-11-28,39.7300,40.3700,38.6900,38.7500,32.6880,101568200
2001-11-29,39.0300,40.0000,38.7900,39.9500,33.7003,83774700
2001-11-30,39.7300,40.0400,39.3600,39.6500,33.4472,66018200
2001-12-03,39.2900,39.6000,38.8700,38.9700,32.8736,60449800
2001-12-04,39.3400,40.8400,38.4400,40.8300,34.4426,79378700
2001-12-05,41.2000,43.1500,41.1200,42.8500,36.1466,115773700
2001-12-06,42.7000,43.2400,42.3600,42.9100,36.1972,77702100
2001-12-07,42.4800,42.6000,41.1400,41.7300,35.2018,81632600
2001-12-10,41.3200,42.2300,40.8800,41.0000,34.5860,69088000
2001-12-11,41.4600,42.2600,41.1300,41.2300,34.7800,66056500
2001-12-12,41.5000,41.9400,40.6000,41.5600,35.0584,76093400
2001-12-13,40.7100,41.0000,39.7600,39.7600,33.5400,79582600
2001-12-14,39.8700,40.4600,39.5700,40.1100,33.8352,70006300
2001-12-17,40.0200,41.2400,40.0200,40.8000,34.4173,62295500
2001-12-18,41.1600,41.5000,40.1600,41.2600,34.8053,50850400
2001-12-19,40.5600,41.3200,40.3200,40.5100,34.1726,79596200
2001-12-20,40.1000,40.3000,38.6800,38.7900,32.7217,83048800
2001-12-21,39.4200,39.7100,39.1500,39.4800,33.3038,56205000
2001-12-24,39.5400,39.6300,39.1500,39.3200,33.1688,13660400
2001-12-26,39.3700,40.3000,39.1600,39.6900,33.4810,37672900
2001-12-27,39.8500,40.2000,39.6000,40.0100,33.7509,34255200
2001-12-28,40.2900,40.8000,40.2300,40.3300,34.0208,38240400
2001-12-31,40.3100,40.4500,38.9100,38.9100,32.8230,46176900
2002-01-02,39.5700,40.1500,38.9300,40.1100,33.8352,61708800
2002-01-03,40.3100,41.5500,40.2600,41.5000,35.0078,85769100
2002-01-04,41.9500,42.2900,40.9300,41.6700,35.1512,86876900
2002-01-07,42.1100,42.2200,40.1100,41.2100,34.7631,75166200
2002-01-08,41.1000,41.7700,40.8400,41.4900,34.9994,66956800
2002-01-09,42.0400,42.6000,40.9000,41.1100,34.6788,85123000
2002-01-10,41.1700,41.5400,40.6800,41.3800,34.9066,75548000
2002-01-11,41.3500,41.6000,40.4700,40.8500,34.4594,60832900
2002-01-14,40.4900,40.6800,39.7000,39.9600,33.7087,71310700
2002-01-15,40.0300,40.7500,39.5600,40.3400,34.0293,66916100
2002-01-16,39.5300,39.9400,38.7700,38.7800,32.7133,90942000
2002-01-17,39.4800,39.9700,39.0100,39.6500,33.4472,75285900
2002-01-18,38.8300,39.4500,38.2200,38.5900,32.5530,81985600
2002-01-22,39.0000,39.0200,37.3300,37.4000,31.5492,81773800
2002-01-23,37.6500,38.6900,37.3500,38.4300,32.4181,74968800
2002-01-24,38.9400,39.5100,38.7700,38.9400,32.8483,77251200
2002-01-25,38.4700,39.1500,38.3600,38.8300,32.7555,58832100
2002-01-28,39.1500,39.3900,38.4200,39.0500,32.9411,47795900
2002-01-29,39.1300,39.4000,37.5100,37.9800,32.0385,83339800
2002-01-30,38.0000,38.8500,36.8500,38.2700,32.2831,101385500
2002-01-31,38.5700,38.7500,38.0200,38.5100,32.4856,69655500
2002-02-01,38.4000,38.8800,37.7000,38.1400,32.1734,61207100
2002-02-04,37.9600,38.0700,36.6100,36.9200,31.1443,82763300
2002-02-05,36.5900,37.3300,36.1900,36.3100,30.6297,86853800
2002-02-06,36.8400,36.8900,35.7000,36.0600,30.4188,98507600
2002-02-07,35.9900,36.5500,35.0000,35.1900,29.6849,97725900
2002-02-08,35.4600,36.2400,34.9700,36.1700,30.5116,80483100
2002-02-11,36.1400,36.8000,35.9800,36.6300,30.8996,57641200
2002-02-12,36.3100,36.9800,36.0400,36.3300,30.6466,51477700
2002-02-13,36.7200,37.1500,36.6100,36.9500,31.1696,60984700
2002-02-14,37.1500,37.5700,36.0000,36.8800,31.1105,77482300
2002-02-15,36.8300,36.9100,35.6400,35.7800,30.1826,79719900
2002-02-19,35.3700,35.4600,34.3200,34.6800,29.2547,72437200
2002-02-20,34.9000,35.1700,33.9300,35.1500,29.6512,106552700
2002-02-21,34.7900,34.9500,33.4800,33.4800,28.2424,109307800
2002-02-22,33.6100,34.2000,33.0900,33.6500,28.3858,99824200
2002-02-25,34.0000,35.2500,33.9500,35.0100,29.5331,88994700
2002-02-26,35.2300,35.4300,34.3700,34.8800,29.4234,94683300
2002-02-27,35.3900,35.5100,34.0600,34.4000,29.0185,95159300
2002-02-28,34.5100,34.9700,33.7500,33.7800,28.4955,95711200
2002-03-01,34.1500,35.7500,34.0900,35.7400,30.1489,86081600
2002-03-04,35.7000,37.2300,35.4000,37.1500,31.3383,105734600
2002-03-05,36.9300,37.8700,36.8100,37.4200,31.5661,91452600
2002-03-06,37.0800,37.9500,36.6000,37.6000,31.7179,86943400
2002-03-07,38.1200,38.3300,37.0100,37.6800,31.7854,85496000
2002-03-08,38.2300,39.0300,38.1300,38.6700,32.6205,84443700
2002-03-11,38.3500,39.1900,38.0600,38.5300,32.5024,71035200
2002-03-12,37.5700,38.0000,37.3200,38.0000,32.0553,82652100
2002-03-13,37.4100,37.6600,36.8700,37.0800,31.2792,71376200
2002-03-14,37.0600,37.4000,36.7300,36.8600,31.0937,70700500
2002-03-15,36.8900,37.3300,36.5900,37.2300,31.4058,63966500
2002-03-18,37.6300,37.9400,37.0500,37.4400,31.5829,78938300
2002-03-19,37.6000,37.8800,37.2200,37.3800,31.5323,58947600
2002-03-20,36.8700,37.0800,36.0400,36.0600,30.4188,61816500
2002-03-21,36.1500,37.1400,35.9000,37.0200,31.2286,89198800
2002-03-22,36.9400,37.1400,36.4700,36.6800,30.9418,58930100
2002-03-25,36.6900,36.9000,35.5200,35.5600,29.9970,87421900
2002-03-26,35.4200,36.4200,35.4000,35.8900,30.2754,92457500
2002-03-27,35.6300,36.0000,35.4000,35.6100,30.0392,64531800
2002-03-28,36.0200,36.3700,35.9000,36.0600,30.4188,59539400
2002-04-01,35.8000,36.9000,35.3000,36.7500,31.0009,70730500
2002-04-02,35.9800,36.1500,35.0000,35.0900,29.6005,77759800
2002-04-03,35.3000,35.4500,34.3000,35.0300,29.5499,85766400
2002-04-04,34.5000,35.1600,34.2800,34.7600,29.3222,90521500
2002-04-05,35.0100,35.1700,34.1800,34.3700,28.9932,68426000
2002-04-08,33.4700,34.8000,33.4200,34.8000,29.3559,74950700
2002-04-09,34.7800,34.9800,33.4900,33.5900,28.3352,80910200
2002-04-10,33.7600,34.2500,33.1300,33.8400,28.5461,85748700
2002-04-11,33.6600,33.8500,32.8800,33.0000,27.8375,90665600
2002-04-12,33.3200,33.8000,32.9500,33.5200,28.2762,78360100
2002-04-15,33.8000,33.9600,33.2000,33.7900,28.5039,69306800
2002-04-16,34.4300,35.2200,34.4100,35.2000,29.6934,72064700
2002-04-17,35.4000,35.5000,34.6500,35.0200,29.5415,69130100
2002-04-18,34.7800,35.1500,34.0000,34.3500,28.9763,91086100
2002-04-19,35.0500,35.0600,34.3800,34.4600,29.0691,62286800
2002-04-22,34.0100,34.0100,33.2500,33.5900,28.3352,64625600
2002-04-23,33.5900,33.9400,32.7000,33.0100,27.8459,73070300
2002-04-24,33.2100,33.3100,32.2000,32.5000,27.4157,68953900
2002-04-25,32.3000,32.7300,32.0000,32.4200,27.3482,103073700
2002-04-26,32.6600,32.7800,31.0100,31.0400,26.1841,100193400
2002-04-29,31.2400,31.5500,30.5600,31.1200,26.2516,85326800
2002-04-30,31.0300,32.1900,30.9400,31.7300,26.7662,95357900
2002-05-01,31.6700,31.8400,30.5800,31.5600,26.6228,109975700
2002-05-02,31.3900,31.9900,30.4600,30.5100,25.7371,85852200
2002-05-03,30.4700,30.5100,29.4800,29.7400,25.0875,92103200
2002-05-06,29.6300,29.9800,28.8500,28.9700,24.4380,96491200
2002-05-07,29.2700,29.3500,28.4200,28.7000,24.2102,101954400
2002-05-08,30.1300,31.8800,30.0000,31.7700,26.7999,129741500
2002-05-09,31.5700,31.8900,30.8000,30.9500,26.1082,106477200
2002-05-10,31.0100,31.0900,29.5000,29.5600,24.9357,112282800
2002-05-13,29.8700,30.9800,29.6700,30.7600,25.9479,93971200
2002-05-14,32.0500,32.6500,31.8700,32.5700,27.4748,107284700
2002-05-15,32.0800,33.6300,31.8500,32.8100,27.6772,150522100
2002-05-16,32.5400,33.0500,32.2200,32.8600,27.7194,89916300
2002-05-17,33.2900,33.4100,32.4700,32.9300,27.7785,82695000
2002-05-20,32.6000,32.7000,31.9400,32.2100,27.1711,78144200
2002-05-21,32.3600,32.5900,31.0000,31.3300,26.4288,104180000
2002-05-22,30.9700,31.5900,30.4100,31.4000,26.4878,89543100
2002-05-23,31.6300,32.1000,30.8000,32.0300,27.0193,94445800
2002-05-24,31.5900,31.6900,31.0100,31.2400,26.3528,55874600
2002-05-28,31.4700,31.5200,30.4900,31.1000,26.2348,68829400
2002-05-29,30.6600,30.9000,30.2400,30.2800,25.5430,73470200
2002-05-30,30.0100,30.7200,29.9000,30.5400,25.7624,92080500
2002-05-31,30.7600,31.0400,30.0000,30.0400,25.3406,79907400
2002-06-03,30.0000,30.2500,28.7900,28.9800,24.4464,77043700
2002-06-04,28.7500,29.6800,28.6100,29.3600,24.7670,98366200
2002-06-05,29.4200,29.8000,28.9700,29.6600,25.0200,95347100
2002-06-06,29.5100,29.5100,27.9000,28.8800,24.3620,91129700
2002-06-07,27.6300,28.7900,27.5200,28.3000,23.8728,106049200
2002-06-10,28.3600,28.7500,28.1400,28.2500,23.8306,73142900
2002-06-11,28.6000,28.6900,27.3600,27.4600,23.1642,84609500
2002-06-12,27.2400,27.9600,26.8300,27.8600,23.5016,152974400
2002-06-13,27.7600,28.2100,27.3500,27.6800,23.3498,97556300
2002-06-14,26.8600,27.7200,26.2000,27.6200,23.2992,122106800
2002-06-17,28.0000,28.7500,27.9100,28.5600,24.0921,87618100
2002-06-18,28.3100,29.1500,28.2800,29.0200,24.4801,100513400
2002-06-19,28.1000,28.3200,27.2500,27.3400,23.0630,93507600
2002-06-20,27.2700,27.4500,25.6700,26.4600,22.3206,99913200
2002-06-21,26.3600,26.7800,25.6500,25.8200,21.7807,168755100
2002-06-24,25.4500,26.8000,25.2100,26.3300,22.2110,219672100
2002-06-25,26.5800,26.7200,25.3000,25.4600,21.4771,136336400
2002-06-26,24.4300,25.7800,24.3900,25.6500,21.6373,149080300
2002-06-27,26.0000,26.2500,25.0200,26.2100,22.1097,121371100
2002-06-28,26.0500,26.7500,25.8500,26.1000,22.0169,87842000
2002-07-01,25.9700,26.1400,24.7800,24.8500,20.9625,64753900
2002-07-02,24.6000,24.7500,23.0900,23.9500,20.2033,111629600
2002-07-03,23.8500,24.7500,23.6200,24.7500,20.8781,101067000
2002-07-05,25.2600,26.3900,25.0500,26.3400,22.2194,56768300
2002-07-08,26.2000,26.5500,25.0800,25.3800,21.4096,97288500
2002-07-09,25.2500,25.4800,24.5900,24.6600,20.8022,91039600
2002-07-10,24.9900,25.0300,23.8300,23.9000,20.1611,115365200
2002-07-11,23.7600,24.8900,23.5300,24.8000,20.9203,170271200
2002-07-12,25.2500,25.5200,24.5500,24.8000,20.9203,130027800
2002-07-15,24.6800,25.6400,23.7500,25.5700,21.5699,140207200
2002-07-16,25.2500,26.0200,24.9000,25.1900,21.2493,148281700
2002-07-17,26.0700,26.4400,24.8900,25.6500,21.6373,157954700
2002-07-18,25.3800,25.5700,24.5200,24.7300,20.8613,114052300
2002-07-19,24.3300,24.7100,23.8000,23.9900,20.2370,124116400
2002-07-22,23.8500,24.5000,23.0900,23.4000,19.7393,150034800
2002-07-23,23.4500,23.7500,22.2800,22.4000,18.8958,150786800
2002-07-24,21.8100,23.6600,21.6400,23.6200,19.9249,186493600
2002-07-25,23.2500,23.4000,21.8000,22.2500,18.7692,153915500
2002-07-26,22.5600,22.8400,22.0100,22.6700,19.1235,96034200
2002-07-29,23.2700,24.1200,23.0800,23.8300,20.1021,96735200
2002-07-30,23.7300,24.6900,23.5900,24.3100,20.5070,117394300
2002-07-31,24.0000,24.1900,23.3600,23.8500,20.1189,93831300
2002-08-01,23.7400,23.9000,22.6600,22.7300,19.1741,85149700
2002-08-02,22.7800,22.8400,21.8200,22.2500,18.7692,86706000
2002-08-05,22.1100,22.3200,21.3000,21.4400,18.0860,84897800
2002-08-06,21.8000,23.0100,21.7900,22.5000,18.9801,115364600
2002-08-07,23.2000,23.3700,21.9600,22.8000,19.2332,125677100
2002-08-08,22.7500,23.6000,22.3000,23.5700,19.8827,111697900
2002-08-09,23.2000,23.7100,22.8800,23.3300,19.6803,93576900
2002-08-12,23.0500,23.4800,22.9000,23.4000,19.7393,62870900
2002-08-13,23.2300,23.8700,22.5500,22.6000,19.0645,88434400
2002-08-14,22.6700,24.2000,22.4700,24.0400,20.2792,102613500
2002-08-15,24.2400,24.5500,23.7200,24.5300,20.6926,120307800
2002-08-16,24.1300,25.0000,23.7300,24.7000,20.8360,95853000
2002-08-19,24.7700,25.5900,24.6800,25.3000,21.3421,76015900
2002-08-20,25.1800,25.4300,24.8500,25.1900,21.2493,89981300
2002-08-21,25.3900,25.8500,25.0000,25.7500,21.7217,101365500
2002-08-22,25.7400,26.2100,25.4200,26.1600,22.0676,80345500
2002-08-23,25.8000,25.8100,24.9500,25.1500,21.2156,75211200
2002-08-26,25.3000,25.3900,24.6100,25.2500,21.2999,83335400
2002-08-27,25.4300,25.5100,24.1500,24.3700,20.5576,92340400
2002-08-28,24.0200,24.0900,23.3900,23.4800,19.8068,115562300
2002-08-29,23.2000,24.2200,23.0200,23.7900,20.0683,97028200
2002-08-30,23.6200,24.0000,23.3800,23.4900,19.8152,59474900
2002-09-03,23.0600,23.4300,22.3400,22.6400,19.0982,81828100
2002-09-04,22.5000,23.0200,22.2400,22.7300,19.1741,82717600
2002-09-05,22.4000,22.5000,21.9300,22.1700,18.7017,91576600
2002-09-06,22.6600,23.2200,22.6000,22.8500,19.2754,86008800
2002-09-09,22.6700,23.3700,22.3900,23.0800,19.4694,72679500
2002-09-10,23.2300,23.6700,23.0300,23.6500,19.9502,74615800
2002-09-11,24.1200,24.3500,23.4200,23.4500,19.7815,73902800
2002-09-12,23.2300,23.2600,22.7100,22.8100,19.2416,70763500
2002-09-13,22.6000,23.0800,22.5200,22.9900,19.3935,79716100
2002-09-16,22.8600,23.0000,22.3700,22.6600,19.1151,58853600
2002-09-17,23.0500,23.2100,22.1800,22.1800,18.7102,89139700
2002-09-18,22.0100,22.5500,21.7800,21.9300,18.4993,92358300
2002-09-19,21.7000,22.1300,21.5500,21.5800,18.2040,86247700
2002-09-20,21.8300,21.9000,21.4800,21.6700,18.2800,78116900
2002-09-23,21.4500,21.5200,20.8100,21.0200,17.7317,72757500
2002-09-24,20.6800,21.4500,20.6500,21.0300,17.7401,91507300
2002-09-25,21.3500,22.0400,21.1000,21.8700,18.4487,98051900
2002-09-26,22.1600,22.3300,21.3700,21.6000,18.2209,104453500
2002-09-27,21.5500,22.2100,21.3100,21.3100,17.9763,92249700
2002-09-30,21.0700,21.2400,20.4900,20.7200,17.4786,91502500
2002-10-01,20.9100,21.9900,20.4700,21.9800,18.5415,102096000
2002-10-02,21.5100,21.9700,20.9700,21.2500,17.9257,94829700
2002-10-03,21.0600,21.4000,20.6800,20.7400,17.4955,74354800
2002-10-04,20.9400,21.0200,20.1100,20.3500,17.1665,81837100
2002-10-07,20.2600,20.5900,19.8500,20.1600,17.0062,79861800
2002-10-08,20.2800,20.6100,19.7600,20.2000,17.0399,94103100
2002-10-09,19.9400,20.5300,19.8400,20.0600,16.9218,103301000
2002-10-10,20.1000,21.2100,19.9100,21.0800,17.7823,109610500
2002-10-11,21.5500,22.3800,21.4200,22.2200,18.7439,124777400
2002-10-14,21.8700,22.5000,21.7800,22.4800,18.9633,78890300
2002-10-15,23.4400,23.6300,23.1800,23.5600,19.8743,118176000
2002-10-16,22.7100,23.1600,22.0700,22.7800,19.2163,97441900
2002-10-17,23.6000,23.8100,22.5800,23.5500,19.8659,95754500
2002-10-18,23.2800,23.8500,22.9300,23.8100,20.0852,84941900
2002-10-21,23.5200,24.4500,23.3000,24.2900,20.4901,85311500
2002-10-22,23.7300,24.3400,23.6500,24.1400,20.3636,89947000
2002-10-23,23.8500,24.6300,23.6700,24.6000,20.7516,88093500
2002-10-24,24.6800,24.8600,23.9200,23.9800,20.2286,88674800
2002-10-25,23.9900,24.7500,23.9900,24.7000,20.8360,71557300
2002-10-28,25.0000,25.0400,24.1700,24.4900,20.6588,90272000
2002-10-29,24.3100,24.4700,23.3700,23.9200,20.1780,90293800
2002-10-30,24.0600,24.7900,23.8500,24.5600,20.7179,103531100
2002-10-31,24.6600,25.0400,24.3600,24.5500,20.7094,81493100
2002-11-01,24.3700,25.4000,24.1400,25.2500,21.2999,86658400
2002-11-04,26.0500,26.8200,25.8000,25.9000,21.8482,110562400
2002-11-05,25.7100,26.1700,25.5600,26.1000,22.0169,79603300
2002-11-06,26.2900,26.6100,25.6400,26.4700,22.3291,116251700
2002-11-07,25.9900,26.1000,25.3100,25.5400,21.5446,82711600
2002-11-08,25.4900,25.8700,24.9600,25.0700,21.1481,76937600
2002-11-11,24.9500,25.0200,24.1500,24.3100,20.5070,74384300
2002-11-12,24.4000,25.4000,24.4000,24.9300,21.0300,88748800
2002-11-13,24.7000,25.7000,24.4900,25.2300,21.2831,119341800
2002-11-14,25.5800,26.4200,25.5200,26.1000,22.0169,85720100
2002-11-15,25.9000,26.4500,25.7500,26.4400,22.3038,69291300
2002-11-18,26.7100,26.7700,25.9900,26.0500,21.9748,76238000
2002-11-19,25.8000,26.0500,25.3000,25.6500,21.6373,88139200
2002-11-20,25.5600,26.7500,25.5400,26.7400,22.5568,75104700
2002-11-21,26.9300,27.8400,26.7500,27.7300,23.3920,105472900
2002-11-22,27.3700,27.9400,27.3200,27.7200,23.3835,73808600
2002-11-25,27.7600,28.2000,27.5400,27.9900,23.6113,72666100
2002-11-26,27.7800,27.8700,26.9000,27.0500,22.8183,80017900
2002-11-27,27.5300,28.2000,27.4800,27.9100,23.5438,73643900
2002-11-29,28.2100,28.2900,27.2200,27.7200,23.3835,34652100
2002-12-02,28.4200,28.7900,27.5700,28.0000,23.6197,85136000
2002-12-03,27.5500,27.5800,26.9300,27.1700,22.9196,76595500
2002-12-04,26.5600,26.9500,26.2100,26.5700,22.4134,130115900
2002-12-05,26.9500,27.0000,26.1300,26.2000,22.1013,84933200
2002-12-06,25.8100,26.7200,25.7400,26.4700,22.3291,81727900
2002-12-09,26.2200,26.5500,25.2000,25.2200,21.2746,75855200
2002-12-10,25.4200,25.9500,25.3500,25.6000,21.5952,69578300
2002-12-11,25.4400,26.0700,25.3200,25.7200,21.6964,64237600
2002-12-12,26.0000,26.6900,25.5600,25.8600,21.8145,62296400
2002-12-13,25.5200,25.5700,25.0100,25.0400,21.1228,72647800
2002-12-16,25.2200,25.9600,25.0700,25.8500,21.8060,60278500
2002-12-17,25.8100,26.2000,25.6600,25.9300,21.8735,62562700
2002-12-18,25.5500,25.6000,25.0500,25.3800,21.4096,67130700
2002-12-19,25.1700,25.7800,24.8100,25.0600,21.1396,95969700
2002-12-20,25.3300,25.4500,25.0700,25.3200,21.3590,65578600
2002-12-23,25.1800,25.7600,25.1300,25.6700,21.6542,45941700
2002-12-24,25.5000,25.7300,25.3200,25.3500,21.3843,16772700
2002-12-26,25.5300,25.9100,25.1700,25.2800,21.3252,33795400
2002-12-27,25.1800,25.8500,24.7500,24.8200,20.9372,42490200
2002-12-30,24.8400,24.9700,24.3600,24.6300,20.7769,57396400
2002-12-31,24.5400,24.7100,24.2800,24.3700,20.5576,46015400
2003-01-02,24.7200,25.5500,24.4500,25.4000,21.4265,65903200
2003-01-03,25.4600,25.7100,25.2800,25.6800,21.6626,39059500
2003-01-06,25.7100,26.5900,25.2000,26.3200,22.2025,67223400
2003-01-07,26.4100,26.9300,26.2500,26.6500,22.4809,88726100
2003-01-08,26.3900,26.9700,25.8400,25.9000,21.8482,74989900
2003-01-09,26.2400,26.9800,26.2200,26.7000,22.5231,75391100
2003-01-10,26.3500,27.2600,26.2200,27.1000,22.8605,82594300
2003-01-13,27.3300,27.4700,26.7300,26.9400,22.7255,72870300
2003-01-14,26.9100,27.3200,26.8500,27.0800,22.8436,46993800
2003-01-15,27.2400,27.3500,26.5800,26.7400,22.5568,55131000
2003-01-16,26.7900,26.9800,26.2500,26.4400,22.3038,68740300
2003-01-17,25.9000,25.9400,25.2700,25.3100,21.3505,77289400
2003-01-21,25.4100,25.5500,25.0200,25.0300,21.1143,67729600
2003-01-22,24.9600,25.5300,24.8700,24.9300,21.0300,80020200
2003-01-23,25.4000,25.8400,25.1100,25.5100,21.5192,78471100
2003-01-24,25.5300,25.5300,24.6400,24.8200,20.9372,74519700
2003-01-27,24.4500,25.0300,24.3700,24.5300,20.6926,76561000
2003-01-28,24.7700,25.0500,24.4200,24.7800,20.9035,65217200
2003-01-29,24.7600,25.4500,24.3400,25.1500,21.2156,95717500
2003-01-30,25.3200,25.4200,24.4900,24.5000,20.6673,70333800
2003-01-31,24.0600,24.7600,24.0100,24.4400,20.6166,90505600
2003-02-03,24.5200,24.7900,24.3800,24.4900,20.6588,53158800
2003-02-04,24.1800,24.3000,23.8200,24.1900,20.4057,68235700
2003-02-05,24.3300,24.8600,24.0100,24.0800,20.3130,80107700
2003-02-06,24.0400,24.3500,23.8600,24.2100,20.4226,103552000
2003-02-07,24.3600,24.4500,23.6500,23.8100,20.0852,72312400
2003-02-10,23.8900,24.2500,23.6200,24.0200,20.2623,67572600
2003-02-11,24.2500,24.6100,23.9200,24.1500,20.3720,77823300
2003-02-12,24.0700,24.3300,23.7800,23.8200,20.0936,51753000
2003-02-13,23.8500,23.9800,23.3200,23.9400,20.1948,77387400
2003-02-14,23.8300,24.5000,23.6200,24.4900,20.6588,67510400
2003-02-18,24.7000,25.3400,24.6800,25.2500,21.2999,73976800
2003-02-19,25.2000,25.2400,24.7100,25.0800,21.1565,45541400
2003-02-20,25.1500,25.2700,24.8400,24.9800,21.0722,59759800
2003-02-21,24.9300,25.3700,24.5100,25.1700,21.2324,70228500
2003-02-24,25.1300,25.2100,24.7100,24.7400,20.8697,56646600
2003-02-25,24.4500,24.9500,24.0800,24.7700,20.8950,74440700
2003-02-26,24.6800,24.9400,24.2000,24.2200,20.4311,60005600
2003-02-27,24.4200,24.9200,24.2700,24.7700,20.8950,66424000
2003-02-28,24.8100,25.2200,24.7200,25.1600,21.2240,50185800
2003-03-03,25.2700,25.4800,24.5600,24.6500,20.7938,60414400
2003-03-04,24.6600,24.7700,24.4200,24.5000,20.6673,56043500
2003-03-05,24.4000,24.7800,24.3200,24.5500,20.7094,69096500
2003-03-06,24.4300,24.6800,24.2300,24.4900,20.6588,59108600
2003-03-07,24.0800,24.6900,23.9600,24.5400,20.7010,73291000
2003-03-10,24.3300,24.4500,23.9100,24.0100,20.2539,55948000
2003-03-11,24.0600,24.2400,23.7800,23.8000,20.0767,54934200
2003-03-12,23.7600,24.2400,23.5400,24.2300,20.4395,77859800
2003-03-13,24.6400,25.6500,24.4000,25.6200,21.6120,128537600
2003-03-14,25.7300,25.9800,25.3600,25.7200,21.6964,89794400
2003-03-17,25.4300,26.8000,25.3500,26.6000,22.4387,141040800
2003-03-18,26.8000,26.9700,26.4200,26.9300,22.7171,96548700
2003-03-19,26.8500,26.9500,26.3300,26.7000,22.5231,91315100
2003-03-20,26.5400,27.1400,26.1700,26.8000,22.6074,92789700
2003-03-21,27.2100,27.3800,26.2000,27.1700,22.9196,93304600
2003-03-24,26.4700,26.6000,25.9700,26.0400,21.9663,85244500
2003-03-25,26.1500,26.7600,26.0100,26.4100,22.2784,78731500
2003-03-26,26.5000,26.7700,26.3600,26.5600,22.4050,67880200
2003-03-27,26.2700,26.6500,26.1000,26.3700,22.2447,64113100
2003-03-28,26.1400,26.4300,25.9500,26.0800,22.0001,45374700
2003-03-31,25.6000,25.7300,25.2100,25.2500,21.2999,89345300
2003-04-01,25.4400,25.6700,25.2500,25.4500,21.4686,73159500
2003-04-02,26.0600,26.5600,26.0300,26.1500,22.0591,75843800
2003-04-03,26.6400,26.8500,26.3100,26.4800,22.3375,70138200
2003-04-04,26.5700,26.6000,25.9700,26.0500,21.9748,65665700
2003-04-07,27.1100,27.2000,26.0700,26.0900,22.0085,83842700
2003-04-08,26.1500,26.2900,25.8800,26.0600,21.9832,54250600
2003-04-09,26.1000,26.2800,25.4100,25.4600,21.4771,76457100
2003-04-10,25.4600,25.7700,25.3000,25.7700,21.7386,57017500
2003-04-11,26.0200,26.1600,25.3600,25.5100,21.5192,67974500
2003-04-14,25.6000,26.1400,25.4900,26.0300,21.9579,52476200
2003-04-15,25.9700,26.4600,25.8500,26.2800,22.1688,64655700
2003-04-16,26.6500,26.8300,26.1200,26.2200,22.1182,70711600
2003-04-17,26.1600,26.9800,26.1500,26.8200,22.6243,70179900
2003-04-21,26.9400,27.1000,26.6200,26.9200,22.7087,52729600
2003-04-22,26.7300,27.4600,26.6500,27.4300,23.1389,70757200
2003-04-23,27.5000,27.7500,27.2600,27.6300,23.3076,70327100
2003-04-24,27.3600,27.7500,27.2700,27.4800,23.1811,72383900
2003-04-25,27.3200,27.4200,26.8600,26.9500,22.7340,63277900
2003-04-28,27.0500,27.6300,26.9500,27.4800,23.1811,59666200
2003-04-29,27.6400,28.0600,27.4100,27.7300,23.3920,79903800
2003-04-30,27.6500,27.7900,27.4300,27.4500,23.1558,60202100
2003-05-01,27.4400,27.8700,27.1900,27.6900,23.3582,66022600
2003-05-02,27.6100,28.2900,27.5700,28.2800,23.8559,85004100
2003-05-05,28.3300,28.7100,28.1700,28.2500,23.8306,80520300
2003-05-06,28.2200,28.9000,28.2100,28.6100,24.1343,77338300
2003-05-07,28.4100,28.6900,28.1200,28.2900,23.8643,70353200
2003-05-08,27.8500,28.1900,27.7600,27.7700,23.4257,80249100
2003-05-09,28.0400,28.4800,28.0000,28.4100,23.9656,58528200
2003-05-12,28.3600,28.9600,28.1700,28.8400,24.3283,67487300
2003-05-13,28.6300,28.9900,28.5400,28.6600,24.1765,64934300
2003-05-14,28.8700,28.9700,28.3600,28.6000,24.1258,62181200
2003-05-15,28.7500,28.9800,28.5600,28.9200,24.3958,62232100
2003-05-16,28.7300,28.9400,28.4800,28.7000,24.2102,70590400
2003-05-19,28.5200,28.6800,27.6100,27.6900,23.3582,91334800
2003-05-20,27.7600,27.9600,27.4100,27.7700,23.4257,71817800
2003-05-21,27.6500,27.7500,27.4400,27.6900,23.3582,63648500
2003-05-22,27.7600,28.3200,27.6200,28.0900,23.6956,62401400
2003-05-23,28.0400,28.2500,27.9500,28.1000,23.7041,37922500
2003-05-27,27.9300,29.2200,27.9000,29.1000,24.5476,101422100
2003-05-28,29.1600,29.4000,28.9600,29.1900,24.6236,76290400
2003-05-29,29.2300,29.8000,29.1600,29.3100,24.7248,97336000
2003-05-30,29.5300,29.8700,29.4500,29.7900,25.1297,78093700
2003-06-02,30.0800,30.2000,29.3100,29.5800,24.9525,102937000
2003-06-03,29.4400,29.8800,29.3300,29.8600,25.1887,81672600
2003-06-04,29.8100,30.5800,29.7200,30.4200,25.6611,87046100
2003-06-05,30.1300,30.6800,29.9700,30.6400,25.8467,88747900
2003-06-06,31.2100,31.4700,30.0400,30.1300,25.4165,157178100
2003-06-09,30.0000,30.2200,29.5300,29.7300,25.0791,94941800
2003-06-10,29.8600,30.2000,29.6800,30.1800,25.4587,69660100
2003-06-11,30.0700,30.6400,29.8000,30.5200,25.7455,87338200
2003-06-12,30.6400,30.7500,30.2600,30.6500,25.8551,79450500
2003-06-13,30.6600,30.7300,29.8600,29.9600,25.2731,83353600
2003-06-16,30.1700,30.9000,30.0000,30.8800,26.0492,71211800
2003-06-17,31.0200,31.1100,30.5600,30.7600,25.9479,67571200
2003-06-18,30.6600,31.2300,30.4500,30.9200,26.0829,80215700
2003-06-19,30.9800,31.2400,30.3800,30.4200,25.6611,79467200
2003-06-20,30.6900,30.7800,30.2500,30.3800,25.6274,71512400
2003-06-23,30.3300,30.3700,29.5600,29.9100,25.2309,86509400
2003-06-24,29.7300,30.1300,29.5300,29.6800,25.0369,83004400
2003-06-25,29.6700,30.1800,29.4700,29.5200,24.9019,94255300
2003-06-26,29.7100,30.2800,29.6100,30.2200,25.4924,79187500
2003-06-27,30.2500,30.5700,29.7700,29.8300,25.1634,82451900
2003-06-30,30.1600,30.3400,29.8000,29.9500,25.2647,72043000
2003-07-01,29.7000,30.3800,29.2600,30.3500,25.6021,105852500
2003-07-02,30.4100,30.9900,30.3800,30.9700,26.1251,81972500
2003-07-03,30.7000,31.1000,30.4700,30.5800,25.7961,50050400
2003-07-07,30.9700,31.9000,30.9600,31.8900,26.9012,88554600
2003-07-08,31.7800,32.3100,31.6200,32.2800,27.2302,81874500
2003-07-09,32.1800,32.4900,31.9300,32.2000,27.1627,89588400
2003-07-10,31.8500,31.9900,31.3300,31.6000,26.6565,102928700
2003-07-11,31.6500,31.9900,31.6100,31.8400,26.8590,67728100
2003-07-14,32.3400,32.7500,32.0700,32.2200,27.1795,84524600
2003-07-15,32.5300,32.6500,31.9400,32.2600,27.2133,75059000
2003-07-16,32.4600,32.5000,31.7300,32.1600,27.1289,80138700
2003-07-17,31.6800,31.8400,31.0400,31.1800,26.3022,116260400
2003-07-18,31.4000,31.5500,30.9200,31.2800,26.3866,80519000
2003-07-21,31.2400,31.3000,30.6100,30.8800,26.0492,111325300
2003-07-22,31.1100,31.5000,30.8600,31.3400,26.4372,91471500
2003-07-23,31.3900,31.6400,30.9900,31.6000,26.6565,69050400
2003-07-24,31.8500,32.0200,31.0800,31.1800,26.3022,82999700
2003-07-25,31.1300,31.8400,30.7700,31.8000,26.8252,82709600
2003-07-28,31.8600,31.9900,31.6000,31.8900,26.9012,56180800
2003-07-29,31.9300,32.0200,31.2400,31.6500,26.6987,80560100
2003-07-30,31.7100,31.7400,31.3300,31.4200,26.5047,56617300
2003-07-31,31.7900,32.3300,31.5200,31.8000,26.8252,85544100
2003-08-01,31.6900,31.7900,31.3000,31.4600,26.5384,73545400
2003-08-04,31.4200,31.8000,30.8400,31.4500,26.5300,96344600
2003-08-05,31.4100,31.4800,30.1000,30.2100,25.4840,111041800
2003-08-06,30.3600,30.7700,30.1000,30.1900,25.4671,96816000
2003-08-07,30.2200,30.5100,30.0200,30.3100,25.5683,67326600
2003-08-08,30.4300,30.5500,29.9300,30.0700,25.3659,66677100
2003-08-11,30.0800,30.6000,30.0300,30.4000,25.6443,63712200
2003-08-12,30.5100,30.9000,30.3300,30.8600,26.0323,59676100
2003-08-13,30.9800,31.0700,30.6500,30.8700,26.0407,57969700
2003-08-14,30.8800,31.1900,30.6700,30.9000,26.0660,50271500
2003-08-15,31.0000,31.2900,30.9300,31.1700,26.2938,28116300
2003-08-18,31.3100,32.0100,31.2300,31.9700,26.9687,67224100
2003-08-19,32.1100,32.3800,31.8500,32.3700,27.3061,68205000
2003-08-20,32.1000,32.5200,32.0200,32.2900,27.2386,58233500
2003-08-21,32.5900,32.8200,32.2700,32.6400,27.5338,77161400
2003-08-22,33.2600,33.3700,32.3800,32.4400,27.3651,92989800
2003-08-25,32.3600,32.5400,32.2100,32.5100,27.4242,43044700
2003-08-26,32.2800,32.5900,31.8100,32.5400,27.4495,79838500
2003-08-27,32.4900,32.8300,32.3700,32.8000,27.6688,47532100
2003-08-28,32.9400,33.1200,32.5200,33.0900,27.9134,55311000
2003-08-29,33.0400,33.4600,32.9800,33.3900,28.1665,53148800
2003-09-02,33.4900,33.8900,33.1300,33.8700,28.5714,80303100
2003-09-03,34.1000,34.2000,33.6500,33.8500,28.5545,85234800
2003-09-04,33.8300,34.2200,33.7000,34.1600,28.8160,63736100
2003-09-05,33.9700,34.3400,33.6700,33.9400,28.6305,91024100
2003-09-08,34.0000,34.5300,33.9500,34.5000,29.1029,69296000
2003-09-09,34.3200,34.3900,33.9200,34.0900,28.7570,87817500
2003-09-10,33.7500,33.8900,33.1100,33.2700,28.0653,111624500
2003-09-11,33.2800,33.7800,33.0100,33.6400,28.3774,96914900
2003-09-12,33.3400,33.8400,33.0500,33.8200,28.5292,104963000
2003-09-15,33.8400,33.9100,33.4400,33.4900,28.2509,54594200
2003-09-16,33.5200,34.4300,33.5200,34.4000,29.0185,87463800
2003-09-17,34.3300,34.5000,34.0300,34.2600,28.9004,79794700
2003-09-18,34.1700,34.8600,34.0000,34.7800,29.3391,91469900
2003-09-19,34.7900,34.8600,34.3600,34.5800,29.1703,69796000
2003-09-22,34.1300,34.2000,33.7700,33.9200,28.6136,97477500
2003-09-23,33.9700,34.5600,33.9100,34.5200,29.1197,77826500
2003-09-24,34.5100,34.5200,33.1700,33.2200,28.0231,115057400
2003-09-25,33.3800,33.7400,32.7600,32.7900,27.6604,117604800
2003-09-26,32.8900,33.1700,32.5200,32.5800,27.4832,106581000
2003-09-29,32.7600,33.1700,32.4500,33.1400,27.9556,96862800
2003-09-30,32.9200,32.9600,32.3600,32.4200,27.3482,119122500
2003-10-01,32.6100,33.2300,32.4200,33.1500,27.9641,106653600
2003-10-02,33.1000,33.4300,32.9300,33.2600,28.0568,83911100
2003-10-03,33.8500,34.4700,33.8200,34.1900,28.8414,112862800
2003-10-06,34.2800,34.4500,34.0600,34.4400,29.0522,49162900
2003-10-07,34.1600,34.6500,34.0100,34.6500,29.2294,80104600
2003-10-08,34.8100,34.8400,34.2200,34.4300,29.0438,71387400
2003-10-09,34.9100,35.2700,34.4300,34.6900,29.2631,118216100
2003-10-10,34.7700,35.0300,34.6400,35.0100,29.5331,68356200
2003-10-13,35.1400,35.3700,34.9200,35.2400,29.7271,60919800
2003-10-14,35.1000,35.4300,34.9600,35.3300,29.8030,62274900
2003-10-15,35.8000,35.8500,35.0300,35.1800,29.6765,97045200
2003-10-16,35.1000,35.5300,35.0600,35.4600,29.9127,73955000
2003-10-17,35.4100,35.4900,34.6000,34.6100,29.1957,97794400
2003-10-20,34.6500,35.0800,34.5000,35.0400,29.5584,75544300
2003-10-21,35.1400,35.4500,34.9400,35.2500,29.7355,73455600
2003-10-22,34.8900,34.9300,34.4400,34.5700,29.1619,88141400
2003-10-23,34.1500,34.5100,34.0500,34.1700,28.8245,95409600
2003-10-24,33.7900,34.2300,33.4900,34.2000,28.8498,101778600
2003-10-27,34.2800,34.4500,34.0400,34.2100,28.8582,63604500
2003-10-28,34.4300,35.4100,34.3700,35.3600,29.8283,107375700
2003-10-29,35.2000,35.4100,35.0700,35.3200,29.7946,74075200
2003-10-30,35.8100,36.0000,35.1400,35.3900,29.8536,95062600
2003-10-31,35.4400,35.4900,35.0600,35.1800,29.6765,55473200
2003-11-03,35.4300,35.9800,35.3600,35.7600,30.1657,71141200
2003-11-04,35.6900,35.8700,35.4500,35.5200,29.9633,60033900
2003-11-05,35.5200,35.8900,35.1500,35.8400,30.2332,67412700
2003-11-06,35.7900,35.9700,35.3400,35.9400,30.3176,90567400
2003-11-07,36.0800,36.1800,35.6000,35.6300,30.0561,63505200
2003-11-10,35.7000,35.7400,35.0900,35.1900,29.6849,68896400
2003-11-11,35.1500,35.3000,34.8500,35.0600,29.5752,75607100
2003-11-12,35.1700,35.9600,35.1400,35.8100,30.2079,80364600
2003-11-13,35.7100,35.9000,35.5500,35.7700,30.1742,64243000
2003-11-14,35.8100,36.0200,34.9500,35.0400,29.5584,90932200
2003-11-17,34.8400,34.9100,34.2600,34.6800,29.2547,108063100
2003-11-18,34.8700,34.9700,33.8200,33.8800,28.5799,108588500
2003-11-19,34.0100,34.4000,33.8800,34.2100,28.8582,86320300
2003-11-20,33.9200,34.6800,33.8100,33.8800,28.5799,117324500
2003-11-21,34.0800,34.2600,33.7300,34.2300,28.8751,81787500
2003-11-24,34.5200,35.2500,34.4700,35.1800,29.6765,92057500
2003-11-25,35.2900,35.4500,35.0900,35.1800,29.6765,72519800
2003-11-26,35.4000,35.5200,34.8100,35.3400,29.8115,72842900
2003-11-28,35.2600,35.5000,35.2100,35.3800,29.8452,24802600
2003-12-01,35.7100,36.0100,35.4700,35.9000,30.2838,82767300
2003-12-02,35.8200,36.0500,35.5800,35.7000,30.1151,62504500
2003-12-03,35.8400,36.1200,35.2500,35.2500,29.7355,107568500
2003-12-04,35.3800,35.7100,35.0800,35.6300,30.0561,102334800
2003-12-05,35.2700,35.5000,34.9600,35.0400,29.5584,87490200
2003-12-08,35.0200,35.3300,34.7800,35.2400,29.7271,86961200
2003-12-09,35.4400,35.4600,34.3500,34.4300,29.0438,109949500
2003-12-10,34.5000,34.7000,34.1300,34.5600,29.1535,103504200
2003-12-11,34.5000,35.3900,34.4900,35.3000,29.7777,108374700
2003-12-12,35.3100,35.3400,34.9000,35.2400,29.7271,72189400
2003-12-15,35.9300,35.9900,34.6500,34.7800,29.3391,106091400
2003-12-16,34.7900,35.0200,34.4200,34.8500,29.3981,89854700
2003-12-17,34.8100,35.0000,34.5700,34.9100,29.4487,68539900
2003-12-18,34.9500,35.6400,34.9500,35.5600,29.9970,89978100
2003-12-19,35.6100,35.6500,35.2000,35.4600,29.9127,89762300
2003-12-22,35.3500,35.6800,35.2900,35.5700,30.0055,63580000
2003-12-23,35.6000,36.0200,35.5300,35.8400,30.2332,66999800
2003-12-24,35.8400,36.0200,35.8000,35.9000,30.2957,44840300
2003-12-26,35.9600,36.0900,35.8200,35.8500,30.2535,25497600
2003-12-29,36.0300,36.5300,36.0200,36.4400,30.7514,63296200
2003-12-30,36.5300,36.5800,36.3000,36.5600,30.8527,48249400
2003-12-31,36.6200,36.6400,36.2500,36.4600,30.7683,60494600
2004-01-02,36.6600,36.7900,36.2200,36.3600,30.6839,55234100
2004-01-05,36.5800,37.1600,36.5600,37.0900,31.2999,69717900
2004-01-06,37.0800,37.4200,36.9500,37.3400,31.5109,60033000
2004-01-07,37.2800,37.6800,37.0700,37.6800,31.7978,71830000
2004-01-08,37.8500,38.0000,37.6000,37.9800,32.0510,76800900
2004-01-09,37.7100,38.3500,37.5900,37.7300,31.8400,94296500
2004-01-12,37.8500,38.3500,37.6800,38.3300,32.3463,77668400
2004-01-13,38.2700,38.3600,37.6000,37.9500,32.0257,92973900
2004-01-14,38.0800,38.2500,37.7500,38.0800,32.1354,68122400
2004-01-15,37.9300,38.4600,37.6300,38.1800,32.2197,104427700
2004-01-16,38.3800,38.6300,38.1700,38.5700,32.5489,77324100
2004-01-20,38.7300,39.0000,38.3100,38.5400,32.5236,81998100
2004-01-21,38.3900,38.6600,38.0000,38.3800,32.3885,112180300
2004-01-22,38.5500,38.6900,38.0600,38.1500,32.1944,90061900
2004-01-23,38.2100,38.4600,37.7800,38.0100,32.0763,88751300
2004-01-26,37.9800,38.6500,37.8400,38.5900,32.5657,84538000
2004-01-27,38.5100,38.6300,37.6900,37.7400,31.8484,97191600
2004-01-28,37.9400,38.0600,37.0000,37.1000,31.3083,127959700
2004-01-29,37.2400,37.3100,36.6600,37.2400,31.4265,143925900
2004-01-30,37.2000,37.4400,36.9700,37.0700,31.2830,84264700
2004-02-02,37.2000,37.4800,36.8200,36.9700,31.1986,94507900
2004-02-03,36.9100,37.2400,36.8400,36.9300,31.1649,73488700
2004-02-04,36.6200,36.8600,36.3300,36.3300,30.6586,109933000
2004-02-05,36.5100,36.7100,36.3300,36.4700,30.7767,96784500
2004-02-06,36.6000,37.2800,36.5300,37.1300,31.3337,107174100
2004-02-09,37.3400,37.3800,37.0500,37.1200,31.3252,58817700
2004-02-10,37.0600,37.4100,37.0300,37.1800,31.3759,65042700
2004-02-11,37.2400,37.6700,37.0700,37.5800,31.7134,92503000
2004-02-12,37.5200,37.7000,37.2400,37.2500,31.4349,70556400
2004-02-13,37.3900,37.9700,36.7600,36.9400,31.1733,90570400
2004-02-17,37.2800,37.6200,37.2200,37.4400,31.5953,69678600
2004-02-18,37.5100,37.6700,37.3200,37.5500,31.6881,70972100
2004-02-19,37.8700,37.9000,36.8200,36.9800,31.2071,100843800
2004-02-20,37.0000,37.1400,36.5500,36.8600,31.1058,132347600
2004-02-23,37.0000,37.0300,36.1100,36.4500,30.7598,125199800
2004-02-24,36.3000,36.6500,36.1000,36.3600,30.6839,124521900
2004-02-25,36.4300,36.6700,36.3300,36.5800,30.8695,74457100
2004-02-26,36.4700,36.8400,36.3100,36.6700,30.9455,71327600
2004-02-27,36.7600,36.9400,36.2700,36.5700,30.8611,99383900
2004-03-01,36.6800,37.0700,36.4700,37.0500,31.2662,79700700
2004-03-02,36.9800,37.1800,36.6100,36.6200,30.9033,91536000
2004-03-03,36.5100,36.6300,36.2100,36.4200,30.7345,83938300
2004-03-04,36.4400,36.8300,36.3900,36.7600,31.0214,65905600
2004-03-05,36.4200,37.1500,36.3600,36.6300,30.9117,118107100
2004-03-08,36.6900,36.8200,35.7300,35.7700,30.1860,112599500
2004-03-09,35.8100,35.9800,35.5200,35.6600,30.0932,126140400
2004-03-10,35.7500,36.0000,35.1300,35.1900,29.6965,134226100
2004-03-11,35.0700,35.5300,34.8000,34.8700,29.4265,152132000
2004-03-12,35.1800,35.5900,35.1500,35.5100,29.9666,118369600
2004-03-15,35.3600,35.4000,34.8100,34.8900,29.4434,115813600
2004-03-16,35.1100,35.2500,34.6300,34.9500,29.4940,123265100
2004-03-17,35.2100,35.6200,35.1800,35.5000,29.9581,91684700
2004-03-18,35.3700,35.4600,34.9700,35.3400,29.8231,111249700
2004-03-19,35.2800,35.4600,34.7200,34.7500,29.3252,99976700
2004-03-22,34.5300,34.5500,34.0300,34.3100,28.9539,133870400
2004-03-23,34.5900,34.6500,34.0100,34.0300,28.7176,125945800
2004-03-24,34.1500,34.6300,34.0100,34.4200,29.0467,118876800
2004-03-25,34.6500,35.4600,34.6200,35.3400,29.8231,142122000
2004-03-26,35.3000,35.5800,35.2000,35.2200,29.7218,78430800
2004-03-29,35.5100,35.9600,35.4900,35.7900,30.2029,103864000
2004-03-30,35.6700,35.9400,35.5200,35.9100,30.3041,95716500
2004-03-31,35.9200,36.0000,35.6100,35.8400,30.2450,85993900
2004-04-01,35.8100,36.2500,35.7800,36.1600,30.5151,93048600
2004-04-02,36.8900,37.1600,36.5200,37.1000,31.3083,145964000
2004-04-05,37.0100,37.5000,36.9700,37.4500,31.6037,67351600
2004-04-06,37.1600,37.2500,36.9200,36.9800,31.2071,98611400
2004-04-07,36.9900,37.1100,36.6600,36.9400,31.1733,91004900
2004-04-08,37.3500,37.3900,36.7400,36.9400,31.1733,77176300
2004-04-12,37.0200,37.2400,36.9800,37.1700,31.3674,55285700
2004-04-13,37.3400,37.3600,36.4600,36.6300,30.9117,100624400
2004-04-14,36.4100,36.9500,36.3600,36.8100,31.0636,113663200
2004-04-15,36.7500,36.8600,36.0200,36.1500,30.5067,123565500
2004-04-16,36.2000,36.3200,35.7900,36.0900,30.4560,110736600
2004-04-19,36.0100,36.5900,35.9800,36.5300,30.8273,85838700
2004-04-20,36.6100,36.7900,35.6400,35.6800,30.1100,119545100
2004-04-21,35.9000,36.1100,35.6500,35.9900,30.3716,117850500
2004-04-22,36.0000,37.0100,35.9800,36.9200,31.1564,137623300
2004-04-23,37.0800,37.2600,36.9000,37.2100,31.4012,91855600
2004-04-26,37.1800,37.2900,36.6500,36.9400,31.1733,74392200
2004-04-27,36.9500,37.1900,36.6900,36.8700,31.1143,87548500
2004-04-28,36.7100,36.7200,36.0200,36.2000,30.5489,111740700
2004-04-29,36.0900,36.3400,35.3000,35.6400,30.0763,156917100
2004-04-30,35.6600,35.8000,34.7200,34.7700,29.3421,150829200
2004-05-03,35.0000,35.5200,34.8900,35.1000,29.6206,117007200
2004-05-04,35.2100,35.7500,35.0300,35.2500,29.7472,126176000
2004-05-05,35.4200,35.7000,35.2000,35.5300,29.9834,97528500
2004-05-06,35.2300,35.4400,34.8500,35.2600,29.7556,102733300
2004-05-07,35.0900,35.6400,34.9100,34.9700,29.5109,137686000
2004-05-10,34.6700,34.9000,34.4200,34.6700,29.2577,156951400
2004-05-11,34.9700,35.3800,34.9200,35.1900,29.6965,120493600
2004-05-12,35.1200,35.2900,34.2700,35.2600,29.7556,197765400
2004-05-13,35.0600,35.4500,34.9200,35.0100,29.5446,137841700
2004-05-14,35.2000,35.3100,34.6400,34.7500,29.3252,133689900
2004-05-17,34.3800,34.6600,34.1100,34.4200,29.0467,150652400
2004-05-18,34.6600,34.9000,34.6000,34.7300,29.3083,96686400
2004-05-19,35.1600,35.5100,34.6300,34.6900,29.2746,141646900
2004-05-20,34.7800,35.0200,34.5600,34.8500,29.4096,94938500
2004-05-21,35.0100,35.1700,34.7400,35.0200,29.5530,111329200
2004-05-24,35.3000,35.4600,35.0000,35.2600,29.7556,99861800
2004-05-25,35.1500,36.0800,34.9500,35.9600,30.3463,146321400
2004-05-26,35.8600,36.1900,35.8100,36.1900,30.5404,93789700
2004-05-27,36.2900,36.5000,36.0600,36.4200,30.7345,110183400
2004-05-28,36.3800,36.5500,36.2100,36.5500,30.8442,56379500
2004-06-01,36.2700,36.5500,36.1100,36.5000,30.8020,90592700
2004-06-02,36.5600,36.6600,36.1700,36.4200,30.7345,103519800
2004-06-03,36.3000,36.3600,35.8200,35.9800,30.3632,97301400
2004-06-04,36.3400,36.6200,36.1700,36.1900,30.5404,91233200
2004-06-07,36.4400,37.1000,36.3400,37.0500,31.2662,107532600
2004-06-08,36.9000,37.1900,36.8500,37.1000,31.3083,72530900
2004-06-09,36.9800,37.0500,36.5000,36.5800,30.8695,98215200
2004-06-10,36.6900,36.8400,36.5500,36.8400,31.0889,57101300
2004-06-14,36.6100,36.6100,36.1000,36.3200,30.6501,85129900
2004-06-15,36.5600,36.9900,36.5600,36.7900,31.0468,91937700
2004-06-16,36.7700,36.9000,36.6500,36.7300,30.9961,64743300
2004-06-17,36.6500,36.6600,36.2500,36.3900,30.7092,77844200
2004-06-18,36.3000,36.8400,36.2600,36.4400,30.7514,78641500
2004-06-21,36.5200,36.6300,36.0600,36.1500,30.5067,65373100
2004-06-22,36.1600,36.7000,36.0200,36.6800,30.9539,101524300
2004-06-23,36.5700,37.1900,36.5100,37.1200,31.3252,94393900
2004-06-24,37.0200,37.3500,36.9200,37.0500,31.2662,92343200
2004-06-25,37.0000,37.3900,36.9800,37.3300,31.5025,81005400
2004-06-28,37.4900,37.5200,36.9000,37.0200,31.2408,94033200
2004-06-29,37.1000,37.5900,37.0800,37.3700,31.5362,68265900
2004-06-30,37.4500,37.9000,37.3500,37.7400,31.8484,97809500
2004-07-01,37.6600,37.6600,36.7700,37.0400,31.2577,122141800
2004-07-02,37.0400,37.0500,36.6300,36.8200,31.0721,74056400
2004-07-06,36.6000,36.6000,35.8300,36.0300,30.4054,130232600
2004-07-07,35.9600,36.2900,35.9200,36.1000,30.4645,95623100
2004-07-08,35.8100,36.1300,35.5500,35.7000,30.1269,108755400
2004-07-09,35.8400,36.0400,35.6300,35.7500,30.1691,86014700
2004-07-12,35.5700,35.6900,35.2400,35.6000,30.0425,81844500
2004-07-13,35.6800,35.8100,35.4100,35.5500,30.0003,81222000
2004-07-14,35.2000,35.6500,35.0500,35.1900,29.6965,119489200
2004-07-15,35.3200,35.4900,35.0600,35.0700,29.5953,90405700
2004-07-16,35.4300,35.4500,34.6200,34.6700,29.2577,120387100
2004-07-19,34.7800,34.9700,34.4700,34.6000,29.1986,106387900
2004-07-20,34.7400,35.5900,34.7100,35.4300,29.8991,117453700
2004-07-21,35.5700,35.6500,34.3400,34.4000,29.0298,136086800
2004-07-22,34.4800,35.1100,34.2500,34.8700,29.4265,132135800
2004-07-23,34.6200,34.6600,34.0300,34.2100,28.8695,107107100
2004-07-26,34.2400,34.4100,33.7000,34.0600,28.7429,112962200
2004-07-27,34.1900,34.7100,34.0400,34.5300,29.1396,103474700
2004-07-28,34.4100,34.6300,33.8100,34.3800,29.0130,154299800
2004-07-29,34.7100,34.9200,34.5000,34.7800,29.3505,98959800
2004-07-30,34.7600,35.1000,34.6500,34.8900,29.4434,83007800
2004-08-02,34.6100,35.0200,34.4600,34.9600,29.5024,81249000
2004-08-03,34.8400,34.9300,34.1900,34.2300,28.8864,85746500
2004-08-04,34.1500,34.4600,34.0100,34.2400,28.8948,86721000
2004-08-05,34.3500,34.4000,33.6000,33.6000,28.3547,109722900
2004-08-06,33.4000,33.4100,32.6600,32.7200,27.6121,148808600
2004-08-09,32.8100,32.9600,32.6500,32.8000,27.6796,79281900
2004-08-10,32.9600,33.4800,32.9200,33.2100,28.0256,105819800
2004-08-11,32.8500,33.0400,32.5500,32.9200,27.7809,121217700
2004-08-12,32.6900,32.8600,32.3700,32.4700,27.4011,113691800
2004-08-13,32.6500,32.7400,32.3500,32.5200,27.4433,91416100
2004-08-16,32.6100,33.1900,32.5900,32.8900,27.7556,77851300
2004-08-17,33.1200,33.4400,32.9900,33.2600,28.0678,89573100
2004-08-18,33.0600,33.9100,33.0100,33.8500,28.5657,106608500
2004-08-19,33.7300,33.8500,33.4100,33.6700,28.4138,104690200
2004-08-20,33.5700,34.1400,33.5100,34.0100,28.7007,91962400
2004-08-23,34.0500,34.2700,33.9100,34.0900,28.7682,83390800
2004-08-24,34.2500,34.3100,33.8100,34.0800,28.7598,86610500
2004-08-25,34.0700,34.6000,33.9000,34.5500,29.1564,88394600
2004-08-26,34.4600,34.5500,34.3100,34.4000,29.0298,57663400
2004-08-27,34.4700,34.6800,34.4400,34.5600,29.1649,58597200
2004-08-30,34.4100,34.4300,33.9400,33.9800,28.6754,62355700
2004-08-31,34.0200,34.1200,33.6500,34.0200,28.7092,81262000
2004-09-01,33.9300,34.4700,33.8000,34.2700,28.9201,96630600
2004-09-02,34.1800,34.8800,34.1600,34.7800,29.3505,83054000
2004-09-03,34.4400,34.6700,34.0500,34.1400,28.8104,90213700
2004-09-07,34.4000,34.6100,34.1200,34.4300,29.0552,95556500
2004-09-08,34.3100,34.6800,34.1800,34.3000,28.9455,101466100
2004-09-09,34.4500,34.7500,34.1400,34.5900,29.1902,104397500
2004-09-10,34.6100,35.1900,34.4700,35.1200,29.6374,108591600
2004-09-13,35.2500,35.7200,35.1400,35.5800,30.0256,109350500
2004-09-14,35.4500,35.7200,35.3600,35.6300,30.0678,76466300
2004-09-15,35.4200,35.4500,35.1200,35.2500,29.7472,90128700
2004-09-16,35.2600,35.5700,35.1300,35.3200,29.8062,67121000
2004-09-17,35.2300,35.5200,35.1600,35.4300,29.8991,83903400
2004-09-20,35.2900,35.7700,35.1800,35.4300,29.8991,110678100
2004-09-21,35.5400,35.8500,35.4200,35.5700,30.0172,93688400
2004-09-22,35.4400,35.4600,34.8700,34.9500,29.4940,101393400
2004-09-23,34.9800,35.1500,34.8800,34.9200,29.4687,92503200
2004-09-24,34.9900,35.1900,34.7500,34.8000,29.3674,103247400
2004-09-27,34.6200,34.7400,34.3800,34.5000,29.1142,86017600
2004-09-28,34.5500,34.6900,34.2300,34.5700,29.1733,87070300
2004-09-29,34.5400,35.1200,34.5300,35.0800,29.6037,95096200
2004-09-30,35.0200,35.2700,34.8900,35.1400,29.6543,74514600
2004-10-01,35.4500,36.1500,35.3600,36.1000,30.4645,118252700
2004-10-04,36.3600,36.6200,36.2500,36.3100,30.6417,108032600
2004-10-05,36.2300,36.4900,36.1600,36.3600,30.6839,89754400
2004-10-06,36.3100,36.6900,36.1100,36.6500,30.9286,87815500
2004-10-07,36.5400,36.6700,36.1700,36.2400,30.5826,82374300
2004-10-08,36.0800,36.2400,35.5000,35.5800,30.0256,115073000
2004-10-11,35.7200,35.8600,35.6000,35.7500,30.1691,51181600
2004-10-12,35.4300,35.8400,35.2000,35.6900,30.1185,97884100
2004-10-13,36.0500,36.1400,35.4300,35.6100,30.0509,132442500
2004-10-14,35.6900,35.7800,35.3300,35.4500,29.9159,99383700
2004-10-15,35.4900,35.8600,35.2800,35.6300,30.0678,129183400
2004-10-18,35.5100,36.2500,35.4000,36.1400,30.4982,108933400
2004-10-19,36.3800,36.5700,35.7900,35.8800,30.2788,129973500
2004-10-20,35.8300,36.2300,35.6500,36.0500,30.4223,106524200
2004-10-21,36.2400,36.7900,36.1000,36.6000,30.8864,122627600
2004-10-22,36.6100,36.6800,35.7400,35.8000,30.2113,114321100
2004-10-25,35.7300,35.8100,35.4900,35.6300,30.0678,102863000
2004-10-26,35.6500,35.8400,35.4100,35.8200,30.2282,98164500
2004-10-27,35.8400,36.8900,35.7100,36.7300,30.9961,152423400
2004-10-28,36.6800,37.1200,36.5700,36.9600,31.1902,111113900
2004-10-29,36.9100,37.2400,36.6700,36.9000,31.1396,100779200
2004-11-01,36.9800,37.1800,36.8000,37.0400,31.2577,72356000
2004-11-02,37.0900,37.5500,37.0200,37.1600,31.3590,108930700
2004-11-03,37.7600,37.9000,37.1500,37.4100,31.5699,140980100
2004-11-04,37.2600,37.7800,37.1100,37.6200,31.7472,112513700
2004-11-05,38.0200,38.1600,37.6100,37.9600,32.0341,117017900
2004-11-08,37.9500,38.1000,37.8500,38.0000,32.0679,66486000
2004-11-09,37.9300,38.1500,37.8100,37.9200,32.0003,85038700
2004-11-10,37.9300,38.0600,37.6500,37.7900,31.8906,95122300
2004-11-11,37.9100,38.3800,37.8600,38.2900,32.3126,99338800
2004-11-12,38.3400,38.7600,38.1700,38.6600,32.6248,102418100
2004-11-15,38.6400,38.8600,38.5000,38.8300,32.7683,82696000
2004-11-16,38.6600,38.6800,38.3200,38.5900,32.5657,97197500
2004-11-17,38.8300,39.3200,38.8300,39.1100,33.0046,125242500
2004-11-18,38.9800,39.3600,38.8900,39.2900,33.1565,94901100
2004-11-19,39.2400,39.2900,38.5900,38.6800,32.6417,118448900
2004-11-22,38.6100,39.0700,38.4800,39.0500,32.9539,79882600
2004-11-23,39.0100,39.1500,38.6100,38.9900,32.9033,91925300
2004-11-24,39.0900,39.3900,39.0700,39.3300,33.1902,74051700
2004-11-26,39.3700,39.4800,39.1700,39.2100,33.0890,31248900
2004-11-29,39.4600,39.6400,38.9700,39.2000,33.0805,94765400
2004-11-30,39.3000,39.3900,39.0600,39.1200,33.0130,87663100
2004-12-01,39.2700,39.9600,39.2700,39.9200,33.6881,102375000
2004-12-02,39.8200,40.3900,39.7600,40.0700,33.8147,122005600
2004-12-03,40.3500,40.5900,40.0800,40.1300,33.8653,114227700
2004-12-06,40.1200,40.4300,39.9100,40.2700,33.9835,70415100
2004-12-07,40.3500,40.5000,39.5300,39.5800,33.4012,121439800
2004-12-08,39.6000,39.9800,39.5000,39.8100,33.5953,10121300
2004-12-09,39.4900,40.1900,39.2400,40.0500,33.7978,134346000
2004-12-10,39.8400,40.0700,39.7400,39.9300,33.6966,86177300
2004-12-13,40.2300,40.3400,39.9800,40.2800,33.9919,74296400
2004-12-14,40.2800,40.5900,40.2500,40.4800,34.1607,91985000
2004-12-15,40.4900,40.6800,40.1500,40.3300,34.0341,95179300
2004-12-16,40.3400,40.4500,39.8200,39.9500,33.7134,86101300
2004-12-17,39.6400,39.8100,39.4300,39.4700,33.6274,97947000
2004-12-20,39.5700,39.7700,39.0900,39.2000,33.3973,106397600
2004-12-21,39.3900,39.7100,39.2800,39.6800,33.8063,83184700
2004-12-22,39.5400,39.9300,39.4900,39.7300,33.8489,75298000
2004-12-23,39.6100,39.9100,39.5400,39.7600,33.8745,45782000
2004-12-27,39.9800,40.0200,39.4000,39.5900,33.7296,67157700
2004-12-28,39.6700,40.0000,39.6100,39.9700,34.0534,62563100
2004-12-29,39.9200,40.1600,39.9000,40.0200,34.0960,46594800
2004-12-30,40.0700,40.1200,39.9300,39.9900,34.0704,41717600
2004-12-31,40.0300,40.1200,39.7800,39.9200,34.0108,44112300
2005-01-03,40.0900,40.2900,39.3700,39.5000,33.6529,100970900
2005-01-04,39.6700,39.7400,38.5500,38.7800,33.0395,136623200
2005-01-05,38.6800,38.9600,38.4700,38.5400,32.8351,127925500
2005-01-06,38.6300,38.7100,38.3400,38.3500,32.6732,102934600
2005-01-07,38.5600,38.8700,38.2100,38.5500,32.8436,123104000
2005-01-10,38.4400,38.8700,38.3900,38.5300,32.8265,88764200
2005-01-11,38.3700,38.5000,38.0700,38.2600,32.5965,106398800
2005-01-12,38.4300,38.6000,38.0100,38.5800,32.8691,127754900
2005-01-13,38.5800,38.8500,38.0100,38.0700,32.4346,101982400
2005-01-14,38.2000,38.5200,38.1900,38.4300,32.7413,93460900
2005-01-18,38.2800,38.7900,38.2200,38.7200,32.9884,91760400
2005-01-19,38.7300,38.7500,38.0600,38.0800,32.4431,104981000
2005-01-20,37.6500,37.8100,37.3200,37.3500,31.8212,120963900
2005-01-21,37.4800,37.5500,36.9900,37.0500,31.5656,138569200
2005-01-24,37.1200,37.2000,36.4600,36.5300,31.1226,137499000
2005-01-25,36.7700,37.0900,36.6600,36.7100,31.2759,119171300
2005-01-26,36.9600,37.2900,36.8200,37.1500,31.6508,107465800
2005-01-27,37.0900,37.2700,36.8700,37.1000,31.6082,103654700
2005-01-28,37.2200,37.2700,36.6200,36.9200,31.4549,111648600
2005-01-31,37.3600,37.5300,37.2600,37.4000,31.8638,89139900
2005-02-01,37.4900,37.6500,37.3700,37.5200,31.9660,76610300
2005-02-02,37.6400,37.7300,37.3100,37.5800,32.0172,100160500
2005-02-03,37.3800,37.4100,37.0000,37.1500,31.6508,90157900
2005-02-04,37.1500,37.8200,37.1500,37.7500,32.1620,99302000
2005-02-07,37.8000,37.9100,37.5200,37.6700,32.0938,71551400
2005-02-08,37.6600,38.0100,37.6200,37.7400,32.1535,72821700
2005-02-09,37.7700,37.8000,37.0600,37.1100,31.6167,93276600
2005-02-10,37.2600,37.3200,36.8800,37.1500,31.6508,110373000
2005-02-11,37.0300,37.8500,36.9300,37.7000,32.1194,108684100
2005-02-14,37.7000,37.9400,37.6900,37.8700,32.2642,54908900
2005-02-15,37.9000,38.4800,37.8200,38.1200,32.4772,131406500
2005-02-16,38.0300,38.1600,37.8300,37.9800,32.3579,80273900
2005-02-17,38.0500,38.1400,37.4300,37.4700,31.9234,115628300
2005-02-18,37.4800,37.5700,37.2600,37.3500,31.8212,69158800
2005-02-22,37.0300,37.5500,36.7900,36.8900,31.4293,121232000
2005-02-23,37.0400,37.0700,36.7000,36.9400,31.4719,95010100
2005-02-24,36.8500,37.4400,36.7600,37.4100,31.8723,99334600
2005-02-25,37.3800,37.7000,37.2900,37.6200,32.0512,79988700
2005-02-28,37.4600,37.6000,36.9200,37.2200,31.7105,95731300
2005-03-01,37.3700,37.7000,37.3300,37.6300,32.0598,78460600
2005-03-02,37.4100,38.0200,37.3600,37.6100,32.0427,107270600
2005-03-03,37.7100,37.7300,37.0200,37.3000,31.7786,89793800
2005-03-04,37.6000,37.7500,37.4000,37.5200,31.9660,86622300
2005-03-07,37.6000,38.2900,37.5600,38.0600,32.4261,93563900
2005-03-08,38.0100,38.2100,37.6500,37.6800,32.1024,89595200
2005-03-09,37.6700,37.9300,37.4700,37.5700,32.0086,98063000
2005-03-10,37.6100,37.6700,37.0800,37.5200,31.9660,97043600
2005-03-11,37.6900,37.8200,37.0200,37.1700,31.6679,102857500
2005-03-14,37.2400,37.3600,37.0300,37.3400,31.8127,65576200
2005-03-15,37.4200,37.4800,36.9900,37.0400,31.5571,93856300
2005-03-16,36.9100,37.1800,36.5300,36.6200,31.1993,159578000
2005-03-17,36.6100,36.8900,36.5400,36.7100,31.2759,100429600
2005-03-18,36.7500,36.7900,36.3500,36.5100,31.1055,108899400
2005-03-21,36.6000,36.7500,36.2500,36.5800,31.1652,92752500
2005-03-22,36.6100,36.7500,36.1100,36.1300,30.7818,114016300
2005-03-23,36.0900,36.4900,36.0700,36.2600,30.8925,97444900
2005-03-24,36.3900,36.6500,36.2700,36.2700,30.9011,77566800
2005-03-28,36.4100,36.6100,36.3100,36.3400,30.9607,59739000
2005-03-29,36.2700,36.5800,35.9400,36.0500,30.7136,119554300
2005-03-30,36.2300,36.7800,36.2200,36.7300,31.2930,114711000
2005-03-31,36.7300,36.7500,36.4400,36.5700,31.1567,86578900
2005-04-01,36.8200,36.8800,36.1300,36.2000,30.8414,143814300
2005-04-04,36.2500,36.6000,36.0300,36.4600,31.0629,100090300
2005-04-05,36.4900,36.6700,36.4200,36.5600,31.1482,66266600
2005-04-06,36.6600,36.9100,36.4200,36.5000,31.0970,82168900
2005-04-07,36.5300,36.9500,36.5100,36.9400,31.4719,88618000
2005-04-08,37.0000,37.0700,36.6000,36.6400,31.2163,92332900
2005-04-11,36.7500,36.7800,36.4000,36.4800,31.0800,70976000
2005-04-12,36.4400,36.7400,35.9100,36.6600,31.2334,144848500
2005-04-13,36.5600,36.6000,35.9800,36.0600,30.7222,108995500
2005-04-14,36.0600,36.1000,35.5000,35.5500,30.2877,158057900
2005-04-15,35.2400,35.3700,34.6800,34.7400,29.5976,170013300
2005-04-18,34.7100,35.0000,34.6400,34.7500,29.6061,110084000
2005-04-19,35.0200,35.1000,34.7500,34.9900,29.8106,96922100
2005-04-20,35.2100,35.2900,34.5900,34.7000,29.5635,140457400
2005-04-21,35.1200,35.7100,34.9600,35.6200,30.3473,124505100
2005-04-22,35.4600,35.4700,34.8200,35.0900,29.8957,114996800
2005-04-25,35.3000,35.4600,35.1500,35.3800,30.1428,72170100
2005-04-26,35.2900,35.7000,35.0400,35.0500,29.8617,104958800
2005-04-27,34.8700,35.2500,34.7300,35.1000,29.9043,112539300
2005-04-28,34.9200,35.1500,34.7200,34.7500,29.6061,98181900
2005-04-29,35.0000,35.0600,34.3500,34.9800,29.8020,144435900
2005-05-02,35.1000,35.2600,34.8900,35.1200,29.9213,67648800
2005-05-03,35.0500,35.4300,35.0300,35.3000,30.0747,103428700
2005-05-04,35.2900,35.8300,35.2400,35.7300,30.4410,90480600
2005-05-05,35.7500,35.9200,35.5300,35.7600,30.4666,79341700
2005-05-06,35.9700,36.0200,35.7200,35.8600,30.5518,77310200
2005-05-09,35.8700,36.0600,35.6600,36.0300,30.6966,66298400
2005-05-10,35.8600,35.9600,35.6200,35.7700,30.4751,77194700
2005-05-11,35.8200,36.0300,35.3000,35.9500,30.6284,131952400
2005-05-12,36.0300,36.2000,35.6600,35.8500,30.5432,116602200
2005-05-13,35.9900,36.4700,35.8900,36.2400,30.8755,133273500
2005-05-16,36.2400,36.5400,36.1300,36.4800,31.0800,79093200
2005-05-17,36.3500,36.7400,36.2100,36.7000,31.2674,91665900
2005-05-18,36.8000,37.3600,36.7100,37.2000,31.6934,128105900
2005-05-19,37.2900,37.5200,37.2000,37.5100,31.9575,92619700
2005-05-20,37.4500,37.6900,37.3500,37.6600,32.0853,66530100
2005-05-23,37.6600,37.9900,37.6000,37.8500,32.2472,93068200
2005-05-24,37.7600,38.0000,37.7000,37.9700,32.3494,100830000
2005-05-25,37.8400,37.8800,37.5900,37.8100,32.2131,76470600
2005-05-26,37.9800,38.2700,37.9800,38.1900,32.5368,84066800
2005-05-27,38.1400,38.2500,38.0200,38.2100,32.5539,50076900
2005-05-31,38.1900,38.2400,37.9200,38.0800,32.4431,75281500
2005-06-01,38.0300,38.6800,38.0200,38.3900,32.7073,110875700
2005-06-02,38.3300,38.6600,38.3000,38.6600,32.9373,75926500
2005-06-03,38.6300,38.6400,38.0200,38.1000,32.4602,96998400
2005-06-06,38.1200,38.1900,37.9600,38.1100,32.4687,52681400
2005-06-07,38.1500,38.4700,37.7400,37.7900,32.1961,108953400
2005-06-08,37.8800,37.9500,37.5600,37.7100,32.1279,79211900
2005-06-09,37.6600,38.0600,37.5000,37.9500,32.3324,99383300
2005-06-10,37.9000,37.9000,37.3800,37.5500,31.9916,85971700
2005-06-13,37.4800,37.9500,37.4600,37.7300,32.1450,82331300
2005-06-14,37.6900,37.8400,37.5000,37.5800,32.0172,62593600
2005-06-15,37.8300,37.8700,37.2500,37.7000,32.1194,103952000
2005-06-16,37.7400,38.0000,37.6600,37.9000,32.2898,90450100
2005-06-17,38.1100,38.2100,37.7500,37.8700,32.2941,83915700
2005-06-20,37.7200,38.0800,37.5800,37.8700,32.2941,67580000
2005-06-21,37.8400,38.0100,37.7000,37.8500,32.2770,97845600
2005-06-22,38.0000,38.1000,37.6300,37.8100,32.2429,75221100
2005-06-23,37.8700,38.1800,37.3300,37.3900,31.8847,122163300
2005-06-24,37.3800,37.4100,36.9600,36.9700,31.5266,142144100
2005-06-27,36.9500,37.0600,36.7000,36.8000,31.3816,72780800
2005-06-28,36.9500,37.2600,36.9000,37.1500,31.6800,73330300
2005-06-29,37.2500,37.2600,36.9700,37.0700,31.6118,71513600
2005-06-30,37.1400,37.2100,36.7500,36.7800,31.3645,87803700
2005-07-01,36.8600,37.0000,36.6800,36.7300,31.3219,55254800
2005-07-05,36.6000,37.1900,36.6000,37.1100,31.6460,79288700
2005-07-06,37.0300,37.2800,36.8600,36.9300,31.4925,79101000
2005-07-07,36.5800,37.0900,36.5500,37.0600,31.6033,119466300
2005-07-08,37.0800,37.8100,36.9900,37.7700,32.2088,101320700
2005-07-11,37.8700,38.1600,37.8000,38.1200,32.5072,96283700
2005-07-12,38.1200,38.4600,38.0100,38.3000,32.6608,86059300
2005-07-13,38.3200,38.4300,38.1700,38.3900,32.7375,72135400
2005-07-14,38.6700,38.8800,38.5200,38.7700,33.0616,99135200
2005-07-15,38.8300,39.0000,38.6500,38.8900,33.1639,67239200
2005-07-18,38.7900,38.8900,38.6900,38.7300,33.0274,58644000
2005-07-19,38.9100,39.2000,38.8400,39.1800,33.4112,77860900
2005-07-20,38.9400,39.5700,38.9000,39.4600,33.6499,91433100
2005-07-21,39.5600,39.6900,39.2100,39.4700,33.6585,127286000
2005-07-22,39.4800,39.5900,39.2200,39.4200,33.6158,71666600
2005-07-25,39.4600,39.6300,39.2000,39.2700,33.4879,51872700
2005-07-26,39.3900,39.5300,39.1900,39.4200,33.6158,67324900
2005-07-27,39.4500,39.7600,39.2300,39.7200,33.8717,78351100
2005-07-28,39.7500,39.9200,39.6400,39.9100,34.0337,66163700
2005-07-29,39.8700,39.9200,39.5200,39.5800,33.7523,74725700
2005-08-01,39.6400,39.8300,39.5200,39.6500,33.8120,59748300
2005-08-02,39.7000,40.1400,39.6500,40.0800,34.1787,79284100
2005-08-03,39.9100,40.1300,39.8800,40.0600,34.1616,61916400
2005-08-04,39.8800,39.9400,39.5700,39.6700,33.8290,72035500
2005-08-05,39.6100,39.7900,39.4300,39.4800,33.6670,66029500
2005-08-08,39.5200,39.6100,39.1400,39.1900,33.4197,63415400
2005-08-09,39.3700,39.5900,39.3100,39.4500,33.6414,62143600
2005-08-10,39.5500,39.6900,38.9700,39.1100,33.3515,102317500
2005-08-11,39.1300,39.5400,39.1000,39.4300,33.6244,92446700
2005-08-12,39.1200,39.3200,38.9700,39.2100,33.4367,86367300
2005-08-15,39.1400,39.6300,39.0800,39.4500,33.6414,63061100
2005-08-16,39.3000,39.3300,38.7400,38.8100,33.0956,94596000
2005-08-17,38.9200,39.1700,38.7900,39.0400,33.2918,74470500
2005-08-18,38.8700,39.1000,38.7700,38.8400,33.1212,72559400
2005-08-19,38.8900,39.0000,38.7900,38.8200,33.1042,52024300
2005-08-22,38.8800,39.1800,38.6000,38.8400,33.1212,88056300
2005-08-23,38.8400,38.9200,38.6100,38.7300,33.0274,57482900
2005-08-24,38.6500,39.1800,38.4600,38.5000,32.8313,95025700
2005-08-25,38.5700,38.6900,38.4900,38.5900,32.9080,52328800
2005-08-26,38.5300,38.6000,38.2700,38.4600,32.7972,63840700
2005-08-29,38.2600,38.8500,38.2600,38.7600,33.0530,74940400
2005-08-30,38.5600,38.6600,38.3200,38.6200,32.9336,87373600
2005-08-31,38.6400,39.0100,38.4800,38.9800,33.2406,93426300
2005-09-01,39.0000,39.1500,38.7800,38.9200,33.1895,74884400
2005-09-02,39.0000,39.0300,38.7400,38.7700,33.0616,53244900
2005-09-06,38.9500,39.4100,38.9000,39.3400,33.5476,78106600
2005-09-07,39.3000,39.4800,39.2100,39.4100,33.6073,57440100
2005-09-08,39.2900,39.5700,39.2700,39.4000,33.5988,73529700
2005-09-09,39.4100,39.6900,39.3100,39.6200,33.7864,75342100
2005-09-12,39.6300,39.8600,39.5800,39.7300,33.8802,51689900
2005-09-13,39.6800,39.9100,39.5400,39.6300,33.7949,66145800
2005-09-14,39.6500,39.6800,39.1500,39.1800,33.4112,98644000
2005-09-15,39.2600,39.3400,39.0500,39.1600,33.3941,80421500
2005-09-16,39.2500,39.4600,39.1100,39.4000,33.5988,71034100
2005-09-19,39.3200,39.3800,38.9100,39.0900,33.3344,73387500
2005-09-20,39.1600,39.5400,38.8100,38.9300,33.1980,115202800
2005-09-21,38.8200,38.8700,38.4700,38.5000,32.8313,116404300
2005-09-22,38.4400,38.7300,38.2400,38.6400,32.9507,118686100
2005-09-23,38.5000,38.8800,38.4100,38.7500,33.0445,70154000
2005-09-26,38.9700,39.0300,38.5500,38.7600,33.0530,69327600
2005-09-27,38.7900,38.9000,38.5100,38.6700,32.9763,64089500
2005-09-28,38.7600,38.9500,38.5600,38.6800,32.9848,72044500
2005-09-29,38.6300,39.2100,38.4500,39.2000,33.4282,117634600
2005-09-30,39.1700,39.4800,39.1300,39.4600,33.6499,79248500
2005-10-03,39.5400,39.7500,39.5100,39.5600,33.7352,81685600
2005-10-04,39.6200,39.8800,39.2900,39.3000,33.5135,85348600
2005-10-05,39.3100,39.3400,38.7300,38.7600,33.0530,106152200
2005-10-06,38.7300,38.8600,37.9200,38.2500,32.6181,162213700
2005-10-07,38.4000,38.5700,38.1800,38.3400,32.6948,91119900
2005-10-10,38.2700,38.4600,38.0600,38.1300,32.5158,64012000
2005-10-11,38.2400,38.2400,37.8000,37.9400,32.3537,114736900
2005-10-12,37.7200,38.0600,37.4300,37.4900,31.9700,146109500
2005-10-13,37.4700,37.9100,37.3300,37.7800,32.2173,138569600
2005-10-14,37.8800,38.0700,37.6400,38.0600,32.4561,131463200
2005-10-17,38.0700,38.1900,37.8200,38.1800,32.5584,64080400
2005-10-18,38.1400,38.1800,37.9100,37.9100,32.3282,88070400
2005-10-19,37.7200,38.6700,37.6100,38.6700,32.9763,132879900
2005-10-20,38.7100,38.8500,38.1000,38.3100,32.6693,132576900
2005-10-21,38.6700,38.7500,38.3300,38.5500,32.8739,110032000
2005-10-24,38.7300,39.1800,38.4700,39.1600,33.3941,110820900
2005-10-25,39.0900,39.1900,38.7700,39.0100,33.2662,86665800
2005-10-26,38.9800,39.2700,38.7600,38.8100,33.0956,89878100
2005-10-27,38.7800,38.8000,38.0300,38.0300,32.4305,132231100
2005-10-28,38.1600,38.3900,37.9200,38.3200,32.6778,95243900
2005-10-31,38.4500,39.0500,38.4200,38.8700,33.1468,115279100
2005-11-01,38.7800,39.0100,38.7100,38.8400,33.1212,73502300
2005-11-02,38.7300,39.4600,38.7100,39.3500,33.5561,101409900
2005-11-03,39.7400,40.0900,39.6800,39.9400,34.0593,137054000
2005-11-04,40.0000,40.2300,39.8400,40.0800,34.1787,100944500
2005-11-07,40.2100,40.2900,39.9500,40.1300,34.2213,65324500
2005-11-08,40.0800,40.3500,39.9900,40.1400,34.2298,78859700
2005-11-09,40.1200,40.3300,40.0300,40.1600,34.2469,72458800
2005-11-10,40.1800,40.6900,39.9200,40.6000,34.6221,120763100
2005-11-11,40.7700,40.9200,40.6800,40.7100,34.7159,80057200
2005-11-14,40.7700,40.8600,40.6000,40.7100,34.7159,53652400
2005-11-15,40.7300,40.9000,40.3800,40.5200,34.5539,79543500
2005-11-16,40.6300,40.7800,40.4600,40.7700,34.7670,65895700
2005-11-17,40.9100,41.3200,40.8500,41.3100,35.2276,94425500
2005-11-18,41.5200,41.6500,41.2700,41.4500,35.3469,108820200
2005-11-21,41.4000,41.5800,41.2400,41.5500,35.4322,69731400
2005-11-22,41.4700,41.8700,41.3600,41.7000,35.5601,88814000
2005-11-23,41.7300,42.0200,41.7100,41.8000,35.6454,64101200
2005-11-25,41.8400,41.9400,41.7300,41.8900,35.7222,22930200
2005-11-28,42.0000,42.0000,41.5000,41.5400,35.4237,74716200
2005-11-29,41.7700,41.8500,41.3400,41.3400,35.2531,77443000
2005-11-30,41.2800,41.4900,41.1900,41.2400,35.1679,88044400
2005-12-01,41.5100,42.0500,41.5000,42.0100,35.8245,91914100
2005-12-02,41.9400,42.1300,41.8700,42.1100,35.9098,72929200
2005-12-05,42.0600,42.0600,41.6300,41.8000,35.6454,61519900
2005-12-06,42.0300,42.3100,41.9000,41.9400,35.7648,81509400
2005-12-07,42.0000,42.0300,41.6300,41.8600,35.6966,83885500
2005-12-08,41.9600,42.0000,41.2700,41.5600,35.4408,112043200
2005-12-09,41.5600,41.7700,41.3800,41.7200,35.5772,56526900
2005-12-12,41.8700,41.9400,41.6800,41.8700,35.7051,44863600
2005-12-13,41.8200,42.2100,41.7600,42.0400,35.8501,76611600
2005-12-14,41.9500,42.1000,41.7100,41.9000,35.7307,73581600
2005-12-15,42.0000,42.0700,41.6100,41.9700,35.7904,72607200
2005-12-16,41.8600,41.9400,41.5500,41.5800,35.5433,63743000
2005-12-19,41.6700,41.7100,40.9000,40.9200,34.9791,75341700
2005-12-20,40.9500,41.1500,40.7500,40.9500,35.0048,70257700
2005-12-21,41.0200,41.4100,40.9500,41.1300,35.1587,68935000
2005-12-22,41.1100,41.4600,41.1000,41.4000,35.3894,59149500
2005-12-23,41.5100,41.5900,41.3000,41.4000,35.3894,38000400
2005-12-27,41.5200,41.6800,40.9700,41.0400,35.0817,55656300
2005-12-28,41.0600,41.2300,40.8700,40.9900,35.0390,50302400
2005-12-29,41.0300,41.1200,40.6500,40.7200,34.8082,47301700
2005-12-30,40.5400,40.5800,40.3600,40.4100,34.5432,60026500
2006-01-03,40.6500,41.4900,40.1600,41.3100,35.3125,109350400
2006-01-04,41.4100,41.7400,41.3200,41.7400,35.6801,92769400
2006-01-05,41.7500,42.0000,41.7100,41.9200,35.8340,77656900
2006-01-06,42.2600,42.7000,42.0600,42.6800,36.4836,110053900
2006-01-09,42.6800,42.9200,42.5200,42.8500,36.6290,80768800
2006-01-10,42.6600,42.9200,42.5500,42.8800,36.6546,84369400
2006-01-11,43.0000,43.3100,42.8700,43.2100,36.9367,100761400
2006-01-12,43.1600,43.2900,42.8500,43.0000,36.7572,82429200
2006-01-13,42.9400,43.0500,42.7300,42.9800,36.7401,64572100
2006-01-17,42.6500,42.7900,42.5000,42.7000,36.5007,77962100
2006-01-18,42.0300,42.4600,42.0200,42.2100,36.0819,121021900
2006-01-19,42.4200,42.8200,42.2900,42.5200,36.3468,111094000
2006-01-20,42.4600,42.4900,41.1500,41.2500,35.2612,188569400
2006-01-23,41.3600,41.4500,41.0800,41.2600,35.2698,111381900
2006-01-24,41.3600,41.7000,41.3100,41.4400,35.4237,77956900
2006-01-25,41.6400,41.6700,41.0800,41.2600,35.2698,99826400
2006-01-26,41.5000,41.6900,41.2300,41.5500,35.5177,112600600
2006-01-27,41.8000,42.3900,41.7400,42.1100,35.9964,110830400
2006-01-30,42.1800,42.3200,42.0700,42.1900,36.0648,53942600
2006-01-31,42.1700,42.2700,41.8100,42.0000,35.9024,100988100
2006-02-01,41.7400,42.1700,41.7000,42.1500,36.0306,89168700
2006-02-02,42.0100,42.0800,41.4100,41.4300,35.4151,94047400
2006-02-03,41.1200,41.2300,40.7800,40.9200,34.9791,121094200
2006-02-06,40.7200,41.0100,40.5900,40.8100,34.8851,58162800
2006-02-07,40.7400,40.9300,40.4400,40.6300,34.7312,87327000
2006-02-08,40.9200,41.1500,40.6900,41.1000,35.1330,89907800
2006-02-09,41.2100,41.3700,40.6300,40.7100,34.7996,78213400
2006-02-10,40.6800,41.0600,40.2600,40.9600,35.0133,102575900
2006-02-13,40.7000,40.7400,40.3000,40.4900,34.6116,70643100
2006-02-14,40.5700,41.0200,40.4100,40.9000,34.9621,94340300
2006-02-15,40.7900,41.2600,40.7300,41.1600,35.1843,92254300
2006-02-16,41.3100,41.5500,41.1500,41.5400,35.5091,103859600
2006-02-17,41.4600,41.4600,41.2000,41.2100,35.2270,81770200
2006-02-21,41.2100,41.2700,40.6100,40.7500,34.8338,85101400
2006-02-22,40.7800,41.5400,40.6800,41.2600,35.2698,91983900
2006-02-23,41.1900,41.5400,41.0800,41.1500,35.1758,66517100
2006-02-24,41.1900,41.2900,41.0100,41.2600,35.2698,57085400
2006-02-27,41.3600,41.8700,41.3300,41.7200,35.6630,64945000
2006-02-28,41.6100,41.7200,40.9700,41.1000,35.1330,117564600
2006-03-01,41.2300,41.7700,41.1500,41.6600,35.6117,80962300
2006-03-02,41.5500,41.8400,41.4100,41.6900,35.6373,69856500
2006-03-03,41.4500,42.0100,41.3900,41.4500,35.4322,112066100
2006-03-06,41.5400,41.6300,40.9600,41.0900,35.1245,99581000
2006-03-07,41.0200,41.0700,40.6500,40.8500,34.9193,96441100
2006-03-08,40.7600,41.0900,40.5000,40.8700,34.9364,103961900
2006-03-09,41.0000,41.1500,40.4700,40.5200,34.6372,108556700
2006-03-10,40.4800,40.7900,40.1900,40.5600,34.6714,124474900
2006-03-13,40.7400,40.9400,40.6200,40.6800,34.7740,69169100
2006-03-14,40.6400,41.4200,40.6400,41.3700,35.3638,118201000
2006-03-15,41.5300,41.7200,41.3200,41.7200,35.6630,84375800
2006-03-16,41.8500,41.9200,41.3300,41.3700,35.3638,101371200
2006-03-17,41.3400,41.5900,41.2300,41.4500,35.4571,78219600
2006-03-20,41.5700,41.6800,41.4000,41.5500,35.5426,60240100
2006-03-21,41.1100,42.0100,41.0800,41.1100,35.1662,136566000
2006-03-22,40.8800,41.2800,40.8600,41.2100,35.2517,112282800
2006-03-23,41.0900,41.2200,40.8200,41.0900,35.1491,75158200
2006-03-24,41.2300,41.5000,41.0200,41.3000,35.3287,81795500
2006-03-27,41.2800,41.5100,41.2400,41.3100,35.3373,54400400
2006-03-28,41.3900,41.6700,40.9900,41.1400,35.1919,100522800
2006-03-29,41.2000,42.1000,41.1700,41.9200,35.8591,130669100
2006-03-30,42.0100,42.3000,41.7900,42.0500,35.9703,115915600
2006-03-31,42.1300,42.1900,41.8400,41.9300,35.8677,71074600
2006-04-03,42.1500,42.3700,41.9000,41.9800,35.9104,80730700
2006-04-04,42.0500,42.3100,41.9300,42.2100,36.1072,89952600
2006-04-05,42.3000,42.6700,42.2100,42.6100,36.4494,91628200
2006-04-06,42.5900,42.9400,42.4400,42.7300,36.5520,91712800
2006-04-07,42.8800,43.0500,42.3000,42.3200,36.2013,116604300
2006-04-10,42.4000,42.5000,42.0900,42.2600,36.1500,58981900
2006-04-11,42.3900,42.4300,41.7100,41.9200,35.8591,91481900
2006-04-12,41.9400,42.0800,41.8000,41.9300,35.8677,58751200
2006-04-13,41.9000,42.3300,41.7900,42.1000,36.0131,63476900
2006-04-17,42.0400,42.2100,41.3900,41.6600,35.6367,104072100
2006-04-18,41.7700,42.5600,41.7700,42.4600,36.3210,124291700
2006-04-19,42.5400,42.6500,42.3000,42.6500,36.4836,79050300
2006-04-20,42.6400,42.8200,42.3800,42.5000,36.3552,81408000
2006-04-21,42.6600,42.7200,41.8200,42.0000,35.9275,130181200
2006-04-24,41.9500,42.0700,41.7200,41.9600,35.8933,78556400
2006-04-25,42.0700,42.1000,41.6500,41.8700,35.8163,77660800
2006-04-26,41.8600,42.0600,41.7000,41.8600,35.8078,82537000
2006-04-27,41.6700,42.4900,41.5000,42.2600,36.1500,173950100
2006-04-28,42.0000,42.2200,41.7800,41.8500,35.7992,88876600
2006-05-01,41.9200,42.0500,41.3100,41.4400,35.4485,92875500
2006-05-02,41.6200,41.7300,41.4000,41.5500,35.5426,85148100
2006-05-03,41.5700,41.6400,41.2800,41.4900,35.4913,74971600
2006-05-04,41.5300,41.9900,41.5300,41.8300,35.7821,88696800
2006-05-05,42.1000,42.2100,41.9400,42.1600,36.0644,80392200
2006-05-08,42.0800,42.2800,42.0700,42.2000,36.0986,45079100
2006-05-09,42.1000,42.1800,41.9700,42.0400,35.9618,48528800
2006-05-10,41.9300,41.9800,41.5500,41.6700,35.6453,92424200
2006-05-11,41.6300,41.6500,40.6300,40.7400,34.8497,140989700
2006-05-12,40.5600,40.6200,40.1800,40.1900,34.3792,153920800
2006-05-15,40.0200,40.3400,39.7900,40.1600,34.3536,127896500
2006-05-16,40.1700,40.2600,39.7700,39.8600,34.0970,132397500
2006-05-17,39.6800,39.8100,39.2300,39.3200,33.6350,207897100
2006-05-18,39.4900,39.6600,39.0000,39.0500,33.4041,139690900
2006-05-19,39.2000,39.4700,38.7500,39.3500,33.6607,194306300
2006-05-22,39.0100,39.2400,38.6200,38.9700,33.3356,169591800
2006-05-23,39.2600,39.3800,38.5700,38.5900,33.0106,142243900
2006-05-24,38.5300,39.0400,38.2300,38.8500,33.2330,234981600
2006-05-25,39.1100,39.3800,38.8200,39.3600,33.6692,123510900
2006-05-26,39.4500,39.5800,39.2300,39.4900,33.7804,91319600
2006-05-30,39.3000,39.3300,38.6100,38.6400,33.0533,105606200
2006-05-31,38.7100,39.0600,38.5400,38.8200,33.2073,137066200
2006-06-01,38.9300,39.7400,38.8400,39.7400,33.9943,119357400
2006-06-02,39.9600,40.0000,39.3100,39.6400,33.9088,128864100
2006-06-05,39.5600,39.5600,38.7800,38.7800,33.1731,103190600
2006-06-06,38.8500,38.9500,38.3500,38.7500,33.1474,127271000
2006-06-07,38.8000,39.1700,38.4500,38.4600,32.8994,130754700
2006-06-08,38.2700,38.5600,37.4900,38.4000,32.8480,280562200
2006-06-09,38.5600,38.7400,38.1100,38.1500,32.6342,144146200
2006-06-12,38.2000,38.2600,37.3900,37.4000,31.9926,145607500
2006-06-13,37.4900,37.8000,37.1600,37.2500,31.8643,207099500
2006-06-14,37.3600,37.7100,37.2000,37.6300,32.1894,201876800
2006-06-15,37.8500,38.7900,37.8000,38.6500,33.0619,200700400
2006-06-16,38.5500,38.6800,38.2000,38.3400,32.8188,120006100
2006-06-19,38.5000,38.5400,37.9100,38.0300,32.5534,129450100
2006-06-20,38.0900,38.4800,37.9400,38.0800,32.5962,102871700
2006-06-21,38.1400,38.9900,38.1300,38.6800,33.1098,129548100
2006-06-22,38.5900,38.6800,37.9900,38.1900,32.6904,143100500
2006-06-23,38.1600,38.5300,37.9300,38.1500,32.6562,88050200
2006-06-26,38.1700,38.3900,38.0700,38.2500,32.7418,65157700
2006-06-27,38.2700,38.3300,37.4900,37.5300,32.1254,128227500
2006-06-28,37.6200,37.8400,37.3800,37.8100,32.3651,91576300
2006-06-29,37.9800,38.9600,37.9000,38.9600,33.3495,181997200
2006-06-30,39.1200,39.1400,38.6800,38.7700,33.1869,82719200
2006-07-03,38.8900,39.0000,38.8100,39.0000,33.3837,21598500
2006-07-05,38.6400,38.6800,38.0900,38.1500,32.6562,93724000
2006-07-06,38.2700,38.4800,38.0100,38.1100,32.6219,70615200
2006-07-07,37.9000,38.1700,37.5700,37.6900,32.2624,108063300
2006-07-10,37.7900,37.9300,37.1700,37.3600,31.9799,105109800
2006-07-11,37.2800,37.7400,37.0800,37.6400,32.2196,136114200
2006-07-12,37.5600,37.6400,36.8400,36.9300,31.6118,154458900
2006-07-13,36.6400,37.0400,36.3100,36.3100,31.0811,177745500
2006-07-14,36.3000,36.3800,35.7900,35.9400,30.7644,172448500
2006-07-17,35.9500,36.2500,35.8700,36.0300,30.8414,134311000
2006-07-18,36.2200,36.3300,35.5400,36.1500,30.9442,206964900
2006-07-19,36.1200,36.8300,36.0900,36.6200,31.3465,192517600
2006-07-20,36.7500,36.8000,36.0400,36.0800,30.8842,152292100
2006-07-21,35.8800,35.9600,35.6200,35.7000,30.5590,119343000
2006-07-24,35.8400,36.4300,35.8000,36.4100,31.1667,130269300
2006-07-25,36.4900,36.7400,36.2400,36.6200,31.3465,108869600
2006-07-26,36.5100,36.8700,36.2300,36.5900,31.3208,107170500
2006-07-27,36.7400,37.0400,36.2500,36.3500,31.1154,99698700
2006-07-28,36.5300,37.1400,36.5000,37.1100,31.7659,93556100
2006-07-31,37.0800,37.3200,36.8900,37.1000,31.7574,78015300
2006-08-01,36.7700,36.8000,36.2600,36.4800,31.2266,98552800
2006-08-02,36.6100,37.1300,36.6100,36.8900,31.5776,87370600
2006-08-03,36.5200,37.3400,36.4800,37.1200,31.7745,99205600
2006-08-04,37.4500,37.6300,36.6200,36.9500,31.6290,123493800
2006-08-07,36.9100,36.9400,36.5300,36.7100,31.4235,69634800
2006-08-08,36.8100,36.9000,36.2600,36.4800,31.2266,124139900
2006-08-09,36.9900,37.3100,36.4300,36.5300,31.2694,145342200
2006-08-10,36.4300,36.8800,36.3100,36.7900,31.4920,102481300
2006-08-11,36.6500,36.6900,36.3700,36.5300,31.2694,86903200
2006-08-14,36.8400,37.2700,36.7000,36.7700,31.4749,109281100
2006-08-15,37.2000,37.7500,37.0900,37.7000,32.2710,133712100
2006-08-16,37.9800,38.6100,37.8400,38.5900,33.0328,135452100
2006-08-17,38.4600,38.9800,38.4400,38.7300,33.1526,129492200
2006-08-18,38.6300,38.8300,38.2800,38.7900,33.2040,97754500
2006-08-21,38.5000,38.5600,38.2600,38.4200,32.8873,66668400
2006-08-22,38.3600,38.8100,38.2000,38.4300,32.8958,102058600
2006-08-23,38.4600,38.6700,37.9200,38.1400,32.6476,96056300
2006-08-24,38.2500,38.3500,37.9200,38.2500,32.7418,78985300
2006-08-25,38.1700,38.6400,38.0600,38.3200,32.8017,73572900
2006-08-28,38.2900,38.7900,38.2400,38.6100,33.0499,80035000
2006-08-29,38.5800,38.7600,38.1800,38.7300,33.1526,104842000
2006-08-30,38.7200,39.0300,38.6000,38.9100,33.3067,75687200
2006-08-31,38.9600,39.0300,38.7600,38.8700,33.2724,61207200
2006-09-01,39.0800,39.2100,38.9000,39.0800,33.4522,69388500
2006-09-05,39.1000,39.4800,38.8500,39.4600,33.7775,85582800
2006-09-06,39.1000,39.1900,38.6100,38.6700,33.1012,97888600
2006-09-07,38.5500,38.9000,38.3600,38.4900,32.9472,115877400
2006-09-08,38.5400,38.8200,38.4600,38.7200,33.1441,96627000
2006-09-11,38.4100,39.1500,38.3200,38.9600,33.3495,142377500
2006-09-12,38.9500,39.8000,38.9500,39.6800,33.9658,124102400
2006-09-13,39.7100,39.9800,39.6300,39.9500,34.1969,116054300
2006-09-14,39.8500,40.2200,39.7600,39.9900,34.2312,98116000
2006-09-15,40.3000,40.4600,40.0000,40.1100,34.3536,137825600
2006-09-18,40.1200,40.4000,39.9400,40.1200,34.3622,117806700
2006-09-19,40.2200,40.2500,39.5200,39.8500,34.1310,159060800
2006-09-20,40.2000,40.5400,40.1900,40.4300,34.6277,116635500
2006-09-21,40.5300,40.6700,40.0800,40.1800,34.4136,121886900
2006-09-22,40.1500,40.1600,39.7000,39.8700,34.1481,100996400
2006-09-25,40.0400,40.6600,39.6800,40.5700,34.7476,136473400
2006-09-26,40.5200,40.8000,40.4000,40.7700,34.9189,113375600
2006-09-27,40.6700,40.9500,40.5000,40.7200,34.8761,113003800
2006-09-28,40.7700,40.8900,40.4300,40.8300,34.9703,85943600
2006-09-29,40.9000,40.9300,40.6200,40.6500,34.8162,85438200
2006-10-02,40.6000,40.7000,40.0800,40.1400,34.3793,97068800
2006-10-03,40.0200,40.4800,39.8800,40.3100,34.5250,116261400
2006-10-04,40.2400,41.3100,40.1400,41.3000,35.3729,149209500
2006-10-05,41.3000,41.5600,41.1800,41.5000,35.5442,91799900
2006-10-06,41.3600,41.5600,41.2400,41.4100,35.4671,85450400
2006-10-09,41.3600,41.7400,41.3200,41.5500,35.5870,62786100
2006-10-10,41.6000,41.7500,41.3100,41.6200,35.6469,98181800
2006-10-11,41.4300,41.8300,41.1700,41.5400,35.5784,136561300
2006-10-12,41.7600,42.2500,41.7000,42.2000,36.1437,95260200
2006-10-13,42.2300,42.5200,42.1400,42.4300,36.3407,80470200
2006-10-16,42.4300,42.6200,42.4000,42.4700,36.3750,62017400
2006-10-17,42.1700,42.2000,41.7600,42.0000,35.9724,146149100
2006-10-18,42.2200,42.3100,41.6500,41.8000,35.8011,120366100
2006-10-19,41.6900,42.1100,41.5900,41.9000,35.8868,108198400
2006-10-20,42.0400,42.0800,41.6400,42.0000,35.9724,105454300
2006-10-23,41.9200,42.5800,41.8200,42.4300,36.3407,126960500
2006-10-24,42.2800,42.4500,41.9200,42.1400,36.0923,103541700
2006-10-25,42.1600,42.5200,42.0500,42.4300,36.3407,125399500
2006-10-26,42.5800,42.9200,42.2200,42.8200,36.6747,130260700
2006-10-27,42.7200,42.8200,42.0800,42.2100,36.1523,129375000
2006-10-30,42.1600,42.6500,42.0600,42.4800,36.3835,103899900
2006-10-31,42.5600,42.7600,42.3100,42.5800,36.4692,135811800
2006-11-01,42.7300,42.7700,41.8200,42.0000,35.9724,148960600
2006-11-02,41.8100,42.1400,41.7400,42.0400,36.0067,100216400
2006-11-03,42.1000,42.1900,41.6100,41.9300,35.9125,119263300
2006-11-06,42.0700,42.7100,42.0600,42.5400,36.4349,101283300
2006-11-07,42.5400,43.0900,42.4700,42.8300,36.6833,139706500
2006-11-08,42.5900,43.2000,42.4700,43.0300,36.8546,180245700
2006-11-09,43.2600,43.3500,42.6700,42.8300,36.6833,124278000
2006-11-10,42.8400,43.0400,42.6700,43.0300,36.8546,82419400
2006-11-13,43.0500,43.5400,43.0000,43.4700,37.2314,89146200
2006-11-14,43.5000,43.9700,43.2400,43.9300,37.6254,121962800
2006-11-15,43.9900,44.4000,43.9200,44.1100,37.7796,116565900
2006-11-16,44.2600,44.4200,44.0200,44.3000,37.9423,113513200
2006-11-17,44.0600,44.3000,43.9500,44.3000,37.9423,95162500
2006-11-20,44.1600,44.4800,44.0100,44.3900,38.0194,107184100
2006-11-21,44.4200,44.5100,44.2500,44.4500,38.0708,68092200
2006-11-22,44.5800,44.7500,44.2600,44.7300,38.3106,69852700
2006-11-24,44.4000,44.8600,44.3800,44.6500,38.2421,51762900
2006-11-27,44.5100,44.6100,43.6400,43.6400,37.3771,159506300
2006-11-28,43.5100,43.8400,43.3400,43.7700,37.4884,118268400
2006-11-29,44.0000,44.1800,43.6600,44.0700,37.7453,139515500
2006-11-30,44.0500,44.2800,43.7900,44.0400,37.7197,123457100
2006-12-01,44.0000,44.3500,43.2600,43.6600,37.3942,144559600
2006-12-04,43.7900,44.4800,43.7900,44.2600,37.9081,89782400
2006-12-05,44.3900,44.5500,44.1900,44.4200,38.0451,84697500
2006-12-06,44.2800,44.4000,44.0700,44.2600,37.9081,78207500
2006-12-07,44.3400,44.4800,43.7000,43.7000,37.4284,124936100
2006-12-08,43.5600,44.2600,43.4700,43.9000,37.5997,133798700
2006-12-11,43.8300,44.3700,43.7500,44.0600,37.7368,72931300
2006-12-12,44.0500,44.1300,43.5600,43.8000,37.5141,110985900
2006-12-13,44.1000,44.1100,43.6200,43.8800,37.5826,79035500
2006-12-14,43.9700,44.5700,43.9400,44.3700,38.0023,109104200
2006-12-15,44.6800,44.7600,44.3500,44.4300,38.1000,99942300
2006-12-18,44.5800,44.7500,43.8000,43.9900,37.7227,121588700
2006-12-19,43.6500,44.0600,43.3800,43.8500,37.6027,136535200
2006-12-20,43.9000,44.1100,43.6700,43.6900,37.4655,67213400
2006-12-21,43.7400,43.7900,43.2100,43.3800,37.1996,102952300
2006-12-22,43.4000,43.4100,42.9300,42.9300,36.8137,92858600
2006-12-26,42.9300,43.1200,42.8800,43.1100,36.9681,50848600
2006-12-27,43.2100,43.4000,43.1000,43.3300,37.1568,54129200
2006-12-28,43.2000,43.3800,43.0500,43.1200,36.9767,69016000
2006-12-29,43.1900,43.6100,43.1200,43.1600,37.0110,75152500
2007-01-03,43.4600,44.0600,42.5200,43.2400,37.0796,167689500
2007-01-04,43.3000,44.2100,43.1500,44.0600,37.7828,136853500
2007-01-05,43.9500,43.9500,43.4800,43.8500,37.6027,138958800
2007-01-08,43.8900,44.1200,43.6400,43.8800,37.6284,106401600
2007-01-09,44.0100,44.2900,43.6300,44.1000,37.8171,121577500
2007-01-10,43.9600,44.6600,43.8200,44.6200,38.2630,121070100
2007-01-11,44.7100,45.2400,44.6500,45.0800,38.6574,174029800
2007-01-12,45.0200,45.3500,44.9700,45.3100,38.8547,104217300
2007-01-16,45.3500,45.4000,45.1300,45.2800,38.8289,95690500
2007-01-17,45.0900,45.2900,44.8300,44.9100,38.5117,127142600
2007-01-18,44.7900,44.8400,43.9500,44.0800,37.7999,189029800
2007-01-19,43.9700,44.2800,43.9100,44.1700,37.8771,127544300
2007-01-22,44.2100,44.2300,43.5100,43.6900,37.4655,123441700
2007-01-23,43.6600,43.9800,43.5000,43.5800,37.3712,133103600
2007-01-24,43.8600,44.3200,43.7700,44.3000,37.9886,117615300
2007-01-25,44.3600,44.4700,43.5800,43.7300,37.4998,158337600
2007-01-26,43.8100,43.8300,43.2900,43.5700,37.3626,146284300
2007-01-29,43.4600,43.9100,43.4000,43.6100,37.3969,104191500
2007-01-30,43.6800,43.7900,43.5200,43.6300,37.4140,69605900
2007-01-31,43.5800,44.1900,43.3300,44.0700,37.7913,157772500
2007-02-01,44.2700,44.4000,43.8500,44.0000,37.7313,147365600
2007-02-02,44.1200,44.2500,43.9400,44.1600,37.8685,98189200
2007-02-05,44.1400,44.3600,43.9600,44.1200,37.8342,96347800
2007-02-06,44.2000,44.2300,43.6400,44.0600,37.7828,121110200
2007-02-07,44.2800,44.6500,44.1200,44.4600,38.1258,117823800
2007-02-08,44.4000,44.6000,44.2300,44.4500,38.1172,89521900
2007-02-09,44.5700,44.7200,43.7300,43.8800,37.6284,133472000
2007-02-12,43.8700,43.8900,43.5900,43.7100,37.4826,126940000
2007-02-13,43.7800,44.0000,43.7000,43.8600,37.6113,93648000
2007-02-14,44.0400,44.7100,44.0400,44.6000,38.2458,133370000
2007-02-15,44.6300,44.8600,44.5500,44.8600,38.4688,110452500
2007-02-16,44.6600,44.8300,44.5700,44.7100,38.3402,72342200
2007-02-20,44.6400,45.1200,44.4300,45.0500,38.6317,93629000
2007-02-21,44.9200,45.2100,44.8300,45.1900,38.7518,95864000
2007-02-22,45.3600,45.5500,45.0700,45.4200,38.9490,116344400
2007-02-23,45.4200,45.4600,45.0600,45.2600,38.8118,113467100
2007-02-26,45.4800,45.5000,44.7600,45.0400,38.6231,101623700
2007-02-27,44.3700,44.4800,43.0600,43.1900,37.0367,317813200
2007-02-28,43.1500,43.7600,42.9300,43.3300,37.1568,214978700
2007-03-01,42.5500,43.5400,42.2400,43.1300,36.9852,231806500
2007-03-02,42.7800,43.1400,42.4700,42.4800,36.4279,183359400
2007-03-05,42.1500,42.8000,42.0600,42.1500,36.1449,171885400
2007-03-06,42.5300,42.9900,42.5000,42.8500,36.7452,155551800
2007-03-07,42.8600,42.9800,42.6500,42.6800,36.5994,119979300
2007-03-08,43.1300,43.2400,42.8400,42.9700,36.8481,120900700
2007-03-09,43.3300,43.3400,42.6500,42.9300,36.8137,128597600
2007-03-12,42.8700,43.2800,42.8300,43.2100,37.0539,81310100
2007-03-13,43.0000,43.2400,42.3600,42.3700,36.3335,171231800
2007-03-14,42.4300,43.0000,42.1000,42.9900,36.8652,192586700
2007-03-15,42.9000,43.0600,42.7200,42.8900,36.7795,111627400
2007-03-16,42.9400,43.0400,42.6100,42.8300,36.7511,108328800
2007-03-19,43.0600,43.3900,42.9500,43.2700,37.1287,95913200
2007-03-20,43.2600,43.5900,43.2100,43.5800,37.3947,78755700
2007-03-21,43.6400,44.4400,43.3500,44.4200,38.1155,173333500
2007-03-22,44.4400,44.4500,44.0900,44.2600,37.9782,114856300
2007-03-23,44.2600,44.3700,44.0700,44.1200,37.8581,68530300
2007-03-26,44.1400,44.3200,43.6300,44.3000,38.0125,114237300
2007-03-27,44.2300,44.2400,43.9500,43.9900,37.7465,76419200
2007-03-28,43.8000,44.0300,43.5100,43.5200,37.3432,142795000
2007-03-29,43.8200,43.8500,43.1000,43.5700,37.3861,124407000
2007-03-30,43.5600,43.8700,43.2200,43.5300,37.3518,120418700
2007-04-02,43.6700,43.7600,43.3000,43.5900,37.4033,89617700
2007-04-03,43.8200,44.3100,43.7900,44.1600,37.8924,105814500
2007-04-04,44.1900,44.3800,44.1300,44.3400,38.0468,85147200
2007-04-05,44.2900,44.5800,44.2300,44.5600,38.2356,54220200
2007-04-09,44.7100,44.7500,44.3800,44.4500,38.1412,63050200
2007-04-10,44.4400,44.6800,44.4100,44.6800,38.3386,76364500
2007-04-11,44.6400,44.6600,44.0700,44.2100,37.9353,114012300
2007-04-12,44.1400,44.6200,43.9500,44.5600,38.2356,113801300
2007-04-13,44.5700,44.7200,44.2900,44.6500,38.3128,94572000
2007-04-16,44.8300,45.1500,44.8300,45.0600,38.6646,72803200
2007-04-17,45.1500,45.2000,44.9600,45.1600,38.7504,81852300
2007-04-18,44.9300,45.2300,44.8300,45.0100,38.6217,82002500
2007-04-19,44.8100,45.2500,44.7200,45.1500,38.7419,95413000
2007-04-20,45.5200,45.6700,45.2000,45.4000,38.9564,122377400
2007-04-23,45.4600,45.6000,45.3400,45.4700,39.0164,85303300
2007-04-24,45.6300,45.8300,45.3300,45.7000,39.2138,108143700
2007-04-25,45.8500,46.3200,45.7000,46.3100,39.7372,106818100
2007-04-26,46.4200,46.6500,46.3300,46.5500,39.9431,99308300
2007-04-27,46.3700,46.7000,46.2900,46.5700,39.9603,96536500
2007-04-30,46.4900,46.5300,45.9200,45.9600,39.4369,93290500
2007-05-01,45.9700,46.1400,45.6600,45.9200,39.4026,135044400
2007-05-02,46.0900,46.5800,46.0500,46.4200,39.8316,91971600
2007-05-03,46.5100,46.7200,46.4300,46.5900,39.9775,98003600
2007-05-04,46.7700,46.8900,46.4200,46.6300,40.0118,93591800
2007-05-07,46.6600,46.7800,46.5700,46.6300,40.0118,47487900
2007-05-08,46.4700,46.7700,46.3000,46.7300,40.0976,95138900
2007-05-09,46.4900,46.9700,46.4600,46.8300,40.1834,116021000
2007-05-10,46.6700,46.7800,46.0700,46.1900,39.6342,171196300
2007-05-11,46.2400,46.7800,46.1800,46.7800,40.1405,104767900
2007-05-14,46.7700,46.8800,46.1900,46.4600,39.8659,118899200
2007-05-15,46.4200,46.7000,45.9900,46.1000,39.5570,179438500
2007-05-16,46.2000,46.5600,45.9100,46.5500,39.9431,144420500
2007-05-17,46.4900,46.5700,46.2900,46.3300,39.7544,109869100
2007-05-18,46.4800,46.7100,46.3800,46.7100,40.0805,104961700
2007-05-21,46.7400,47.2400,46.6700,47.0100,40.3379,112831400
2007-05-22,47.0400,47.2800,46.8700,47.0500,40.3722,98029100
2007-05-23,47.1900,47.3700,46.8000,46.8300,40.1834,119220600
2007-05-24,46.8600,47.0400,45.9700,46.1600,39.6085,206268600
2007-05-25,46.2600,46.5600,46.1800,46.4500,39.8573,87143200
2007-05-29,46.5000,46.8600,46.4100,46.8100,40.1663,99702400
2007-05-30,46.4800,47.2000,46.3500,47.1900,40.4923,132036500
2007-05-31,47.3200,47.5200,47.2100,47.4100,40.6811,109457700
2007-06-01,47.5800,47.7700,47.3700,47.4400,40.7068,125089800
2007-06-04,47.2700,47.6400,47.2400,47.5800,40.8270,64782700
2007-06-05,47.4500,47.5800,47.0000,47.5800,40.8270,151160400
2007-06-06,47.3700,47.3800,46.9600,47.0700,40.3893,183166500
2007-06-07,46.9100,47.2100,46.3200,46.3400,39.7629,221373300
2007-06-08,46.3200,46.9300,46.1600,46.9100,40.2521,177587800
2007-06-11,46.8800,47.1900,46.7600,46.8200,40.1748,97100400
2007-06-12,46.5700,47.0400,46.4500,46.5400,39.9346,153967700
2007-06-13,46.7400,47.0900,46.5400,47.0500,40.3722,147985300
2007-06-14,47.1000,47.4900,47.0900,47.3600,40.6382,101531900
2007-06-15,47.7600,47.8700,47.6500,47.7600,41.0135,100378400
2007-06-18,47.8500,47.8700,47.6700,47.7700,41.0221,75713200
2007-06-19,47.6300,47.8600,47.5100,47.7600,41.0135,109621300
2007-06-20,47.8300,47.9200,47.2400,47.3100,40.6270,161889500
2007-06-21,47.2900,47.7900,47.0800,47.7400,40.9963,143181300
2007-06-22,47.6400,47.7100,47.1400,47.2900,40.6098,153328700
2007-06-25,47.3000,47.5800,46.8200,47.0900,40.4381,136602600
2007-06-26,47.3100,47.3200,46.7400,46.8200,40.2063,128211900
2007-06-27,46.7700,47.5600,46.7000,47.5400,40.8245,141196200
2007-06-28,47.5200,47.8500,47.4700,47.5200,40.8074,116546300
2007-06-29,47.7800,47.8800,47.2100,47.6000,40.8761,124794700
2007-07-02,47.7100,48.0500,47.6800,48.0300,41.2453,80863100
2007-07-03,48.0900,48.3200,48.0400,48.3100,41.4858,34803300
2007-07-05,48.3400,48.7700,48.2900,48.6600,41.7863,73588500
2007-07-06,48.7100,48.9100,48.5000,48.8600,41.9581,65804300
2007-07-09,48.9000,48.9800,48.7200,48.8900,41.9838,66768800
2007-07-10,48.6200,48.9000,48.4300,48.4800,41.6317,104383100
2007-07-11,48.3700,48.8100,48.3200,48.8100,41.9151,99637600
2007-07-12,48.9700,49.6700,48.9200,49.5600,42.5592,107667100
2007-07-13,49.6300,49.9700,49.5700,49.9000,42.8512,74232200
2007-07-16,49.8900,50.0800,49.7600,49.8500,42.8082,77799500
2007-07-17,49.9600,50.3000,49.9200,50.2300,43.1346,124833700
2007-07-18,49.9500,50.1700,49.6400,50.1700,43.0830,144915900
2007-07-19,50.4100,50.6600,50.3100,50.3200,43.2118,116563800
2007-07-20,50.2900,50.3600,49.7400,50.0500,42.9800,163721300
2007-07-23,50.2200,50.3100,49.9200,50.0700,42.9972,107464100
2007-07-24,49.7000,50.1000,49.0500,49.3300,42.3617,175496200
2007-07-25,49.5800,49.6700,49.0600,49.4000,42.4218,170258700
2007-07-26,49.0600,49.4700,48.0500,48.9800,42.0611,318522000
2007-07-27,48.8900,49.1200,47.9900,47.9900,41.2110,246387600
2007-07-30,48.2200,48.7300,47.9500,48.5500,41.6919,166517200
2007-07-31,48.9700,48.9900,47.4300,47.5300,40.8159,260224500
2007-08-01,47.3900,47.9300,46.9800,47.9000,41.1337,301153900
2007-08-02,47.9300,48.4300,47.7900,48.3400,41.5115,177369900
2007-08-03,48.2500,48.3100,47.1500,47.4200,40.7215,166048400
2007-08-06,47.4700,48.0200,47.0300,47.9700,41.1938,190869100
2007-08-07,47.8800,48.6200,47.4800,48.3100,41.4858,167109700
2007-08-08,48.5100,49.0600,48.4000,48.8400,41.9409,164831200
2007-08-09,48.1900,48.9700,47.6900,47.7100,40.9705,242418200
2007-08-10,47.2000,47.8300,46.6300,47.2800,40.6013,247006400
2007-08-13,47.6800,47.8800,47.4800,47.6000,40.8761,116935100
2007-08-14,47.7000,47.7400,46.7300,46.7900,40.1805,153529800
2007-08-15,46.6800,47.0900,45.8100,45.9000,39.4162,214854100
2007-08-16,45.5300,45.9100,44.3900,45.4500,39.0298,362468700
2007-08-17,46.3100,46.5900,45.5900,46.3100,39.7683,223246600
2007-08-20,46.4900,46.7200,46.0800,46.5300,39.9572,144715100
2007-08-21,46.4800,47.1300,46.3900,47.0200,40.3780,115027200
2007-08-22,47.3800,47.7000,47.2700,47.6600,40.9276,115814100
2007-08-23,47.7900,47.8500,47.2300,47.5300,40.8159,118663400
2007-08-24,47.3800,48.2300,47.3200,48.2000,41.3913,88189200
2007-08-27,48.0600,48.2000,47.8400,47.8800,41.1165,72490400
2007-08-28,47.6000,47.7000,46.7100,46.7400,40.1375,106024800
2007-08-29,47.0500,48.1200,47.0500,48.0800,41.2882,113201000
2007-08-30,47.8300,48.7400,47.7500,48.3300,41.5029,138930000
2007-08-31,48.8600,49.0600,48.6100,48.8700,41.9667,94687200
2007-09-04,48.9300,50.0000,48.9100,49.6800,42.6622,98480900
2007-09-05,49.5600,49.6500,48.8700,49.1800,42.2329,114049300
2007-09-06,49.2300,49.3600,48.8100,49.1400,42.1985,99222600
2007-09-07,48.5300,48.6000,47.9500,48.2300,41.4171,152438000
2007-09-10,48.6200,48.7500,47.8100,48.2000,41.3913,125199400
2007-09-11,48.5100,48.9900,48.4300,48.9300,42.0182,103064500
2007-09-12,48.8400,49.3700,48.7800,48.9400,42.0268,93993400
2007-09-13,49.2900,49.3500,48.9400,49.1800,42.2329,80807500
2007-09-14,48.8000,49.3100,48.7300,49.2200,42.2672,99801200
2007-09-17,49.0000,49.1000,48.5900,48.8100,41.9151,84882300
2007-09-18,49.0900,50.0800,48.8300,50.0400,42.9714,151452100
2007-09-19,50.2900,50.5900,49.9800,50.1700,43.0830,127025800
2007-09-20,50.0600,50.2600,49.9200,50.0300,42.9628,109970600
2007-09-21,50.2800,50.5200,50.0100,50.3600,43.2687,86829500
2007-09-24,50.4900,50.9600,50.3300,50.5900,43.4663,107226800
2007-09-25,50.4200,51.0700,50.3600,51.0700,43.8787,101102200
2007-09-26,51.3600,51.5100,51.1200,51.3200,44.0935,96124600
2007-09-27,51.6200,51.6500,51.3600,51.5800,44.3169,73423200
2007-09-28,51.5400,51.6800,51.1800,51.4100,44.1708,75546000
2007-10-01,51.4500,52.1600,51.3800,52.0000,44.6777,100404100
2007-10-02,52.0400,52.0600,51.7200,52.0100,44.6863,71046000
2007-10-03,51.8400,52.0700,51.5000,51.6500,44.3770,106785000
2007-10-04,51.7500,51.8300,51.3400,51.7700,44.4801,84129300
2007-10-05,52.1700,52.9000,52.0600,52.8200,45.3823,115674700
2007-10-08,52.8000,53.1600,52.7100,53.1500,45.6658,63022400
2007-10-09,53.2700,53.4500,53.0300,53.3800,45.8634,93965600
2007-10-10,53.3900,53.5700,53.2100,53.5100,45.9751,91777500
2007-10-11,53.7900,53.9400,52.2800,52.6600,45.2448,239786700
2007-10-12,52.9000,53.5400,52.8000,53.5300,45.9923,131676000
2007-10-15,53.6100,53.7100,52.7000,53.1200,45.6400,121578700
2007-10-16,52.7900,53.2800,52.6800,52.8700,45.4252,193676600
2007-10-17,53.6200,53.6600,52.6800,53.5500,46.0095,183985200
2007-10-18,53.3300,53.8900,53.1200,53.7800,46.2071,144491200
2007-10-19,53.7700,53.7700,52.3900,52.4400,45.0558,245111500
2007-10-22,52.1600,53.1200,52.0200,53.0700,45.5971,207052100
2007-10-23,53.6100,54.2100,53.3400,54.1800,46.5508,162360600
2007-10-24,53.7400,53.9400,52.6000,53.7700,46.1985,298293400
2007-10-25,53.8900,53.9800,52.7500,53.0500,45.5799,233833100
2007-10-26,54.0800,54.2000,53.4400,53.9300,46.3360,146690300
2007-10-29,54.1900,54.3300,53.8400,54.1500,46.5250,101896600
2007-10-30,53.9400,54.5600,53.9000,54.2600,46.6195,114616600
2007-10-31,54.4700,55.0700,54.0400,55.0300,47.2811,148431900
2007-11-01,54.6800,54.7700,53.9700,54.0000,46.3961,181974200
2007-11-02,54.4200,54.5500,53.6000,54.4200,46.7570,217882900
2007-11-05,53.8600,54.4000,53.5900,54.0700,46.4563,150588900
2007-11-06,54.3300,54.6900,53.7800,54.6800,46.9804,131884700
2007-11-07,54.2200,54.5800,53.3100,53.3500,45.8376,197908200
2007-11-08,53.1400,53.3300,50.8000,51.7300,44.4458,380626400
2007-11-09,50.7300,51.1200,50.0000,50.0000,42.9594,309414900
2007-11-12,49.9200,50.2400,48.6500,48.7300,41.8682,283216000
2007-11-13,49.3900,50.7900,49.3500,50.7400,43.5952,255625900
2007-11-14,51.3900,51.4400,49.9000,50.0900,43.0367,263284100
2007-11-15,50.0000,50.5400,49.3700,49.8200,42.8047,251548800
2007-11-16,50.1600,50.4900,49.3400,50.2800,43.1999,263623700
2007-11-19,50.1600,50.4500,49.4100,49.7000,42.7016,198651100
2007-11-20,49.9600,50.7800,48.9300,49.9000,42.8735,300763600
2007-11-21,49.4500,50.1700,48.8500,49.3100,42.3665,212225400
2007-11-23,49.6300,49.9700,49.3700,49.8400,42.8219,46463300
2007-11-26,49.9700,50.3700,48.9000,48.9800,42.0830,150352100
2007-11-27,49.4000,50.0500,49.1000,49.9600,42.9250,211369300
2007-11-28,50.6300,51.7000,50.6000,51.4800,44.2309,216868100
2007-11-29,51.2800,51.8900,51.2000,51.7000,44.4200,172087300
2007-11-30,52.2100,52.2500,50.9500,51.3100,44.0849,171417400
2007-12-03,51.0900,51.5300,50.8200,50.8800,43.7155,108625700
2007-12-04,50.4900,50.9400,50.3800,50.6700,43.5350,113374100
2007-12-05,51.2000,52.0000,51.1600,51.5800,44.3169,137614200
2007-12-06,51.6300,52.3700,51.6100,52.3200,44.9527,99724500
2007-12-07,52.2900,52.5400,52.0800,52.3300,44.9613,88992300
2007-12-10,52.4600,52.6900,52.3200,52.5400,45.1417,75657900
2007-12-11,52.6200,52.8400,51.2100,51.3200,44.0935,167064300
2007-12-12,52.2500,52.4300,50.8900,51.7800,44.4887,162975200
2007-12-13,51.3300,51.6300,50.9800,51.5000,44.2481,153476200
2007-12-14,51.0900,51.6000,50.9200,50.9700,43.7928,128396700
2007-12-17,50.7800,50.9900,49.7100,49.7300,42.7274,134377000
2007-12-18,50.2400,50.2700,49.1800,49.8900,42.8649,154251700
2007-12-19,49.8900,50.2000,49.6100,49.8800,42.8563,137970900
2007-12-20,50.6200,50.9600,50.2000,50.9000,43.7326,167341700
2007-12-21,51.6800,51.9000,51.4800,51.8500,44.5953,107573500
2007-12-24,52.0100,52.4000,51.9500,52.2400,44.9307,34499800
2007-12-26,52.1300,52.6300,52.0000,52.5000,45.1543,58492100
2007-12-27,52.3300,52.5000,51.7100,51.8700,44.6125,65778900
2007-12-28,52.0400,52.1600,51.4300,51.8200,44.5695,67545400
2007-12-31,51.5700,51.6800,51.2100,51.2200,44.0535,70135600
2008-01-02,51.2700,51.4700,50.1300,50.4100,43.3568,152344100
2008-01-03,50.4100,50.7600,50.1500,50.6200,43.5374,114103700
2008-01-04,49.8100,49.8300,48.2100,48.4000,41.6280,212617600
2008-01-07,48.4000,48.6000,47.4300,48.1700,41.4302,235083600
2008-01-08,48.2700,48.7600,46.9200,46.9200,40.3551,261669800
2008-01-09,47.1100,47.9600,46.4600,47.9200,41.2152,254011800
2008-01-10,47.4300,48.4100,47.2900,47.9900,41.2754,249958500
2008-01-11,47.7300,47.7700,46.7000,47.0500,40.4669,211685200
2008-01-14,47.6900,48.0100,47.3100,47.8700,41.1722,168048500
2008-01-15,47.3700,47.5200,46.3500,46.5500,40.0368,241094900
2008-01-16,46.1900,46.9100,45.4600,46.0500,39.6068,265625900
2008-01-17,46.2400,46.5800,45.2000,45.4100,39.0564,254098800
2008-01-18,45.6400,46.1400,44.9800,45.3500,39.0047,273063300
2008-01-22,42.8300,44.7700,42.7300,44.1800,37.9985,325732000
2008-01-23,42.5400,44.1500,41.6100,44.0100,37.8522,390129000
2008-01-24,44.1900,44.9300,44.0600,44.9100,38.6263,250249100
2008-01-25,45.8700,45.8700,43.9400,43.9900,37.8351,199299100
2008-01-28,44.0200,44.4400,43.5700,44.3300,38.1275,163711200
2008-01-29,44.5600,44.6800,44.0400,44.4100,38.1963,138520000
2008-01-30,44.2500,45.3200,44.1800,44.3700,38.1619,220824400
2008-01-31,43.8700,45.5900,43.8200,45.1300,38.8155,246824100
2008-02-01,45.5000,45.8800,44.8800,45.5900,39.2112,161920300
2008-02-04,45.5800,45.6100,44.9400,44.9500,38.6607,100209900
2008-02-05,44.1700,44.6000,43.6400,43.6700,37.5598,188990400
2008-02-06,43.9200,44.1700,42.7700,42.8100,36.8201,178285000
2008-02-07,42.3300,43.7900,42.1500,43.1100,37.0782,286254800
2008-02-08,43.2000,43.7700,42.9400,43.6000,37.4996,173781300
2008-02-11,43.7700,44.2200,43.5400,44.0700,37.9039,119562300
2008-02-12,44.3400,44.6800,43.5100,43.8200,37.6888,145412400
2008-02-13,44.3900,44.8800,44.1600,44.7800,38.5145,148685900
2008-02-14,44.8500,44.8500,43.8900,43.9700,37.8179,170868900
2008-02-15,43.7300,43.9800,43.4500,43.8200,37.6888,100053300
2008-02-19,44.4000,44.5000,43.2700,43.7400,37.6200,110507600
2008-02-20,43.2600,44.0900,43.2400,43.9400,37.7920,137338800
2008-02-21,44.3600,44.4700,43.3400,43.5200,37.4308,127857000
2008-02-22,43.6700,43.6900,42.6000,43.6800,37.5684,157364700
2008-02-25,43.6300,44.0700,43.3400,43.9000,37.7576,121444300
2008-02-26,43.6500,44.4800,43.3700,44.0700,37.9039,148375900
2008-02-27,43.7700,44.4600,43.6700,44.2900,38.0931,125682600
2008-02-28,44.1200,44.5300,43.9500,44.1200,37.9469,129196700
2008-02-29,43.6500,43.7700,42.8500,42.9500,36.9406,188724500
2008-03-03,42.9200,42.9900,42.2400,42.6700,36.6997,132963800
2008-03-04,42.4000,43.0400,42.0200,42.9100,36.9062,183851000
2008-03-05,42.9900,43.5400,42.7500,43.1200,37.0868,183208300
2008-03-06,43.0900,43.2700,42.1000,42.1700,36.2697,152752200
2008-03-07,41.9200,42.6400,41.3800,42.0700,36.1837,242552400
2008-03-10,42.0100,42.1400,41.1700,41.2600,35.4870,146801900
2008-03-11,41.8600,42.8500,41.5100,42.8300,36.8373,196755300
2008-03-12,43.0000,43.4400,42.6000,42.7100,36.7341,155566100
2008-03-13,42.2300,43.3300,41.8100,43.0400,37.0180,208967900
2008-03-14,43.3300,43.3800,41.7400,42.2500,36.3385,309589800
2008-03-17,41.2900,42.0100,41.0500,41.4800,35.6762,193130600
2008-03-18,42.2400,43.3400,42.1100,43.3300,37.2674,216300400
2008-03-19,43.5100,43.6000,42.2300,42.2600,36.3471,216157200
2008-03-20,42.3500,43.1000,42.1000,43.0900,37.0899,128397000
2008-03-24,43.2800,44.7600,43.2800,44.5800,38.3725,125018000
2008-03-25,44.7000,45.0700,44.2800,44.8300,38.5877,118107500
2008-03-26,44.6700,44.8500,44.2800,44.7000,38.4758,124824600
2008-03-27,44.4400,44.5100,43.7100,43.7100,37.6236,143868600
2008-03-28,44.0200,44.3400,43.3300,43.4900,37.4342,111822300
2008-03-31,43.6500,44.0200,43.4500,43.7200,37.6322,113644800
2008-04-01,44.4200,45.6100,44.4100,45.5900,39.2418,137494400
2008-04-02,45.7000,46.0200,45.1700,45.4900,39.1557,132486800
2008-04-03,45.2900,45.9100,45.1400,45.5900,39.2418,140033800
2008-04-04,45.7700,46.3500,45.4000,45.8600,39.4742,139261000
2008-04-07,46.1400,46.4100,45.6500,45.7600,39.3881,102297100
2008-04-08,45.4100,45.7200,45.1800,45.4100,39.0869,97435200
2008-04-09,45.4700,45.4900,44.6300,44.9000,38.6479,127182300
2008-04-10,44.9300,45.8400,44.9300,45.5400,39.1988,112773800
2008-04-11,45.0200,45.1000,44.1200,44.2800,38.1142,120135400
2008-04-14,44.2100,44.4800,43.9500,44.0800,37.9421,89274600
2008-04-15,44.2400,44.3500,43.6800,44.1400,37.9937,124232300
2008-04-16,44.6900,45.4800,44.6500,45.3700,39.0525,134027900
2008-04-17,45.4200,45.4700,44.9800,45.2700,38.9664,124953100
2008-04-18,46.4700,46.9300,46.2200,46.7100,40.2059,133022500
2008-04-21,46.6200,47.0800,46.4900,47.0400,40.4899,83303200
2008-04-22,46.7500,46.7700,45.9300,46.3400,39.8874,104689600
2008-04-23,46.6800,47.0600,46.2700,46.8500,40.3264,131086200
2008-04-24,46.8700,47.7900,46.3900,47.2700,40.6879,166509000
2008-04-25,47.3200,47.3500,46.5700,47.1500,40.5846,121945400
2008-04-28,47.2600,47.6200,47.1300,47.2400,40.6621,71244000
2008-04-29,47.1500,47.7600,47.0600,47.6000,40.9719,91270600
2008-04-30,47.7000,48.0600,47.0300,47.2100,40.6362,132152700
2008-05-01,47.2300,48.7200,47.2200,48.7000,41.9188,143596900
2008-05-02,49.1600,49.1900,48.3400,48.7700,41.9790,124990000
2008-05-05,48.7700,49.0300,48.4000,48.6300,41.8585,75624700
2008-05-06,48.4900,49.1300,48.1400,48.9300,42.1168,139582600
2008-05-07,48.9400,49.2300,47.8700,48.0400,41.3507,140008300
2008-05-08,48.2400,48.7000,48.0600,48.4000,41.6605,128058700
2008-05-09,48.0400,48.4600,47.9000,48.2100,41.4970,97062000
2008-05-12,48.2800,49.1900,48.2000,49.0900,42.2545,89606500
2008-05-13,49.1100,49.3300,48.7600,49.2200,42.3664,85448100
2008-05-14,49.4100,49.9300,49.0400,49.1100,42.2717,143598200
2008-05-15,49.1200,50.0200,48.9800,49.9700,43.0119,157248900
2008-05-16,50.0700,50.1100,49.4500,50.0100,43.0463,146563200
2008-05-19,50.0500,50.4700,49.3400,49.6500,42.7365,140048700
2008-05-20,49.4700,49.4700,48.8900,49.2700,42.4094,137163700
2008-05-21,49.3300,49.6000,48.0200,48.1800,41.4712,192806700
2008-05-22,48.3000,48.6900,48.1100,48.3500,41.6175,153198200
2008-05-23,48.1800,48.3500,47.8200,48.2000,41.4884,121698400
2008-05-27,48.3000,49.1100,48.2900,49.0500,42.2200,106984300
2008-05-28,49.2800,49.3600,48.7500,49.2500,42.3922,121363000
2008-05-29,49.2800,49.9700,49.2500,49.6900,42.7709,143993000
2008-05-30,49.8800,50.2400,49.7500,50.0100,43.0463,94153600
2008-06-02,49.9200,49.9200,48.9600,49.4000,42.5213,144359900
2008-06-03,49.5900,49.9000,48.6700,49.1300,42.2889,167606900
2008-06-04,48.9800,50.1000,48.9400,49.7600,42.8312,174870800
2008-06-05,49.8900,50.6100,49.7000,50.5500,43.5112,126653700
2008-06-06,50.1100,50.2100,49.0200,49.0300,42.2028,189136000
2008-06-09,49.1300,49.1900,47.9500,48.7700,41.9790,208897300
2008-06-10,48.2700,48.9400,48.1600,48.5400,41.7810,162798500
2008-06-11,48.4400,48.5200,47.3500,47.3700,40.7740,170366900
2008-06-12,47.7100,48.1100,47.0000,47.4200,40.8170,189913200
2008-06-13,47.7100,48.4700,47.4600,48.3700,41.6347,167855000
2008-06-16,48.1200,49.0200,48.0700,48.8000,42.0048,136343900
2008-06-17,48.9500,49.0600,48.4700,48.5400,41.7810,122932000
2008-06-18,48.2600,48.4500,47.8300,48.0200,41.3334,169338100
2008-06-19,47.9300,49.0100,47.6100,48.7700,41.9790,221304200
2008-06-20,48.3300,48.3500,47.2100,47.4200,40.8455,197434200
2008-06-23,47.6100,47.7400,46.9800,47.0500,40.5268,131488800
2008-06-24,46.8300,47.3700,46.4100,46.8100,40.3201,178293800
2008-06-25,47.0100,48.0000,46.9400,47.5700,40.9747,179023400
2008-06-26,46.6900,46.7000,45.6400,45.6500,39.3209,190028300
2008-06-27,45.6000,45.9000,44.9700,45.6500,39.3209,181351800
2008-06-30,45.5100,45.8300,45.1500,45.1700,38.9074,132912400
2008-07-01,44.8100,45.8600,44.6800,45.8100,39.4587,245494300
2008-07-02,45.9500,46.1300,44.6400,44.7100,38.5112,199576400
2008-07-03,44.9800,45.0800,44.2800,44.6300,38.4423,123118300
2008-07-07,45.0400,45.4600,44.2400,44.9000,38.6748,181011300
2008-07-08,44.9500,46.0100,44.7700,45.9700,39.5965,206151200
2008-07-09,45.9600,46.0300,44.7300,44.7500,38.5457,168500300
2008-07-10,44.8200,45.4200,44.3800,45.2800,39.0022,238811500
2008-07-11,44.8100,45.2700,43.8500,44.5600,38.3820,265514700
2008-07-14,45.1400,45.1800,44.0700,44.2300,38.0978,177389800
2008-07-15,44.0100,44.9300,43.3000,44.2400,38.1064,283891100
2008-07-16,44.3600,45.3800,43.9200,45.3400,39.0538,186047800
2008-07-17,45.6100,45.8200,44.9800,45.6400,39.3122,197555100
2008-07-18,45.1400,45.1700,44.5900,44.5900,38.4078,160661000
2008-07-21,45.0000,45.1900,44.4900,44.7800,38.5715,128107800
2008-07-22,44.0300,44.8100,43.8600,44.7800,38.5715,152524500
2008-07-23,44.8500,45.8900,44.7200,45.3700,39.0797,169259100
2008-07-24,45.5800,45.6100,44.6500,44.6900,38.4940,145561000
2008-07-25,44.9800,45.4800,44.7600,45.2700,38.9935,111616700
2008-07-28,45.2600,45.5200,44.2100,44.4200,38.2614,124028500
2008-07-29,44.6100,45.5400,44.5700,45.3400,39.0538,142290900
2008-07-30,45.4700,45.8200,44.8800,45.5700,39.2520,165679900
2008-07-31,45.1200,46.1500,45.0200,45.4600,39.1572,180473100
2008-08-01,45.5100,45.5500,44.4000,44.8800,38.6576,180350400
2008-08-04,44.8700,44.9200,44.3000,44.4300,38.2700,116298000
2008-08-05,44.8900,45.9700,44.8400,45.9300,39.5621,151657400
2008-08-06,45.9500,46.8100,45.5800,46.6300,40.1650,133463700
2008-08-07,46.3500,46.8500,46.0800,46.2700,39.8549,152805800
2008-08-08,46.2400,47.4400,46.1500,47.3200,40.7593,143121500
2008-08-11,47.3000,48.2800,47.1400,47.7500,41.1297,157290100
2008-08-12,47.7400,48.1600,47.5100,47.8000,41.1728,140549300
2008-08-13,47.7200,48.1200,47.2500,47.7000,41.0867,169652100
2008-08-14,47.5400,48.4600,47.4900,48.2500,41.5604,158069200
2008-08-15,48.3300,48.5700,47.9600,48.1600,41.4829,123115900
2008-08-18,48.3000,48.3100,47.2600,47.6000,41.0005,151399100
2008-08-19,47.3600,47.5900,46.7500,47.0100,40.4923,155410600
2008-08-20,47.3400,47.5600,46.7400,47.0900,40.5612,155466700
2008-08-21,46.7400,47.0800,46.3800,46.8700,40.3717,118916200
2008-08-22,47.1200,47.6800,47.0800,47.4900,40.9058,96515500
2008-08-25,47.1600,47.2100,46.3700,46.4900,40.0444,128076500
2008-08-26,46.5200,46.7700,46.1200,46.4300,39.9927,107225500
2008-08-27,46.4500,47.0900,46.2900,46.7300,40.2511,108489900
2008-08-28,46.9200,47.2800,46.8300,47.1100,40.5785,112808600
2008-08-29,46.6100,47.1200,45.9200,46.1200,39.7257,133184300
2008-09-02,46.8700,47.0800,45.3400,45.5500,39.2347,162277500
2008-09-03,45.4500,45.6400,44.7900,45.1200,38.8644,161682900
2008-09-04,44.8600,44.9100,43.6600,43.6600,37.6068,219004700
2008-09-05,43.2800,43.7800,42.8100,43.4500,37.4259,247977500
2008-09-08,44.0200,44.2200,42.6800,43.3700,37.3570,311065100
2008-09-09,43.3500,43.7900,42.3500,42.4500,36.5645,214180600
2008-09-10,42.8600,43.1800,42.4500,42.8000,36.8660,160658100
2008-09-11,42.2000,43.6900,42.1700,43.6000,37.5551,203398200
2008-09-12,43.2300,43.7100,42.9000,43.4300,37.4087,172094300
2008-09-15,42.4000,43.2900,42.0300,42.0800,36.2458,616772300
2008-09-16,41.4800,42.8400,41.4300,42.4100,36.5301,349506500
2008-09-17,41.8700,42.4200,40.1900,40.2100,34.6351,340088000
2008-09-18,41.1000,41.9700,39.5000,41.5700,35.8065,423934000
2008-09-19,43.7700,43.8300,42.1000,42.9000,36.9770,263394000
2008-09-22,42.7400,42.8400,40.8000,40.8800,35.2359,164698200
2008-09-23,41.2000,41.7500,40.4400,40.5700,34.9687,184011200
2008-09-24,40.8100,41.2600,40.5200,40.8500,35.2101,159270800
2008-09-25,41.2300,42.0200,41.0300,41.5000,35.7704,148586800
2008-09-26,40.3100,41.4900,40.2200,41.0800,35.4083,182678600
2008-09-29,40.2600,40.3800,37.1800,37.8200,32.5984,307954400
2008-09-30,37.7200,39.3000,37.6000,38.9100,33.5379,195436700
2008-10-01,38.8400,38.9700,38.0300,38.5000,33.1845,174033300
2008-10-02,38.2500,38.2500,36.6400,36.7500,31.6762,192124000
2008-10-03,37.2600,38.1800,36.1000,36.1800,31.1848,272116100
2008-10-06,35.2600,35.5300,32.9100,34.8600,30.0471,394046600
2008-10-07,35.1400,35.2000,32.2700,32.6500,28.1422,329365700
2008-10-08,31.9500,34.1200,31.8400,32.3900,27.9181,452066500
2008-10-09,33.1500,33.6800,30.9700,31.5200,27.1682,352433900
2008-10-10,30.5200,32.4800,29.3800,31.3200,26.9958,472339100
2008-10-13,32.8600,35.2500,32.4000,35.1300,30.2798,276998700
2008-10-14,36.1500,36.1500,33.1900,33.6100,28.9697,341595900
2008-10-15,33.2300,33.3500,30.5400,30.6000,26.3752,312088500
2008-10-16,30.8100,32.2700,29.2500,32.2600,27.8061,494783500
2008-10-17,31.6700,33.6500,31.4100,32.3000,27.8405,326571300
2008-10-20,32.7600,33.2600,31.7000,33.2000,28.6163,232783400
2008-10-21,32.6600,33.2600,31.4800,31.4800,27.1337,239932400
2008-10-22,31.3700,31.6000,29.7100,30.6100,26.3839,289993600
2008-10-23,30.4900,31.0900,28.9000,30.4900,26.2804,377966900
2008-10-24,28.2300,30.2500,28.0900,29.5100,25.4357,322129500
2008-10-27,29.1700,30.2000,28.6600,28.6900,24.7289,239302300
2008-10-28,29.6800,31.8800,28.8500,31.8600,27.4613,327239500
2008-10-29,31.9100,33.0800,31.2500,31.7800,27.3923,341316000
2008-10-30,32.6700,33.0600,31.9800,32.8400,28.3060,255292100
2008-10-31,32.3700,33.4300,32.0900,32.8900,28.3491,224261000
2008-11-03,32.8100,33.2900,32.5100,32.8200,28.2887,128455500
2008-11-04,33.4600,34.0100,32.9800,33.7500,29.0903,182487600
2008-11-05,33.5300,33.6000,31.9200,31.9900,27.5733,183893900
2008-11-06,31.4900,31.8700,30.4000,30.5600,26.3408,220677200
2008-11-07,30.9200,31.4800,30.5900,31.1900,26.8838,176946200
2008-11-10,31.9700,31.9700,30.4000,30.7700,26.5218,142584500
2008-11-11,30.4800,30.7600,29.7200,30.1000,25.9443,162869800
2008-11-12,29.6500,29.8000,28.6500,28.7100,24.7462,184946400
2008-11-13,28.6100,30.5300,27.2800,30.4600,26.2546,317943900
2008-11-14,29.7800,30.4200,28.8700,28.9800,24.9789,259407000
2008-11-17,28.4900,29.2300,28.2600,28.3700,24.4531,202835200
2008-11-18,28.5600,28.7500,27.3900,28.3400,24.4273,252661800
2008-11-19,28.4000,28.7800,26.7900,26.8600,23.1516,244180600
2008-11-20,26.5300,27.4500,25.4700,25.5600,22.0311,342472400
2008-11-21,26.0100,26.6800,25.0500,26.6700,22.9878,282746800
2008-11-24,27.2200,28.6400,26.9800,28.3000,24.3928,225058200
2008-11-25,28.6100,28.6400,27.5200,28.1700,24.2807,202968700
2008-11-26,27.8800,29.3600,27.8100,29.3500,25.2978,164912000
2008-11-28,29.0200,29.1900,28.8300,29.1200,25.0996,41238200
2008-12-01,28.5000,28.5100,26.8900,26.9300,23.2119,149161500
2008-12-02,27.3000,27.8900,26.8400,27.8300,23.9877,181743000
2008-12-03,27.1300,28.7100,27.0700,28.6200,24.6686,230944900
2008-12-04,28.1700,28.7800,27.3200,27.8100,23.9704,188868700
2008-12-05,27.5000,29.0700,26.9500,28.9400,24.9444,212283700
2008-12-08,29.5900,30.4600,29.4400,30.0800,25.9270,185782500
2008-12-09,29.6800,30.8300,29.5700,30.0100,25.8667,178148300
2008-12-10,30.1000,30.4600,29.6200,29.9100,25.7805,162335100
2008-12-11,29.8100,30.2700,28.9400,29.0900,25.0737,167161400
2008-12-12,28.6900,29.8600,28.4700,29.6800,25.5823,158600100
2008-12-15,29.7300,29.7600,28.7400,29.1600,25.1341,107887000
2008-12-16,29.4200,30.6600,29.1000,30.5600,26.3408,169300100
2008-12-17,30.2500,30.6000,29.8200,30.1900,26.0218,159813500
2008-12-18,30.1900,30.4000,29.3600,29.6600,25.5650,142656400
2008-12-19,29.9300,30.3700,29.6600,29.8600,25.7748,118308900
2008-12-22,29.8600,29.9200,28.7400,29.2100,25.2137,95379600
2008-12-23,29.3300,29.6200,28.8900,29.0600,25.0842,68764800
2008-12-24,29.2000,29.2100,28.9800,29.1400,25.1533,27194700
2008-12-26,29.2000,29.2300,28.9700,29.1300,25.1446,20937000
2008-12-29,29.2100,29.2400,28.4600,28.8900,24.9375,52688300
2008-12-30,28.9700,29.5900,28.9400,29.4900,25.4554,77089500
2008-12-31,29.4600,30.0800,29.4500,29.7400,25.6712,89189700
2009-01-02,29.7500,31.1300,29.6900,31.0300,26.7847,107891500
2009-01-05,30.8300,31.3300,30.5900,31.0200,26.7761,91751900
2009-01-06,31.2500,31.6300,31.1100,31.3300,27.0437,136791700
2009-01-07,30.7300,30.9000,30.1900,30.4400,26.2754,133879800
2009-01-08,30.3800,30.8000,30.0800,30.7600,26.5517,131926600
2009-01-09,30.7700,30.7900,29.9200,30.0700,25.9561,117137900
2009-01-12,30.1100,30.1500,29.2000,29.5200,25.4813,102726200
2009-01-13,29.5100,29.9800,29.1800,29.5300,25.4899,186266700
2009-01-14,29.1900,29.2800,28.4700,28.6300,24.7131,136294000
2009-01-15,28.5700,29.3400,28.0700,29.1000,25.1188,192567200
2009-01-16,29.5000,29.6000,28.7000,29.4200,25.3950,175478100
2009-01-20,29.3000,29.4300,27.9600,27.9600,24.1347,135105800
2009-01-21,28.4300,29.1900,28.1000,29.1500,25.1619,149179600
2009-01-22,28.5200,29.2300,28.2600,28.7600,24.8253,200602700
2009-01-23,28.2900,29.3500,28.1400,28.9000,24.9461,170164100
2009-01-26,28.9400,29.5900,28.7500,29.1100,25.1274,140398700
2009-01-27,29.1200,29.5700,29.1200,29.3200,25.3087,110591300
2009-01-28,29.8100,30.6500,29.8100,30.3500,26.1977,139722800
2009-01-29,29.9800,30.4000,29.4800,29.5800,25.5331,130731800
2009-01-30,29.8000,29.9300,28.9400,29.0600,25.0842,140334200
2009-02-02,28.7800,29.6100,28.7400,29.4100,25.3863,126796100
2009-02-03,29.4700,30.4300,29.0300,29.8700,25.7834,120541100
2009-02-04,29.9400,30.8700,29.7900,29.9100,25.8179,175780900
2009-02-05,29.4800,30.7700,29.4600,30.5700,26.3876,217578900
2009-02-06,30.6800,31.5100,30.5800,31.3700,27.0782,164513200
2009-02-09,31.3900,31.6700,31.1900,31.5000,27.1904,98856900
2009-02-10,31.3000,31.6800,30.1000,30.3400,26.1891,232795200
2009-02-11,30.3800,30.5300,29.7300,30.2000,26.0683,169117200
2009-02-12,29.8500,30.6100,29.6400,30.5700,26.3876,201151400
2009-02-13,30.4800,30.7800,30.2900,30.4300,26.2668,145066700
2009-02-17,29.4900,29.6700,29.0600,29.2200,25.2223,157783300
2009-02-18,29.4100,29.6700,28.8700,29.2400,25.2396,161271900
2009-02-19,29.4200,29.6100,28.7200,28.7900,24.8512,155322400
2009-02-20,28.4700,29.1500,28.3900,28.8700,24.9202,210752400
2009-02-23,29.0300,29.0500,27.7300,27.8600,24.0484,169473500
2009-02-24,28.0100,28.9800,27.9600,28.7800,24.8425,181337300
2009-02-25,28.6100,29.1700,28.1400,28.5900,24.6785,220224700
2009-02-26,28.7800,28.9500,27.7000,27.7900,23.9880,211218500
2009-02-27,27.5000,27.9800,27.3900,27.5300,23.7636,204492600
2009-03-02,27.1200,27.5100,26.4700,26.6400,22.9953,188180400
2009-03-03,26.8600,27.1600,26.4200,26.6200,22.9781,158758800
2009-03-04,27.0100,27.7100,26.9200,27.3300,23.5909,164911000
2009-03-05,27.0300,27.2400,26.4200,26.5100,22.8831,199626900
2009-03-06,26.6500,26.8100,25.7100,26.3000,22.7018,218421600
2009-03-09,26.0900,26.8100,25.6300,25.7400,22.2184,181098800
2009-03-10,26.2500,27.3900,26.1600,27.3300,23.5909,175068200
2009-03-11,27.6100,27.9900,27.2600,27.7500,23.9534,173094900
2009-03-12,27.7300,28.7600,27.4400,28.6700,24.7476,184395100
2009-03-13,28.6600,28.8400,28.3200,28.7400,24.8080,156783500
2009-03-16,28.9300,28.9800,28.1900,28.2600,24.3937,190269800
2009-03-17,28.4000,29.3300,28.3000,29.3300,25.3173,169773800
2009-03-18,29.2100,30.2000,29.0800,29.7000,25.6367,208033900
2009-03-19,30.1100,30.1300,29.4600,29.6800,25.6194,146753400
2009-03-20,29.6900,30.0300,28.9800,29.1800,25.2295,149410800
2009-03-23,29.9000,30.9400,29.2000,30.9000,26.7166,179499000
2009-03-24,30.6400,30.8800,30.3100,30.3300,26.2238,118757600
2009-03-25,30.5900,31.0500,29.6600,30.4700,26.3448,190555200
2009-03-26,30.8000,31.4600,30.4200,31.4100,27.1575,182459500
2009-03-27,31.0000,31.1800,30.7100,30.8200,26.6474,156108100
2009-03-30,30.3000,30.3200,29.6200,30.0600,25.9903,162919700
2009-03-31,30.2900,30.9500,30.2700,30.3200,26.2151,150243800
2009-04-01,29.9400,30.8800,29.7900,30.7700,26.6042,137950000
2009-04-02,31.3200,32.2700,31.2300,31.7600,27.4602,212272400
2009-04-03,32.0900,32.4000,31.8300,32.3500,27.9703,134577300
2009-04-06,31.9900,32.3300,31.6500,32.2700,27.9011,160413700
2009-04-07,31.9200,31.9200,31.2100,31.4200,27.1662,147531200
2009-04-08,31.7300,32.1500,31.4900,31.9500,27.6244,126126000
2009-04-09,32.5500,33.0100,32.4300,32.9400,28.4804,131871500
2009-04-13,32.8400,33.0700,32.5300,32.8900,28.4372,119310500
2009-04-14,32.6900,32.8800,32.2700,32.4900,28.0913,124069000
2009-04-15,32.2600,32.4300,31.8500,32.4000,28.0135,124808200
2009-04-16,32.8500,33.4300,32.5100,33.2400,28.7398,171168000
2009-04-17,33.1700,33.5000,32.9300,33.3100,28.8003,129835400
2009-04-20,32.7100,32.8200,32.0600,32.2400,27.8752,123080500
2009-04-21,32.1200,32.7400,32.0800,32.6900,28.2643,145490200
2009-04-22,32.5000,33.5300,32.3900,32.7900,28.3507,165040500
2009-04-23,33.0000,33.1400,32.4900,33.1100,28.6274,181666600
2009-04-24,33.3400,33.9300,33.0700,33.6900,29.1289,141170000
2009-04-27,33.4200,34.0600,33.3500,33.7300,29.1635,120749100
2009-04-28,33.5200,33.9100,33.3600,33.4800,28.9473,108968000
2009-04-29,33.7500,34.4000,33.7000,33.9400,29.3450,141413600
2009-04-30,34.3900,34.9000,34.0400,34.2800,29.6390,144120400
2009-05-01,34.2700,34.5400,34.0100,34.3700,29.7168,100112000
2009-05-04,34.6800,35.0900,34.5200,35.0500,30.3048,119317400
2009-05-05,34.9900,35.0600,34.6300,35.0200,30.2788,113569500
2009-05-06,35.2900,35.3400,34.4600,35.0300,30.2875,178840500
2009-05-07,35.2700,35.2700,33.8800,34.2100,29.5785,216484700
2009-05-08,34.4700,34.7400,33.8800,34.2300,29.5958,183507300
2009-05-11,33.7900,34.7200,33.6800,34.3500,29.6995,142775900
2009-05-12,34.4200,34.4800,33.5200,33.9300,29.3364,147842200
2009-05-13,33.6300,33.6500,32.9600,33.0200,28.5496,175548300
2009-05-14,33.1000,33.7000,33.0800,33.3900,28.8695,140021700
2009-05-15,33.3400,33.8200,33.2300,33.3700,28.8522,121326400
2009-05-18,33.6000,34.2800,33.3900,34.2400,29.6044,114333400
2009-05-19,34.1600,34.7400,33.9500,34.4000,29.7428,129086400
2009-05-20,34.5300,35.0400,34.1800,34.2800,29.6390,131873700
2009-05-21,34.0200,34.2600,33.3100,33.6500,29.0943,139253200
2009-05-22,33.7800,33.9700,33.3200,33.5400,28.9992,83510600
2009-05-26,33.2500,34.8300,33.1800,34.7900,30.0799,144857200
2009-05-27,34.6900,35.1900,34.4300,34.5500,29.8724,121348800
2009-05-28,34.7600,35.0700,34.2100,34.9500,30.2183,118931300
2009-05-29,34.9700,35.5000,34.7600,35.3800,30.5901,111535700
2009-06-01,35.7600,36.5000,35.6100,36.3900,31.4633,119126200
2009-06-02,36.1900,36.7900,36.1100,36.4400,31.5066,126858600
2009-06-03,36.3300,36.3700,35.9300,36.3300,31.4115,93329800
2009-06-04,36.4100,36.7900,36.3400,36.7400,31.7660,89280600
2009-06-05,36.9600,37.0800,36.4200,36.7800,31.8005,121958800
2009-06-08,36.5500,36.9500,36.1200,36.6700,31.7054,89194100
2009-06-09,36.8400,37.1700,36.6700,36.9500,31.9475,109187800
2009-06-10,37.1600,37.1700,36.2900,36.8200,31.8351,133404700
2009-06-11,36.7700,37.2300,36.7500,36.8200,31.8351,147909800
2009-06-12,36.6700,36.7200,36.2000,36.6500,31.6881,109452500
2009-06-15,36.3000,36.3300,35.5800,35.9000,31.0397,112152900
2009-06-16,36.0400,36.1900,35.5200,35.5500,30.7371,110550300
2009-06-17,35.7000,36.2100,35.4500,35.8900,31.0310,153421800
2009-06-18,35.8300,36.0600,35.5700,35.8200,30.9705,126266700
2009-06-19,36.0500,36.3600,35.9100,36.1600,31.3029,122044700
2009-06-22,35.8300,35.8900,35.0200,35.0800,30.3680,137714900
2009-06-23,35.1800,35.2600,34.7700,35.0000,30.2987,114903100
2009-06-24,35.3000,35.8700,35.2800,35.5900,30.8095,103314600
2009-06-25,35.3600,36.3600,35.2800,36.2900,31.4155,112538200
2009-06-26,36.1200,36.5000,36.0500,36.3700,31.4847,87677300
2009-06-29,36.4700,36.7500,36.1200,36.4500,31.5540,93817600
2009-06-30,36.5500,36.7300,36.1100,36.3800,31.4934,97843000
2009-07-01,36.5600,36.8400,36.3900,36.4000,31.5107,85976000
2009-07-02,36.0900,36.1000,35.5000,35.6000,30.8181,113309800
2009-07-06,35.3800,35.5400,35.0400,35.4100,30.6537,107632500
2009-07-07,35.4200,35.4900,34.5100,34.5300,29.8919,149773000
2009-07-08,34.7400,34.8700,34.3000,34.7100,30.0477,152776400
2009-07-09,34.8400,35.0100,34.6500,34.7700,30.0996,97851500
2009-07-10,34.6700,35.1400,34.5600,34.9200,30.2295,108482000
2009-07-13,34.9500,35.6000,34.4800,35.5900,30.8095,127140300
2009-07-14,35.5500,35.7900,35.4000,35.7200,30.9220,115631700
2009-07-15,36.3200,36.9300,36.1400,36.9200,31.9608,160869700
2009-07-16,36.7500,37.4400,36.7200,37.3600,32.3417,120142500
2009-07-17,37.3500,37.5700,37.1700,37.5600,32.5149,104906500
2009-07-20,37.7600,38.0000,37.6100,37.9200,32.8265,97168800
2009-07-21,38.0700,38.1800,37.6400,38.1800,33.0516,130587600
2009-07-22,38.2100,38.6900,38.1300,38.5000,33.3286,113808600
2009-07-23,38.4600,39.4900,38.3900,39.3500,34.0644,160239300
2009-07-24,38.9300,39.3700,38.7800,39.0500,33.8047,109312300
2009-07-27,39.3300,39.4100,38.8700,39.3500,34.0644,94718600
2009-07-28,39.1800,39.5900,38.9300,39.0800,33.8307,111564300
2009-07-29,39.3200,39.4300,39.0000,39.3400,34.0558,126538200
2009-07-30,39.7500,40.1800,39.5100,39.5700,34.2549,108969900
2009-07-31,39.5700,39.8500,39.4100,39.4500,34.1510,78208300
2009-08-03,39.8700,40.0600,39.6400,40.0400,34.6618,111722800
2009-08-04,39.8500,40.1900,39.7700,40.0400,34.6618,100690800
2009-08-05,40.1300,40.1400,39.4600,39.7300,34.3934,118093000
2009-08-06,39.8200,39.9300,39.2400,39.3800,34.0904,116937500
2009-08-07,39.9200,40.0700,39.5900,39.8800,34.5233,107442100
2009-08-10,39.7400,39.8500,39.3400,39.6000,34.2809,87163200
2009-08-11,39.4700,39.5000,39.0500,39.2600,33.9865,91922700
2009-08-12,39.2300,40.2200,39.2000,39.8700,34.5146,147240000
2009-08-13,40.1100,40.1600,39.6400,40.0900,34.7050,110107000
2009-08-14,39.8700,39.9600,39.2800,39.6300,34.3068,124480200
2009-08-17,38.9600,39.0100,38.4600,38.4800,33.3113,131797200
2009-08-18,38.7200,39.1100,38.6100,39.0300,33.7874,84496200
2009-08-19,38.5700,39.4000,38.5400,39.3000,34.0212,88036300
2009-08-20,39.2800,39.8400,39.2000,39.7600,34.4194,81473500
2009-08-21,39.9900,40.3600,39.7400,40.2900,34.8782,114660200
2009-08-24,40.3600,40.5700,40.1000,40.2500,34.8436,109904900
2009-08-25,40.3400,40.7600,40.2500,40.3700,34.9474,92900400
2009-08-26,40.2800,40.6000,40.0800,40.3000,34.8868,96407500
2009-08-27,40.2900,40.4700,39.6700,40.4000,34.9734,121957800
2009-08-28,40.9000,41.0800,40.1600,40.4400,35.0080,114300900
2009-08-31,40.1400,40.2000,39.7900,40.0300,34.6531,96415300
2009-09-01,39.8900,40.5900,39.1600,39.2800,34.0038,162958900
2009-09-02,39.0700,39.4700,39.0400,39.2500,33.9779,92757200
2009-09-03,39.4400,39.5700,39.0200,39.5100,34.2030,76783100
2009-09-04,39.5800,40.3800,39.5200,40.3600,34.9388,74866600
2009-09-08,40.6800,40.7800,40.4600,40.7400,35.2677,71024400
2009-09-09,40.7700,41.2900,40.5900,41.0900,35.5707,99280800
2009-09-10,41.1100,41.5300,41.0000,41.4800,35.9083,99289100
2009-09-11,41.5100,41.6200,41.2200,41.5200,35.9430,93868400
2009-09-14,41.2500,41.7100,41.2100,41.6800,36.0815,90435600
2009-09-15,41.6500,41.9500,41.5700,41.8100,36.1940,91594600
2009-09-16,42.0000,42.4800,41.8400,42.4200,36.7221,96888500
2009-09-17,42.3100,42.6600,42.2100,42.4100,36.7134,102169600
2009-09-18,42.5400,42.6200,42.2100,42.4400,36.7749,87444200
2009-09-21,42.2000,42.7000,42.1600,42.5700,36.8876,71351400
2009-09-22,42.8100,42.8300,42.4400,42.6500,36.9569,75638400
2009-09-23,42.8300,43.1700,42.3800,42.4500,36.7836,143924100
2009-09-24,42.6200,42.6900,41.7700,42.0700,36.4543,111016400
2009-09-25,41.7600,42.0900,41.5800,41.7000,36.1337,109216000
2009-09-28,41.9300,42.6600,41.8900,42.4100,36.7489,84478500
2009-09-29,42.4100,42.6200,42.0300,42.2200,36.5843,106686400
2009-09-30,42.3900,42.6000,41.6000,42.2500,36.6103,173102700
2009-10-01,42.1000,42.1300,41.0000,41.0000,35.5271,140119100
2009-10-02,40.7200,41.2500,40.7200,40.8800,35.4232,145286400
2009-10-05,41.0900,41.4000,40.8300,41.2100,35.7091,97054200
2009-10-06,41.4400,42.1400,41.4200,41.9400,36.3417,124628000
2009-10-07,41.8900,42.0800,41.7700,42.0600,36.4457,93787600
2009-10-08,42.3100,42.6200,42.1400,42.2400,36.6016,107850400
2009-10-09,42.1500,42.5500,42.0600,42.4800,36.8096,62828000
2009-10-12,42.6500,42.8700,42.2800,42.5700,36.8876,53221900
2009-10-13,42.5300,42.7500,42.3700,42.5800,36.8963,70939300
2009-10-14,43.1100,43.2100,42.8500,43.1600,37.3988,91004900
2009-10-15,42.9300,43.1200,42.8700,43.0600,37.3122,85772800
2009-10-16,42.9000,42.9900,42.4800,42.7800,37.0696,111859300
2009-10-19,42.8100,43.2700,42.5900,43.2100,37.4422,83512000
2009-10-20,43.4600,43.4600,42.9400,43.2200,37.4508,89847900
2009-10-21,43.2100,43.8200,43.0600,43.1400,37.3815,110397400
2009-10-22,43.0600,43.4900,42.7900,43.3100,37.5288,85871800
2009-10-23,43.7300,43.7300,43.0200,43.1300,37.3728,117020400
2009-10-26,43.2000,43.7600,42.7900,42.9900,37.2515,107068600
2009-10-27,42.9300,43.1100,42.1800,42.3400,36.6883,121438200
2009-10-28,42.1900,42.3200,41.3000,41.3900,35.8651,143553600
2009-10-29,41.6300,42.1900,41.5400,42.0900,36.4717,85207600
2009-10-30,42.0600,42.1500,40.9200,40.9600,35.4925,162796500
2009-11-02,41.0000,41.5700,40.6400,41.1300,35.6398,142456600
2009-11-03,40.9100,41.3200,40.8400,41.2600,35.7524,95107000
2009-11-04,41.5300,41.8700,41.2800,41.3300,35.8131,107970600
2009-11-05,41.8100,42.4000,41.7800,42.3500,36.6970,135204800
2009-11-06,42.1200,42.6500,42.0800,42.6000,36.9136,96312300
2009-11-09,42.9300,43.5200,42.8800,43.5100,37.7021,101620800
2009-11-10,43.4600,43.7700,43.4000,43.6200,37.7974,72846500
2009-11-11,43.9500,44.1400,43.6100,43.9000,38.0400,84676200
2009-11-12,43.9300,44.1600,43.5500,43.6500,37.8234,92426100
2009-11-13,43.7800,44.1400,43.6300,44.0100,38.1354,87959500
2009-11-16,44.2000,44.6500,44.1200,44.4600,38.5253,87776100
2009-11-17,44.3400,44.6000,44.2500,44.6000,38.6466,81884000
2009-11-18,44.4600,44.4900,44.0500,44.3500,38.4300,100240800
2009-11-19,44.0500,44.0800,43.3500,43.6600,37.8321,114558000
2009-11-20,43.4300,43.5500,43.2800,43.4400,37.6414,70912100
2009-11-23,43.8900,44.4000,43.8600,44.1400,38.2480,91621500
2009-11-24,44.1200,44.1500,43.7300,43.9900,38.1180,60670000
2009-11-25,44.1400,44.2200,44.0100,44.1800,38.2827,37630100
2009-11-27,42.9700,43.8300,42.9000,43.5100,37.7021,61230000
2009-11-30,43.4100,43.6200,43.1100,43.5600,37.7454,84819400
2009-12-01,43.8900,44.3000,43.8800,44.0100,38.1354,81817800
2009-12-02,44.1600,44.4900,43.9800,44.0700,38.1874,81653600
2009-12-03,44.2300,44.5000,43.8800,43.8900,38.0314,72460400
2009-12-04,44.4500,44.7300,43.6600,44.1200,38.2307,125062600
2009-12-07,44.0900,44.2900,43.8200,43.9100,38.0487,67471900
2009-12-08,43.6600,44.0000,43.3600,43.6400,37.8148,86621400
2009-12-09,43.6000,44.1200,43.3200,44.0800,38.1960,78820500
2009-12-10,44.2700,44.5400,44.2400,44.3000,38.3867,76722400
2009-12-11,44.5400,44.5900,43.9500,44.1300,38.2394,66643700
2009-12-14,44.4300,44.6000,44.1900,44.5500,38.6033,47965500
2009-12-15,44.4100,44.6700,44.1700,44.3000,38.3867,61171100
2009-12-16,44.4700,44.7000,44.2900,44.3600,38.4386,61629700
2009-12-17,44.1600,44.2100,43.7600,43.8200,37.9707,90440900
2009-12-18,44.1600,44.4800,44.0000,44.4600,38.5896,96442600
2009-12-21,44.6900,45.1300,44.6700,44.9600,39.0236,82357400
2009-12-22,45.1100,45.2900,45.0300,45.2300,39.2579,51569100
2009-12-23,45.3200,45.5700,45.2100,45.5600,39.5443,73932200
2009-12-24,45.6100,45.9800,45.6000,45.9800,39.9089,31770400
2009-12-28,46.0900,46.3000,45.9400,46.2200,40.1172,49381400
2009-12-29,46.2300,46.2500,45.9900,46.0300,39.9523,32410200
2009-12-30,45.9800,46.2600,45.9600,46.1700,40.0738,57612700
2009-12-31,46.2600,46.2800,45.7500,45.7500,39.7093,50079200
2010-01-04,46.3300,46.4900,46.2700,46.4200,40.2908,62822800
2010-01-05,46.3900,46.5000,46.1600,46.4200,40.2908,62935600
2010-01-06,46.4000,46.5500,46.0700,46.1400,40.0478,96033000
2010-01-07,46.2100,46.2700,45.9200,46.1700,40.0738,77094100
2010-01-08,46.0700,46.5500,45.9300,46.5500,40.4036,88886600
2010-01-11,46.6100,46.6400,46.1200,46.3600,40.2387,104673400
2010-01-12,46.0800,46.1400,45.5300,45.7800,39.7353,90673900
2010-01-13,45.9200,46.4900,45.6100,46.3500,40.2300,100661000
2010-01-14,46.2600,46.5200,46.2200,46.3900,40.2648,75209000
2010-01-15,46.4700,46.5500,45.6500,45.8500,39.7960,126849300
2010-01-19,45.9600,46.6400,45.9500,46.5900,40.4383,84388200
2010-01-20,46.2600,46.6000,45.4300,45.9200,39.8568,145680000
2010-01-21,46.0500,46.3500,45.3000,45.4900,39.4836,204939600
2010-01-22,45.3400,45.4800,44.0400,44.1600,38.3292,171098700
2010-01-25,44.4300,44.6000,44.1200,44.3100,38.4594,154218700
2010-01-26,44.2600,44.8900,44.0500,44.3500,38.4941,140816500
2010-01-27,44.2700,44.8500,44.0100,44.7000,38.7979,161632700
2010-01-28,44.4000,44.4300,43.3200,43.5500,37.7997,221439800
2010-01-29,43.9100,44.0200,42.6300,42.7900,37.1401,212099600
2010-02-01,42.9000,43.2800,42.8800,43.2600,37.5480,136827100
2010-02-02,43.3300,43.7800,43.0300,43.6500,37.8865,110727700
2010-02-03,43.4400,43.9700,43.4200,43.8900,38.0948,93581600
2010-02-04,43.5700,43.6600,42.6200,42.6200,36.9925,151652500
2010-02-05,42.7300,43.0200,42.1200,42.9800,37.3050,213618600
2010-02-08,42.9100,43.1800,42.6400,42.6700,37.0359,94354400
2010-02-09,43.1800,43.5100,42.7600,43.1100,37.4178,118956000
2010-02-10,43.1100,43.3100,42.7500,43.0200,37.3397,94102900
2010-02-11,43.0300,43.7900,42.7600,43.6700,37.9039,93050800
2010-02-12,43.2800,43.8800,43.1600,43.7600,37.9820,93938500
2010-02-16,44.0800,44.3500,43.8500,44.3200,38.4681,83861400
2010-02-17,44.5200,44.5700,44.2600,44.5700,38.6851,82691700
2010-02-18,44.5400,44.9300,44.4500,44.8500,38.9281,65752600
2010-02-19,44.7300,45.0500,44.6200,44.8300,38.9107,80416500
2010-02-22,45.0100,45.0300,44.5600,44.7400,38.8326,72055000
2010-02-23,44.7100,44.7400,43.9500,44.1600,38.3292,95814400
2010-02-24,44.3900,44.7900,44.3200,44.6100,38.7198,86591000
2010-02-25,44.1400,44.7000,43.8300,44.6000,38.7111,97961300
2010-02-26,44.5900,44.8600,44.4000,44.7600,38.8500,66222400
2010-03-01,44.9600,45.4900,44.9500,45.4100,39.4141,77290100
2010-03-02,45.5700,45.8500,45.4500,45.5500,39.5357,76368500
2010-03-03,45.6600,45.8200,45.4300,45.6000,39.5790,65735500
2010-03-04,45.6300,45.8100,45.4000,45.7500,39.7093,54470900
2010-03-05,46.0900,46.5400,45.9900,46.4400,40.3082,68136300
2010-03-08,46.4600,46.6400,46.4400,46.5300,40.3863,58712400
2010-03-09,46.4300,47.0500,46.4000,46.7900,40.6119,98002800
2010-03-10,46.8200,47.2800,46.8000,47.1700,40.9418,102578900
2010-03-11,47.0600,47.3500,46.9800,47.3500,41.0980,67510300
2010-03-12,47.5000,47.5300,47.1000,47.3600,41.1067,64068300
2010-03-15,47.2600,47.3800,46.9100,47.2400,41.0025,60150500
2010-03-16,47.3900,47.6100,47.2300,47.5400,41.2629,74950600
2010-03-17,47.6100,47.9000,47.5300,47.6700,41.3757,75643500
2010-03-18,47.7100,47.8800,47.6000,47.8300,41.5146,77829400
2010-03-19,47.9200,47.9500,47.3200,47.4900,41.2635,86337100
2010-03-22,47.3000,48.1100,47.2500,47.9200,41.6371,71902800
2010-03-23,47.9900,48.3000,47.7700,48.2500,41.9239,59182600
2010-03-24,48.1700,48.1700,47.9100,48.0200,41.7240,62995700
2010-03-25,48.4200,48.6000,47.9000,47.9500,41.6632,76294800
2010-03-26,48.1500,48.3300,47.7400,48.0000,41.7066,78067900
2010-03-29,48.2400,48.4000,48.1000,48.2300,41.9065,57993300
2010-03-30,48.3800,48.5500,48.0600,48.3900,42.0455,49437300
2010-03-31,48.2400,48.4500,48.0700,48.1600,41.8457,59947400
2010-04-01,48.3600,48.7000,47.7900,48.1600,41.8457,83728600
2010-04-05,48.2700,48.7200,48.1400,48.6100,42.2367,56220300
2010-04-06,48.5000,48.9000,48.3900,48.7500,42.3583,54097100
2010-04-07,48.6800,48.8700,48.3700,48.6300,42.2540,77211500
2010-04-08,48.4900,48.8200,48.2400,48.7400,42.3496,68314300
2010-04-09,48.7500,49.0500,48.6300,49.0300,42.6016,54227300
2010-04-12,49.0500,49.2000,48.9400,49.0700,42.6364,44280600
2010-04-13,49.0200,49.3500,48.8600,49.3200,42.8536,59376000
2010-04-14,49.5800,49.9200,49.5000,49.9100,43.3662,69004800
2010-04-15,49.8700,50.1900,49.8700,50.1300,43.5574,72254200
2010-04-16,49.9500,50.1200,49.2000,49.5300,43.0360,127388000
2010-04-19,49.3500,49.6600,48.9000,49.5000,43.0100,98251700
2010-04-20,49.7700,49.8800,49.4300,49.7500,43.2272,69543700
2010-04-21,50.0900,50.1900,49.7200,50.0300,43.4705,74748700
2010-04-22,49.5500,50.3600,49.2600,50.3100,43.7138,110477200
2010-04-23,50.3000,50.5700,50.0900,50.5200,43.8962,77205200
2010-04-26,50.5700,50.6500,50.3000,50.4100,43.8007,67361000
2010-04-27,50.2100,50.4300,49.2100,49.3400,42.8709,112608000
2010-04-28,49.6000,49.6300,48.9800,49.3700,42.8970,130082100
2010-04-29,49.6500,50.3300,49.6100,50.2300,43.6443,84180200
2010-04-30,50.2100,50.2900,49.2000,49.2400,42.7841,110897000
2010-05-03,49.4500,50.1700,49.4300,49.9300,43.3836,74169700
2010-05-04,49.3200,49.3200,48.0800,48.4300,42.0803,141136500
2010-05-05,47.9200,48.5000,47.6400,48.1800,41.8630,128560200
2010-05-06,47.8500,48.3200,42.6400,46.5700,40.4641,274356800
2010-05-07,46.2200,46.8000,44.2800,45.4100,39.4562,288200400
2010-05-10,47.4300,47.8000,47.3100,47.7700,41.5068,136041600
2010-05-11,47.2900,48.3900,47.2000,47.7200,41.4634,113016100
2010-05-12,47.9800,48.6600,47.9000,48.6200,42.2454,85462400
2010-05-13,48.4100,48.7900,47.7300,47.8500,41.5763,102844300
2010-05-14,47.4900,47.5200,46.3800,46.9300,40.7769,147386100
2010-05-17,47.0200,47.2700,46.0700,47.0800,40.9073,120969600
2010-05-18,47.4800,47.5800,46.2200,46.4300,40.3425,153072100
2010-05-19,46.2600,46.6300,45.5500,46.0600,40.0210,159000300
2010-05-20,45.1600,45.2800,44.2500,44.3500,38.5352,189289800
2010-05-21,43.6600,45.6400,43.4900,44.8400,38.9609,190631100
2010-05-24,44.8200,45.3300,44.6400,44.6600,38.8046,113038000
2010-05-25,43.6800,44.7600,43.2300,44.7000,38.8393,155643000
2010-05-26,45.0100,45.5700,44.1200,44.2000,38.4049,140203200
2010-05-27,45.2000,45.8900,45.0900,45.8700,39.8559,110671600
2010-05-28,45.9500,45.9900,45.2000,45.6000,39.6213,128535300
2010-06-01,45.4300,46.2500,45.1300,45.1800,39.2564,104242700
2010-06-02,45.4400,46.2800,45.1300,46.2500,40.1861,97249300
2010-06-03,46.3800,46.7700,46.0800,46.6900,40.5684,98928400
2010-06-04,45.7000,46.2900,44.9400,45.0900,39.1782,112849900
2010-06-07,45.3200,45.4600,44.2200,44.2700,38.4657,88436600
2010-06-08,44.3500,44.4800,43.5900,44.1900,38.3962,133030100
2010-06-09,44.5000,44.9100,43.6900,43.8200,38.0747,101949200
2010-06-10,44.3600,45.1200,44.2400,45.0700,39.1608,76892300
2010-06-11,44.6100,45.5400,44.6100,45.5000,39.5344,74346800
2010-06-14,45.9200,46.2400,45.4100,45.4900,39.5257,68085000
2010-06-15,45.7300,46.7700,45.4500,46.7100,40.5858,76332600
2010-06-16,46.5800,47.1400,46.5000,46.9000,40.7509,78399700
2010-06-17,47.1600,47.1800,46.6400,47.0500,40.8812,77111900
2010-06-18,47.0500,47.3400,46.8600,47.0000,40.9151,75921400
2010-06-21,47.6000,47.6800,46.3300,46.6000,40.5669,95488100
2010-06-22,46.8000,47.1400,46.1500,46.2400,40.2536,94493400
2010-06-23,46.2900,46.4700,45.6900,46.0500,40.0881,92397600
2010-06-24,45.8500,45.9900,45.2000,45.3500,39.4788,114145900
2010-06-25,45.5100,45.6600,44.9500,45.2700,39.4866,88740300
2010-06-28,45.2700,45.5500,44.8100,45.1100,39.3471,71350000
2010-06-29,44.4200,44.4600,43.0700,43.3700,37.8293,136384200
2010-06-30,43.2300,43.6700,42.6400,42.7100,37.2537,101313200
2010-07-01,42.8400,42.9600,41.7700,42.5900,37.1490,158695000
2010-07-02,42.6600,42.8200,42.0900,42.4700,37.0443,78565300
2010-07-06,43.1000,43.3700,42.2500,42.6000,37.1577,88591900
2010-07-07,42.7400,44.0100,42.7000,43.9600,38.3440,72448400
2010-07-08,44.3100,44.3800,43.6800,44.2000,38.5533,78264600
2010-07-09,44.1800,44.6300,44.0800,44.6200,38.9196,47851200
2010-07-12,44.5800,45.0300,44.4600,44.7500,39.0330,60927500
2010-07-13,45.1400,45.5000,44.8000,45.3300,39.5390,93310500
2010-07-14,45.4200,45.8100,45.2400,45.5600,39.7396,87687100
2010-07-15,45.4700,45.7400,44.9900,45.6000,39.7745,95992500
2010-07-16,45.4400,45.6300,44.3000,44.3400,38.6754,98831900
2010-07-19,44.4700,44.8100,44.1000,44.7200,39.0069,81800800
2010-07-20,44.0000,45.2600,43.8600,45.2600,39.4779,89061200
2010-07-21,45.7400,45.7600,44.5600,44.6400,38.9371,83577000
2010-07-22,45.2700,45.9800,45.2400,45.7700,39.9227,82890300
2010-07-23,45.4600,46.1000,45.3800,46.0600,40.1757,81056100
2010-07-26,46.1200,46.4600,45.9100,46.4400,40.5072,64850900
2010-07-27,46.6400,46.7200,46.2100,46.4200,40.4897,67655600
2010-07-28,46.3700,46.5800,45.8800,46.0500,40.1670,51988200
2010-07-29,46.3200,46.4100,45.2500,45.7100,39.8704,85669500
2010-07-30,45.3300,46.0900,45.0700,45.8100,39.9576,98958100
2010-08-02,46.3900,46.7900,46.2100,46.6700,40.7078,68706800
2010-08-03,46.6400,46.7000,46.2500,46.4700,40.5333,60856600
2010-08-04,46.6800,46.9900,46.5000,46.9400,40.9433,43820600
2010-08-05,46.7100,46.9200,46.5200,46.8300,40.8473,39150200
2010-08-06,46.3200,46.8500,46.0500,46.7600,40.7863,71339200
2010-08-09,47.0000,47.1900,46.7900,47.0800,41.0654,26927600
2010-08-10,46.7000,46.9500,46.2800,46.6700,40.7078,86694500
2010-08-11,45.9000,45.9200,45.2100,45.4000,39.6000,92219700
2010-08-12,44.5300,45.2400,44.4500,45.0400,39.2860,66000200
2010-08-13,44.8700,45.0600,44.7100,44.7200,39.0069,46387300
2010-08-16,44.5000,45.1100,44.3000,44.8000,39.0766,55472900
2010-08-17,45.1200,45.7800,45.0300,45.3700,39.5739,56927100
2010-08-18,45.2800,45.8200,45.1100,45.5500,39.7308,61835400
2010-08-19,45.2800,45.4600,44.5600,44.8600,39.1290,82969500
2010-08-20,44.7900,45.0300,44.5400,44.9200,39.1813,65806700
2010-08-23,45.2000,45.3400,44.4600,44.4800,38.7975,69612200
2010-08-24,43.9700,44.1200,43.4700,43.6500,38.0736,79095800
2010-08-25,43.3400,44.2600,43.2700,44.0700,38.4399,87247900
2010-08-26,44.2200,44.3200,43.5000,43.5400,37.9776,91199000
2010-08-27,43.8600,44.1600,42.9700,44.0700,38.4399,109568800
2010-08-30,43.8600,44.2500,43.6000,43.6100,38.0387,49373200
2010-08-31,43.3800,43.8500,43.1800,43.4600,37.9078,72066900
2010-09-01,44.1000,44.9100,44.0700,44.7600,39.0418,83523100
2010-09-02,44.8400,45.2800,44.7300,45.2600,39.4779,41816800
2010-09-03,45.7600,46.0200,45.5500,46.0100,40.1321,64041100
2010-09-07,45.8200,46.0300,45.6300,45.7000,39.8617,51195200
2010-09-08,45.8300,46.4500,45.8200,46.2500,40.3414,66879800
2010-09-09,46.6600,46.7000,46.3200,46.4300,40.4984,61476400
2010-09-10,46.4800,46.6700,46.2500,46.6000,40.6467,66995700
2010-09-13,46.9600,47.3700,46.9400,47.2500,41.2137,64523400
2010-09-14,47.1900,47.7000,47.0800,47.4500,41.3881,91405800
2010-09-15,47.3300,47.8000,47.1900,47.7500,41.6498,67108200
2010-09-16,47.6600,47.9800,47.5400,47.9400,41.8155,66885800
2010-09-17,48.1400,48.1400,47.7500,47.9900,41.9571,76372600
2010-09-20,48.1700,48.9300,48.1100,48.8300,42.6915,84475000
2010-09-21,48.8600,49.1700,48.6100,48.8200,42.6828,82272000
2010-09-22,48.6200,49.0200,48.4200,48.6900,42.5692,88315900
2010-09-23,48.3700,49.1600,48.3200,48.6700,42.5517,85040000
2010-09-24,49.2200,49.6900,49.1500,49.6600,43.4172,79495900
2010-09-27,49.6300,49.7500,49.3500,49.3900,43.1811,43859800
2010-09-28,49.5100,49.5400,48.5900,49.3700,43.1637,104922900
2010-09-29,49.3000,49.5300,49.1100,49.2900,43.0937,81679200
2010-09-30,49.5400,49.8400,48.7500,49.0700,42.9014,122458600
2010-10-01,49.4800,49.5300,48.7800,49.0100,42.8489,77675400
2010-10-04,48.8700,49.0500,48.2000,48.4800,42.3856,71359900
2010-10-05,49.0300,49.7600,49.0000,49.6600,43.4172,99301300
2010-10-06,49.6000,49.7100,48.9100,49.2300,43.0413,81831200
2010-10-07,49.5100,49.5400,49.0000,49.4100,43.1986,75693300
2010-10-08,49.4300,49.8700,49.0800,49.7500,43.4959,83223900
2010-10-11,49.7800,50.0200,49.6200,49.7700,43.5134,46880000
2010-10-12,49.6900,50.2100,49.2600,50.1100,43.8106,88571700
2010-10-13,50.4300,50.7500,50.2800,50.5200,44.1691,71122900
2010-10-14,50.5500,50.6400,50.1700,50.4200,44.0817,68464000
2010-10-15,51.0400,51.5000,50.6300,51.4900,45.0172,104654000
2010-10-18,51.5000,51.7200,51.3000,51.3000,44.8510,72399400
2010-10-19,50.8200,51.3000,50.4200,50.8200,44.4314,105739800
2010-10-20,50.9600,51.5700,50.8700,51.1900,44.7549,80861400
2010-10-21,51.5100,51.7100,50.7900,51.2900,44.8423,85885400
2010-10-22,51.3000,51.6900,51.2100,51.6400,45.1483,47406900
2010-10-25,51.8500,52.2300,51.8500,51.8900,45.3669,51413900
2010-10-26,51.6300,52.1500,51.4200,52.0300,45.4893,60498300
2010-10-27,51.7600,52.2300,51.6600,52.1900,45.6292,57483400
2010-10-28,52.4100,52.4500,51.8400,52.3000,45.7253,61220000
2010-10-29,52.3000,52.4900,52.1700,52.1800,45.6204,46668700
2010-11-01,52.3700,52.7500,51.9800,52.2200,45.6554,60555600
2010-11-02,52.6500,52.9300,52.5800,52.7800,46.1450,48137500
2010-11-03,52.8300,53.0400,52.3600,53.0200,46.3548,126225800
2010-11-04,53.6000,53.8600,53.5000,53.6700,46.9231,84201000
2010-11-05,53.7000,53.8100,53.5100,53.6700,46.9231,77937100
2010-11-08,53.5800,53.8300,53.4500,53.7400,46.9843,39623500
2010-11-09,53.9500,54.0400,53.2100,53.4500,46.7308,66828700
2010-11-10,53.5200,53.7700,53.1000,53.7200,46.9668,83553700
2010-11-11,52.9100,53.4800,52.6600,53.3800,46.6696,85163600
2010-11-12,53.1000,53.3700,52.1100,52.5100,45.9089,99164300
2010-11-15,52.7800,52.8800,52.2900,52.3100,45.7341,56723400
2010-11-16,51.9400,52.2500,50.8500,51.4500,44.9822,101097000
2010-11-17,51.4800,51.8700,51.3500,51.6000,45.1133,77836200
2010-11-18,52.1600,52.7900,52.1300,52.4300,45.8390,71488300
2010-11-19,52.3600,52.5900,52.1400,52.4700,45.8740,54506100
2010-11-22,52.2600,52.9100,52.1700,52.9100,46.2586,69918900
2010-11-23,52.3700,52.4500,51.7700,52.0700,45.5242,76818300
2010-11-24,52.5800,53.2500,52.5600,53.1200,46.4423,53444200
2010-11-26,52.7800,53.1300,52.6700,52.7700,46.1362,23640300
2010-11-29,52.7000,52.9000,52.1000,52.7300,46.1013,89269100
2010-11-30,52.1800,52.7400,51.8800,52.0900,45.5417,118862100
2010-12-01,52.8600,53.4600,52.8400,53.1900,46.5035,81758800
2010-12-02,53.2700,53.8100,53.2100,53.7300,46.9756,56844600
2010-12-03,53.5000,53.9400,53.5000,53.8700,47.0980,38014200
2010-12-06,53.8800,53.9500,53.6800,53.8500,47.0805,39312000
2010-12-07,54.5000,54.5200,53.8200,53.8800,47.1067,59067300
2010-12-08,54.0200,54.1500,53.6900,54.0800,47.2816,48066900
2010-12-09,54.4100,54.4400,53.9500,54.1300,47.3253,51679800
2010-12-10,54.2900,54.5500,54.0900,54.4900,47.6400,44696200
2010-12-13,54.7000,54.7400,54.2700,54.3000,47.4739,53110200
2010-12-14,54.4400,54.6200,54.2300,54.4000,47.5613,69884800
2010-12-15,54.3700,54.7000,54.0300,54.1600,47.3515,76951900
2010-12-16,54.2100,54.6600,54.0600,54.5800,47.7187,65519400
2010-12-17,54.5400,54.6800,54.4100,54.5200,47.7608,36844200
2010-12-20,54.6200,54.7600,54.1600,54.5600,47.7958,48159600
2010-12-21,54.7700,54.8900,54.6200,54.8900,48.0849,35775400
2010-12-22,54.8700,54.9600,54.7900,54.8800,48.0761,35766500
2010-12-23,54.7800,54.8700,54.6100,54.7400,47.9535,21664800
2010-12-27,54.5800,54.8600,54.2100,54.7700,47.9798,29263700
2010-12-28,54.8800,54.9200,54.5500,54.6700,47.8922,24160500
2010-12-29,54.8200,54.9000,54.7300,54.7900,47.9973,24132700
2010-12-30,54.7900,54.8000,54.5500,54.6600,47.8834,27553300
2010-12-31,54.5900,54.6200,54.2100,54.4600,47.7082,38540100
2011-01-03,54.9700,55.6900,54.9500,55.3100,48.4528,90994300
2011-01-04,55.5100,55.5500,54.9200,55.2700,48.4178,43851500
2011-01-05,55.1000,55.7600,55.0700,55.7400,48.8295,43787400
2011-01-06,55.8000,55.9600,55.6800,55.9200,48.9872,46139600
2011-01-07,56.0200,56.0500,55.3200,55.8700,48.9434,72261700
2011-01-10,55.7500,56.1800,55.5800,56.0800,49.1274,55551800
2011-01-11,56.3100,56.3600,55.9500,56.1600,49.1975,56663800
2011-01-12,56.4300,56.5600,56.2000,56.5600,49.5479,51979300
2011-01-13,56.6000,56.7300,56.4100,56.5800,49.5654,47364500
2011-01-14,56.6000,57.0200,56.4600,57.0000,49.9333,43867400
2011-01-18,56.5700,57.2300,56.4900,57.1600,50.0735,65805600
2011-01-19,57.2600,57.2600,56.3200,56.5100,49.5040,67767200
2011-01-20,56.2700,56.3500,55.6800,56.1100,49.1536,92357800
2011-01-21,56.3900,56.4900,55.6500,55.6800,48.7769,59673300
2011-01-24,55.7900,56.4600,55.6800,56.4500,49.4515,64103300
2011-01-25,56.1700,56.5500,56.0500,56.5300,49.5216,55305100
2011-01-26,56.6100,56.9800,56.4500,56.8300,49.7844,60547700
2011-01-27,57.0100,57.3500,56.9200,57.1800,50.0910,53656100
2011-01-28,57.1700,57.2200,55.4700,55.7300,48.8208,123359900
2011-01-31,55.8100,56.1600,55.3900,56.0000,49.0573,70571300
2011-02-01,56.4200,57.1800,56.3600,57.0500,49.9771,76952900
2011-02-02,56.9300,57.1700,56.8400,56.9600,49.8983,48661000
2011-02-03,56.8500,57.1400,56.4000,57.0600,49.9859,45341900
2011-02-04,57.0500,57.4200,56.9000,57.3800,50.2662,47647800
2011-02-07,57.4900,57.9700,57.4000,57.6500,50.5027,45627100
2011-02-08,57.6700,58.0700,57.5600,58.0300,50.8356,38099900
2011-02-09,57.9400,58.1200,57.7500,57.9300,50.7480,62540800
2011-02-10,57.5500,58.1000,57.4900,58.0200,50.8269,70194700
2011-02-11,57.8500,58.4800,57.7700,58.4400,51.1948,47853500
2011-02-14,58.4400,58.6600,58.3800,58.5800,51.3174,48506100
2011-02-15,58.4400,58.5700,58.2300,58.5000,51.2473,39723800
2011-02-16,58.6500,59.0400,58.6300,58.8800,51.5802,53061700
2011-02-17,58.5900,58.9700,58.5500,58.8600,51.5627,38361900
2011-02-18,58.8600,58.9700,58.5100,58.7300,51.4488,44334300
2011-02-22,57.9300,58.1300,56.9400,57.0300,49.9596,92598100
2011-02-23,57.0300,57.2300,56.1300,56.5600,49.5479,97842900
2011-02-24,56.6800,57.0300,56.1400,56.8600,49.8107,98716100
2011-02-25,57.1800,57.7200,57.1200,57.6500,50.5027,54094600
2011-02-28,57.8800,58.0500,57.4300,57.7700,50.6078,51402800
2011-03-01,58.0200,58.0200,56.7000,56.8400,49.7931,91993900
2011-03-02,56.8100,57.5100,56.7900,57.1400,50.0560,61552900
2011-03-03,57.6700,58.3700,57.6700,58.2700,51.0458,64146600
2011-03-04,58.2500,58.2600,57.5900,57.9700,50.7830,62328400
2011-03-07,58.2100,58.2600,56.6700,57.1900,50.0997,98470000
2011-03-08,57.1200,57.6800,56.7700,57.4200,50.3012,62399100
2011-03-09,57.2100,57.2700,56.7200,57.0300,49.9596,84764200
2011-03-10,56.3900,56.5200,55.9100,56.1400,49.1799,102894400
2011-03-11,55.8200,56.6600,55.8200,56.4900,49.4865,81679400
2011-03-14,56.1800,56.5900,55.8600,56.2900,49.3113,73565800
2011-03-15,54.6400,55.8200,54.4700,55.4900,48.6105,101276500
2011-03-16,55.0300,55.3400,53.7700,54.1500,47.4366,176507700
2011-03-17,55.0100,55.2400,54.1300,54.6500,47.8747,94434500
2011-03-18,55.2200,55.2200,54.4100,54.4500,47.7668,94887200
2011-03-21,55.2800,55.7800,54.5000,55.5000,48.6879,57423000
2011-03-22,55.5800,55.6100,55.2800,55.4000,48.6001,36162100
2011-03-23,55.2000,55.8700,54.8200,55.7100,48.8721,60365100
2011-03-24,56.1300,56.8200,55.8200,56.7000,49.7406,69502400
2011-03-25,56.8800,57.2200,56.7300,56.8400,49.8634,74131100
2011-03-28,57.0900,57.1000,56.5000,56.5300,49.5914,37824000
2011-03-29,56.4000,57.0800,56.2300,57.0800,50.0739,47994800
2011-03-30,57.3600,57.4300,57.0800,57.3500,50.3108,44935900
2011-03-31,57.2500,57.4800,57.1500,57.4300,50.3810,50004300
2011-04-01,57.7200,57.9000,57.2900,57.4600,50.4073,68031800
2011-04-04,57.6200,57.6800,57.0200,57.2700,50.2406,48659100
2011-04-05,57.1600,57.4900,57.0000,57.1200,50.1090,55349400
2011-04-06,57.5600,57.7300,56.9300,57.2600,50.2318,49532100
2011-04-07,57.2400,57.6000,56.8100,57.2200,50.1968,60697000
2011-04-08,57.4800,57.5700,56.6500,56.9500,49.9599,42782200
2011-04-11,57.1700,57.2900,56.5600,56.7600,49.7932,42451700
2011-04-12,56.5000,56.6400,56.1500,56.3700,49.4511,50422800
2011-04-13,56.7900,57.0000,56.4000,56.8500,49.8722,49979800
2011-04-14,56.4600,56.8300,56.2300,56.7500,49.7844,53544100
2011-04-15,56.5300,56.8700,56.2800,56.6500,49.6967,68530000
2011-04-18,56.0800,56.2700,55.3200,56.2500,49.3458,69065000
2011-04-19,56.4000,56.6000,56.1000,56.6000,49.6528,38608400
2011-04-20,57.6000,57.9400,57.5300,57.8800,50.7758,67397500
2011-04-21,58.4400,58.4700,58.1600,58.3400,51.1793,43666800
2011-04-25,58.3900,58.5200,58.2800,58.4900,51.3109,25376800
2011-04-26,58.6400,59.0300,58.5100,58.8200,51.6004,49400000
2011-04-27,58.9300,59.2900,58.6600,59.2200,51.9513,56465500
2011-04-28,59.0400,59.2300,58.8800,59.1300,51.8723,48100000
2011-04-29,59.0200,59.2900,58.9800,59.0800,51.8284,44831200
2011-05-02,59.1700,59.3400,58.8200,58.9700,51.7320,48149400
2011-05-03,58.9400,59.0000,58.3300,58.6900,51.4863,38100000
2011-05-04,58.7200,58.8700,58.1100,58.6000,51.4074,53097200
2011-05-05,58.3100,58.9700,58.0800,58.2800,51.1267,72200000
2011-05-06,58.8600,59.2000,58.3100,58.4700,51.2933,72507000
2011-05-09,58.5700,58.9200,58.3400,58.6900,51.4863,40022000
2011-05-10,58.8600,59.2800,58.7800,59.1900,51.9250,38053600
2011-05-11,59.1000,59.3100,58.3600,58.7600,51.5477,61900000
2011-05-12,58.5800,59.1900,58.2400,59.1100,51.8548,66100000
2011-05-13,58.9700,59.0700,58.3900,58.4100,51.2407,63506600
2011-05-16,58.1400,58.3200,57.2700,57.4000,50.3547,73115300
2011-05-17,57.1000,57.5700,56.9800,57.5600,50.4950,63136000
2011-05-18,57.4800,58.1400,57.4100,58.0400,50.9161,42351100
2011-05-19,58.2200,58.3400,57.8500,58.2100,51.0652,35015800
2011-05-20,58.1500,58.2100,57.6900,57.7700,50.6793,44703300
2011-05-23,56.9800,57.1500,56.6500,56.9200,49.9336,43700000
2011-05-24,57.0600,57.0700,56.5600,56.5700,49.6265,39314800
2011-05-25,56.5000,57.0600,56.4700,56.7900,49.8195,41369000
2011-05-26,56.6200,57.3000,56.6100,57.1400,50.1266,40564100
2011-05-27,57.2400,57.4900,57.1900,57.4300,50.3810,30127200
2011-05-31,57.9700,58.3600,57.6700,58.3600,51.1968,47590100
2011-06-01,58.2200,58.3600,57.0400,57.0900,50.0827,51795000
2011-06-02,57.2000,57.4100,56.8900,57.2100,50.1880,50198100
2011-06-03,56.5500,56.9900,56.2700,56.3500,49.4335,57773700
2011-06-06,56.2200,56.5300,55.8600,55.8900,49.0300,50175600
2011-06-07,56.0400,56.2600,55.7500,55.7900,48.9423,46311100
2011-06-08,55.6700,55.7700,55.2300,55.3900,48.5914,46426400
2011-06-09,55.4100,55.7600,55.2300,55.4900,48.6791,45307500
2011-06-10,55.2300,55.3400,54.5900,54.6400,47.9334,53740600
2011-06-13,54.6700,54.9300,54.4500,54.6400,47.9334,37736800
2011-06-14,55.0600,55.4700,55.0300,55.3400,48.5475,40565300
2011-06-15,54.8100,55.1500,54.1800,54.2900,47.6264,59022400
2011-06-16,54.3200,54.5000,53.6200,54.0800,47.4422,66316200
2011-06-17,54.4000,54.6000,53.6300,53.7900,47.2936,70337000
2011-06-20,53.6400,54.2300,53.6400,54.0700,47.5398,37402900
2011-06-21,54.2600,55.2900,54.0300,55.2300,48.5597,55892800
2011-06-22,55.0000,55.3200,54.8200,54.8300,48.2080,36833300
2011-06-23,54.2400,55.3700,54.0600,55.3400,48.6564,80743300
2011-06-24,55.0800,55.1300,54.2700,54.3800,47.8123,56298300
2011-06-27,54.4400,55.5300,54.3200,55.2500,48.5773,49968900
2011-06-28,55.3700,56.0800,55.2900,56.0700,49.2982,47028800
2011-06-29,56.2000,56.4100,55.9000,56.3000,49.5004,65407300
2011-06-30,56.5000,57.0900,56.4700,57.0500,50.1599,50347200
2011-07-01,57.0800,57.9900,56.9200,57.9100,50.9160,53203900
2011-07-05,57.9700,58.2600,57.8300,58.2000,51.1710,43128800
2011-07-06,58.1300,58.4900,57.9400,58.3900,51.3380,49282700
2011-07-07,58.8300,59.3600,58.7400,59.1900,52.0414,54799800
2011-07-08,58.6800,59.0400,58.3700,59.0300,51.9007,69519500
2011-07-11,58.4100,58.7100,57.7600,57.9600,50.9599,52080800
2011-07-12,57.9500,58.0700,57.4600,57.5200,50.5731,84000700
2011-07-13,57.9400,58.3400,57.5500,57.7600,50.7841,82378100
2011-07-14,57.9100,58.1800,56.8700,57.0900,50.1950,98774200
2011-07-15,57.7300,57.8500,57.3100,57.8500,50.8632,68281500
2011-07-18,57.5300,57.7900,56.9800,57.5400,50.5907,59512200
2011-07-19,58.0900,58.9000,58.0900,58.8500,51.7425,73904600
2011-07-20,59.1800,59.1900,58.5000,58.6000,51.5226,57085500
2011-07-21,58.6600,59.3200,58.3400,58.9900,51.8655,70148800
2011-07-22,58.9600,59.7000,58.9200,59.6000,52.4019,43620400
2011-07-25,59.1300,59.8100,59.0200,59.4800,52.2964,48916100
2011-07-26,59.4400,59.8300,59.3200,59.6300,52.4282,40918900
2011-07-27,59.2400,59.2900,57.9400,58.0900,51.0742,83969500
2011-07-28,58.1200,58.9300,57.8900,58.1900,51.1622,61031900
2011-07-29,57.7200,58.6100,57.4400,58.0000,50.9951,82860500
2011-08-01,58.7000,58.8200,57.0300,57.7300,50.7577,85421100
2011-08-02,57.4600,57.7200,56.2100,56.2700,49.4740,90853300
2011-08-03,56.3400,56.8800,55.3500,56.8100,49.9488,103612300
2011-08-04,56.0000,56.0900,54.1700,54.1700,47.6277,132830000
2011-08-05,54.7200,55.0300,52.3200,53.8300,47.3288,214111800
2011-08-08,52.1800,53.1200,50.5900,50.5900,44.4800,204804500
2011-08-09,51.3500,53.0800,49.9300,53.0300,46.6254,193707100
2011-08-10,51.8300,53.0400,50.8000,50.8600,44.7175,205917900
2011-08-11,51.5900,53.6900,51.3400,53.1000,46.6869,143825300
2011-08-12,53.4300,53.9000,52.8800,53.5700,47.1001,90483300
2011-08-15,53.7900,54.3600,53.5300,54.3600,47.7947,73554300
2011-08-16,53.8300,54.3500,53.1800,53.9000,47.3903,89219200
2011-08-17,53.9700,54.4200,53.0200,53.5800,47.1089,84416600
2011-08-18,52.1300,52.1400,50.4800,50.9500,44.7966,130019400
2011-08-19,50.4200,51.6700,49.9900,50.0300,43.9877,96674600
2011-08-22,51.2300,51.2400,50.0600,50.2100,44.1459,77107700
2011-08-23,50.5500,52.2800,50.3400,52.2800,45.9659,75688400
2011-08-24,52.1300,52.7900,51.7100,52.6900,46.3264,80197700
2011-08-25,52.6600,52.9000,51.6500,51.8300,45.5703,93623700
2011-08-26,51.6600,53.3100,51.1500,53.1300,46.7133,91573300
2011-08-29,53.6600,54.6700,53.6400,54.6100,48.0145,45985800
2011-08-30,54.4100,55.3000,54.1100,54.9700,48.3311,61617900
2011-08-31,55.3000,55.7400,54.6000,55.0600,48.4102,60900400
2011-09-01,55.2000,55.6400,54.4600,54.5600,47.9706,57158400
2011-09-02,53.5800,54.6100,52.9900,53.2800,46.8452,58185700
2011-09-06,52.0400,53.3700,51.9100,53.2900,46.8540,52992200
2011-09-07,54.0500,54.6500,53.9000,54.6400,48.0409,48952200
2011-09-08,54.3600,55.1700,54.2100,54.3900,47.8211,61422800
2011-09-09,54.0100,54.2400,52.8500,53.1800,46.7572,63663500
2011-09-12,52.5900,53.9000,52.5700,53.8600,47.3551,65973000
2011-09-13,54.0600,54.6900,53.8000,54.5800,47.9882,59020000
2011-09-14,54.8600,55.9800,54.3200,55.3600,48.6740,90757300
2011-09-15,55.9600,56.2800,55.3900,56.1800,49.3949,83536100
2011-09-16,56.2000,56.6500,56.0900,56.5900,49.8477,91902100
2011-09-19,55.8900,56.9100,55.4300,56.6100,49.8653,73042900
2011-09-20,56.9000,57.3500,56.2300,56.3600,49.6451,66570100
2011-09-21,56.6500,56.9300,55.3700,55.3800,48.7818,79938000
2011-09-22,53.9700,54.4600,52.7500,53.5800,47.1963,151885500
2011-09-23,53.1300,54.3800,53.0900,54.1500,47.6984,85940600
2011-09-26,54.4200,54.8800,53.2100,54.7800,48.2533,96261400
2011-09-27,55.7100,56.2000,54.9800,55.3500,48.7554,81148600
2011-09-28,55.5900,55.9700,54.4000,54.5300,48.0331,76757100
2011-09-29,55.3600,55.4300,52.9700,53.8800,47.4606,116900200
2011-09-30,53.1600,53.6100,52.4600,52.4900,46.2362,104870100
2011-10-03,52.0200,52.8500,51.1100,51.1400,45.0470,99149500
2011-10-04,50.6200,52.2900,50.1000,52.1900,45.9719,137013700
2011-10-05,52.0600,53.6800,51.6600,53.5300,47.1523,108825700
2011-10-06,53.4600,54.4400,53.2100,54.4300,47.9450,71939200
2011-10-07,54.4000,54.6600,53.7200,54.0700,47.6279,72525200
2011-10-10,54.9900,55.9400,54.8900,55.9400,49.2751,48230200
2011-10-11,55.7900,56.4600,55.7000,56.3200,49.6099,66449100
2011-10-12,56.8600,57.2300,56.5600,56.6000,49.8565,85627600
2011-10-13,56.4900,57.1900,56.4300,57.1200,50.3145,63443700
2011-10-14,57.8200,58.1900,57.5100,58.1800,51.2482,65643600
2011-10-17,57.9100,58.0900,56.9700,57.2800,50.4555,65161300
2011-10-18,57.1900,58.2900,56.6600,57.9900,51.0809,91434600
2011-10-19,57.6700,57.8500,56.6800,56.8700,50.0943,67639400
2011-10-20,56.8600,56.9200,55.7900,56.5900,49.8477,80378300
2011-10-21,57.1900,57.6600,56.7800,57.3000,50.4731,60455800
2011-10-24,57.5100,58.6500,57.3100,58.4900,51.5213,61449500
2011-10-25,58.3000,58.3200,57.2200,57.3400,50.5083,65299200
2011-10-26,57.6600,57.7800,56.2100,57.2700,50.4467,98193800
2011-10-27,58.6400,59.2000,58.0300,58.8500,51.8384,104455500
2011-10-28,58.5200,59.0100,58.5000,58.9400,51.9177,42950000
2011-10-31,58.4300,58.6400,57.9100,57.9500,51.0456,60520200
2011-11-01,56.5200,57.9100,56.1200,56.4400,49.7156,99933000
2011-11-02,57.0300,57.1600,56.3800,56.9200,50.1384,65003800
2011-11-03,57.3700,58.1800,56.7100,58.1000,51.1778,78994200
2011-11-04,57.8200,58.0500,57.2200,57.8000,50.9135,61527800
2011-11-07,57.7600,58.2500,57.1700,58.2100,51.2747,65559000
2011-11-08,58.6300,58.9800,57.9700,58.8800,51.8648,62906900
2011-11-09,57.7400,57.8300,56.6300,56.8100,50.0415,69539000
2011-11-10,57.3700,57.4200,56.2300,56.7800,50.0151,66052400
2011-11-11,57.2700,58.0200,57.2000,57.8500,50.9576,54471000
2011-11-14,57.6900,58.0100,57.2800,57.4900,50.6404,44617600
2011-11-15,57.3200,58.3600,57.2600,58.1300,51.2042,52203900
2011-11-16,57.7100,58.1600,57.0600,57.1700,50.3586,68342800
2011-11-17,57.0200,57.0400,55.4800,55.8300,49.1782,101706900
2011-11-18,55.8400,55.9000,55.3000,55.4000,48.7995,60417000
2011-11-21,54.6500,54.7300,53.7800,54.3400,47.8658,52283700
2011-11-22,54.2000,54.6800,53.8700,54.5200,48.0243,51940100
2011-11-23,54.1100,54.1700,53.2600,53.2900,46.9408,48437300
2011-11-25,53.0600,53.6700,52.8700,52.8800,46.5797,25448100
2011-11-28,54.1700,54.7900,54.1400,54.7200,48.2005,46710700
2011-11-29,54.6900,55.1000,54.2200,54.3800,47.9010,52056700
2011-11-30,55.8600,56.4400,55.6700,56.3900,49.6715,66918600
2011-12-01,56.3800,56.9300,56.3500,56.7800,50.0151,45362200
2011-12-02,57.3400,57.3400,56.5700,56.6200,49.8741,36938900
2011-12-05,57.4700,57.6200,56.9200,57.2400,50.4203,40492200
2011-12-06,57.2900,57.4500,56.8900,57.0800,50.2793,38670000
2011-12-07,56.9200,57.3400,56.3500,57.0800,50.2793,44576200
2011-12-08,56.7100,57.1500,56.0100,56.1200,49.4337,51692600
2011-12-09,56.2600,57.1900,56.2400,57.0200,50.2264,55757900
2011-12-12,56.4200,57.0100,55.9000,56.3800,49.6627,55411700
2011-12-13,56.7500,56.9800,55.5300,55.7600,49.1166,68557700
2011-12-14,55.5500,55.5900,54.5800,54.8900,48.3502,63682800
2011-12-15,55.3600,55.4200,54.6600,54.7400,48.2181,58732900
2011-12-16,54.8700,55.6100,54.7700,54.8600,48.4663,60978900
2011-12-19,55.0700,55.2000,54.1700,54.3200,47.9893,46733900
2011-12-20,55.2000,56.0000,55.1700,55.9300,49.4117,81758800
2011-12-21,55.6000,55.6400,54.4900,55.1300,48.7049,78552300
2011-12-22,55.2500,55.6300,55.1700,55.6000,49.1201,40334100
2011-12-23,55.7100,56.0800,55.5800,56.0800,49.5442,26594600
2011-12-27,55.9900,56.4200,55.9300,56.2400,49.7290,21443500
2011-12-28,56.1700,56.2600,55.4400,55.5900,49.1542,38180100
2011-12-29,55.6800,56.0300,55.5000,55.9900,49.5079,28077900
2011-12-30,55.8700,56.1200,55.8200,55.8300,49.3664,21832400
2012-01-03,56.9100,57.1900,56.7500,56.9000,50.3126,39514100
2012-01-04,56.8100,57.2200,56.5600,57.1400,50.5248,29403400
2012-01-05,57.0200,57.6600,56.8000,57.6100,50.9404,41260600
2012-01-06,57.6200,57.9400,57.4000,57.8100,51.1172,46325200
2012-01-09,57.9600,57.9800,57.4300,57.6200,50.9492,39195500
2012-01-10,58.2300,58.4000,57.6400,58.0400,51.3206,35949900
2012-01-11,58.0300,58.2900,57.8100,58.1600,51.4267,37144100
2012-01-12,58.2900,58.4700,57.8600,58.3900,51.6301,26188300
2012-01-13,58.0800,58.2000,57.6800,58.1800,51.4444,35980400
2012-01-17,58.6900,58.9600,58.4900,58.7100,51.9130,41790800
2012-01-18,58.8200,59.4900,58.6800,59.4900,52.6027,48692700
2012-01-19,59.7600,59.9700,59.6500,59.8600,52.9299,47774500
2012-01-20,59.6000,59.8000,59.5600,59.7700,52.8503,41041700
2012-01-23,59.7800,60.2100,59.4400,59.7900,52.8680,40958300
2012-01-24,59.5200,59.8400,59.4100,59.6800,52.7707,38440200
2012-01-25,60.2600,60.5800,59.8300,60.4300,53.4339,61591800
2012-01-26,60.6900,60.8000,59.9300,60.2200,53.2482,37852700
2012-01-27,60.0900,60.5100,60.0600,60.4000,53.4074,45532300
2012-01-30,59.8900,60.5400,59.6600,60.4500,53.4516,42797800
2012-01-31,60.7500,60.8600,60.1400,60.5300,53.5223,51449600
2012-02-01,60.8800,61.2400,60.6600,61.0200,53.9556,46146700
2012-02-02,61.2200,61.4100,60.9700,61.2100,54.1236,46373600
2012-02-03,61.7800,62.1200,61.6800,62.0500,54.8663,36453800
2012-02-06,61.8200,62.0200,61.6600,62.0000,54.8221,28541300
2012-02-07,61.9500,62.2500,61.6700,62.1300,54.9371,37935700
2012-02-08,62.1400,62.4600,61.9100,62.4600,55.2289,41171100
2012-02-09,62.7000,62.9800,62.3200,62.9100,55.6268,46856400
2012-02-10,62.4600,62.6400,62.2500,62.4700,55.2377,58090500
2012-02-13,62.9400,63.1300,62.6500,63.0500,55.7506,36810200
2012-02-14,62.9100,63.2200,62.6900,63.2100,55.8920,51648200
2012-02-15,63.5100,63.8600,62.6700,62.7700,55.5030,105709100
2012-02-16,62.7900,63.7000,62.6300,63.6300,56.2634,83642300
2012-02-17,63.6400,63.6900,63.1500,63.4300,56.0866,76112300
2012-02-21,63.5000,63.8900,63.2100,63.6100,56.2457,38141300
2012-02-22,63.4900,63.6800,63.2300,63.3200,55.9893,43174700
2012-02-23,63.4000,63.8100,63.0900,63.7400,56.3607,54250000
2012-02-24,63.9200,64.0700,63.8000,63.9600,56.5552,41364900
2012-02-27,63.6100,64.2600,63.3300,64.0500,56.6348,42678500
2012-02-28,64.1100,64.7000,64.0300,64.7000,57.2095,43717500
2012-02-29,64.7500,64.9600,64.2000,64.4100,56.9531,59784400
2012-03-01,64.6500,64.9800,64.4600,64.9200,57.4041,67558900
2012-03-02,64.8300,65.0800,64.6600,64.8700,57.3599,33358200
2012-03-05,64.8300,64.9100,63.9900,64.2000,56.7674,45788800
2012-03-06,63.5700,63.7200,63.2300,63.5700,56.2104,54638600
2012-03-07,63.8700,64.2100,63.7700,64.0600,56.6436,42741800
2012-03-08,64.4400,64.9400,64.3000,64.7500,57.2538,43711100
2012-03-09,64.8600,65.1400,64.8200,65.0200,57.4925,43117200
2012-03-12,65.0000,65.1100,64.7200,65.0500,57.5190,32687300
2012-03-13,65.4000,66.2600,65.2700,66.2600,58.5889,61559100
2012-03-14,66.3300,66.7400,66.0800,66.4900,58.7923,59926900
2012-03-15,66.6900,66.8200,66.3500,66.6800,58.9603,65531200
2012-03-16,66.6700,66.6700,66.3600,66.5200,58.9187,53023100
2012-03-19,66.6300,67.1500,66.4500,66.9900,59.3350,60966200
2012-03-20,66.6400,67.1800,66.4600,67.1100,59.4412,47290600
2012-03-21,67.1200,67.4900,67.0300,67.1200,59.4501,39648100
2012-03-22,66.7200,67.1400,66.6800,66.9800,59.3261,56953900
2012-03-23,67.0600,67.0800,66.5600,66.9400,59.2907,45541700
2012-03-26,67.3900,68.1100,67.3300,68.1100,60.3270,40855300
2012-03-27,68.1600,68.4900,68.1300,68.2100,60.4156,37278200
2012-03-28,68.2500,68.5100,67.5400,67.9400,60.1764,44421900
2012-03-29,67.6000,67.9300,67.2000,67.6800,59.9461,53975300
2012-03-30,67.9800,68.0200,67.2800,67.5500,59.8310,39480900
2012-04-02,67.4800,68.3400,67.3600,68.2500,60.4510,40031600
2012-04-03,68.3100,68.5500,67.8500,68.2300,60.4333,45539900
2012-04-04,67.7200,67.7600,66.9100,67.3000,59.6095,54088100
2012-04-05,67.1800,67.7800,67.1300,67.7200,59.9816,42979900
2012-04-09,66.8800,67.4800,66.7600,67.2100,59.5298,36908200
2012-04-10,67.1800,67.4400,65.9200,66.1300,58.5732,69254200
2012-04-11,66.7100,66.8900,66.2800,66.4500,58.8567,62950000
2012-04-12,66.5800,67.2800,66.4800,67.2100,59.5298,57407400
2012-04-13,66.9800,67.2000,66.1600,66.1900,58.6264,55227500
2012-04-16,66.5200,66.5600,65.2400,65.4500,57.9709,57588000
2012-04-17,65.7300,66.9900,65.6300,66.7800,59.1490,47362400
2012-04-18,66.5900,67.0000,66.4100,66.6100,58.9984,42536100
2012-04-19,66.3700,67.1700,65.6200,65.8600,58.3341,81110900
2012-04-20,66.2200,66.5100,65.5800,65.6800,58.1747,59906900
2012-04-23,65.0600,65.1800,64.4900,65.0800,57.6432,70514400
2012-04-24,64.9600,65.2300,64.4500,64.7300,57.3332,49661500
2012-04-25,66.0700,66.4900,65.9700,66.4500,58.8567,57526900
2012-04-26,66.4400,66.9900,66.3500,66.8400,59.2021,41799500
2012-04-27,67.1200,67.4500,66.7700,67.2400,59.5564,46003800
2012-04-30,67.0400,67.1700,66.7100,66.7600,59.1313,37787700
2012-05-01,66.6900,67.6300,66.5900,66.8700,59.2287,37643800
2012-05-02,66.5400,67.1100,66.3800,67.0600,59.3970,38299300
2012-05-03,67.1000,67.1500,66.1800,66.3500,58.7681,51297600
2012-05-04,65.7400,66.3500,64.6900,64.7000,57.3067,107554000
2012-05-07,64.3100,65.0700,64.2900,64.7600,57.3598,50267800
2012-05-08,64.3500,64.7400,63.4800,64.5200,57.1472,72659700
2012-05-09,63.7700,64.6800,63.5100,64.3200,56.9701,85715300
2012-05-10,64.6100,64.6300,63.9500,64.1900,56.8549,49448900
2012-05-11,63.9700,64.8600,63.9100,64.1800,56.8461,47099900
2012-05-14,63.6300,64.0800,63.4800,63.5800,56.3146,46360000
2012-05-15,63.7500,64.2700,63.2600,63.3700,56.1286,66908600
2012-05-16,63.5900,63.7800,62.8100,62.9400,55.7478,52825900
2012-05-17,62.9600,63.0600,61.6000,61.6100,54.5697,62253900
2012-05-18,61.8000,61.9600,60.7600,60.8100,53.8612,79496500
2012-05-21,60.9300,62.5700,60.8500,62.5100,55.3669,61473000
2012-05-22,62.6900,62.9500,61.9900,62.4400,55.3049,62954800
2012-05-23,61.9100,62.7100,61.3700,62.5600,55.4112,56951100
2012-05-24,62.6500,62.7100,61.6900,62.1500,55.0481,83131200
2012-05-25,62.2100,62.3200,61.8900,62.0700,54.9772,32078900
2012-05-29,62.6500,63.1500,62.2800,62.8600,55.6769,44216700
2012-05-30,62.2900,62.5500,61.6800,62.3300,55.2075,56431800
2012-05-31,62.2500,62.4100,61.5900,62.0600,54.9683,55260100
2012-06-01,60.9400,61.3200,60.3900,60.4100,53.5069,71430800
2012-06-04,60.5800,60.9600,60.0400,60.8700,53.9143,74119500
2012-06-05,60.6600,61.2400,60.6300,61.1200,54.1357,47916900
2012-06-06,61.5800,62.5700,61.5200,62.5200,55.3758,58781800
2012-06-07,63.1800,63.1800,62.2200,62.2700,55.1543,38414800
2012-06-08,62.1700,62.9500,61.9600,62.8700,55.6858,39730800
2012-06-11,63.3500,63.3800,61.7700,61.8100,54.7469,51008900
2012-06-12,62.1000,62.5900,61.6800,62.5600,55.4112,48802600
2012-06-13,62.3800,62.8500,61.9200,62.1300,55.0303,50840100
2012-06-14,62.1200,62.6100,61.8000,62.3600,55.2341,65170600
2012-06-15,62.3900,63.0800,62.3600,62.9900,55.9203,41536100
2012-06-18,62.7300,63.7400,62.6300,63.5800,56.4441,32191200
2012-06-19,63.9000,64.5100,63.8500,64.2400,57.0300,36476500
2012-06-20,64.3800,64.5700,63.8100,64.2900,57.0744,51389700
2012-06-21,64.2400,64.3100,62.6200,62.6900,55.6540,42492700
2012-06-22,62.9000,63.4300,62.7300,63.3500,56.2399,29504200
2012-06-25,62.8300,62.8500,61.9500,62.1300,55.1568,33136400
2012-06-26,62.3400,62.7000,62.0600,62.5200,55.5030,30611100
2012-06-27,62.7600,63.1800,62.6900,62.9000,55.8404,35705800
2012-06-28,62.4300,62.4700,61.5400,62.2000,55.2189,49793400
2012-06-29,63.4000,64.1600,63.2100,64.1600,56.9590,44761300
2012-07-02,64.2500,64.3800,63.8700,64.3500,57.1277,33425600
2012-07-03,64.3900,64.8900,64.2900,64.8900,57.6071,15895100
2012-07-05,64.8300,65.2500,64.4800,64.9300,57.6426,37016200
2012-07-06,64.6300,64.6900,63.6500,64.1200,56.9235,40684100
2012-07-09,64.0500,64.2600,63.6800,64.0000,56.8169,35628300
2012-07-10,64.3500,64.5100,63.1200,63.3700,56.2576,47365700
2012-07-11,63.2900,63.4600,62.5000,63.0200,55.9469,43432000
2012-07-12,62.5200,62.6900,61.8600,62.4300,55.4232,57680400
2012-07-13,62.6000,63.5200,62.5600,63.3800,56.2665,32357200
2012-07-16,63.2400,63.5200,62.9500,63.2000,56.1067,27621400
2012-07-17,63.6000,63.7400,62.6300,63.5300,56.3997,42467800
2012-07-18,63.4100,64.5800,63.3900,64.3900,57.1632,44489700
2012-07-19,64.8400,65.3100,64.7200,65.1000,57.7935,53017800
2012-07-20,65.0800,65.1000,64.2100,64.2400,57.0300,40573100
2012-07-23,62.9900,63.6800,62.5100,63.4600,56.3375,48657800
2012-07-24,63.5700,63.6600,62.5500,62.9600,55.8937,57269700
2012-07-25,62.4700,62.9500,62.1500,62.5400,55.5208,46264400
2012-07-26,63.4400,63.7300,62.9700,63.3700,56.2576,41928200
2012-07-27,63.8300,64.9900,63.6400,64.8700,57.5893,42621000
2012-07-30,65.0300,65.3100,64.6000,64.8200,57.5449,37821300
2012-07-31,64.9200,65.1800,64.7400,64.8000,57.5271,34588300
2012-08-01,65.2600,65.2800,64.3500,64.6100,57.3584,30920200
2012-08-02,64.1200,65.0200,63.9100,64.3800,57.1543,40534900
2012-08-03,65.4200,65.8800,65.1900,65.6000,58.2373,42117400
2012-08-06,65.9400,66.3900,65.8000,66.1000,58.6812,23523600
2012-08-07,66.3800,66.9200,66.2800,66.6500,59.1695,28223300
2012-08-08,66.4800,66.7600,66.3700,66.6200,59.1429,20723500
2012-08-09,66.6100,66.9100,66.4900,66.8200,59.3204,20726200
2012-08-10,66.5800,66.8800,66.4100,66.8600,59.3559,20312000
2012-08-13,66.8400,67.0300,66.5000,67.0200,59.4980,19890300
2012-08-14,67.2700,67.4100,66.8600,67.0500,59.5246,24218700
2012-08-15,67.0000,67.3200,66.9900,67.2200,59.6755,29100400
2012-08-16,67.4700,68.1700,67.3900,68.0200,60.3857,35699900
2012-08-17,68.1700,68.3300,68.0100,68.3200,60.6521,22584800
2012-08-20,68.2700,68.4300,68.0000,68.4200,60.7408,26924000
2012-08-21,68.6000,68.8800,67.8800,68.1500,60.5012,41391000
2012-08-22,68.0000,68.5600,67.8100,68.4300,60.7497,44555700
2012-08-23,68.1200,68.3400,67.6900,67.8700,60.2526,28800400
2012-08-24,67.7100,68.4500,67.6000,68.2900,60.6254,38384800
2012-08-27,68.5800,68.6700,68.2500,68.4000,60.7231,20671400
2012-08-28,68.3400,68.5900,68.1100,68.4000,60.7231,27337900
2012-08-29,68.4000,68.5700,68.1100,68.4000,60.7231,26672400
2012-08-30,68.1000,68.1300,67.6000,67.7100,60.1105,24425400
2012-08-31,68.2000,68.4500,67.4700,68.1600,60.5100,42128000
2012-09-04,68.0300,68.3500,67.4200,68.0900,60.4479,32017200
2012-09-05,68.0600,68.3500,67.8400,68.0200,60.3857,26129300
2012-09-06,68.4400,69.5500,68.4200,69.5300,61.7263,43100000
2012-09-07,69.3700,69.5500,69.2300,69.4300,61.6375,32958600
2012-09-10,69.2500,69.4000,68.4900,68.5400,60.8474,25490000
2012-09-11,68.5500,68.8200,68.3200,68.4300,60.7497,29810100
2012-09-12,68.6800,68.8100,68.2100,68.6300,60.9273,42203400
2012-09-13,68.6900,69.8600,68.6200,69.5600,61.7529,45417800
2012-09-14,69.8100,70.4300,69.7900,70.1800,62.3033,38880300
2012-09-17,70.2200,70.2400,69.9600,70.2100,62.3300,31798400
2012-09-18,70.0300,70.3000,70.0200,70.2700,62.3832,27169800
2012-09-19,70.2600,70.5800,70.0600,70.4000,62.4986,36484600
2012-09-20,70.0600,70.4000,69.8700,70.3300,62.4365,42520200
2012-09-21,70.4800,70.5400,70.0800,70.1500,62.4543,23678500
2012-09-24,69.5700,69.8600,69.4200,69.7400,62.0892,32341600
2012-09-25,69.9200,70.0800,68.7300,68.7600,61.2168,41299600
2012-09-26,68.6700,68.7100,67.8500,68.2000,60.7182,32770400
2012-09-27,68.3700,69.3000,68.2500,69.1400,61.5551,25339500
2012-09-28,68.9100,69.1200,68.5100,68.5700,61.0476,30112600
2012-10-01,68.9000,69.3300,68.2500,68.4700,60.9586,37715300
2012-10-02,68.7700,68.9800,68.1300,68.6700,61.1367,33254300
2012-10-03,68.8600,69.2400,68.5900,69.1100,61.5284,38236000
2012-10-04,69.2200,69.5400,69.0000,69.3500,61.7420,26128600
2012-10-05,69.7000,69.8000,68.8000,68.9800,61.4126,25207900
2012-10-08,68.5800,68.7200,68.1900,68.3500,60.8518,30911500
2012-10-09,68.1700,68.3400,67.1000,67.2600,59.8813,67974000
2012-10-10,67.2400,67.4300,66.8000,66.9200,59.5786,45134300
2012-10-11,67.4200,67.4700,66.6700,66.7100,59.3917,30469400
2012-10-12,66.7000,67.0600,66.5500,66.6800,59.3650,24891200
2012-10-15,66.9300,67.2600,66.5300,67.1700,59.8012,22220100
2012-10-16,67.2700,68.2000,67.2500,68.1200,60.6470,33960600
2012-10-17,67.7700,68.3000,67.6800,68.0800,60.6114,33439400
2012-10-18,67.8600,68.0800,67.0400,67.2900,59.9081,61707600
2012-10-19,67.2100,67.2700,65.6000,65.6800,58.4747,75362600
2012-10-22,65.6500,66.1900,65.5000,66.0200,58.7774,38621500
2012-10-23,65.4800,65.9500,65.1900,65.3900,58.2165,52591200
2012-10-24,65.7600,65.8700,65.0600,65.1600,58.0117,39872400
2012-10-25,65.6100,65.7200,64.9700,65.1600,58.0117,52688700
2012-10-26,65.1600,65.6200,64.6500,65.3500,58.1809,54213100
2012-10-31,65.2700,65.3900,64.7300,64.9500,57.8247,38524500
2012-11-01,65.3600,66.0000,65.1700,65.8700,58.6438,26945000
2012-11-02,66.1700,66.2100,65.1100,65.1700,58.0206,44083000
2012-11-05,65.1800,65.7300,65.0400,65.6000,58.4034,28094700
2012-11-06,65.7100,66.1700,65.4600,65.7200,58.5103,29608400
2012-11-07,65.0200,65.1000,63.9000,64.1700,57.1303,70737800
2012-11-08,64.3500,64.5000,63.1600,63.1600,56.2311,58585800
2012-11-09,63.2000,64.1100,63.1600,63.4300,56.4715,51542100
2012-11-12,63.8000,63.8700,63.2500,63.4200,56.4626,32663700
2012-11-13,62.9300,63.5800,62.7800,62.9800,56.0709,43288300
2012-11-14,63.2900,63.3600,62.1400,62.2400,55.4120,82655300
2012-11-15,62.2800,62.4900,61.8000,62.0300,55.2251,55124200
2012-11-16,62.0800,62.4800,61.3100,62.3000,55.4655,70873100
2012-11-19,62.9800,63.8300,62.9600,63.7800,56.7831,55306400
2012-11-20,63.7600,63.8900,63.1900,63.8000,56.8009,52012700
2012-11-21,63.8700,64.0200,63.6000,63.9300,56.9166,19611700
2012-11-23,64.2900,64.9200,64.2500,64.9000,57.7802,16462900
2012-11-26,64.7400,65.2200,64.5400,65.1800,58.0295,26430900
2012-11-27,65.1700,65.4000,64.8500,64.9600,57.8336,25828600
2012-11-28,64.6500,65.5700,64.2500,65.5200,58.3322,37295800
2012-11-29,65.8700,66.1400,65.5800,65.9100,58.6794,41136100
2012-11-30,65.9200,65.9700,65.6100,65.8000,58.5815,33497400
2012-12-03,66.3100,66.3700,65.6400,65.6700,58.4658,28240000
2012-12-04,65.7000,65.7700,65.2000,65.6300,58.4301,49584500
2012-12-05,65.5300,65.5400,64.5500,64.9000,57.7802,54076200
2012-12-06,64.7000,65.4800,64.5300,65.3200,58.1541,47512300
2012-12-07,65.6400,65.7100,64.7100,64.9300,57.8070,30089400
2012-12-10,64.7500,65.4600,64.7500,65.1200,57.9761,33219600
2012-12-11,65.5700,66.3400,65.5200,65.9700,58.7329,40750800
2012-12-12,66.3200,66.3200,65.6500,65.8300,58.6082,45917700
2012-12-13,65.7000,66.1600,65.0300,65.3100,58.1452,45467700
2012-12-14,64.8700,65.0800,64.4700,64.6900,57.5933,39630300
2012-12-17,64.7500,65.5700,64.6600,65.5500,58.3589,42302900
2012-12-18,65.8800,66.6500,65.7000,66.5500,59.2492,55596000
2012-12-19,66.7400,66.7600,66.2200,66.2600,58.9910,34832500
2012-12-20,66.3800,66.4100,65.9300,66.2600,58.9910,40754300
2012-12-21,64.8800,65.2800,64.6000,65.2000,58.3706,51152900
2012-12-24,65.0300,65.1400,64.9200,65.0700,58.2542,11418300
2012-12-26,65.1200,65.1800,64.2900,64.5000,57.7439,21751300
2012-12-27,64.5600,64.6400,63.6000,64.4000,57.6544,52933200
2012-12-28,63.9100,64.4300,63.7500,63.7800,57.0994,33082100
2012-12-31,63.7100,65.2500,63.5800,65.1300,58.3079,57544000
2013-01-02,66.7300,67.2300,66.4800,67.2000,60.1611,70695900
2013-01-03,67.2000,67.3400,66.6500,66.8500,59.8478,47366500
2013-01-04,66.8800,66.8800,66.4700,66.6300,59.6508,33972500
2013-01-07,66.4600,66.7600,66.2500,66.6500,59.6687,26766200
2013-01-08,66.6400,66.8200,66.1700,66.5200,59.5524,28734900
2013-01-09,66.6200,66.9500,66.5500,66.7700,59.7762,25600300
2013-01-10,67.2300,67.2700,66.5500,67.1700,60.1343,37528000
2013-01-11,67.1400,67.2900,67.0000,67.2600,60.2149,21158600
2013-01-14,66.9200,67.1500,66.6700,66.9600,59.9463,36768500
2013-01-15,66.6300,66.7300,66.3300,66.6300,59.6508,31675300
2013-01-16,66.7200,67.1300,66.6000,66.9000,59.8925,33822300
2013-01-17,67.1700,67.4800,67.0600,67.2200,60.1790,32024200
2013-01-18,67.0200,67.1400,66.7700,67.0700,60.0447,31992000
2013-01-22,67.1400,67.2300,66.7300,67.1800,60.1432,32123100
2013-01-23,67.5600,67.7900,67.4600,67.5900,60.5103,31975700
2013-01-24,66.6600,67.2800,66.5600,66.6600,59.6777,42596300
2013-01-25,66.8700,67.1900,66.7400,67.0000,59.9821,39240100
2013-01-28,67.0100,67.3800,66.9300,67.1500,60.1164,32926100
2013-01-29,67.0700,67.3100,66.6300,67.1600,60.1253,35554700
2013-01-30,67.2800,67.4800,66.8700,67.0200,60.0000,34445000
2013-01-31,66.9900,67.3500,66.8100,66.8700,59.8657,34870500
2013-02-01,67.3400,67.7800,67.0700,67.6600,60.5730,53120800
2013-02-04,67.2700,67.4600,66.4600,66.4800,59.5165,48483700
2013-02-05,66.7700,67.6700,66.6100,67.4600,60.3939,35120300
2013-02-06,67.2400,67.5500,67.0400,67.2400,60.1969,43593200
2013-02-07,67.3200,67.3700,66.5600,67.3000,60.2507,46017900
2013-02-08,67.6400,68.1300,67.6300,67.9900,60.8684,39837200
2013-02-11,68.0300,68.0600,67.7800,68.0100,60.8863,17650400
2013-02-12,67.9200,68.0500,67.6600,67.7300,60.6356,22057900
2013-02-13,67.9300,68.2300,67.7700,67.9700,60.8505,23494700
2013-02-14,67.6600,68.0500,67.6200,67.9500,60.8326,24478800
2013-02-15,67.9400,68.1100,67.5600,67.7500,60.6535,25333600
2013-02-19,67.8800,68.2600,67.8600,68.2400,61.0922,23436500
2013-02-20,68.2200,68.2500,67.1800,67.1900,60.1522,38200300
2013-02-21,66.9400,67.0100,66.2300,66.4700,59.5076,45855600
2013-02-22,66.8500,67.1500,66.5900,67.1400,60.1074,21968000
2013-02-25,67.5700,67.8100,66.2500,66.3100,59.3643,40927600
2013-02-26,66.4000,66.6800,65.9600,66.5600,59.5882,42088800
2013-02-27,66.5600,67.6500,66.4700,67.2400,60.1969,36339500
2013-02-28,67.2500,67.7400,67.0900,67.1000,60.0716,28557300
2013-03-01,66.8700,67.5000,66.5400,67.3800,60.3223,31617200
2013-03-04,67.1600,67.6900,67.0700,67.6800,60.5908,19380500
2013-03-05,68.0800,68.7700,68.0800,68.6800,61.4861,35581900
2013-03-06,68.8900,68.9100,68.4200,68.5100,61.3339,29071100
2013-03-07,68.5900,68.8000,68.4500,68.6900,61.4951,21775900
2013-03-08,68.9200,69.0200,68.5000,68.7700,61.5667,26159900
2013-03-11,68.6800,68.9900,68.4700,68.9700,61.7457,23187900
2013-03-12,68.7700,68.9300,68.3900,68.7200,61.5219,27575400
2013-03-13,68.8100,68.8900,68.3900,68.6300,61.4414,34297300
2013-03-14,68.8700,69.0100,68.7100,68.8600,61.6473,31530800
2013-03-15,68.7500,68.7900,68.3400,68.5100,61.4759,30752600
2013-03-18,67.8800,68.6400,67.7300,68.3600,61.3413,36163000
2013-03-19,68.5700,68.7000,67.6200,68.2300,61.2246,33125100
2013-03-20,68.7100,68.8600,68.3900,68.7100,61.6553,28035400
2013-03-21,68.0800,68.2500,67.7700,67.9300,60.9554,30050800
2013-03-22,68.2100,68.6400,68.1300,68.5900,61.5476,28837200
2013-03-25,68.8100,68.9600,68.0100,68.3400,61.3233,24909800
2013-03-26,68.6000,68.7300,68.4500,68.7100,61.6553,19725200
2013-03-27,68.2400,68.8500,68.1400,68.8000,61.7361,22539500
2013-03-28,68.8000,69.0600,68.6400,68.9700,61.8886,23662800
2013-04-01,69.0200,69.0900,68.3100,68.5000,61.4669,28112800
2013-04-02,68.8300,69.2700,68.7700,69.0400,61.9514,29431900
2013-04-03,69.0800,69.1800,68.2400,68.4100,61.3861,35131200
2013-04-04,68.3800,68.6000,68.0600,68.4300,61.4041,32287400
2013-04-05,67.3500,67.9600,67.1900,67.8600,60.8926,55610800
2013-04-08,67.8900,68.2400,67.6900,68.2200,61.2156,17891600
2013-04-09,68.4000,68.9600,68.0900,68.6800,61.6284,30931400
2013-04-10,68.9200,70.1700,68.8800,70.0200,62.8308,55271300
2013-04-11,69.8500,70.1500,69.7700,69.9900,62.8039,37233600
2013-04-12,69.8200,69.9900,69.4100,69.9400,62.7590,32783700
2013-04-15,69.6800,69.7900,68.4800,68.5600,61.5207,48795800
2013-04-16,68.9500,69.5500,68.8100,69.4700,62.3373,27682600
2013-04-17,68.8700,68.8900,67.7100,68.1100,61.1169,60204800
2013-04-18,68.2900,68.3300,66.8800,67.1700,60.2734,56798200
2013-04-19,67.3000,68.2300,67.2000,68.0900,61.0990,43062800
2013-04-22,68.3300,69.0400,68.0800,68.7900,61.7271,34412100
2013-04-23,69.1800,69.7000,68.8200,69.4500,62.3193,53078300
2013-04-24,69.2800,69.6700,69.1200,69.4200,62.2924,44500700
2013-04-25,69.6000,70.0500,69.5900,69.7900,62.6245,26437100
2013-04-26,69.6200,69.7700,69.2700,69.5700,62.4270,24079800
2013-04-29,69.7900,70.4800,69.7600,70.2100,63.0013,31664000
2013-04-30,70.3000,70.7300,70.0400,70.7200,63.4589,30135800
2013-05-01,70.7400,70.8500,70.2500,70.3900,63.1629,28537200
2013-05-02,70.5100,71.4300,70.4500,71.2800,63.9615,31744200
2013-05-03,71.9700,72.3400,71.9100,72.1200,64.7152,34061700
2013-05-06,72.2500,72.5100,72.1900,72.4000,64.9665,19244300
2013-05-07,72.5200,72.5700,72.0900,72.3600,64.9306,25838100
2013-05-08,72.3200,72.7700,72.2000,72.7100,65.2446,24252100
2013-05-09,72.5700,73.1000,72.4700,72.6100,65.1549,29337200
2013-05-10,72.7600,73.0800,72.6300,73.0500,65.5497,20663700
2013-05-13,72.9300,73.3200,72.8600,73.1400,65.6305,29730100
2013-05-14,73.1600,73.7400,73.1300,73.5200,65.9715,36009800
2013-05-15,73.3800,73.7400,73.2000,73.6700,66.1061,27214400
2013-05-16,73.7300,74.1000,73.5500,73.5900,66.0343,27253400
2013-05-17,73.9700,74.3300,73.7300,74.3000,66.6714,31114500
2013-05-20,74.1600,74.4300,73.8900,74.1900,66.5727,25132400
2013-05-21,74.1500,74.5400,73.8900,74.2700,66.6445,25900000
2013-05-22,74.3600,74.9500,73.2400,73.6200,66.0612,59843200
2013-05-23,72.9700,73.7000,72.8300,73.4500,65.9087,48222100
2013-05-24,72.9600,73.4300,72.7600,73.4100,65.8728,26430300
2013-05-28,74.2700,74.5400,73.6600,73.8900,66.3035,27057100
2013-05-29,73.6000,73.8000,73.1200,73.5400,65.9894,32090300
2013-05-30,73.5700,74.2800,73.5500,73.9300,66.3394,32390500
2013-05-31,73.6500,74.2100,73.1700,73.2500,65.7292,38347600
2013-06-03,73.2600,73.4000,72.4300,73.3800,65.8458,47613100
2013-06-04,73.5300,73.8200,72.7000,73.0000,65.5049,35251900
2013-06-05,72.7600,73.0400,71.9900,72.0500,64.6524,48654200
2013-06-06,72.1500,72.4100,71.4700,72.4000,64.9665,62524100
2013-06-07,72.7000,73.4700,72.5200,73.3900,65.8548,31969800
2013-06-10,73.5300,73.7600,73.2600,73.4200,65.8817,25390000
2013-06-11,72.6900,73.3400,72.4400,72.6900,65.2267,40278900
2013-06-12,73.1100,73.1400,71.7400,71.8500,64.4730,42081900
2013-06-13,71.7500,72.9200,71.5500,72.7600,65.2895,28221500
2013-06-14,72.7600,72.8400,72.1700,72.2800,64.8588,27690700
2013-06-17,72.8500,73.4000,72.6000,72.9800,65.4869,32441900
2013-06-18,73.0800,73.7200,73.0600,73.5800,66.0253,24853100
2013-06-19,73.6000,73.6800,72.6800,72.7600,65.2895,43145100
2013-06-20,71.9200,72.1600,70.7900,71.0300,63.7371,60908400
2013-06-21,70.7800,70.9700,69.8400,70.4300,63.3987,51558900
2013-06-24,69.8500,70.2700,69.1500,69.7300,62.7686,41492300
2013-06-25,70.4000,70.5200,69.8100,70.2400,63.2276,28897400
2013-06-26,70.8400,71.0000,70.5900,70.8700,63.7947,23742300
2013-06-27,71.2400,71.6200,71.1300,71.1700,64.0648,23545000
2013-06-28,70.9500,71.6900,70.7900,71.2700,64.1548,28301100
2013-07-01,71.7500,72.3000,71.6400,71.7100,64.5509,24942800
2013-07-02,71.6800,72.1800,71.3500,71.7400,64.5779,23067900
2013-07-03,71.4800,72.3700,71.4200,72.0300,64.8389,18847500
2013-07-05,72.4400,72.6100,71.8600,72.5800,65.3340,28795900
2013-07-08,72.9600,72.9900,72.3800,72.6500,65.3970,20558500
2013-07-09,72.9900,73.2500,72.6500,73.0900,65.7931,26108600
2013-07-10,73.0200,73.6200,72.9800,73.5100,66.1712,25598900
2013-07-11,74.3000,75.0300,74.2500,74.9700,67.4854,47768900
2013-07-12,75.0200,75.3500,74.8200,75.3000,67.7825,31412600
2013-07-15,75.3800,75.5200,75.1700,75.4700,67.9355,19783600
2013-07-16,75.5300,75.5900,75.1800,75.3700,67.8455,31747100
2013-07-17,75.6000,75.7400,75.3500,75.5600,68.0165,24631500
2013-07-18,75.5500,75.7400,75.2500,75.3700,67.8455,36278800
2013-07-19,74.7200,74.7400,74.3700,74.5900,67.1433,37732400
2013-07-22,74.8700,74.9800,74.5800,74.8100,67.3414,21135900
2013-07-23,74.9500,74.9600,74.2000,74.2600,66.8463,24739500
2013-07-24,74.9900,75.0200,74.3300,74.5000,67.0624,24426900
2013-07-25,74.8500,75.0600,74.4600,74.9700,67.4854,23162200
2013-07-26,74.6700,75.3800,74.5500,75.3700,67.8455,20885600
2013-07-29,75.2200,75.5400,75.0300,75.2300,67.7194,20958400
2013-07-30,75.5000,75.9500,75.3500,75.6300,68.0795,24104600
2013-07-31,75.7800,76.2100,75.6300,75.7700,68.2055,25007600
2013-08-01,76.2900,76.6500,76.2100,76.5400,68.8987,16880000
2013-08-02,76.5500,76.9900,76.3800,76.9700,69.2857,18105300
2013-08-05,76.9300,77.0800,76.7800,77.0200,69.3307,15462800
2013-08-06,76.9200,76.9900,76.2500,76.5600,68.9167,23675400
2013-08-07,76.3400,76.5700,75.8700,76.4200,68.7907,20281200
2013-08-08,76.8400,76.9800,76.3000,76.8000,69.1327,19994000
2013-08-09,76.6700,76.9400,76.2700,76.4900,68.8537,18558500
2013-08-12,76.2000,76.8100,76.1900,76.6700,69.0157,20515900
2013-08-13,76.7700,77.2700,76.2200,77.1000,69.4028,23917000
2013-08-14,77.0700,77.1800,76.7000,76.8100,69.1417,29921000
2013-08-15,75.9500,75.9900,75.2900,75.5100,67.9715,39406600
2013-08-16,75.5200,75.8700,75.3500,75.4800,67.9445,23825000
2013-08-19,75.4900,76.1300,75.3300,75.3500,67.8275,29586900
2013-08-20,75.4900,76.0300,75.4300,75.6800,68.1245,18842800
2013-08-21,75.4400,76.0900,75.1400,75.4200,67.8905,30705100
2013-08-22,75.7500,76.2100,75.7100,76.1600,68.5566,17269500
2013-08-23,76.7000,76.7700,76.4000,76.6700,69.0157,20697300
2013-08-26,76.7300,77.2800,76.5500,76.7100,69.0517,27525500
2013-08-27,75.8000,76.1800,74.9600,75.1400,67.6384,40068900
2013-08-28,75.0500,75.7500,75.0500,75.4300,67.8995,20490400
2013-08-29,75.4100,76.3400,75.3000,75.9600,68.3766,27287900
2013-08-30,76.0400,76.0400,75.2000,75.4700,67.9355,26228500
2013-09-03,76.0900,76.4400,75.5400,75.9000,68.3226,27241500
2013-09-04,76.1600,76.8400,75.9300,76.7100,69.0517,27142900
2013-09-05,76.7600,77.0600,76.7300,76.8400,69.1687,17809700
2013-09-06,77.1000,77.3400,76.0500,76.9300,69.2498,27715100
2013-09-09,77.2600,77.9600,77.2300,77.8300,70.0599,25161900
2013-09-10,78.2800,78.3200,77.9200,78.2100,70.4020,27619400
2013-09-11,77.6900,78.1100,77.5900,78.0600,70.2670,28132900
2013-09-12,78.0800,78.2500,77.8500,78.0100,70.2219,18332700
2013-09-13,78.0900,78.1400,77.6400,78.0600,70.2670,16932500
2013-09-16,78.7200,78.7200,77.6700,77.8500,70.0779,25704300
2013-09-17,78.0200,78.4700,77.9800,78.3700,70.5460,27174300
2013-09-18,78.4900,79.4700,78.3300,79.3100,71.3921,31714700
2013-09-19,79.5600,79.6900,79.3600,79.5000,71.5632,26435700
2013-09-20,79.4500,79.5400,78.9500,78.9900,71.3176,26328900
2013-09-23,79.3200,79.4100,78.4600,78.8300,71.1731,30319400
2013-09-24,79.0000,79.2500,78.5700,78.8300,71.1731,21871300
2013-09-25,78.8900,79.0000,78.4000,78.5600,70.9293,22746400
2013-09-26,78.8800,79.3600,78.8500,79.1700,71.4801,22421700
2013-09-27,78.7100,79.2100,78.5900,79.0700,71.3898,25151600
2013-09-30,78.2500,79.0900,78.0000,78.8800,71.2183,28031900
2013-10-01,78.8900,79.7200,78.8500,79.6800,71.9406,33129700
2013-10-02,79.1400,79.7600,79.0600,79.6500,71.9135,25503800
2013-10-03,79.5500,79.7200,78.3000,78.7200,71.0738,42998200
2013-10-04,78.7200,79.5100,78.6500,79.4000,71.6878,22852700
2013-10-07,78.7000,79.3500,78.6700,78.7400,71.0919,20227100
2013-10-08,78.7400,78.8100,77.1900,77.2200,69.7195,43660700
2013-10-09,77.4000,77.4400,76.3500,76.9800,69.5028,64526700
2013-10-10,77.8100,78.7900,77.7900,78.6100,70.9745,48062700
2013-10-11,78.4100,79.2900,78.4000,79.2300,71.5343,25214100
2013-10-14,78.7400,79.7900,78.6800,79.7900,72.0399,31471900
2013-10-15,79.7300,80.1100,79.3800,79.4800,71.7600,38684000
2013-10-16,79.8500,80.4200,79.7900,80.3800,72.5726,46735900
2013-10-17,80.0200,80.8700,79.9500,80.8400,72.9879,32193500
2013-10-18,81.5800,82.1800,81.3500,82.1500,74.1707,39628200
2013-10-21,82.3400,82.5400,82.0700,82.3300,74.3332,31176900
2013-10-22,82.6500,82.9000,81.9300,82.4500,74.4415,43944800
2013-10-23,82.0500,82.2000,81.5500,81.9500,73.9901,38021300
2013-10-24,82.0000,82.4800,81.8800,82.3100,74.3151,23155100
2013-10-25,83.0800,83.2800,82.5000,82.9000,74.8478,35824500
2013-10-28,82.9100,83.0500,82.5500,82.9200,74.8659,28618400
2013-10-29,83.2000,83.2600,82.7000,83.0600,74.9923,36878100
2013-10-30,83.3500,83.4900,82.5800,82.9800,74.9201,33535500
2013-10-31,82.7700,83.3000,82.4800,82.7900,74.7485,31309900
2013-11-01,83.0700,83.1700,82.4000,82.8100,74.7665,30867800
2013-11-04,83.0600,83.0700,82.6400,82.9300,74.8749,16834000
2013-11-05,82.6100,83.2200,82.3700,83.0200,74.9561,27975600
2013-11-06,83.3700,83.4000,82.7300,83.0000,74.9381,25576800
2013-11-07,83.0100,83.1300,81.3700,81.4400,73.5296,52173200
2013-11-08,81.7400,82.5600,81.5100,82.5400,74.5228,31470500
2013-11-11,82.4200,82.6400,82.1400,82.4100,74.4054,24822900
2013-11-12,82.1600,82.6600,82.1200,82.5400,74.5228,20108500
2013-11-13,82.0000,83.5500,82.0000,83.5400,75.4257,31345900
2013-11-14,83.3200,83.8600,83.1400,83.8000,75.6604,31101200
2013-11-15,83.8200,83.9600,83.6100,83.9600,75.8049,20511300
2013-11-18,83.9400,84.1100,82.9800,83.1400,75.0645,31679600
2013-11-19,83.0900,83.4900,82.7600,82.9000,74.8478,25545300
2013-11-20,83.1200,83.4300,82.4600,82.7000,74.6672,32177400
2013-11-21,83.0500,83.6100,82.9800,83.5400,75.4257,28125000
2013-11-22,83.6800,84.0200,83.6200,83.9900,75.8319,25361300
2013-11-25,84.2900,84.3800,83.9800,84.1900,76.0125,21695100
2013-11-26,84.2100,84.8400,84.0300,84.6300,76.4098,26621000
2013-11-27,84.8000,85.2400,84.7300,85.2200,76.9425,21638100
2013-11-29,85.5600,85.8400,85.4700,85.7300,77.4029,16708900
2013-12-02,85.8300,85.9600,85.3500,85.4800,77.1772,26354600
2013-12-03,85.4200,85.6400,85.0800,85.4100,77.1140,37147000
2013-12-04,85.0500,85.7700,84.7800,85.4900,77.1862,37193200
2013-12-05,85.5600,85.6600,85.1700,85.3800,77.0869,39829300
2013-12-06,86.1000,86.1800,85.5900,86.0000,77.6467,36842900
2013-12-09,86.3500,86.5300,86.2000,86.3500,77.9627,22590000
2013-12-10,86.2100,86.4500,86.1200,86.2900,77.9085,26965900
2013-12-11,86.2800,86.4000,85.0600,85.1800,76.9063,36830600
2013-12-12,85.2100,85.4200,84.9000,84.9600,76.7077,33662600
2013-12-13,85.3600,85.4000,84.7100,84.8500,76.6084,34072000
2013-12-16,85.2700,85.8100,85.2100,85.3200,77.0328,24902500
2013-12-17,85.3200,85.5300,84.9900,85.1500,76.8793,24454900
2013-12-18,85.2500,86.2200,84.0500,86.1400,77.7731,68387200
2013-12-19,86.0000,86.0100,85.5200,85.9000,77.5564,44964100
2013-12-20,85.7900,86.6800,85.7300,86.5000,78.3462,40475400
2013-12-23,87.2100,87.4100,86.9500,87.4100,79.1704,28181800
2013-12-24,87.4300,87.5100,87.2700,87.4500,79.2066,13852500
2013-12-26,87.6100,87.8100,87.4400,87.7400,79.4693,15241100
2013-12-27,87.8500,87.9000,87.4100,87.5200,79.2701,15827400
2013-12-30,87.3900,87.5100,87.1400,87.3900,79.1523,18983700
2013-12-31,87.5500,87.9600,87.5200,87.9600,79.6686,24890500
2014-01-02,87.5500,87.5800,87.0200,87.2700,79.0436,29177500
2014-01-03,87.2700,87.3500,86.6200,86.6400,78.4730,35723700
2014-01-06,86.6600,86.7600,86.0000,86.3200,78.1832,32073100
2014-01-07,86.7200,87.2500,86.5600,87.1200,78.9078,25860600
2014-01-08,87.1400,87.5500,86.9500,87.3100,79.0799,27197400
2014-01-09,87.6300,87.6400,86.7200,87.0200,78.8172,23674700
2014-01-10,87.2300,87.4000,86.5800,87.3000,79.0708,38008900
2014-01-13,87.1800,87.4800,85.6800,86.0100,77.9024,48842300
2014-01-14,86.3000,87.7200,86.3000,87.6500,79.3878,37178900
2014-01-15,88.0300,88.5400,87.9400,88.3700,80.0399,39835600
2014-01-16,88.3000,88.5100,88.1600,88.3800,80.0490,31630100
2014-01-17,88.1100,88.3700,87.6700,87.8800,79.5961,36895800
2014-01-21,88.4400,88.5900,87.8100,88.5500,80.2030,26412700
2014-01-22,88.7800,89.0000,88.5200,88.7800,80.4113,29376900
2014-01-23,88.5100,88.5200,87.8600,88.4800,80.1396,35011900
2014-01-24,88.0500,88.1800,86.7100,86.7400,78.5636,63974600
2014-01-27,86.7400,86.8900,85.2500,85.9000,77.8028,63519300
2014-01-28,85.5000,85.9400,85.3100,85.8500,77.7575,44378800
2014-01-29,85.1100,85.7400,84.7600,84.9300,76.9242,51939300
2014-01-30,85.9700,86.8000,85.8800,86.5000,78.3462,65833600
2014-01-31,85.5400,86.6800,85.4500,86.2700,78.1379,45187000
2014-02-03,86.1100,86.5000,84.0700,84.2900,76.3446,65596900
2014-02-04,84.7200,85.2500,84.4600,84.9100,76.9061,37675500
2014-02-05,84.6300,84.9900,83.7400,84.6900,76.7068,41721800
2014-02-06,84.9400,85.8800,84.9200,85.7700,77.6850,32308600
2014-02-07,86.2500,87.3600,86.0000,87.3000,79.0708,38359400
2014-02-10,87.2700,87.8400,87.2100,87.8000,79.5237,30205400
2014-02-11,87.9900,88.9700,87.8900,88.8000,80.4294,38635500
2014-02-12,88.9800,89.1700,88.7000,88.9700,80.5834,32507200
2014-02-13,88.3200,89.7000,88.3000,89.6300,81.1812,40454500
2014-02-14,89.6000,90.0100,89.3300,89.8100,81.3442,33212400
2014-02-18,89.9600,90.4200,89.7400,90.2500,81.7427,29546600
2014-02-19,90.0800,90.2900,89.4500,89.6300,81.1812,41749900
2014-02-20,89.6900,90.2200,89.3100,90.0500,81.5616,41814800
2014-02-21,90.3400,90.4700,89.8200,89.9300,81.4529,31192200
2014-02-24,90.1400,90.8200,90.0400,90.4100,81.8876,31500400
2014-02-25,90.5400,90.7200,90.0200,90.3100,81.7971,26771700
2014-02-26,90.5500,90.8400,89.8700,90.2300,81.7246,42953700
2014-02-27,89.8700,90.5300,89.7300,90.4400,82.2549,28742400
2014-02-28,90.4200,90.9600,89.5400,90.3400,82.1639,48609800
2014-03-03,89.4900,89.9100,88.8700,89.6700,81.5545,38885700
2014-03-04,90.6500,90.9800,90.5600,90.8100,82.5913,33189000
2014-03-05,90.9600,91.2200,90.7700,91.0600,82.8187,27203300
2014-03-06,91.2700,91.3400,90.6500,90.9800,82.7460,24063900
2014-03-07,91.2700,91.3600,90.0700,90.5300,82.3367,31167800
2014-03-10,90.4800,90.6600,90.0300,90.6100,82.4095,18131700
2014-03-11,90.8300,91.0600,89.9500,90.2200,82.0548,27484300
2014-03-12,89.8100,90.6100,89.4800,90.5600,82.3640,27977200
2014-03-13,90.9000,90.9300,88.8700,89.2800,81.1998,48542000
2014-03-14,88.9900,89.3800,88.6300,88.6700,80.6450,38732300
2014-03-17,89.2400,89.9100,89.1900,89.4500,81.3544,28467200
2014-03-18,89.5600,90.6400,89.5300,90.5300,82.3367,31250200
2014-03-19,90.5600,90.6600,89.4500,90.0400,81.8911,40869400
2014-03-20,89.7600,90.5600,89.5800,90.2900,82.1184,31634500
2014-03-21,90.6000,90.6500,88.8300,89.0000,81.1303,62754000
2014-03-24,89.3200,89.3900,87.4100,88.2200,80.4192,77735300
2014-03-25,88.6800,89.2500,87.7700,88.5100,80.6836,41723300
2014-03-26,88.9500,89.1500,87.3600,87.3700,79.6444,40930400
2014-03-27,87.2500,87.6400,86.4000,86.8800,79.1977,64784500
2014-03-28,87.1600,88.0100,86.8100,87.0500,79.3527,39895100
2014-03-31,87.7300,88.2600,87.6200,87.6700,79.9179,33924300
2014-04-01,88.1000,89.2700,87.7100,89.2100,81.3217,38683800
2014-04-02,89.5900,89.6800,89.0400,89.4400,81.5314,34631600
2014-04-03,89.5300,89.6800,88.2200,88.7300,80.8842,30319100
2014-04-04,89.3200,89.4100,86.1400,86.3700,78.7328,131213200
2014-04-07,85.8300,86.6300,84.9500,85.5500,77.9853,83995800
2014-04-08,85.6500,86.4600,85.3500,86.3400,78.7055,51495700
2014-04-09,86.6600,87.8700,86.4300,87.8200,80.0546,45685200
2014-04-10,87.8800,87.8800,84.8600,85.1000,77.5751,73659600
2014-04-11,84.3400,85.4400,83.9100,84.1100,76.6727,93657400
2014-04-14,84.8500,85.2200,83.9900,84.7700,77.2743,46500700
2014-04-15,85.0800,85.5400,83.2800,85.0500,77.5295,84631500
2014-04-16,85.7900,86.1800,85.0900,86.1800,78.5596,46970900
2014-04-17,85.8500,86.6300,85.6300,86.2000,78.5779,53719500
2014-04-21,86.4000,86.8400,86.0000,86.8400,79.1613,25947900
2014-04-22,87.1400,87.7500,86.9900,87.5300,79.7903,38593400
2014-04-23,87.5300,87.5600,86.7100,86.7600,79.0883,34376700
2014-04-24,88.1900,88.2100,86.6500,87.5900,79.8450,48926300
2014-04-25,87.0700,87.1700,85.9800,86.1900,78.5687,44334000
2014-04-28,86.6000,87.1100,85.1100,86.4700,78.8240,58623800
2014-04-29,86.7300,87.3200,86.3100,87.1600,79.4530,36742700
2014-04-30,86.7600,87.4800,86.5400,87.3900,79.6626,38689400
2014-05-01,87.5300,88.1500,87.3100,87.6500,79.8996,37127200
2014-05-02,87.9500,88.1100,87.2800,87.4900,79.7538,40074200
2014-05-05,86.9700,87.9700,86.7600,87.9500,80.1731,27924400
2014-05-06,87.8100,87.8600,86.7700,86.8100,79.1339,33698500
2014-05-07,86.9900,87.0800,85.5300,86.5600,78.9060,67489100
2014-05-08,86.2500,87.5300,86.0500,86.4800,78.8331,46556900
2014-05-09,86.4300,86.8600,85.8500,86.8000,79.1248,35081500
2014-05-12,87.3200,88.2600,87.2400,88.2300,80.4284,38951100
2014-05-13,88.3100,88.6100,88.1200,88.2900,80.4830,30311900
2014-05-14,88.0200,88.3500,87.6200,87.8300,80.0637,26483600
2014-05-15,87.8100,87.9600,86.5800,87.1400,79.4347,59680300
2014-05-16,87.2400,87.7600,86.6400,87.7100,79.9544,66804100
2014-05-19,87.4500,88.4600,87.3000,88.3200,80.5104,32017000
2014-05-20,88.2800,88.6000,87.6400,88.0000,80.2187,33716000
2014-05-21,88.1600,88.8900,88.1100,88.8400,80.9844,36837700
2014-05-22,88.9400,89.4800,88.8000,89.2300,81.3400,30617100
2014-05-23,89.3200,89.9000,89.1200,89.8800,81.9324,22687300
2014-05-27,90.2800,91.0200,90.2000,91.0000,82.9534,29725200
2014-05-28,90.9700,91.1000,90.6500,90.7200,82.6982,30468100
2014-05-29,91.0400,91.3100,90.8600,91.3000,83.2269,33036100
2014-05-30,91.3200,91.4500,90.8300,91.3100,83.2360,29906400
2014-06-02,91.4200,91.4400,90.6400,91.2200,83.1539,30409900
2014-06-03,90.9200,91.3300,90.8000,91.1800,83.1175,21774500
2014-06-04,90.9500,91.6700,90.8100,91.5200,83.4274,20118300
2014-06-05,91.6000,92.4600,91.2900,92.2900,84.1294,35583100
2014-06-06,92.6300,92.8200,92.4500,92.8200,84.6125,22680600
2014-06-09,92.8400,92.9800,92.5000,92.7500,84.5487,23399500
2014-06-10,92.6700,92.9600,92.5600,92.9100,84.6945,20626000
2014-06-11,92.5900,93.0200,92.5000,92.8900,84.6763,22878200
2014-06-12,92.6900,92.7900,91.7300,92.0500,83.9106,35275900
2014-06-13,92.4500,92.5500,91.9200,92.3200,84.1567,39447100
2014-06-16,92.1600,92.6700,91.9600,92.4000,84.2296,25212300
2014-06-17,92.3300,92.7000,92.1800,92.4500,84.2752,19977900
2014-06-18,92.5400,93.1000,91.9800,92.9700,84.7492,34514000
2014-06-19,93.1100,93.1700,92.4900,92.9100,84.6945,38422200
2014-06-20,92.7000,92.8700,92.5300,92.7700,84.7942,25897500
2014-06-23,92.7600,92.8200,92.5100,92.7900,84.8125,20837900
2014-06-24,92.7800,93.5700,92.4300,92.7000,84.7302,31945800
2014-06-25,92.4900,93.4500,92.4800,93.2900,85.2694,32818600
2014-06-26,93.3500,93.3600,92.6200,93.3400,85.3152,22563900
2014-06-27,93.2200,93.7700,93.1900,93.7500,85.6899,22877800
2014-06-30,93.7300,94.1400,93.6700,93.9100,85.8362,19751900
2014-07-01,94.2400,95.1900,94.2000,94.9400,86.7776,31862500
2014-07-02,95.0000,95.2400,94.9100,95.1000,86.9238,18777300
2014-07-03,95.4100,95.7000,95.1500,95.7000,87.4723,15291700
2014-07-07,95.5900,95.7100,95.2300,95.4100,87.2072,23266400
2014-07-08,95.2300,95.3000,93.8700,94.2600,86.1561,40612400
2014-07-09,94.5100,95.0700,94.2400,94.9600,86.7959,29919000
2014-07-10,93.7400,95.0500,93.6300,94.6600,86.5217,44245300
2014-07-11,94.9000,95.2700,94.6100,95.2700,87.0792,19566300
2014-07-14,95.7000,96.0600,95.5400,95.8400,87.6002,19579000
2014-07-15,95.9900,96.1300,94.8300,95.5100,87.2986,39467500
2014-07-16,96.2000,96.3000,95.7900,95.8900,87.6459,22052600
2014-07-17,95.6300,95.9700,94.3200,94.6200,86.4852,43111500
2014-07-18,95.1100,96.1700,95.0000,96.1200,87.8561,36682200
2014-07-21,95.9200,96.1600,95.5500,96.0000,87.7465,29750700
2014-07-22,96.4500,96.7600,96.3500,96.6100,88.3041,25770400
2014-07-23,96.9500,97.3400,96.7700,97.2300,88.8708,28947500
2014-07-24,97.4000,97.5100,96.9800,97.1200,88.7702,24707200
2014-07-25,96.6200,96.8700,96.2300,96.7400,88.4229,29898900
2014-07-28,96.8400,97.0200,96.0200,96.7700,88.4503,25603400
2014-07-29,96.9800,97.2000,96.5200,96.6000,88.2949,27022200
2014-07-30,97.1400,97.3200,96.6000,96.9800,88.6422,35348500
2014-07-31,96.1800,96.3400,94.8800,95.0200,86.8507,50047900
2014-08-01,94.8200,95.3400,94.0400,94.6700,86.5308,60708000
2014-08-04,94.8700,95.6900,94.5200,95.3200,87.1249,33230500
2014-08-05,94.9400,95.2100,94.1500,94.5900,86.4577,50331100
2014-08-06,94.0000,95.1100,93.9200,94.5200,86.3937,34431900
2014-08-07,94.9600,95.1400,93.8900,94.2200,86.1195,33274700
2014-08-08,94.3700,95.0100,93.9700,94.9000,86.7411,40236900
2014-08-11,95.2700,95.7600,95.2000,95.4600,87.2529,28277500
2014-08-12,95.3600,95.6700,94.9300,95.4200,87.2163,28152300
2014-08-13,95.8100,96.4700,95.7600,96.4300,88.1395,27996500
2014-08-14,96.5600,96.9500,96.4300,96.9300,88.5965,25006600
2014-08-15,97.4900,97.6300,96.4800,97.4000,89.0261,55205500
2014-08-18,97.9100,98.2400,97.7700,98.1500,89.7116,38938300
2014-08-19,98.3800,98.7600,98.3200,98.7000,90.2143,21363400
2014-08-20,98.6200,98.9000,98.5300,98.7000,90.2143,23435600
2014-08-21,98.7500,98.9500,98.6000,98.9000,90.3972,19339500
2014-08-22,98.9400,99.2500,98.7200,99.0500,90.5343,24692000
2014-08-25,99.5200,99.6800,99.1600,99.4000,90.8541,24124700
2014-08-26,99.5500,99.6100,99.2700,99.5000,90.9455,20100400
2014-08-27,99.5300,99.6400,99.3100,99.5200,90.9638,15589100
2014-08-28,99.1800,99.5300,99.0800,99.4100,90.8633,23563900
2014-08-29,99.6300,99.9100,99.2700,99.7800,91.2015,17906300
2014-09-02,100.0200,100.1000,99.6600,100.0700,91.4666,18326800
2014-09-03,100.3400,100.3400,99.3000,99.4800,90.9273,25950700
2014-09-04,99.7100,100.2200,99.1400,99.3900,90.8450,24663500
2014-09-05,99.5400,99.9500,99.0300,99.8900,91.3020,30798200
2014-09-08,99.9200,100.3300,99.6200,100.0800,91.4757,25571300
2014-09-09,100.0900,100.4600,99.0600,99.2500,90.7171,36449200
2014-09-10,99.3800,100.1100,99.1000,100.0700,91.4666,31080100
2014-09-11,99.6400,100.0400,99.2400,99.9900,91.3934,28691900
2014-09-12,99.9000,99.9300,99.1700,99.4800,90.9273,30444400
2014-09-15,99.5900,99.6000,98.2200,98.5200,90.0498,32972200
2014-09-16,98.1500,99.5700,98.0500,99.3800,90.8358,38166900
2014-09-17,99.3600,100.0000,98.9300,99.5300,90.9730,37196500
2014-09-18,99.8400,100.2900,99.7300,100.2800,91.6585,30196700
2014-09-19,100.4600,100.5600,99.5800,99.9800,91.6017,46918000
2014-09-22,99.7400,99.7500,98.6200,99.0500,90.7496,48658000
2014-09-23,98.6500,99.2200,98.5800,98.7800,90.5023,33989600
2014-09-24,98.8800,99.8900,98.5400,99.8400,91.4734,35959000
2014-09-25,99.5200,99.6500,97.7000,97.7400,89.5494,68642500
2014-09-26,98.0600,98.9600,97.8900,98.7800,90.5023,56106200
2014-09-29,97.8000,98.9200,97.7500,98.6500,90.3831,33342700
2014-09-30,98.9200,99.3000,98.3200,98.7900,90.5114,41834300
2014-10-01,98.5100,98.6100,96.9000,97.2100,89.0638,58164900
2014-10-02,97.1700,97.5100,95.9700,97.2100,89.0638,54501300
2014-10-03,97.7800,98.5700,97.4400,98.1700,89.9434,41627800
2014-10-06,98.4800,98.7200,97.6600,97.9600,89.7510,36038700
2014-10-07,97.5000,97.7800,96.5600,96.5700,88.4775,45154000
2014-10-08,96.6200,98.7600,96.0600,98.4500,90.1999,64931600
2014-10-09,98.3200,98.5700,96.7100,96.8600,88.7431,62497100
2014-10-10,96.2900,96.8300,94.4200,94.4400,86.5259,77579400
2014-10-13,94.2700,94.9900,92.8800,92.9600,85.1700,80835900
2014-10-14,93.5400,94.1700,92.7100,92.9700,85.1791,71814500
2014-10-15,91.5700,92.7600,90.2400,92.3700,84.6294,108847800
2014-10-16,90.4200,92.5800,90.3900,91.7900,84.0980,93165800
2014-10-17,93.0000,93.8900,92.4600,93.0000,85.2066,69546700
2014-10-20,92.9900,94.4700,92.8000,94.3900,86.4801,41479300
2014-10-21,95.5600,96.8700,95.3200,96.8700,88.7523,53609800
2014-10-22,97.1700,97.3000,96.3100,96.3700,88.2942,39178000
2014-10-23,97.3400,98.3600,97.1700,97.8200,89.6227,48123800
2014-10-24,98.0300,98.6900,97.6400,98.6200,90.3557,43157600
2014-10-27,98.4300,98.8700,98.0200,98.6900,90.4198,29545700
2014-10-28,99.1500,100.2000,99.0800,100.1800,91.7849,34495100
2014-10-29,99.8500,100.1200,99.1000,99.8100,91.4459,40552800
2014-10-30,99.3600,100.2600,99.1400,100.0200,91.6383,35935800
2014-10-31,101.6800,101.7500,101.0700,101.4000,92.9027,54254100
2014-11-03,101.5800,101.9700,101.4300,101.7000,93.1776,33481000
2014-11-04,101.3800,101.6200,100.6700,101.3600,92.8660,22773300
2014-11-05,102.0300,102.0300,101.0200,101.3700,92.8752,25818600
2014-11-06,101.3600,101.7200,100.9200,101.6900,93.1684,24671900
2014-11-07,101.8700,101.9100,101.0700,101.6000,93.0859,20931700
2014-11-10,101.6500,102.0900,101.3800,101.9600,93.4158,20360000
2014-11-11,101.9800,102.2800,101.7000,102.2800,93.7090,15454000
2014-11-12,101.8700,102.5700,101.8700,102.4600,93.8739,22050300
2014-11-13,102.6500,103.2800,102.4200,102.9000,94.2770,28027800
2014-11-14,102.8700,103.2200,102.5300,103.2200,94.5702,19251300
2014-11-17,102.9800,103.2100,102.4200,102.9100,94.2862,23361600
2014-11-18,103.0000,103.8200,102.9900,103.6800,94.9916,26336800
2014-11-19,103.5700,103.5700,102.7300,103.2100,94.5610,23760200
2014-11-20,102.7700,103.7600,102.6900,103.6700,94.9825,22874000
2014-11-21,104.5900,104.6900,103.5400,103.8700,95.1657,34049100
2014-11-24,104.1500,104.7300,104.0600,104.6800,95.9079,17928300
2014-11-25,104.8400,105.1500,104.5700,104.8400,96.0544,17526000
2014-11-26,104.9400,105.5800,104.8300,105.5200,96.6775,18973800
2014-11-28,105.8000,106.2500,105.7300,106.0100,97.1264,17360400
2014-12-01,105.7200,105.9200,104.4200,104.8100,96.0269,35969500
2014-12-02,104.9200,105.4200,104.7000,105.2300,96.4117,26031300
2014-12-03,105.3900,105.5700,104.7600,105.4200,96.5858,32974300
2014-12-04,105.3200,105.7800,104.9300,105.3700,96.5400,31008800
2014-12-05,105.5400,105.7000,105.1500,105.3800,96.5492,25622200
2014-12-08,105.1100,105.5700,104.0800,104.6300,95.8620,32685800
2014-12-09,103.4100,105.0400,103.0400,104.9600,96.1644,46035100
2014-12-10,104.7700,105.0300,103.1200,103.3100,94.6526,39330100
2014-12-11,103.6100,105.0400,103.5900,103.8000,95.1016,47576000
2014-12-12,102.8100,103.9900,102.6600,102.6700,94.0662,46889400
2014-12-15,103.2000,103.5800,101.3200,101.6100,93.0951,52968400
2014-12-16,100.9700,102.4700,99.9600,99.9800,91.6017,65348600
2014-12-17,100.0500,102.0900,99.9200,101.8000,93.2692,79715300
2014-12-18,103.2600,104.2600,102.9800,104.2500,95.5139,49840900
2014-12-19,103.9700,104.7400,103.7100,104.3200,95.9341,51419900
2014-12-22,104.1500,104.6100,104.1000,104.5800,96.1732,33869200
2014-12-23,104.9600,104.9700,104.0900,104.2100,95.8330,30156900
2014-12-24,104.3400,104.7000,104.2700,104.3000,95.9158,14291300
2014-12-26,104.6000,105.2600,104.5700,105.0400,96.5962,13924300
2014-12-29,104.9400,105.2500,104.8800,105.0200,96.5778,17073800
2014-12-30,104.7200,104.9600,104.1800,104.3200,95.9341,18604000
2014-12-31,104.5000,104.9100,103.1000,103.2500,94.9502,24367100
2015-01-02,103.7600,104.2000,102.4400,102.9400,94.6651,31314600
2015-01-05,102.4900,102.6100,101.1400,101.4300,93.2765,36521300
2015-01-06,101.5800,101.7500,99.6200,100.0700,92.0258,66205500
2015-01-07,100.7300,101.6000,100.4900,101.3600,93.2121,37577400
2015-01-08,102.2200,103.5000,102.1100,103.3000,94.9962,40212600
2015-01-09,103.6200,103.6500,102.0200,102.6200,94.3708,41410100
2015-01-12,102.8200,102.9300,101.2900,101.5500,93.3868,34129800
2015-01-13,102.5400,103.6200,100.7000,101.5200,93.3592,56162300
2015-01-14,100.5000,101.4800,100.0700,100.9600,92.8442,51354200
2015-01-15,101.4300,101.5900,99.5300,99.6500,91.6395,51005400
2015-01-16,99.5200,100.9500,99.3600,100.8200,92.7155,35362200
2015-01-20,101.4300,101.8800,100.2900,101.6200,93.4512,30964100
2015-01-21,101.3200,102.6200,100.9600,102.1400,93.9294,40128800
2015-01-22,102.5400,104.1400,101.6400,104.0300,95.6675,40887200
2015-01-23,104.0200,104.5800,103.7200,104.2600,95.8790,34783000
2015-01-26,104.1400,104.3300,103.6100,104.1400,95.7686,19960900
2015-01-27,102.5000,102.5600,101.1000,101.4400,93.2857,45253200
2015-01-28,103.0700,103.1800,100.9000,100.9200,92.8075,43591700
2015-01-29,100.8400,102.0800,99.9600,101.8900,93.6995,46539700
2015-01-30,101.8000,102.5800,100.9600,101.1000,92.9730,42927600
2015-02-02,101.3300,102.0700,99.7500,101.9800,93.7822,43624700
2015-02-03,102.3500,103.0300,101.6800,102.9600,94.6834,30750400
2015-02-04,102.5400,103.5500,102.3100,102.8700,94.6007,34073200
2015-02-05,103.1300,103.8300,102.8700,103.7600,95.4191,23605500
2015-02-06,103.9200,104.1700,102.7600,103.1300,94.8398,34169300
2015-02-09,102.7300,103.2900,102.5500,102.8000,94.5363,22604700
2015-02-10,103.3700,104.5400,103.2100,104.4000,96.0077,23686500
2015-02-11,104.5200,105.0200,104.3200,104.7800,96.3572,20303600
2015-02-12,105.4600,106.0400,105.3000,106.0000,97.4791,22520300
2015-02-13,106.3000,106.9300,106.1000,106.9100,98.3159,29030200
2015-02-17,106.9100,107.0800,106.6400,107.0100,98.4079,17675300
2015-02-18,106.8800,107.2200,106.7400,107.1600,98.5458,15149600
2015-02-19,107.0900,107.7600,107.0600,107.6900,99.0332,19828100
2015-02-20,107.6200,108.4700,107.2800,108.4100,99.6954,28336700
2015-02-23,108.3500,108.5500,108.1100,108.5200,99.7965,17868000
2015-02-24,108.3800,108.7300,108.0500,108.6000,99.8701,19745000
2015-02-25,108.4400,108.8600,108.0900,108.3300,99.6218,19472300
2015-02-26,108.4400,108.9400,108.1400,108.8800,100.1276,22255500
2015-02-27,108.8400,108.9100,108.2300,108.4000,99.6861,27757600
2015-03-02,108.6100,109.4200,108.5900,109.3800,100.5874,22988600
2015-03-03,109.0500,109.1600,108.1800,108.8700,100.1184,20788900
2015-03-04,108.5100,108.6700,107.8600,108.4500,99.7321,21007400
2015-03-05,108.7300,108.9700,108.1900,108.6400,99.9069,15381000
2015-03-06,108.5000,108.7100,107.1400,107.4100,98.7757,30990400
2015-03-09,107.6300,107.9900,107.1900,107.7200,99.0608,26237100
2015-03-10,106.9500,106.9800,105.7200,105.7200,97.2216,34234500
2015-03-11,105.8800,106.0100,105.0700,105.1100,96.6606,25459700
2015-03-12,105.0300,105.9200,104.9600,105.8000,97.2951,21473200
2015-03-13,105.7000,106.1200,104.6800,105.3400,96.8722,42021100
2015-03-16,105.7300,106.7400,105.6200,106.7000,98.1228,25674100
2015-03-17,106.4100,107.0400,106.1600,106.8700,98.2792,19603800
2015-03-18,106.5800,108.4100,106.0300,107.9200,99.2447,40622200
2015-03-19,108.0300,108.3800,107.8700,108.0800,99.3919,31314000
2015-03-20,108.7200,109.0700,108.5100,108.5300,100.0352,31761400
2015-03-23,108.4700,108.7700,108.2800,108.3200,99.8417,17268500
2015-03-24,108.3100,108.8100,107.9100,107.9300,99.4822,22445300
2015-03-25,108.1000,108.2000,105.4200,105.4600,97.2055,41581400
2015-03-26,104.5900,105.7000,104.2400,105.1000,96.8737,47846300
2015-03-27,105.0800,105.7700,104.9200,105.5200,97.2608,33878400
2015-03-30,106.1600,106.8200,106.1600,106.7300,98.3762,30570200
2015-03-31,106.4300,106.6500,105.5700,105.6000,97.3346,30488100
2015-04-01,105.6000,105.6200,104.3700,105.0500,96.8276,32970500
2015-04-02,105.1500,105.4600,104.7800,105.1200,96.8922,19164200
2015-04-06,104.5000,106.2700,104.3400,105.9800,97.6849,24451100
2015-04-07,105.9200,106.7000,105.8000,105.8000,97.5189,19379400
2015-04-08,105.8400,106.7900,105.8300,106.6400,98.2932,25866900
2015-04-09,106.5900,107.3500,106.2300,107.3100,98.9107,23114700
2015-04-10,107.2700,107.7600,107.0300,107.7500,99.3163,17164300
2015-04-13,107.8300,108.3800,107.3600,107.4800,99.0674,17783500
2015-04-14,107.3700,107.6800,106.5600,107.1700,98.7817,23755700
2015-04-15,107.4500,108.0700,107.3200,107.8400,99.3993,21128600
2015-04-16,107.5500,107.8800,107.4000,107.6900,99.2610,16195300
2015-04-17,106.6600,106.9500,105.5500,106.0100,97.7125,46514000
2015-04-20,106.5400,107.7900,106.5000,107.6000,99.1781,28945900
2015-04-21,108.2200,108.4100,107.9300,108.0600,99.6020,22759800
2015-04-22,108.3400,108.8300,107.6400,108.6500,100.1459,21429200
2015-04-23,108.2800,109.5500,108.2600,109.0600,100.5238,29473200
2015-04-24,110.2100,110.6900,110.0300,110.5400,101.8879,32508100
2015-04-27,110.9500,111.1600,110.0200,110.2600,101.6298,31121300
2015-04-28,110.3400,110.5500,109.1100,110.0400,101.4270,36849200
2015-04-29,109.4300,110.0700,108.7500,109.3500,100.7911,34043900
2015-04-30,108.7300,109.1700,107.0600,107.6300,99.2057,44080500
2015-05-01,108.0500,109.1200,108.0300,109.0500,100.5145,32874300
2015-05-04,109.4000,109.9100,109.1700,109.2300,100.6804,23507300
2015-05-05,108.8000,109.0000,107.4000,107.4500,99.0398,47843300
2015-05-06,107.6400,107.9500,106.0000,106.7100,98.3577,42687200
2015-05-07,106.6800,107.6500,106.6000,107.3500,98.9476,29335800
2015-05-08,108.4600,108.9200,108.3000,108.6900,100.1827,33023300
2015-05-11,108.7600,108.9800,108.1900,108.2700,99.7956,19679300
2015-05-12,107.6300,108.3300,106.8000,107.7800,99.3439,33665000
2015-05-13,108.2500,108.8100,107.8400,108.0000,99.5467,20738400
2015-05-14,108.8800,109.6700,108.4800,109.5800,101.0031,23904200
2015-05-15,109.8600,110.0100,109.3100,109.5800,101.0031,23937400
2015-05-18,109.4000,110.2800,109.3200,110.0600,101.4455,17631100
2015-05-19,110.1800,110.3500,109.7600,109.9400,101.3349,14212900
2015-05-20,110.0200,110.6700,109.4300,110.0100,101.3994,21131900
2015-05-21,109.8200,110.7300,109.6600,110.5800,101.9248,16771800
2015-05-22,110.4500,110.8700,110.3800,110.4700,101.8234,13543800
2015-05-26,110.2300,110.3800,108.7600,109.2000,100.6528,25488400
2015-05-27,109.5300,111.0800,109.2900,110.9600,102.2750,30572700
2015-05-28,110.7500,111.0100,110.3700,110.7100,102.0446,17302400
2015-05-29,110.6400,110.7900,109.7900,110.0500,101.4363,30383000
2015-06-01,110.6400,110.7200,109.5200,110.4200,101.7773,24570200
2015-06-02,110.0100,110.6100,109.4700,110.0700,101.4547,19449600
2015-06-03,110.5700,110.8100,110.1300,110.4000,101.7589,20507200
2015-06-04,109.7800,110.4800,109.2100,109.5600,100.9846,31374600
2015-06-05,109.4300,109.6900,108.6300,109.3000,100.7450,22641700
2015-06-08,109.2500,109.3300,107.9700,108.1900,99.7219,24549200
2015-06-09,107.9300,108.4000,107.2000,108.0100,99.5560,27554600
2015-06-10,108.3800,109.8100,108.2600,109.4900,100.9201,30297900
2015-06-11,109.8600,110.1500,109.4600,109.6500,101.0676,17593500
2015-06-12,109.0700,109.3000,108.6000,108.7500,100.2380,27201800
2015-06-15,107.9400,108.3800,107.3100,108.2100,99.7403,31238800
2015-06-16,108.1000,108.9800,108.0500,108.8000,100.2841,16456900
2015-06-17,108.9800,109.4500,108.4300,109.1000,100.5607,23296700
2015-06-18,109.5000,110.8800,109.4400,110.6900,102.0262,43032400
2015-06-19,110.4900,110.5800,109.8100,109.8900,101.5218,27877600
2015-06-22,110.7000,111.0300,110.4500,110.7000,102.2701,19120900
2015-06-23,110.8200,110.8900,110.3300,110.7900,102.3532,18127900
2015-06-24,110.6600,111.1300,110.1900,110.2200,101.8266,15815900
2015-06-25,110.6500,110.7600,109.8200,110.0000,101.6234,18326700
2015-06-26,109.9800,110.2300,108.8600,109.2700,100.9490,32311700
2015-06-29,108.0600,108.6600,106.6400,106.6900,98.5654,50874900
2015-06-30,107.4900,107.7200,106.7400,107.0700,98.9165,34809900
2015-07-01,108.1300,108.3500,107.4200,107.9200,99.7018,21293000
2015-07-02,108.2300,108.3200,107.6200,107.9500,99.7295,20499400
2015-07-06,107.2700,108.3200,107.0400,107.7000,99.4985,24311000
2015-07-07,107.8200,108.0700,105.8300,107.9700,99.7480,44230800
2015-07-08,107.2000,107.3300,105.8900,106.0900,98.0111,39691500
2015-07-09,107.5000,107.6000,106.0200,106.0300,97.9557,28381000
2015-07-10,107.4400,108.0500,107.0500,107.6500,99.4523,26415800
2015-07-13,108.5800,109.6300,108.5700,109.5400,101.1984,25780700
2015-07-14,109.6900,110.5600,109.6300,110.2600,101.8636,21977200
2015-07-15,110.4700,110.8100,110.0700,110.3800,101.9744,28631500
2015-07-16,111.2900,111.9600,111.0700,111.9400,103.4157,29838900
2015-07-17,112.8400,113.5900,112.6500,113.5900,104.9400,35926800
2015-07-20,113.8300,114.3900,113.4800,113.9800,105.3003,26539000
2015-07-21,114.0200,114.2000,113.5800,113.9100,105.2356,35468900
2015-07-22,112.1700,113.1700,112.1700,112.6200,104.0439,35575000
2015-07-23,112.7300,113.1000,111.9100,112.2000,103.6559,25698300
2015-07-24,112.8000,113.0000,110.9300,111.1000,102.6396,30844700
2015-07-27,110.4700,110.9500,109.9400,110.1800,101.7897,35994800
2015-07-28,110.6700,111.3500,109.7900,111.1300,102.6673,33553500
2015-07-29,111.3700,111.7900,110.9400,111.5500,103.0554,26714100
2015-07-30,111.2900,112.2700,110.6200,112.0800,103.5450,25438100
2015-07-31,112.4300,112.4900,111.7200,111.9500,103.4249,22081700
2015-08-03,111.9700,112.2800,110.8600,111.6000,103.1015,25001800
2015-08-04,111.5500,111.7500,110.9300,111.3900,102.9075,22132300
2015-08-05,112.0100,113.0000,111.8800,112.2500,103.7020,28989900
2015-08-06,112.3500,112.5000,109.9500,110.4500,102.0391,42125400
2015-08-07,110.1800,110.5700,109.4000,110.3100,101.9098,30006800
2015-08-10,111.0100,111.8100,111.0000,111.5700,103.0738,21500800
2015-08-11,110.9800,111.4100,109.5300,110.1400,101.7527,36123300
2015-08-12,109.3800,110.7400,108.2200,110.5200,102.1038,41889000
2015-08-13,110.6300,111.1600,110.1000,110.3400,101.9375,22510500
2015-08-14,110.0800,110.6700,109.8600,110.5100,102.0945,17924900
2015-08-17,110.2400,111.4600,109.9600,111.4300,102.9445,21224900
2015-08-18,111.2800,111.3700,110.7100,110.8600,102.4179,13984400
2015-08-19,110.5200,111.1100,109.4900,110.1300,101.7435,42511400
2015-08-20,109.1100,109.4600,107.0700,107.0800,98.9258,57747300
2015-08-21,105.5700,106.4700,102.4000,102.4000,94.6021,97763400
2015-08-24,94.2300,102.5300,84.7400,98.4600,90.9622,150829900
2015-08-25,102.0700,102.7400,98.0100,98.0900,90.6203,75088300
2015-08-26,100.9600,103.2300,98.9300,103.0300,95.1842,104103800
2015-08-27,104.5200,105.7100,103.2800,105.6400,97.5954,69377700
2015-08-28,105.0800,106.0000,104.8500,105.6200,97.5769,49919600
2015-08-31,105.0300,105.6100,104.0500,104.3100,96.3667,39549400
2015-09-01,101.7100,103.2900,100.6300,101.0500,93.3549,73155500
2015-09-02,102.8800,103.9200,101.7000,103.9000,95.9879,43963600
2015-09-03,104.3100,105.0200,103.1000,103.3900,95.5167,45131800
2015-09-04,101.9700,102.8500,101.5900,102.1600,94.3804,49379600
2015-09-08,104.1200,105.1700,103.6900,105.0400,97.0411,37343500
2015-09-09,106.2800,106.3100,103.5900,103.8600,95.9510,47146700
2015-09-10,103.7400,105.6800,103.6200,104.9900,96.9949,47686700
2015-09-11,104.5100,105.5700,104.2100,105.5700,97.5307,29106100
2015-09-14,105.9600,105.9800,104.8500,105.2500,97.2351,19718800
2015-09-15,105.5000,106.8200,105.1100,106.4900,98.3807,30020200
2015-09-16,106.5100,107.1900,106.1400,107.0900,98.9350,31329100
2015-09-17,106.9800,108.7300,106.6400,107.1300,98.9720,56139800
2015-09-18,105.2300,106.6000,105.1700,105.3500,97.5643,48384000
2015-09-21,105.9300,106.5500,104.7300,105.6800,97.8699,35772600
2015-09-22,104.0600,104.4200,103.1300,104.1000,96.4067,47359700
2015-09-23,104.3800,104.6600,103.6400,104.1800,96.4807,21775100
2015-09-24,103.1700,104.1900,102.2700,103.8000,96.1288,38284300
2015-09-25,104.9100,105.0100,102.2800,102.9200,95.3139,44700000
2015-09-28,102.4800,102.5500,99.6900,99.9900,92.6004,44077500
2015-09-29,100.2400,101.2600,98.7500,99.4700,92.1188,49315500
2015-09-30,100.8900,101.8700,100.5000,101.7600,94.2396,41411400
2015-10-01,101.9400,102.2300,100.5900,102.2200,94.6656,39339100
2015-10-02,100.8000,104.0100,100.4800,104.0100,96.3233,59370900
2015-10-05,104.7800,105.7800,104.5500,105.5000,97.7032,32853500
2015-10-06,105.2500,105.6000,104.1800,105.0000,97.2401,33051500
2015-10-07,105.6600,105.8600,104.2900,105.6300,97.8236,37389300
2015-10-08,105.2300,106.2300,104.2100,106.0500,98.2126,50188900
2015-10-09,106.1000,106.7300,105.8100,106.5300,98.6571,23916200
2015-10-12,106.7300,106.9900,106.3500,106.7900,98.8979,16162000
2015-10-13,106.1800,107.2600,106.0000,106.1000,98.2589,26999600
2015-10-14,106.1000,106.6300,105.4900,105.9300,98.1014,30902600
2015-10-15,106.3200,107.6800,106.1800,107.6700,99.7128,38393800
2015-10-16,107.9000,108.1800,107.3800,108.1200,100.1296,27091100
2015-10-19,107.9800,108.8100,107.7400,108.7400,100.7038,23776300
2015-10-20,108.5500,108.7800,107.8100,108.1800,100.1852,23404700
2015-10-21,108.7300,108.8400,107.4800,107.5200,99.5739,30195200
2015-10-22,108.4800,109.8000,108.1700,109.7100,101.6021,42778700
2015-10-23,112.6600,113.2400,112.0700,112.7800,104.4452,53170900
2015-10-26,112.7000,113.0700,112.2700,112.8500,104.5100,25918000
2015-10-27,112.5500,113.2400,112.5200,113.0800,104.7230,31390500
2015-10-28,113.2500,114.0200,112.3400,114.0200,105.5936,42221900
2015-10-29,113.5000,114.0300,113.3800,113.8400,105.4268,24913300
2015-10-30,113.8900,114.0800,113.3000,113.3300,104.9545,27199200
2015-11-02,113.6300,114.7500,113.3900,114.6100,106.1399,22176900
2015-11-03,114.3800,115.4200,114.2100,115.0100,106.5104,20418400
2015-11-04,115.3900,115.4700,114.5400,115.0200,106.5196,28633000
2015-11-05,115.1200,115.4000,114.1100,114.7100,106.2325,25004100
2015-11-06,114.4900,114.9200,113.7600,114.7900,106.3067,29924900
2015-11-09,114.3600,114.5100,112.8700,113.5700,105.1768,33479800
2015-11-10,112.9700,113.3900,112.6300,113.2800,104.9082,35452100
2015-11-11,113.5900,114.1400,112.9500,113.1400,104.7786,22748800
2015-11-12,112.6800,113.2300,111.9600,112.0400,103.7599,31196900
2015-11-13,111.5700,111.6900,109.7800,109.8400,101.7225,52836000
2015-11-16,109.7300,111.4400,109.4800,111.4200,103.1857,33980600
2015-11-17,111.6100,112.2900,111.2100,111.4900,103.2505,30579500
2015-11-18,111.9400,113.7400,111.8300,113.6300,105.2324,32966500
2015-11-19,113.6900,114.2300,113.4900,113.7100,105.3064,26188100
2015-11-20,114.2500,114.5700,114.1400,114.4800,106.0195,22727600
2015-11-23,114.5200,114.9400,113.6600,114.1500,105.7139,20696200
2015-11-24,113.4100,114.3200,112.8400,114.0500,105.6213,26374400
2015-11-25,114.2200,114.3600,113.9100,114.1500,105.7139,14159900
2015-11-27,114.4000,114.5400,113.9200,114.3100,105.8621,8828000
2015-11-30,114.6500,114.6500,113.6500,114.0200,105.5936,25041600
2015-12-01,114.4800,115.1600,114.3400,115.1600,106.6493,28639400
2015-12-02,115.2500,115.7500,114.2800,114.4500,105.9918,22395500
2015-12-03,114.7600,114.9600,111.8400,112.5100,104.1951,42754300
2015-12-04,112.8500,115.3300,112.6200,115.1400,106.6308,40037300
2015-12-07,115.2200,115.2900,114.0700,114.6200,106.1492,25892100
2015-12-08,113.4200,115.0000,113.3800,114.6300,106.1584,30792600
2015-12-09,114.1300,114.7600,112.2000,112.8900,104.5470,48509200
2015-12-10,113.1500,114.1600,112.8100,113.4000,105.0194,30154600
2015-12-11,112.0900,112.3900,110.7200,110.7900,102.6022,56022200
2015-12-14,110.9400,111.6800,109.3800,111.6300,103.3802,53098500
2015-12-15,112.6600,113.2800,112.1700,112.3100,104.0099,48428000
2015-12-16,113.0700,114.1700,111.8900,113.9800,105.5565,44944100
2015-12-17,114.4800,114.4800,112.3000,112.3200,104.0192,45668800
2015-12-18,111.6300,111.8800,109.8300,109.8300,102.0238,53746100
2015-12-21,110.8700,111.0700,110.0500,111.0500,103.1572,26432800
2015-12-22,111.6400,111.9400,111.0500,111.7800,103.8353,26540300
2015-12-23,112.3600,112.6900,112.1600,112.6100,104.6062,25656900
2015-12-24,112.6100,112.9000,112.5400,112.5900,104.5876,11468600
2015-12-28,112.3200,112.5500,111.5100,112.5300,104.5320,19183600
2015-12-29,113.2000,114.5500,113.1300,114.3000,106.1761,27725700
2015-12-30,114.2000,114.2400,113.2500,113.2700,105.2193,19520100
2015-12-31,112.8700,113.0800,111.8400,111.8600,103.9095,29886800
2016-01-04,109.4500,109.6000,108.1200,109.5000,101.7173,50807600
2016-01-05,110.0400,110.1800,108.8000,109.3100,101.5408,38795200
2016-01-06,107.4100,108.8900,107.4100,108.2600,100.5654,41891100
2016-01-07,105.9500,107.2900,104.8100,104.8700,97.4164,61386300
2016-01-08,105.6300,106.2900,103.9000,104.0100,96.6175,69344000
2016-01-11,104.7500,105.0600,102.7300,104.3300,96.9148,50024100
2016-01-12,105.3300,106.0800,104.0800,105.5400,98.0387,46734200
2016-01-13,105.9700,106.2300,101.7400,101.9000,94.6575,69870700
2016-01-14,102.3000,104.9800,100.6700,104.0700,96.6732,78445700
2016-01-15,100.6200,101.9400,99.5100,100.8400,93.6728,91443900
2016-01-19,102.2100,102.3700,99.8800,101.0600,93.8772,56563800
2016-01-20,99.4700,101.8300,97.2500,100.7500,93.5892,86675000
2016-01-21,101.1800,102.3500,99.8200,100.8500,93.6821,61660100
2016-01-22,102.8800,103.8100,102.5300,103.7700,96.3945,42229800
2016-01-25,103.4000,103.9900,102.1400,102.2300,94.9640,38881500
2016-01-26,102.6600,103.5900,101.7600,103.1500,95.8186,36143900
2016-01-27,102.5500,102.9900,100.1500,100.5800,93.4313,54524700
2016-01-28,102.2500,102.2900,100.2600,102.0000,94.7504,47641500
2016-01-29,101.9700,104.1700,101.9400,104.1300,96.7290,54245100
2016-02-01,103.6300,104.8000,103.2300,104.4100,96.9891,32750300
2016-02-02,103.9300,103.9700,101.8400,102.1500,94.8897,44928100
2016-02-03,102.8300,102.8300,99.8800,101.6600,94.4345,61572900
2016-02-04,101.3900,102.4600,100.4400,101.6500,94.4252,49321600
2016-02-05,101.2900,101.3300,97.7200,98.1200,91.1461,70749900
2016-02-08,96.2900,97.0500,94.8400,96.6200,89.7527,91673100
2016-02-09,95.3300,97.7800,95.1800,96.3200,89.4741,73778400
2016-02-10,97.4300,98.6900,96.6200,96.6900,89.8178,59421700
2016-02-11,95.4600,97.3200,95.1900,96.5500,89.6877,76839200
2016-02-12,97.6400,98.1200,96.7300,98.0200,91.0532,49186500
2016-02-16,99.4700,100.2300,98.8500,100.2300,93.1061,40565900
2016-02-17,100.9600,102.6400,100.7000,102.5000,95.2148,41766500
2016-02-18,102.8200,102.8400,101.2000,101.3300,94.1280,38991500
2016-02-19,100.8400,101.9400,100.6200,101.6300,94.4066,28257900
2016-02-22,102.5800,103.3800,102.4800,103.2800,95.9394,23979100
2016-02-23,102.6800,102.9600,101.5100,101.5800,94.3602,29869700
2016-02-24,100.3900,102.6800,99.7700,102.5500,95.2613,40739100
2016-02-25,102.7600,103.5600,101.8400,103.5600,96.1995,29389300
2016-02-26,104.3500,104.3700,103.1800,103.4300,96.0787,30925000
2016-02-29,103.3300,104.1000,102.5000,102.5000,95.2148,27553900
2016-03-01,103.4800,105.7900,103.1600,105.7900,98.2710,37699800
2016-03-02,105.6600,105.8500,105.0100,105.8300,98.3081,29209800
2016-03-03,105.7200,105.7500,104.8700,105.6300,98.1223,25474600
2016-03-04,105.7500,106.3500,104.9700,105.6700,98.1595,31655400
2016-03-07,105.1300,105.7400,104.2700,105.0200,97.5557,25861200
2016-03-08,104.3000,105.2100,103.9700,104.1500,96.7475,28898500
2016-03-09,104.5400,104.8400,103.9600,104.8200,97.3699,31047400
2016-03-10,105.2600,105.8600,103.3100,104.6600,97.2213,44236100
2016-03-11,105.7900,106.4900,105.4600,106.4900,98.9212,31454000
2016-03-14,106.0900,106.9200,106.0600,106.6700,99.0884,25374900
2016-03-15,106.2900,106.7500,105.9500,106.6300,99.0513,26524600
2016-03-16,106.3700,107.8600,106.3400,107.5800,99.9337,31693100
2016-03-17,107.2700,107.7700,106.8700,107.5200,99.8780,29623700
2016-03-18,107.4600,107.6400,106.8000,107.3700,100.0345,37682300
2016-03-21,107.1800,107.8900,107.1200,107.7900,100.4258,17288600
2016-03-22,107.1800,108.3700,107.1600,108.1200,100.7333,18840300
2016-03-23,107.9100,107.9900,106.9900,107.2300,99.9041,20912900
2016-03-24,106.7100,107.2900,106.5300,107.2600,99.9321,19017300
2016-03-28,107.5600,107.5800,106.9200,107.1100,99.7923,13892300
2016-03-29,106.9100,108.9000,106.7300,108.8300,101.3948,29963900
2016-03-30,109.4800,110.0400,109.1300,109.3600,101.8886,23807200
2016-03-31,109.2800,109.6900,109.0300,109.2000,101.7395,21447200
2016-04-01,108.5400,110.4000,108.3900,110.3600,102.8202,26389000
2016-04-04,110.3600,110.4400,109.6800,109.9400,102.4290,17163000
2016-04-05,109.0900,109.5000,108.7400,108.8800,101.4414,20107900
2016-04-06,108.9900,110.7100,108.9900,110.6700,103.1091,25056000
2016-04-07,110.0300,110.2300,108.6100,109.0800,101.6277,28567200
2016-04-08,109.7600,110.0200,108.6200,109.0000,101.5532,22898000
2016-04-11,109.4700,110.0200,108.5900,108.6000,101.1805,25772100
2016-04-12,108.6800,109.7200,108.0200,109.5100,102.0283,28564100
2016-04-13,110.3500,111.0800,110.2100,110.9100,103.3327,25356700
2016-04-14,110.9300,111.3300,110.0000,110.9200,103.3420,17199700
2016-04-15,110.8300,111.0600,110.3600,110.6400,103.0811,21353300
2016-04-18,110.3200,111.2700,110.2500,111.2300,103.6308,17126100
2016-04-19,111.4400,111.4400,109.8800,110.5500,102.9973,42481400
2016-04-20,110.5500,111.1500,110.1700,110.6400,103.0811,18078300
2016-04-21,110.5800,111.0500,110.1500,110.6500,103.0905,20216000
2016-04-22,109.2100,109.7200,108.1200,108.9800,101.5345,39074000
2016-04-25,108.6500,108.9900,108.4500,108.9800,101.5345,14351900
2016-04-26,109.2100,109.3900,108.1200,108.4500,101.0408,19118300
2016-04-27,107.3400,107.8300,106.6900,107.5800,100.2302,33059800
2016-04-28,107.7000,108.3300,106.0700,106.2800,99.0190,29818200
2016-04-29,106.2800,106.5000,104.8800,105.7200,98.4973,67502800
2016-05-02,105.9900,106.8700,105.5500,106.7200,99.4290,24813800
2016-05-03,105.9600,106.4400,105.4500,105.7300,98.5066,38569400
2016-05-04,105.0900,105.4800,104.7900,105.0500,97.8731,27474500
2016-05-05,105.4300,105.6600,104.8100,105.0200,97.8451,20788100
2016-05-06,104.5000,105.6000,104.4000,105.5800,98.3669,30758500
2016-05-09,105.5900,106.3700,105.5400,105.8800,98.6463,19289600
2016-05-10,106.2600,107.3800,106.0700,107.3300,99.9973,21178900
2016-05-11,107.1700,107.4900,106.3300,106.3600,99.0936,20966300
2016-05-12,106.6100,106.7400,105.1400,105.8900,98.6557,29196300
2016-05-13,105.8000,106.4500,105.2900,105.5000,98.2923,21059300
2016-05-16,105.6600,107.2100,105.5600,106.8200,99.5221,18311900
2016-05-17,106.7300,107.0400,105.2000,105.4800,98.2737,29932700
2016-05-18,105.2400,106.4300,105.0400,105.8600,98.6277,27524400
2016-05-19,105.4500,105.7100,104.5400,105.3100,98.1153,27334600
2016-05-20,105.7300,106.9000,105.6700,106.4700,99.1960,29549600
2016-05-23,106.5900,106.9700,106.2300,106.3300,99.0656,15729800
2016-05-24,106.9200,108.5900,106.8900,108.4600,101.0501,29931300
2016-05-25,108.8700,109.5700,108.6800,109.2400,101.7768,37951700
2016-05-26,109.3500,109.7000,109.0900,109.5600,102.0749,21885900
2016-05-27,109.6300,110.1400,109.6100,110.1300,102.6060,19870000
2016-05-31,110.2800,110.5100,109.7800,110.3400,102.8016,24366100
2016-06-01,110.0000,110.6000,109.9100,110.3500,102.8110,19571500
2016-06-02,110.1300,110.5900,109.5300,110.5800,103.0253,15696600
2016-06-03,110.3700,110.4200,109.3400,110.0600,102.5407,20269900
2016-06-06,110.2600,110.7500,110.0700,110.4600,102.9134,12502400
2016-06-07,110.5200,110.6300,110.1300,110.1800,102.6526,12184300
2016-06-08,110.3700,110.6000,109.9600,110.3700,102.8296,14568700
2016-06-09,109.9200,110.3100,109.7100,110.1900,102.6619,17571600
2016-06-10,109.1900,109.4000,108.5600,108.9400,101.4973,32965000
2016-06-13,108.3200,108.9300,107.8900,108.0300,100.6495,25154700
2016-06-14,107.7400,108.4200,107.2400,108.0300,100.6495,24588500
2016-06-15,108.2900,108.4400,107.5400,107.7200,100.3606,24605700
2016-06-16,107.1900,108.1400,106.5000,108.0400,100.6588,32079900
2016-06-17,107.5300,107.6800,106.2400,106.4900,99.4789,29208800
2016-06-20,107.7300,108.2400,107.0800,107.1600,100.1048,20562800
2016-06-21,107.3000,107.7200,107.1000,107.5000,100.4224,22804100
2016-06-22,107.5600,108.1900,107.1500,107.2400,100.1795,22724200
2016-06-23,108.0700,108.7900,107.6200,108.7700,101.6088,18714200
2016-06-24,104.9000,106.5000,104.0600,104.2900,97.4238,68012700
2016-06-27,103.6000,103.6000,101.7500,102.2200,95.4900,48222600
2016-06-28,103.3500,104.5100,103.3000,104.4600,97.5826,28260600
2016-06-29,105.2800,106.5300,105.2300,106.3100,99.3108,31356700
2016-06-30,106.4900,107.6100,106.1300,107.5400,100.4598,36300800
2016-07-01,107.4900,108.4800,107.4500,108.0800,100.9642,19902800
2016-07-05,107.5100,107.6600,106.8400,107.4200,100.3477,21167900
2016-07-06,106.9100,108.3500,106.5700,108.3000,101.1698,24579300
2016-07-07,108.4000,108.8600,108.1100,108.6200,101.4687,19161700
2016-07-08,109.2000,110.3600,109.0200,110.3000,103.0381,29457900
2016-07-11,110.6700,111.3400,110.6600,110.9300,103.6266,20218500
2016-07-12,111.6100,111.7900,111.3400,111.4900,104.1497,21906100
2016-07-13,111.7500,111.8200,111.2100,111.2200,103.8975,21107800
2016-07-14,111.9600,112.1900,111.7000,111.9800,104.6075,20871000
2016-07-15,112.2400,112.3000,111.5500,111.8000,104.4393,17999300
2016-07-18,111.8700,112.7400,111.8500,112.5400,105.1306,20713900
2016-07-19,112.1500,112.4800,111.9300,112.1300,104.7476,18936700
2016-07-20,112.7400,113.6500,112.6000,113.4400,105.9713,24997900
2016-07-21,113.5200,113.7400,112.8700,113.1800,105.7285,18885400
2016-07-22,113.2600,113.7800,112.9100,113.6500,106.1675,20003400
2016-07-25,113.5600,113.6900,113.2800,113.6600,106.1769,12968100
2016-07-26,113.6200,114.2000,113.2200,113.7900,106.2983,21223800
2016-07-27,114.7500,114.8800,114.1000,114.5800,107.0363,27646100
2016-07-28,114.7600,115.1100,114.4000,114.9800,107.4100,16939700
2016-07-29,115.2400,115.5400,114.8700,115.2300,107.6435,22385300
2016-08-01,115.3100,116.1300,115.1700,115.8400,108.2133,13990100
2016-08-02,115.6700,115.7700,114.2200,114.9600,107.3913,21278400
2016-08-03,114.8700,115.3500,114.8000,115.3400,107.7462,15011300
2016-08-04,115.3000,115.7800,115.0300,115.6700,108.0545,12835300
2016-08-05,116.2600,117.0400,116.1300,116.7800,109.0915,23196600
2016-08-08,116.8400,116.8700,116.2800,116.6500,108.9700,12358200
2016-08-09,116.7400,117.2900,116.6700,116.9200,109.2222,13276500
2016-08-10,116.9900,117.0200,116.3100,116.6200,108.9420,14688400
2016-08-11,117.0200,117.3700,116.7800,117.1200,109.4091,12969800
2016-08-12,116.9200,117.2100,116.7900,117.2000,109.4838,19379000
2016-08-15,117.3500,117.9700,117.3100,117.7000,109.9509,11777800
2016-08-16,117.4800,117.4900,117.0300,117.0500,109.3437,14161400
2016-08-17,117.0800,117.3000,116.4300,117.2600,109.5399,15980300
2016-08-18,117.1500,117.4600,116.9500,117.2900,109.5679,10036300
2016-08-19,117.0800,117.5200,116.7600,117.2600,109.5399,18743000
2016-08-22,117.0900,117.5500,116.8700,117.3500,109.6239,14500600
2016-08-23,117.8100,118.0100,117.5100,117.5600,109.8201,11997900
2016-08-24,117.4800,117.6400,116.4100,116.8000,109.1101,17728700
2016-08-25,116.5000,116.9700,116.3600,116.6100,108.9326,24266300
2016-08-26,116.6500,117.5400,116.0800,116.7800,109.0915,23896000
2016-08-29,116.8100,117.2500,116.7900,116.9400,109.2409,11184900
2016-08-30,116.7500,117.0900,116.1600,116.5600,108.8859,19843300
2016-08-31,116.3800,116.5600,115.9500,116.4400,108.7738,16169800
2016-09-01,116.4800,116.8800,115.9100,116.7400,109.0541,20944700
2016-09-02,117.3200,117.5600,116.6800,117.1200,109.4091,18088200
2016-09-06,117.3200,117.8500,117.0600,117.8500,110.0910,18525200
2016-09-07,117.9600,118.1200,117.4700,117.9200,110.1564,17546900
2016-09-08,117.5700,117.6000,116.9200,117.2300,109.5118,20125300
2016-09-09,116.2500,116.5100,114.2600,114.2800,106.7561,50813300
2016-09-12,113.6400,116.4900,113.6300,116.3300,108.6711,39646000
2016-09-13,115.7500,116.0900,114.7300,115.2900,107.6996,45863900
2016-09-14,115.4100,116.4700,115.3800,115.8400,108.2133,28221800
2016-09-15,115.8700,117.8200,115.8600,117.6400,109.8948,38521400
2016-09-16,117.2200,117.4100,116.7100,117.2900,109.8424,27596500
2016-09-19,117.5900,117.9500,116.5500,116.7800,109.3647,16222900
2016-09-20,117.2000,117.4800,116.8000,117.0000,109.5708,18078600
2016-09-21,117.5000,118.3200,116.8100,118.1500,110.6478,31546800
2016-09-22,118.8400,119.2200,118.7200,119.0900,111.5281,22614400
2016-09-23,119.0000,119.0000,118.1600,118.3300,110.8163,22213400
2016-09-26,117.6600,117.8000,117.1700,117.3400,109.8892,16403900
2016-09-27,117.2600,118.5600,117.1500,118.5000,110.9755,20238400
2016-09-28,118.6500,118.7700,118.0900,118.7000,111.1629,14794300
2016-09-29,118.5000,118.7200,117.3300,117.8400,110.3574,27207500
2016-09-30,118.1500,119.0700,118.0300,118.7200,111.1816,25543200
2016-10-03,118.5700,118.7000,118.0900,118.5500,111.0224,19216400
2016-10-04,118.9000,119.1600,117.9200,118.3700,110.8538,21239700
2016-10-05,118.7200,119.1700,118.6700,118.7900,111.2471,14481300
2016-10-06,118.6400,118.9800,118.1500,118.7300,111.1909,11987100
2016-10-07,118.8400,119.0100,117.8900,118.4700,110.9474,19984200
2016-10-10,119.0800,119.4800,119.0300,119.2200,111.6498,19687300
2016-10-11,119.1200,119.1400,117.0000,117.5200,110.0578,27774400
2016-10-12,117.6300,117.8200,117.0600,117.4200,109.9641,14267800
2016-10-13,116.6200,117.3200,115.9400,117.0000,109.5708,22821000
2016-10-14,117.5800,118.0500,117.0700,117.1400,109.7019,21313300
2016-10-17,117.0400,117.3000,116.6700,116.8200,109.4022,14182700
2016-10-18,118.2100,118.4100,117.8000,117.8600,110.3762,19276700
2016-10-19,117.7700,118.0200,117.6400,117.8500,110.3668,13702900
2016-10-20,117.7300,117.9700,117.0300,117.7100,110.2357,18132200
2016-10-21,117.8000,118.2200,117.4100,118.1500,110.6478,15707800
2016-10-24,118.9100,119.6500,118.8900,119.5700,111.9776,19143000
2016-10-25,119.6400,119.6600,119.0100,119.1900,111.6218,20341800
2016-10-26,118.4200,119.0300,118.0300,118.3800,110.8631,20463700
2016-10-27,118.8900,118.9900,117.6700,117.8400,110.3574,19099800
2016-10-28,117.5000,118.1100,116.7400,117.1000,109.6645,35369300
2016-10-31,117.5300,117.5300,116.9300,116.9900,109.5614,18749400
2016-11-01,117.1900,117.2100,115.1000,116.1100,108.7373,23498700
2016-11-02,116.0300,116.3000,114.8900,115.1800,107.8664,26960100
2016-11-03,114.9900,115.3700,113.9200,114.0500,106.8081,36205200
2016-11-04,113.7700,114.5400,113.4500,113.6500,106.4335,26997500
2016-11-07,115.4900,116.4700,115.3000,116.3500,108.9621,26591200
2016-11-08,116.2300,117.6400,115.9600,117.1100,109.6738,20777900
2016-11-09,115.7400,117.8400,115.6000,117.6500,110.1795,70234400
2016-11-10,118.2200,118.3800,114.2000,115.7500,108.4001,72825400
2016-11-11,115.2500,116.0500,114.8400,115.8000,108.4470,41115200
2016-11-14,115.8300,115.9400,114.0300,114.6300,107.3513,35906000
2016-11-15,115.5000,116.6200,115.3300,116.2200,108.8403,31796600
2016-11-16,115.6700,116.9900,115.6700,116.9100,109.4865,16538100
2016-11-17,116.8500,117.7800,116.6100,117.7600,110.2825,20598600
2016-11-18,117.9000,118.1000,117.2100,117.3200,109.8705,16428700
2016-11-21,117.6100,118.6500,117.5700,118.5400,111.0130,20268500
2016-11-22,119.0100,119.1900,118.6100,118.9000,111.3502,18850600
2016-11-23,118.5100,118.6400,117.9000,118.4200,110.9006,22926000
2016-11-25,118.5600,118.8500,118.4200,118.8000,111.2565,7162800
2016-11-28,118.6500,119.0800,118.4100,118.5300,111.0037,13479000
2016-11-29,118.6400,119.5100,118.3000,118.9400,111.3876,18553000
2016-11-30,119.0900,119.1300,117.4600,117.5000,110.0390,30405300
2016-12-01,117.4600,117.4700,115.2900,115.4700,108.1380,39796600
2016-12-02,115.5400,116.1600,115.2200,115.7000,108.3533,32876800
2016-12-05,116.3000,117.0600,115.7700,116.6000,109.1962,21419700
2016-12-06,116.9300,117.0800,116.3900,116.8800,109.4584,27293300
2016-12-07,116.6400,118.5100,116.2900,118.3600,110.8445,26622400
2016-12-08,118.4100,118.8700,118.1800,118.5700,111.0411,18578400
2016-12-09,119.0100,119.5400,119.0000,119.5000,111.9120,21863100
2016-12-12,118.9700,119.2100,118.4700,118.9600,111.4063,23259300
2016-12-13,119.3200,121.1100,119.3200,120.4600,112.8111,54477900
2016-12-14,120.6100,121.0000,119.8600,120.2100,112.5770,28746000
2016-12-15,120.3700,121.1100,120.0800,120.4000,112.7549,22762300
2016-12-16,120.3400,120.5800,119.3600,119.6000,112.3369,26283900
2016-12-19,119.7200,120.8300,119.5500,120.0900,112.7972,21138700
2016-12-20,120.4700,120.7700,120.3300,120.5500,113.2292,11461800
2016-12-21,120.6000,120.6800,120.1900,120.4600,113.1447,7079300
2016-12-22,120.4700,120.5000,119.6500,120.1200,112.8254,16645000
2016-12-23,119.9200,120.2500,119.8100,120.2000,112.9005,9007500
2016-12-27,120.4600,121.5200,120.4100,120.8200,113.4828,16110600
2016-12-28,121.0800,121.1900,119.8000,119.8800,112.5999,17975200
2016-12-29,119.8500,120.1300,119.3300,119.7100,112.4403,13267500
2016-12-30,119.9400,119.9500,118.1400,118.4800,111.2850,41749000
2017-01-03,119.2700,119.9900,118.8900,119.5400,112.2806,22307600
2017-01-04,119.6700,120.4100,119.6600,120.1900,112.8911,19749100
2017-01-05,120.1000,120.9500,120.1000,120.8700,113.5298,20644300
2017-01-06,121.0000,122.2500,120.6900,121.9300,114.5254,24074300
2017-01-09,122.0300,122.5500,121.9500,122.3300,114.9011,18909200
2017-01-10,122.3800,122.9700,122.1000,122.6000,115.1548,16176600
2017-01-11,122.6500,122.9300,122.0200,122.9300,115.4647,20686000
2017-01-12,122.4900,122.8200,121.6000,122.7400,115.2862,19622500
2017-01-13,122.8000,123.3700,122.8000,123.1600,115.6807,16930800
2017-01-17,122.8400,123.0300,122.4300,122.7900,115.3332,14538500
2017-01-18,122.9700,123.1600,122.6600,123.0400,115.5680,12499700
2017-01-19,123.2200,123.6500,122.7200,122.9800,115.5117,12710700
2017-01-20,123.5200,123.8300,122.9200,123.2500,115.7653,22091000
2017-01-23,123.1700,123.5300,122.5700,123.3500,115.8592,17434200
2017-01-24,123.5900,124.3700,123.3800,124.1800,116.6388,17640900
2017-01-25,124.9600,125.4600,124.8500,125.4300,117.8129,15036200
2017-01-26,125.6000,125.8200,125.3400,125.5600,117.9350,16052200
2017-01-27,125.8300,125.9200,125.3900,125.8000,118.1604,15053000
2017-01-30,125.3800,125.3800,124.1300,124.8200,117.2399,25006700
2017-01-31,124.3800,124.6000,123.8500,124.5700,117.0051,19091100
2017-02-01,125.4500,125.6800,124.8600,125.4300,117.8129,22861900
2017-02-02,125.2100,125.7000,124.8600,125.3200,117.7096,15101400
2017-02-03,125.4500,125.8100,125.3300,125.6800,118.0477,16957200
2017-02-06,125.4700,125.8500,125.3500,125.8300,118.1886,11630100
2017-02-07,126.0900,126.5500,125.9700,126.2900,118.6206,17541100
2017-02-08,126.1200,126.6800,125.8800,126.5000,118.8179,12569100
2017-02-09,126.6300,127.2400,126.5600,126.9600,119.2500,17542700
2017-02-10,127.2400,127.5600,127.0200,127.3800,119.6444,13915700
2017-02-13,127.7700,128.2600,127.7200,128.1000,120.3208,19120200
2017-02-14,128.1500,128.5400,127.7400,128.5300,120.7246,16333500
2017-02-15,128.4400,129.3500,128.3700,129.2900,121.4385,17891400
2017-02-16,129.3700,129.6300,128.9200,129.2500,121.4009,15098300
2017-02-17,129.0600,129.8200,129.0400,129.8100,121.9269,15563700
2017-02-21,130.0600,130.5300,129.9900,130.4500,122.5280,18479600
2017-02-22,130.3300,130.5900,130.1100,130.5000,122.5750,12110900
2017-02-23,130.7000,130.7000,129.4900,130.0100,122.1147,17489000
2017-02-24,129.4200,130.2600,129.3800,130.2600,122.3496,18624500
2017-02-27,130.0200,130.4300,129.8000,130.4200,122.4998,12008700
2017-02-28,130.3900,130.4500,129.6600,130.0200,122.1242,16598600
2017-03-01,130.8500,131.6800,130.6000,131.4400,123.4579,25813800
2017-03-02,131.4100,131.4300,130.6200,130.7800,122.8380,19951400
2017-03-03,130.6900,131.0600,130.3400,131.0200,123.0634,13722700
2017-03-06,130.5900,130.9500,130.2100,130.7300,122.7910,12026200
2017-03-07,130.4700,131.0800,130.2800,130.5100,122.5844,15500900
2017-03-08,130.5900,131.1500,130.4600,130.7400,122.8004,15776000
2017-03-09,130.7100,131.0200,130.1400,130.8400,122.8944,20855300
2017-03-10,131.4400,131.6000,130.8200,131.3900,123.4110,21922600
2017-03-13,131.3400,131.6400,131.2700,131.6100,123.6176,10731600
2017-03-14,131.3100,131.3600,130.7600,131.2900,123.3170,14019700
2017-03-15,131.5600,132.4100,131.1400,132.1000,124.0778,22709100
2017-03-16,132.3500,132.3500,131.7100,132.0100,123.9933,18457300
2017-03-17,131.9000,132.0400,131.6200,131.6900,123.9500,21234500
2017-03-20,131.6500,132.1100,131.4600,131.8100,124.0630,10105200
2017-03-21,132.3100,132.4300,129.7300,129.8100,122.1805,35841900
2017-03-22,129.8500,130.8200,129.6800,130.6900,123.0088,29177900
2017-03-23,130.5200,130.8800,130.1400,130.3600,122.6982,20311700
2017-03-24,130.7800,131.2900,130.1300,130.6300,122.9523,22967600
2017-03-27,129.7000,131.0700,129.4000,130.8400,123.1500,18472400
2017-03-28,130.8400,132.0300,130.5500,131.6400,123.9029,23721900
2017-03-29,131.7300,132.3000,131.5900,132.2500,124.4771,13710000
2017-03-30,132.2000,132.6100,132.0800,132.4700,124.6842,16092400
2017-03-31,132.2800,132.7400,132.1300,132.3800,124.5994,19841400
2017-04-03,132.4900,132.8100,131.5600,132.3000,124.5242,23700300
2017-04-04,131.9200,132.5300,131.8700,132.5100,124.7218,13400000
2017-04-05,132.7000,133.4800,131.7200,131.9700,124.2136,32011200
2017-04-06,132.1000,132.3900,131.7000,132.0400,124.2794,18832200
2017-04-07,132.0000,132.3700,131.5000,131.9700,124.2136,16743100
2017-04-10,132.1000,132.5700,131.6600,132.0200,124.2606,15619300
2017-04-11,131.9000,132.1000,130.5000,131.4500,123.7241,33778400
2017-04-12,131.4300,131.5400,130.7800,130.9200,123.2253,15955200
2017-04-13,130.7400,131.5100,130.3800,130.4000,122.7358,23683000
2017-04-17,130.7700,131.5000,130.7200,131.4800,123.7524,13325500
2017-04-18,131.0400,131.6600,130.9500,131.2800,123.5641,12841100
2017-04-19,131.8500,132.2900,131.3100,131.4900,123.7618,17764800
2017-04-20,132.0200,132.8800,131.8200,132.5900,124.7971,21977900
2017-04-21,132.7100,132.7600,132.2200,132.5600,124.7689,22454900
2017-04-24,134.0300,134.2900,133.8000,134.1600,126.2749,22469900
2017-04-25,134.6000,135.3700,134.4800,135.1300,127.1878,19384400
2017-04-26,135.1800,135.5100,134.8600,134.9400,127.0090,25398500
2017-04-27,135.2700,135.7500,135.1900,135.7500,127.7714,16136500
2017-04-28,136.2900,136.3400,135.7700,135.9900,127.9972,22771900
2017-05-01,136.4400,137.3800,136.3800,137.2000,129.1361,24815500
2017-05-02,137.3700,137.4900,137.0200,137.4300,129.3526,18345100
2017-05-03,137.1200,137.1700,136.6200,136.9900,128.9385,23827600
2017-05-04,136.9700,137.4300,136.5600,137.0400,128.9855,14630100
2017-05-05,137.3900,137.5400,136.8800,137.5400,129.4561,19330700
2017-05-08,137.6100,137.8400,137.3300,137.8400,129.7385,13279900
2017-05-09,138.0500,138.6300,137.9300,138.3200,130.1904,28426100
2017-05-10,138.4000,138.4500,137.9100,138.4000,130.2656,20499400
2017-05-11,138.0200,138.3300,137.3800,138.2900,130.1621,27232100
2017-05-12,138.3500,138.6300,138.2300,138.6000,130.4539,19738600
2017-05-15,138.6600,139.1200,138.5300,139.0400,130.8680,20481300
2017-05-16,139.4000,139.6400,138.9900,139.6200,131.4139,21786000
2017-05-17,138.5100,138.7700,136.0500,136.0700,128.0726,55642200
2017-05-18,136.0200,137.7200,135.8700,137.2600,129.1926,41319900
2017-05-19,137.7500,138.4200,137.6600,137.8400,129.7385,36730100
2017-05-22,138.1500,139.0700,138.1000,139.0000,130.8303,19509700
2017-05-23,139.4100,139.4200,138.7800,139.1400,130.9621,19687500
2017-05-24,139.5600,139.8500,139.1700,139.7800,131.5645,15891900
2017-05-25,140.3100,141.3300,140.0100,140.9700,132.6846,23928600
2017-05-26,141.0000,141.2800,140.8100,141.2200,132.9199,13851600
2017-05-30,141.1500,141.5100,141.0600,141.3400,133.0329,20306400
2017-05-31,141.8400,141.8400,140.5700,141.2900,132.9858,33229400
2017-06-01,141.5800,141.9000,140.9800,141.8400,133.5034,20120700
2017-06-02,142.3400,143.4900,142.1100,143.4600,135.0282,37222900
2017-06-05,143.4500,143.6800,143.2300,143.4300,135.0000,15727500
2017-06-06,143.2600,143.7300,142.6500,142.8600,134.4635,22393000
2017-06-07,143.2600,143.5400,142.6000,143.4200,134.9906,18842400
2017-06-08,143.7400,143.8000,142.7900,143.5700,135.1318,25417400
2017-06-09,143.7400,143.9000,138.1100,139.9800,131.7527,109783700
2017-06-12,138.8000,139.4800,137.4700,139.2300,131.0469,104454000
2017-06-13,140.0100,140.5600,139.2800,140.3600,132.1104,51193000
2017-06-14,140.9300,140.9300,138.6200,139.7500,131.5363,60093800
2017-06-15,138.3400,139.2800,137.4900,139.1300,130.9527,55145200
2017-06-16,138.6800,138.7800,137.6400,138.1500,130.3845,48087400
2017-06-19,139.4900,140.5900,139.2800,140.4600,132.5647,39626500
2017-06-20,140.3200,140.5000,139.3100,139.3600,131.5266,40935100
2017-06-21,139.6800,140.8100,139.5900,140.7400,132.8290,35743400
2017-06-22,140.9600,141.2200,140.3400,140.7000,132.7912,24099100
2017-06-23,140.5400,141.4200,140.1500,141.2400,133.3008,21654300
2017-06-26,142.0500,142.2900,140.2700,140.5800,132.6780,34411100
2017-06-27,140.0500,140.2200,138.0200,138.0300,130.2713,65957800
2017-06-28,138.5400,140.1400,137.7400,140.0200,132.1495,57427200
2017-06-29,139.4400,139.4400,136.2500,137.5900,129.8560,88769400
2017-06-30,137.9800,138.6700,137.1900,137.6400,129.9032,68898300
2017-07-03,138.2700,138.4300,136.1000,136.1900,128.5347,32797000
2017-07-05,136.6200,137.9000,136.1600,137.5300,129.7994,42116600
2017-07-06,136.4800,137.0600,135.8000,136.2900,128.6291,48430500
2017-07-07,136.7500,138.1300,136.7400,137.7600,130.0165,36970400
2017-07-10,137.8500,138.9900,137.5000,138.6600,130.8659,24853500
2017-07-11,138.4600,139.2200,137.9400,139.0500,131.2339,31517700
2017-07-12,140.2400,140.8600,139.9600,140.7000,132.7912,36045800
2017-07-13,140.8700,141.3500,140.6000,141.0100,133.0838,31073600
2017-07-14,141.6400,142.3000,141.1900,142.1200,134.1314,34544800
2017-07-17,142.2700,142.6900,141.9200,142.1900,134.1975,25343200
2017-07-18,142.0900,143.1700,141.6400,143.1400,135.0941,25748500
2017-07-19,143.5600,144.1900,143.5000,143.9800,135.8869,33752300
2017-07-20,144.3500,144.4400,143.5200,144.1700,136.0661,36139400
2017-07-21,143.6400,144.1100,143.3500,144.1100,136.0095,39697100
2017-07-24,144.0900,144.8700,143.9200,144.7700,136.6325,26712700
2017-07-25,144.2900,144.7400,144.0100,144.4000,136.2832,28120900
2017-07-26,144.7600,144.9500,144.5300,144.8700,136.7268,18610600
2017-07-27,145.8200,145.9600,142.3000,143.9600,135.8680,80665900
2017-07-28,143.1000,144.0800,142.8700,143.8400,135.7547,38013200
2017-07-31,144.2500,144.4300,142.9200,143.2300,135.1790,33848600
2017-08-01,143.7200,143.7600,143.1200,143.5600,135.4905,20149400
2017-08-02,144.4900,144.5200,142.6100,143.9500,135.8585,41769700
2017-08-03,144.0900,144.1700,143.1300,143.3900,135.3300,27112800
2017-08-04,143.7100,143.9700,143.0600,143.6500,135.5754,29472900
2017-08-07,143.9100,144.5600,143.7100,144.5600,136.4342,17933900
2017-08-08,144.2800,145.4700,143.9000,144.3100,136.1983,30810400
2017-08-09,143.1200,144.1900,142.7900,144.1200,136.0189,36169500
2017-08-10,143.3000,143.4000,140.8900,141.0300,133.1027,63331700
2017-08-11,141.2200,142.4100,140.9000,142.1000,134.1125,45862500
2017-08-14,143.2300,144.1500,143.1900,143.9300,135.8396,34161000
2017-08-15,144.2900,144.3000,143.6400,144.0300,135.9340,25509200
2017-08-16,144.3900,144.9600,143.8000,144.2800,136.1700,31913000
2017-08-17,143.7200,143.9400,141.3300,141.3300,133.3858,70191000
2017-08-18,141.4100,142.2000,140.6500,141.2300,133.2914,60751900
2017-08-21,141.2200,141.5300,140.1800,141.0500,133.1215,37111500
2017-08-22,141.8100,143.3500,141.7600,143.2000,135.1507,36294200
2017-08-23,142.4800,143.0100,142.3800,142.6900,134.6694,25702300
2017-08-24,143.0100,143.1700,141.4700,142.2700,134.2730,38160800
2017-08-25,142.8200,143.1800,141.7800,141.9700,133.9899,26380400
2017-08-28,142.4000,142.7400,141.9500,142.4100,134.4051,15362100
2017-08-29,141.1900,143.2100,141.0600,142.9700,134.9336,24498300
2017-08-30,143.0900,144.8900,143.0000,144.6500,136.5192,33642700
2017-08-31,145.0600,146.2100,144.9800,146.2000,137.9821,38480700
2017-09-01,146.3900,146.5900,145.6100,146.0000,137.7934,22293600
2017-09-05,145.5700,145.8800,143.6000,144.6900,136.5569,44794300
2017-09-06,145.0600,145.4600,144.0800,145.1300,136.9723,30722700
2017-09-07,145.4000,145.8400,144.9400,145.4700,137.2931,22721100
2017-09-08,145.2800,145.3500,144.0600,144.2100,136.1039,27890100
2017-09-11,145.3400,146.1200,145.3000,145.8700,137.6706,27126300
2017-09-12,146.2800,146.4100,145.5300,146.2200,138.0010,30256700
2017-09-13,145.9700,146.4400,145.7300,146.4200,138.1897,28450900
2017-09-14,145.8500,146.2900,145.4700,145.5600,137.3780,35296400
2017-09-15,145.5300,146.5900,145.2900,146.0600,137.8499,46422400
2017-09-18,145.9100,146.3700,145.1100,145.5500,137.6693,24858200
2017-09-19,145.8100,146.0100,145.3100,145.8000,137.9057,20871200
2017-09-20,145.7500,145.9100,144.2300,145.3500,137.4801,34236200
2017-09-21,145.2500,145.2600,143.9500,144.4600,136.6383,28841800
2017-09-22,144.0000,144.5300,143.8500,144.3200,136.5058,21702400
2017-09-25,143.7500,143.8300,142.1000,142.8000,135.0682,54947700
2017-09-26,143.5300,143.8000,142.6700,143.1700,135.4182,29628800
2017-09-27,143.9300,145.0000,143.5700,144.4600,136.6383,33249400
2017-09-28,144.1100,144.5600,143.7800,144.4100,136.5910,24149400
2017-09-29,144.7000,145.5600,144.3200,145.4500,137.5747,43102400
2017-10-02,145.6700,146.1700,144.9300,145.5800,137.6977,27351300
2017-10-03,145.7700,146.0600,145.4500,145.8900,137.9909,19715200
2017-10-04,145.6100,146.3400,145.4700,146.0300,138.1233,26381100
2017-10-05,146.5600,147.5400,146.4100,147.4600,139.4759,31562400
2017-10-06,146.9600,147.6600,146.9600,147.6600,139.6651,23561100
2017-10-09,147.8500,148.0100,147.3000,147.4900,139.5042,13704800
2017-10-10,147.9900,148.1400,146.9500,147.6000,139.6083,19223100
2017-10-11,147.5300,148.0700,147.3400,148.0400,140.0244,12439100
2017-10-12,147.8200,148.3500,147.6200,147.7700,139.7691,14513500
2017-10-13,148.3700,148.5100,147.7800,148.3400,140.3082,18409900
2017-10-16,148.7100,148.8900,148.3900,148.8500,140.7906,21809400
2017-10-17,148.8000,149.0600,148.5700,149.0400,140.9703,13138200
2017-10-18,149.1900,149.2100,148.6400,148.8600,140.8000,17218200
2017-10-19,147.9900,148.3300,147.2700,148.3100,140.2799,27680300
2017-10-20,148.9100,149.0400,148.5300,148.7100,140.6582,30173300
2017-10-23,149.0200,149.0300,147.5300,147.7400,139.7407,29297100
2017-10-24,148.0300,148.3000,147.4400,147.9900,139.9771,20289500
2017-10-25,147.7000,148.1800,146.3300,147.4300,139.4475,36179100
2017-10-26,147.3400,147.7100,146.9200,146.9600,139.0029,28230200
2017-10-27,149.4300,151.5200,149.2000,151.2400,143.0512,60165100
2017-10-30,151.1300,152.1900,150.9900,151.5800,143.3728,31733400
2017-10-31,152.0700,152.3700,151.6300,152.1500,143.9119,26319300
2017-11-01,152.7600,152.8300,151.5000,152.1000,143.8646,29481600
2017-11-02,151.9300,151.9900,150.7700,151.8100,143.5903,31017400
2017-11-03,152.3600,153.2900,151.8400,153.2700,144.9713,26199200
2017-11-06,153.1500,153.8500,153.1000,153.7900,145.4631,28693900
2017-11-07,153.6700,154.0800,153.3400,153.8800,145.5483,21333100
2017-11-08,153.8000,154.5400,153.6200,154.5000,146.1347,17373500
2017-11-09,153.2300,153.7700,152.1100,153.6900,145.3686,40594500
2017-11-10,153.3300,153.8000,153.0600,153.6800,145.3591,20150800
2017-11-13,153.1000,154.0700,153.1000,153.8700,145.5388,12522400
2017-11-14,153.3300,153.5000,152.5700,153.3100,145.0091,25173800
2017-11-15,152.6500,153.0000,151.7800,152.5900,144.3281,24808000
2017-11-16,153.3600,154.8900,153.3300,154.5400,146.1725,34790600
2017-11-17,154.5800,154.6900,153.8000,153.9500,145.6144,28725800
2017-11-20,154.0600,154.2000,153.6100,153.8300,145.5010,21143900
2017-11-21,154.5600,155.5700,154.4900,155.5000,147.0805,20147800
2017-11-22,155.6400,155.8400,155.3400,155.6900,147.2603,17299000
2017-11-24,155.8500,156.3100,155.7600,156.2600,147.7994,8280600
2017-11-27,156.2100,156.5600,155.8300,156.1900,147.7332,22653400
2017-11-28,156.5400,156.6900,155.7000,156.5900,148.1115,25227300
2017-11-29,156.4100,156.4500,153.1200,153.8600,145.5294,71986300
2017-11-30,154.5100,155.4500,154.1500,155.1500,146.7495,56595500
2017-12-01,154.2000,155.2400,152.2600,154.4900,146.1252,59015800
2017-12-04,155.4600,155.6300,152.5600,152.7100,144.4416,51319100
2017-12-05,152.6800,154.5500,152.1000,152.8100,144.5362,40604200
2017-12-06,152.2400,153.7400,152.0600,153.5000,145.1888,28647800
2017-12-07,153.4900,154.4600,153.3300,154.0200,145.6807,32666200
2017-12-08,155.1500,155.5300,154.4600,154.7000,146.3239,28081700
2017-12-11,154.7700,155.9500,154.7600,155.9000,147.4589,20821500
2017-12-12,155.8300,156.1500,155.3600,155.6900,147.2603,20310300
2017-12-13,156.3200,156.4900,155.7600,155.9900,147.5440,24418500
2017-12-14,156.2600,156.6600,155.7100,155.8800,147.4400,24594700
2017-12-15,156.4900,157.8200,156.2300,157.6500,149.1141,49816200
2017-12-18,158.3600,158.7700,158.0700,158.6400,150.3643,26844500
2017-12-19,158.3400,158.5000,157.2600,157.7000,149.4733,31415000
2017-12-20,158.2500,158.2800,156.9100,157.5300,149.3122,38972600
2017-12-21,157.7500,158.2500,157.3700,157.5500,149.3312,18638700
2017-12-22,157.3100,157.4300,156.9500,157.3700,149.1605,23330400
2017-12-26,156.4900,156.7200,155.9500,156.5200,148.3549,21918700
2017-12-27,156.5300,156.9600,156.3900,156.5400,148.3739,22388200
2017-12-28,157.0400,157.0700,156.5400,156.7300,148.5539,25393800
2017-12-29,156.8700,156.9000,155.7000,155.7600,147.6346,33186000
2018-01-02,156.5600,158.5300,156.1700,158.4900,150.2222,32573300
2018-01-03,158.6400,160.1700,158.6100,160.0300,151.6818,29383600
2018-01-04,160.5800,160.7900,160.0800,160.3100,151.9472,24776100
2018-01-05,161.0700,162.0300,160.7700,161.9200,153.4732,26992300
2018-01-08,161.9200,162.6300,161.8600,162.5500,154.0704,23159100
2018-01-09,162.8700,163.0400,162.0700,162.5600,154.0798,24782400
2018-01-10,161.8400,162.2100,161.1200,162.1800,153.7196,34004000
2018-01-11,162.4600,163.3000,162.2100,163.2900,154.7717,20473500
2018-01-12,163.1500,164.6600,162.9400,164.4900,155.9092,37762700
2018-01-16,165.5800,166.4200,163.5300,164.0200,155.4637,41231800
2018-01-17,164.8000,166.0400,164.0000,165.7900,157.1413,33849900
2018-01-18,165.5300,166.2000,165.1400,165.8200,157.1698,26432200
2018-01-19,166.3100,166.6100,165.5400,166.3400,157.6626,38937600
2018-01-22,166.2800,168.1200,166.0900,168.1200,159.3498,26081400
2018-01-23,168.6400,169.6600,168.5600,169.5100,160.6673,37989700
2018-01-24,169.8700,170.2400,167.4400,168.4100,159.6246,54287400
2018-01-25,169.5700,169.6300,167.8100,168.3500,159.5678,28925000
2018-01-26,169.2900,170.9500,168.9600,170.9300,162.0132,32038200
2018-01-29,170.5700,170.9100,169.7400,170.1000,161.2265,37277800
2018-01-30,168.5500,169.4200,167.8200,168.7000,159.8995,44987700
2018-01-31,169.6500,169.9900,168.3400,169.4000,160.5630,42449200
2018-02-01,168.1000,169.7300,167.4200,167.9600,159.1981,38037900
2018-02-02,167.3000,167.7000,164.4700,164.6100,156.0229,68478100
2018-02-05,163.0700,165.7500,158.0000,158.1200,149.8715,105372200
2018-02-06,155.8100,162.5100,155.1000,162.3100,153.8429,118537900
2018-02-07,161.7900,163.5500,160.2000,160.2100,151.8524,91028300
2018-02-08,160.6200,160.8000,153.4500,153.4500,145.4451,94184800
2018-02-09,155.6200,157.2400,150.1300,156.1000,147.9568,113836600
2018-02-12,157.7000,159.9500,156.4600,158.8700,150.5824,63050600
2018-02-13,157.9600,160.0100,157.7200,159.6900,151.3595,31785600
2018-02-14,158.7500,162.9300,158.0000,162.6800,154.1936,52107400
2018-02-15,164.1400,165.7000,162.4400,165.7000,157.0560,51633900
2018-02-16,165.1600,166.7600,164.6800,164.9600,156.3546,62256300
2018-02-20,164.3800,166.6800,164.3100,165.2900,156.6674,36785600
2018-02-21,166.1000,167.7200,164.7200,164.8200,156.2219,41161800
2018-02-22,165.5400,166.4200,164.3800,164.8000,156.2030,37074400
2018-02-23,166.1300,168.1700,165.4500,168.1700,159.3971,50096900
2018-02-26,168.9600,170.4000,168.8200,170.4000,161.5108,39266700
2018-02-27,170.4500,170.7300,168.2100,168.2900,159.5109,42209900
2018-02-28,169.2500,169.8000,167.1000,167.2100,158.4873,42936300
2018-03-01,167.3000,168.0700,163.0000,164.4800,155.8997,76809900
2018-03-02,162.5000,166.2800,161.9600,165.9900,157.3309,57445100
2018-03-05,165.2100,168.2600,164.5900,167.8300,159.0749,38540200
2018-03-06,168.6500,169.1100,167.4800,168.5400,159.7479,29480900
2018-03-07,167.2500,169.0700,166.9600,168.9300,160.1175,34609400
2018-03-08,169.6300,169.9800,168.9500,169.8600,160.9990,25828400
2018-03-09,171.0700,173.1600,170.8200,173.1600,164.1269,38310500
2018-03-12,173.6700,174.4800,173.2800,174.0800,164.9989,37635000
2018-03-13,174.4800,175.2100,171.2700,171.7100,162.7525,55638900
2018-03-14,172.6100,172.7400,170.9300,171.6800,162.7241,40536400
2018-03-15,171.8000,172.5300,170.9000,171.5300,162.5819,28810400
2018-03-16,171.8200,172.2000,170.9400,171.0200,162.0984,31176700
2018-03-19,169.1000,169.2200,165.6400,167.1000,158.6399,71395100
2018-03-20,167.1700,168.0400,166.6100,167.6500,159.1621,34075700
2018-03-21,167.2100,168.7600,166.1900,166.9200,158.4691,43863500
2018-03-22,164.6100,165.7700,162.5900,162.8000,154.5576,66607300
2018-03-23,162.6100,163.3000,158.4300,158.5100,150.4848,80110400
2018-03-26,161.7200,164.6000,159.1600,164.4000,156.0766,57481500
2018-03-27,165.6200,165.6200,157.6800,159.0800,151.0260,78889100
2018-03-28,158.1700,159.7800,156.0400,157.2500,149.2886,89369700
2018-03-29,158.1000,161.7100,156.6300,160.1300,152.0228,68692600
2018-04-02,158.9900,159.7400,153.8800,155.5100,147.6367,85549400
2018-04-03,156.8700,157.9200,154.4400,157.2600,149.2981,64090000
2018-04-04,154.2200,160.2300,154.0400,159.7400,151.6526,65768700
2018-04-05,161.3300,161.5800,159.4800,160.6500,152.5165,43054900
2018-04-06,158.8800,160.4600,155.8800,156.6300,148.7000,59870900
2018-04-09,157.9800,160.8800,157.4600,157.7300,149.7444,41810400
2018-04-10,160.2100,161.7300,159.0700,161.2100,153.0482,48296800
2018-04-11,160.2000,162.0000,160.1000,160.2800,152.1652,41622100
2018-04-12,161.2500,162.7700,161.1600,162.2100,153.9975,30467900
2018-04-13,163.0200,163.2600,160.6700,161.3700,153.2001,44604900
2018-04-16,162.5000,163.1900,161.4800,162.6000,154.3678,28180800
2018-04-17,164.2400,166.4600,163.9100,166.1000,157.6906,35536100
2018-04-18,166.1000,167.0000,165.3100,166.4400,158.0134,29573900
2018-04-19,165.6000,165.9900,164.3400,164.9100,156.5608,34705700
2018-04-20,164.4900,164.6100,161.7300,162.3000,154.0829,49197100
2018-04-23,163.0900,163.7300,161.0200,161.8900,153.6937,33040600
2018-04-24,162.6600,162.9100,157.3900,158.4600,150.4373,70256800
2018-04-25,158.7400,159.3100,156.4700,158.6500,150.6178,52089300
2018-04-26,160.7000,162.5300,160.1800,161.9900,153.7887,43005500
2018-04-27,164.3700,164.4100,161.1700,162.0900,153.8836,51043400
2018-04-30,162.4700,163.4800,160.5400,160.9400,152.7918,35615300
2018-05-01,160.5200,162.8000,160.1400,162.7800,154.5387,36513500
2018-05-02,163.0600,163.5700,161.6300,161.8200,153.6272,38646800
2018-05-03,161.0000,162.4000,159.2200,161.8000,153.6083,60337100
2018-05-04,161.1000,165.2500,160.9800,164.8700,156.5229,41543200
2018-05-07,165.6400,166.7800,165.5100,166.2400,157.8235,32500200
2018-05-08,165.8900,166.4300,164.8600,166.0700,157.6620,26040200
2018-05-09,166.3700,168.0000,165.7800,167.8800,159.3805,29122700
2018-05-10,168.4200,169.7400,168.2900,169.6200,161.0324,27067600
2018-05-11,169.4200,169.8600,168.7200,169.4600,160.8805,24688800
2018-05-14,169.8500,170.8200,169.4700,169.7500,161.1558,21821700
2018-05-15,168.4100,168.5000,166.9800,167.8700,159.3710,49361600
2018-05-16,168.0900,169.3700,168.0100,168.9800,160.4248,22941200
2018-05-17,168.3900,169.6100,167.5100,168.3300,159.8076,27480200
2018-05-18,167.6800,168.2600,167.2100,167.4600,158.9817,26217900
2018-05-21,168.7600,169.5000,167.6800,168.4000,159.8741,22954600
2018-05-22,169.1700,169.4500,167.8800,168.1800,159.6653,19477700
2018-05-23,166.9000,169.6200,166.8800,169.6000,161.0134,26557800
2018-05-24,169.5500,169.8500,167.8400,169.5500,160.9659,27696500
2018-05-25,169.5300,170.3300,169.2100,169.7200,161.1273,27460500
2018-05-29,168.9500,169.9200,167.9600,168.9700,160.4153,41220500
2018-05-30,169.5800,170.4800,169.2200,170.1800,161.5640,22665800
2018-05-31,170.1800,171.2000,169.6300,170.0700,161.4596,35670900
2018-06-01,170.9200,172.8400,170.8700,172.7400,163.9944,45543300
2018-06-04,173.1800,174.3400,173.0700,174.3000,165.4754,20459600
2018-06-05,174.7100,175.1300,174.0700,174.8400,165.9881,24779300
2018-06-06,175.0200,175.8900,174.1400,175.8600,166.9564,25036600
2018-06-07,175.8900,175.9300,173.5500,174.4300,165.5988,39600300
2018-06-08,173.6100,174.8800,173.1800,174.4400,165.6084,31780300
2018-06-11,174.3100,175.3400,174.2800,174.9100,166.0545,22319700
2018-06-12,175.1500,176.0000,174.9600,175.8300,166.9280,22511800
2018-06-13,176.1000,177.1400,175.4300,175.8200,166.9185,37858600
2018-06-14,176.6300,177.8900,176.5000,177.6000,168.6084,35916000
2018-06-15,176.9300,177.3300,176.1100,176.9800,168.0197,49615700
2018-06-18,175.4900,176.6500,174.9400,176.5000,167.9227,31633200
2018-06-19,174.2700,176.0400,173.7100,176.0000,167.4470,38236000
2018-06-20,176.8100,177.9800,176.6500,177.2500,168.6362,33038000
2018-06-21,177.7000,177.8800,175.3700,175.7100,167.1711,43469400
2018-06-22,176.3000,176.3700,174.6900,175.3200,166.8000,30073200
2018-06-25,173.7300,173.9900,169.8100,171.3700,163.0420,77799700
2018-06-26,172.0000,173.0600,171.3700,172.0700,163.7080,39008100
2018-06-27,172.8000,173.5800,169.6100,169.7300,161.4817,52843500
2018-06-28,169.5200,171.7700,169.1700,171.1900,162.8707,46407700
2018-06-29,172.0100,172.9200,171.4000,171.6500,163.3084,36408500
2018-07-02,170.0400,172.8500,169.6700,172.8000,164.4025,31770000
2018-07-03,173.4500,173.4500,170.6300,170.8000,162.4997,25512700
2018-07-05,171.9100,173.0600,171.0300,172.9200,164.5166,31626200
2018-07-06,173.3200,175.7400,173.0000,175.6100,167.0759,37005600
2018-07-09,176.5200,177.2300,175.8200,177.1900,168.5791,27362100
2018-07-10,177.5200,177.7200,176.7100,177.3200,168.7028,23902500
2018-07-11,175.9300,177.0700,175.8000,176.4200,167.8465,30280600
2018-07-12,177.2000,179.4600,177.0800,179.4600,170.7388,27930100
2018-07-13,179.4500,179.9000,178.9500,179.6100,170.8816,28049800
2018-07-16,179.6500,179.9500,178.8800,179.1800,170.4724,21405300
2018-07-17,177.2800,180.6500,177.2800,180.2700,171.5095,31034100
2018-07-18,180.2900,180.4400,179.3800,179.9300,171.1860,23220800
2018-07-19,179.2800,179.8800,178.8200,179.0300,170.3298,31094100
2018-07-20,179.5700,180.1700,178.7900,178.9900,170.2917,35897300
2018-07-23,178.4600,179.6400,177.7400,179.5600,170.8340,22184700
2018-07-24,181.4100,182.0500,179.5600,180.3000,171.5380,36900300
2018-07-25,180.3800,182.9300,180.2900,182.8200,173.9355,35026600
2018-07-26,180.3400,180.9200,179.8100,180.0500,171.3002,40873500
2018-07-27,181.1900,181.3100,176.6000,177.6200,168.9882,59456100
2018-07-30,177.6300,177.7300,174.2700,175.1100,166.6002,60193000
2018-07-31,175.8000,177.1300,174.8200,176.4500,167.8751,47285100
2018-08-01,176.8600,177.6500,176.1000,177.1200,168.5126,37101900
2018-08-02,175.8700,179.7400,175.7900,179.5300,170.8054,47178200
2018-08-03,179.8700,180.0900,179.0800,180.0800,171.3287,28934400
2018-08-06,179.9600,181.1900,179.7400,181.1400,172.3372,24808800
2018-08-07,181.6500,182.1400,181.2600,181.8000,172.9651,29895700
2018-08-08,181.5500,182.3500,181.0600,182.0200,173.1744,22680700
2018-08-09,181.9100,182.6300,181.6400,181.9100,173.0698,18852900
2018-08-10,180.6800,181.2200,179.8400,180.5200,171.7473,33818500
2018-08-13,180.8500,182.0100,180.2400,180.3200,171.5571,26089200
2018-08-14,181.0100,181.6600,180.0400,181.4500,172.6321,20913000
2018-08-15,180.0100,180.5800,178.1200,179.2300,170.5201,58528000
2018-08-16,180.6100,180.9900,179.4700,179.8200,171.0813,27711800
2018-08-17,179.3500,180.3100,178.2700,179.8600,171.1194,36092600
2018-08-20,180.2600,180.3300,179.0000,179.7000,170.9672,24939000
2018-08-21,180.2400,181.4400,180.1300,180.3600,171.5951,26258700
2018-08-22,179.9800,181.2700,179.7500,181.0600,172.2611,18042400
2018-08-23,180.7400,182.0500,180.5000,180.8000,172.0137,25776200
2018-08-24,181.4000,182.6300,181.3600,182.4800,173.6121,23136100
2018-08-27,183.4000,184.3400,183.1100,184.3400,175.3817,29343600
2018-08-28,184.8300,185.0200,184.2200,184.6100,175.6385,20277000
2018-08-29,184.9300,186.8400,184.8600,186.7400,177.6651,29175600
2018-08-30,186.3800,187.5200,185.7900,186.4100,177.3511,29315500
2018-08-31,186.1800,187.1800,185.9800,186.6500,177.5794,28653200
2018-09-04,186.0800,186.4000,184.8500,185.8500,176.8183,29063500
2018-09-05,185.5200,185.5500,182.8200,183.4500,174.5349,42623300
2018-09-06,183.5300,183.7500,180.5800,181.8100,172.9746,46091400
2018-09-07,180.5000,182.6700,180.4400,181.1100,172.3086,46629500
2018-09-10,182.1500,182.2500,180.7300,181.7200,172.8890,26132000
2018-09-11,180.9900,183.4200,180.5200,183.1200,174.2209,30116500
2018-09-12,182.8500,182.9800,181.0100,182.5800,173.7072,36204000
2018-09-13,183.7200,184.8800,183.6400,184.5300,175.5625,31133200
2018-09-14,184.6600,184.9500,183.2600,183.9900,175.0487,31224100
2018-09-17,183.6800,183.8100,181.1700,181.3400,172.5275,33071200
2018-09-18,181.4900,183.7300,181.4000,182.8400,173.9546,31877300
2018-09-19,182.8700,183.3000,181.5100,182.7000,173.8214,31843400
2018-09-20,183.9600,184.9700,183.5200,184.7200,175.7433,33295800
2018-09-21,185.2200,185.4800,183.4800,183.7100,174.7823,38605400
2018-09-24,182.0500,183.9600,181.3000,183.8900,175.2684,34945600
2018-09-25,183.8100,184.2800,183.1800,184.1400,175.5067,25277500
2018-09-26,184.3000,185.9900,183.9100,184.2700,175.6306,36210600
2018-09-27,185.0200,186.4900,184.9200,185.8300,177.1174,33113300
2018-09-28,185.3100,186.2800,184.9700,185.7900,177.0793,28076800
2018-10-01,186.8700,187.5300,185.7000,186.1700,177.4415,27371300
2018-10-02,186.0100,187.1800,185.3200,185.7500,177.0412,25618600
2018-10-03,186.5300,186.9700,185.6600,185.9500,177.2318,29128700
2018-10-04,185.2000,185.3200,181.0600,182.3800,173.8292,80557300
2018-10-05,182.3600,182.9700,178.4300,180.1500,171.7038,83325600
2018-10-08,179.5200,180.6400,176.9300,179.0500,170.6553,66864500
2018-10-09,179.1800,181.0200,178.7500,179.6300,171.2081,49097900
2018-10-10,178.5100,178.6200,171.5000,171.7300,163.6785,114471100
2018-10-11,171.0200,173.4000,167.8100,169.6000,161.6484,143084500
2018-10-12,174.1700,174.8600,170.9300,174.3200,166.1470,102078400
2018-10-15,173.7100,174.0400,171.5600,172.2100,164.1360,64885300
2018-10-16,174.0200,177.6500,173.7000,177.2200,168.9111,71979700
2018-10-17,178.0800,178.2600,175.4700,177.2900,168.9778,66987600
2018-10-18,176.6200,176.6800,172.4400,173.1800,165.0605,82486200
2018-10-19,174.5800,176.0700,172.3900,173.0200,164.9081,82923700
2018-10-22,174.0600,175.2500,172.5900,173.9100,165.7563,52909300
2018-10-23,170.6400,174.1300,168.8200,173.2700,165.1463,77567000
2018-10-24,173.0700,173.3600,165.0400,165.3400,157.5881,102997400
2018-10-25,167.9100,172.0800,167.1600,171.0600,163.0399,83481100
2018-10-26,165.2000,169.9600,164.2300,166.6600,158.8462,130970900
2018-10-29,169.2100,169.8600,160.0900,163.2300,155.5770,111871900
2018-10-30,162.7500,166.0400,162.0100,165.9200,158.1409,92584000
2018-10-31,168.6200,171.2500,168.5400,169.8200,161.8581,73828600
2018-11-01,170.0700,172.2400,168.7800,172.0600,163.9930,52706800
2018-11-02,171.5300,172.5500,168.2200,169.3800,161.4387,75966800
2018-11-05,169.6000,169.6600,167.0800,168.9600,161.0384,39573500
2018-11-06,168.9700,171.1900,168.7200,170.2400,162.2584,34410400
2018-11-07,172.2800,175.5800,171.8700,175.5800,167.3480,51169600
2018-11-08,174.7600,175.3000,173.6300,174.4600,166.2805,40296500
2018-11-09,172.8300,173.2500,170.1600,171.5200,163.4784,50602700
2018-11-12,170.3200,170.6400,166.1800,166.3300,158.5317,62578400
2018-11-13,167.1100,169.4800,166.0000,166.4700,158.6651,64128100
2018-11-14,168.1200,168.7000,164.2500,165.2000,157.4547,75270700
2018-11-15,164.9000,168.5400,163.4600,168.0900,160.2092,73254300
2018-11-16,166.4500,168.3100,165.7800,167.5000,159.6468,65390700
2018-11-19,166.7000,166.9000,161.5400,162.0600,154.4619,67280500
2018-11-20,158.3700,161.3800,157.1300,159.1600,151.6978,102652800
2018-11-21,161.3500,161.9700,159.2300,160.3700,152.8511,42965800
2018-11-23,159.0900,160.8400,159.0900,159.2100,151.7455,23503700
2018-11-26,161.4400,162.9700,160.7600,162.8900,155.2530,42012600
2018-11-27,162.0000,163.8500,161.1800,163.4400,155.7771,36608100
2018-11-28,164.6200,168.7000,163.4700,168.7000,160.7906,70141000
2018-11-29,167.9900,169.2600,166.8200,168.1500,160.2664,44885700
2018-11-30,168.3800,169.4700,167.5400,169.3700,161.4292,36722800
2018-12-03,173.1100,173.3100,169.5100,172.3300,164.2504,50771700
2018-12-04,171.4300,171.9100,165.5200,165.7200,157.9503,70594700
2018-12-06,162.3800,166.9100,161.7700,166.8900,159.0654,71715500
2018-12-07,166.1600,167.1200,160.8600,161.3800,153.8138,80432200
2018-12-10,161.0800,163.7800,159.4100,163.0700,155.4245,73960800
2018-12-11,165.7300,165.7700,162.2300,163.6100,155.9392,59058300
2018-12-12,166.0000,167.6000,164.9600,165.0500,157.3117,53780000
2018-12-13,166.1300,166.8200,164.0300,165.1000,157.3594,46378500
2018-12-14,163.2100,163.8100,160.7000,161.0800,153.5278,56547400
2018-12-17,160.3900,161.6700,156.1700,157.4300,150.0490,74834100
2018-12-18,158.6500,159.9500,157.0400,158.4200,150.9925,63642100
2018-12-19,158.1800,160.7200,153.3400,154.5300,147.2850,81856500
2018-12-20,154.1500,155.8700,150.3900,152.2900,145.1499,99002100
2018-12-21,153.0500,154.0900,146.7200,147.5700,140.6512,141129400
2018-12-24,146.0800,147.9800,143.4600,143.5000,137.1634,56163300
2018-12-26,145.0800,152.5400,144.0900,152.4600,145.7277,98982100
2018-12-27,150.3700,153.1800,147.0800,153.0500,146.2917,85824300
2018-12-28,154.1500,155.5900,151.7200,152.9700,146.2152,77856600
2018-12-31,154.4700,154.9800,152.7100,154.2600,147.4482,53015300
2019-01-02,150.9900,155.7500,150.8800,154.8800,148.0409,58576700
2019-01-03,152.6000,153.2600,149.4900,149.8200,143.2043,74820200
2019-01-04,152.3400,157.0000,151.7400,156.2300,149.3312,74709300
2019-01-07,156.6200,158.8600,156.1100,158.0900,151.1091,52059300
2019-01-08,159.5400,160.1100,157.2000,159.5200,152.4760,49388700
2019-01-09,160.1400,161.5200,159.4700,160.8200,153.7186,46491700
2019-01-10,159.6000,161.3700,158.7000,161.2800,154.1582,38943400
2019-01-11,160.3300,160.8600,159.7900,160.6900,153.5943,30176600
2019-01-14,159.3300,159.9600,158.5900,159.2700,152.2370,30710200
2019-01-15,160.0000,162.6000,159.9100,162.3800,155.2097,40874200
2019-01-16,162.6500,163.7800,162.2900,162.3500,155.1810,33812200
2019-01-17,161.8300,164.3600,161.5700,163.6300,156.4045,39329000
2019-01-18,164.7800,166.0200,163.8200,165.2500,157.9529,57183200
2019-01-22,164.0600,164.1400,160.7600,161.9400,154.7891,56711700
2019-01-23,162.7700,163.5100,160.3200,162.1500,154.9899,38106100
2019-01-24,162.6800,163.4400,162.0600,163.2000,155.9935,32417800
2019-01-25,164.5100,165.6500,163.9500,165.1500,157.8573,36515900
2019-01-28,163.0200,163.1200,161.7500,163.1100,155.9074,33491200
2019-01-29,163.2000,163.2400,160.9900,161.5700,154.4354,30784200
2019-01-30,163.4000,166.2800,162.8900,165.6800,158.3639,41346500
2019-01-31,166.7000,168.9900,166.4700,168.1600,160.7345,37258400
2019-02-01,167.3300,168.6000,166.9900,167.4500,160.0558,32143700
2019-02-04,167.4800,169.5300,167.3300,169.5300,162.0439,26718800
2019-02-05,169.7600,171.2300,169.6900,171.0300,163.4777,28156400
2019-02-06,171.0700,171.3700,169.7500,170.5200,162.9902,27970000
2019-02-07,169.0300,169.4500,166.9500,168.2300,160.8013,42036200
2019-02-08,166.7600,168.5900,166.5700,168.5600,161.1167,29020700
2019-02-11,169.1700,169.5800,167.9800,168.4000,160.9639,21434100
2019-02-12,169.6300,171.1400,169.3300,170.8900,163.3439,29722100
2019-02-13,171.6500,172.1600,170.8200,171.0100,163.4586,26094100
2019-02-14,170.4000,171.8300,169.8300,171.2200,163.6593,30326800
2019-02-15,172.5200,172.5600,171.1400,171.9400,164.3475,32521700
2019-02-19,171.4100,172.8000,171.3800,172.2800,164.6725,19487700
2019-02-20,172.4000,173.0800,171.3200,172.2500,164.6438,32593000
2019-02-21,171.7900,172.2600,170.7100,171.6200,164.0417,25207400
2019-02-22,171.9900,173.0100,171.9000,172.8900,165.2556,27735400
2019-02-25,174.2100,174.6600,173.4000,173.5200,165.8578,32608800
2019-02-26,173.1000,174.2500,172.8100,173.7000,166.0298,21939700
2019-02-27,172.9000,173.8000,171.7600,173.5900,165.9247,25162000
2019-02-28,173.0500,173.8100,172.7000,173.1900,165.5423,25085500
2019-03-01,174.4400,174.6500,173.1800,174.3900,166.6893,31431200
2019-03-04,175.5400,175.7900,172.4700,174.4200,166.7180,38063500
2019-03-05,174.5500,175.0900,173.6900,174.5500,166.8423,22319900
2019-03-06,174.7200,174.7500,173.2800,173.5600,165.8960,27194600
2019-03-07,173.1200,173.1800,170.7900,171.4300,163.8600,39407400
2019-03-08,169.5100,171.2600,169.3400,171.1700,163.6115,39303200
2019-03-11,171.8800,174.8500,171.8500,174.7300,167.0143,30518400
2019-03-12,175.1900,176.1400,174.7700,175.6900,167.9319,33953500
2019-03-13,176.6000,177.9300,176.3500,177.0100,169.1936,42426100
2019-03-14,177.1300,177.3400,176.6600,176.7100,168.9069,23751500
2019-03-15,177.4000,178.8800,177.2800,178.3500,170.4745,38192000
2019-03-18,177.9500,178.9900,177.5900,178.4500,170.8804,32935100
2019-03-19,179.1800,180.0000,178.2900,179.0500,171.4550,36893300
2019-03-20,179.0600,180.8600,178.2400,179.7600,172.1349,50105000
2019-03-21,179.2200,182.8300,179.2000,182.5700,174.8257,42428500
2019-03-22,181.7800,182.2700,178.3700,178.5600,170.9858,70794500
2019-03-25,177.9100,178.8400,176.9300,178.2200,170.6602,46336500
2019-03-26,179.6000,180.6900,178.1400,179.0500,171.4550,33248100
2019-03-27,179.3200,179.7200,176.6000,177.9000,170.3538,37096700
2019-03-28,178.3600,178.9800,177.2400,178.3100,170.7464,30368200
2019-03-29,179.6900,179.8300,178.5900,179.6600,172.0392,35205500
2019-04-01,181.5100,182.2600,180.7700,182.0400,174.3182,30969500
2019-04-02,182.2400,182.9100,181.7800,182.7300,174.9789,22645200
2019-04-03,183.7600,184.9200,183.2100,183.7800,175.9844,31633500
2019-04-04,183.8300,184.5000,182.6500,183.7100,175.9174,28530800
2019-04-05,184.2400,184.7700,184.0200,184.6600,176.8271,25674700
2019-04-08,184.3600,185.2800,183.6300,185.1300,177.2771,22697500
2019-04-09,184.5000,185.1100,184.0900,184.4800,176.6547,25631900
2019-04-10,184.7200,185.5300,184.5200,185.4700,177.6027,24563000
2019-04-11,185.7800,185.7800,184.6900,185.0300,177.1814,20654100
2019-04-12,185.8500,185.9500,185.0600,185.8300,177.9474,24989100
2019-04-15,185.8400,186.0700,184.6200,185.8600,177.9762,21073000
2019-04-16,186.5400,186.9100,185.9300,186.5000,178.5890,27195700
2019-04-17,187.7500,187.9300,186.6000,187.1500,179.2115,29651600
2019-04-18,187.4600,187.7900,186.2900,187.3900,179.4413,28580900
2019-04-22,186.5700,187.9900,186.4300,187.9200,179.9488,17936000
2019-04-23,188.4000,190.5400,188.1300,190.3100,182.2374,33665600
2019-04-24,190.4700,190.7100,189.6500,189.7100,181.6628,24977100
2019-04-25,191.1300,191.2200,189.4500,190.4800,182.4002,29517500
2019-04-26,190.1800,190.6900,188.5900,190.6500,182.5630,26359500
2019-04-29,190.6500,191.3200,190.3400,191.0200,182.9173,21716200
2019-04-30,189.4800,189.8500,188.2100,189.5400,181.5001,31495300
2019-05-01,190.7800,191.3200,188.8000,188.9300,180.9159,34797100
2019-05-02,188.8700,189.8500,186.8700,188.1100,180.1307,44110100
2019-05-03,189.6700,191.2500,189.3300,191.1100,183.0035,30386200
2019-05-06,187.0500,190.2000,186.7600,189.9400,181.8831,38371800
2019-05-07,187.8700,188.6700,184.5100,186.2400,178.3400,58818100
2019-05-08,185.6300,187.1700,184.9600,185.7700,177.8900,37165300
2019-05-09,183.7000,185.4100,182.0900,184.7700,176.9324,55351700
2019-05-10,184.1100,185.8900,181.0300,185.0000,177.1527,58526400
2019-05-13,180.2900,181.2600,178.0600,178.5800,171.0050,67185800
2019-05-14,179.5200,181.6300,178.8600,180.5400,172.8819,43360600
2019-05-15,179.3500,183.5500,179.3100,183.0900,175.3237,40944500
2019-05-16,183.1700,186.0700,182.9500,184.9300,177.0856,39281200
2019-05-17,183.1000,185.5800,182.8800,183.0400,175.2758,44702300
2019-05-20,180.4900,181.1800,179.3400,179.9500,172.3169,38608300
2019-05-21,181.5000,182.3300,180.9200,181.8300,174.1171,31613800
2019-05-22,180.8200,182.0700,180.7500,181.0200,173.3415,24332600
2019-05-23,178.9400,179.0200,177.1400,178.2500,170.6890,45351300
2019-05-24,179.2100,179.8500,177.9400,178.1600,170.6028,25903300
2019-05-28,178.6600,179.6600,177.4700,177.4900,169.9612,24763800
2019-05-29,176.3900,177.0000,175.0900,176.0300,168.5631,42178800
2019-05-30,176.5000,177.2700,175.7700,176.7700,169.2718,30354800
2019-05-31,174.6900,175.2900,173.8700,173.9500,166.5714,45446200
2019-06-03,173.4800,173.9500,169.2700,170.1200,162.9038,75842300
2019-06-04,172.0300,174.9700,171.3700,174.9100,167.4906,47797800
2019-06-05,176.5800,176.6100,174.3800,176.2100,168.7355,34412700
2019-06-06,176.5100,178.0400,175.7300,177.6100,170.0761,29913200
2019-06-07,178.5600,181.7700,178.3300,181.0400,173.3606,45888300
2019-06-10,182.2500,184.8500,182.2100,183.1500,175.3811,41385300
2019-06-11,185.0600,185.4000,182.7800,183.4000,175.6205,41260300
2019-06-12,182.9000,183.2800,182.0000,182.3400,174.6055,27758100
2019-06-13,183.1000,183.8700,182.7400,183.4200,175.6396,23715800
2019-06-14,182.4800,183.1100,181.9400,182.6400,174.8927,22844100
2019-06-17,183.0400,184.2500,182.8400,183.7400,175.9461,20379500
2019-06-18,185.9100,187.7200,185.4300,186.4100,178.5028,48177300
2019-06-19,186.6600,187.5300,185.5700,187.1100,179.1731,31672900
2019-06-20,189.7200,189.7600,187.1600,188.8500,180.8393,40922000
2019-06-21,188.6300,189.7700,188.1700,188.5700,180.5712,39980400
2019-06-24,188.5300,188.7200,188.0600,188.1600,180.5770,19375200
2019-06-25,188.0300,188.1400,184.6500,184.9300,177.4772,33921100
2019-06-26,186.1600,187.3300,185.4900,185.7900,178.3025,22595700
2019-06-27,186.4600,186.9400,185.9900,186.5000,178.9839,19709200
2019-06-28,186.9500,187.1500,186.0700,186.7400,179.2142,21179200
2019-07-01,190.3200,190.5700,188.3800,189.2600,181.6326,31025600
2019-07-02,189.2000,190.0300,188.6600,190.0100,182.3524,18035800
2019-07-03,190.4900,191.4400,190.2900,191.4400,183.7248,15792100
2019-07-05,190.1300,191.4000,189.3900,191.0500,183.3505,21415600
2019-07-08,189.8100,189.8700,188.9300,189.7100,182.0645,17598800
2019-07-09,188.8100,190.9000,188.6500,190.6600,182.9762,19193500
2019-07-10,191.8200,193.0900,191.4700,192.5600,184.7997,28374500
2019-07-11,192.8500,193.3400,191.8100,192.4200,184.6653,23736100
2019-07-12,192.6300,193.5400,192.4500,193.5300,185.7305,20211900
2019-07-15,193.9800,194.1900,193.4400,194.1500,186.3256,15606100
2019-07-16,193.9100,194.0900,192.5600,193.1500,185.3659,20190900
2019-07-17,193.1500,193.4900,192.1800,192.2000,184.4542,16765100
2019-07-18,191.2900,192.7900,190.6900,192.4200,184.6653,28877000
2019-07-19,193.7400,193.8300,190.8100,191.0100,183.3121,29387900
2019-07-22,191.4400,192.9400,191.4400,192.5300,184.7709,18954900
2019-07-23,193.5800,193.8100,192.2900,193.7900,185.9800,23786700
2019-07-24,193.0500,195.1600,193.0300,195.1500,187.2852,20422900
2019-07-25,194.4900,194.5200,192.9300,193.3000,185.5098,23434700
2019-07-26,194.5300,195.5500,194.4300,195.2900,187.4196,20431200
2019-07-29,195.1100,195.1800,193.3900,194.6200,186.7766,20451700
2019-07-30,193.1300,194.5400,192.9900,193.7800,185.9705,18705000
2019-07-31,194.3000,194.4300,189.3200,191.1000,183.3985,41627500
2019-08-01,191.4300,194.9800,189.2300,190.1500,182.4868,63251600
2019-08-02,188.7200,188.9900,186.2100,187.3500,179.7996,55214000
2019-08-05,183.4300,183.5100,179.2000,180.7300,173.4464,75040000
2019-08-06,182.4000,183.8000,181.0700,183.2600,175.8745,41897200
2019-08-07,181.2700,184.5100,179.8900,184.2500,176.8245,49990600
2019-08-08,185.0800,188.3200,184.5700,188.2600,180.6729,38418100
2019-08-09,187.3600,188.0000,185.0300,186.4900,178.9743,33608900
2019-08-12,185.3400,185.9000,183.5000,184.3500,176.9205,24642900
2019-08-13,184.1900,189.6800,184.0200,188.3900,180.7977,40241900
2019-08-14,185.3600,185.9500,182.4200,182.7600,175.3946,51000500
2019-08-15,183.0000,183.5900,181.1600,182.5500,175.1930,36685000
2019-08-16,184.2100,185.9500,184.1000,185.4800,178.0050,32781400
2019-08-19,188.1600,188.8300,187.5000,188.4300,180.8361,22494100
2019-08-20,187.9600,188.6400,186.9200,186.9700,179.4349,19902900
2019-08-21,188.6100,189.2300,187.9600,188.6300,181.0280,20418500
2019-08-22,188.9800,189.4600,186.5400,188.0200,180.4426,24243700
2019-08-23,186.7400,188.4500,181.5600,182.0700,174.7324,55372400
2019-08-26,184.1400,184.8700,183.0800,184.8200,177.3716,27598900
2019-08-27,186.1100,186.4200,183.7100,184.4300,176.9973,28012800
2019-08-28,183.8300,185.4000,182.9100,185.0900,177.6307,21792400
2019-08-29,187.3900,188.4600,186.6800,187.9200,180.3466,25358900
2019-08-30,188.9300,188.9700,186.4100,187.4700,179.9148,26319800
2019-09-03,186.2200,187.1800,185.0300,185.6500,178.1681,27964200
2019-09-04,187.4400,188.4900,186.9000,188.3300,180.7401,21592100
2019-09-05,190.4100,192.3300,190.3400,191.7800,184.0511,33932600
2019-09-06,192.1000,192.1700,191.1700,191.5900,183.8687,19487800
2019-09-09,192.1900,192.2700,190.2200,191.1900,183.4849,24407600
2019-09-10,190.1600,190.7400,188.9100,190.6400,182.9570,23744700
2019-09-11,191.0000,192.5300,190.5600,192.4300,184.6749,25063600
2019-09-12,193.6100,194.7100,192.9700,193.2300,185.4426,28689900
2019-09-13,192.9500,193.4000,192.2900,192.5400,184.7805,27669800
2019-09-16,191.3000,192.0800,191.1100,191.6800,183.9551,20319000
2019-09-17,191.7000,192.6000,191.2900,192.6000,184.8381,20953400
2019-09-18,192.2000,192.6000,190.1100,192.5200,184.7613,29781300
2019-09-19,192.8600,194.0400,192.4700,192.8400,185.0684,26039400
2019-09-20,193.1100,193.3100,190.1600,190.8000,183.1106,29086100
2019-09-23,190.3600,191.0700,189.7200,190.5000,183.1914,22485900
2019-09-24,191.3700,191.7900,187.1500,187.9700,180.7584,40820700
2019-09-25,187.7800,190.5800,186.2100,190.0800,182.7875,34704900
2019-09-26,189.8300,190.0000,187.9800,189.3800,182.1143,26826000
2019-09-27,189.7300,189.8300,185.7500,187.0300,179.8545,40773500
2019-09-30,187.7900,189.1100,187.4000,188.8100,181.5662,26307700
2019-10-01,189.5000,190.5900,186.9600,187.2700,180.0853,32367600
2019-10-02,186.0000,186.0300,183.0200,184.0500,176.9888,48544300
2019-10-03,184.0300,186.2100,181.8200,186.0700,178.9313,39392500
2019-10-04,187.0800,189.0800,186.8800,188.8100,181.5662,31887600
2019-10-07,188.2700,189.7400,187.9100,188.2400,181.0180,21216000
2019-10-08,187.0600,187.8600,185.2700,185.4200,178.3063,32379300
2019-10-09,186.9900,188.0800,186.4300,187.2300,180.0468,20147400
2019-10-10,187.2800,189.4300,187.1200,188.6800,181.4412,25177700
2019-10-11,190.8300,192.6300,190.7200,191.1100,183.7780,40976700
2019-10-14,190.8400,191.7000,190.6500,191.0900,183.7587,14975000
2019-10-15,191.6800,193.9700,191.5600,193.5200,186.0955,23234200
2019-10-16,192.8600,193.5300,192.4300,193.0400,185.6339,20457100
2019-10-17,194.2000,194.5000,192.8100,193.5500,186.1243,19045200
2019-10-18,193.2000,193.6700,190.7100,191.6900,184.3357,27700800
2019-10-21,192.7100,193.5200,192.1400,193.3900,185.9705,15801200
2019-10-22,194.1500,194.4200,191.7900,191.8500,184.4895,22392300
2019-10-23,191.4600,192.2600,191.1500,192.2200,184.8453,14828400
2019-10-24,193.5900,194.2100,192.7400,194.0900,186.6436,18998500
2019-10-25,193.0900,195.7400,193.0500,195.6400,188.1342,21507100
2019-10-28,196.5500,197.8300,196.5500,197.5700,189.9901,18818700
2019-10-29,197.2400,197.5400,196.0100,196.0400,188.5188,18569700
2019-10-30,196.4200,197.3200,195.2900,196.9900,189.4323,21764300
2019-10-31,197.5600,197.6500,195.9400,197.0800,189.5189,26801800
2019-11-01,197.9300,198.8800,197.6300,198.8700,191.2402,22131900
2019-11-04,200.1900,200.5300,198.8700,200.1000,192.4230,19015900
2019-11-05,200.3500,200.5500,199.5500,200.2100,192.5288,15048900
2019-11-06,199.9800,200.0000,198.7900,199.7600,192.0961,19725500
2019-11-07,200.7600,201.7200,199.8500,200.4300,192.7404,17832400
2019-11-08,200.0700,201.2500,199.5400,201.2300,193.5097,15258800
2019-11-11,200.2100,201.0400,199.9400,200.9600,193.2500,10147600
2019-11-12,201.1300,202.2100,200.8200,201.5400,193.8078,14778300
2019-11-13,200.8400,201.7800,200.7100,201.5900,193.8559,15774600
2019-11-14,200.8300,201.5600,200.2200,201.4300,193.7020,16945400
2019-11-15,202.6500,202.9100,202.0000,202.9100,195.1252,18427900
2019-11-18,202.5900,203.3900,201.7700,203.0700,195.2791,18365900
2019-11-19,203.8400,203.8400,202.5900,203.3700,195.5676,16923300
2019-11-20,202.8400,203.4500,200.6200,202.1500,194.3944,36629000
2019-11-21,201.9300,202.0700,201.0700,201.7000,193.9616,17883600
2019-11-22,202.2000,202.3200,200.7400,201.8300,194.0867,17189600
2019-11-25,202.7000,204.2600,202.6700,204.2200,196.3849,17752800
2019-11-26,204.3500,204.8700,204.0500,204.6100,196.7600,14780600
2019-11-27,205.1400,206.0500,204.8900,206.0400,198.1352,16963100
2019-11-29,205.5200,205.8300,205.0000,205.1000,197.2312,9854600
2019-12-02,205.1100,205.1800,201.7800,203.0000,195.2118,28007000
2019-12-03,200.2100,201.4900,199.2300,201.4100,193.6828,31104100
2019-12-04,202.4400,202.9100,202.1400,202.4300,194.6636,15300100
2019-12-05,203.1500,203.1500,201.8400,202.8300,195.0483,14962300
2019-12-06,204.3100,205.1500,204.1500,205.0000,197.1350,16555300
2019-12-09,204.6300,205.5900,203.9800,204.0700,196.2407,13984100
2019-12-10,204.1700,204.8800,203.4400,203.9000,196.0772,21799800
2019-12-11,204.3600,205.1900,204.0400,204.9800,197.1158,18780800
2019-12-12,204.7700,207.3200,204.4900,206.5100,198.5871,32612000
2019-12-13,206.4000,207.9100,205.9600,207.1900,199.2410,32519400
2019-12-16,208.5500,209.5300,208.4800,209.2700,201.2412,21296600
2019-12-17,209.5400,209.7100,209.0400,209.3900,201.3566,15996100
2019-12-18,209.5700,210.1300,209.3300,209.5500,201.5105,15443300
2019-12-19,209.6400,210.9300,209.6200,210.8600,202.7702,17865900
2019-12-20,211.8600,212.5200,211.2700,211.7100,203.5876,27672600
2019-12-23,212.0000,212.1500,211.6300,211.8100,204.1254,23774700
2019-12-24,212.0000,212.0900,211.4400,211.9200,204.2314,7089000
2019-12-26,212.2600,213.8100,212.2300,213.7900,206.0335,17067500
2019-12-27,214.5400,214.5600,213.0400,213.6100,205.8600,18134100
2019-12-30,213.5000,213.6300,211.1600,212.2100,204.5109,21815500
2019-12-31,211.5300,212.7600,211.2000,212.6100,204.8963,18170900
2020-01-02,214.4000,216.1600,213.9800,216.1600,208.3176,30969400
2020-01-03,213.3000,215.4700,213.2800,214.1800,206.4094,27518900
2020-01-06,212.5000,215.5900,212.2400,215.5600,207.7393,21655300
2020-01-07,215.6400,216.1400,214.8500,215.5300,207.7104,22139300
2020-01-08,215.5000,218.1400,215.1600,217.1500,209.2717,26397300
2020-01-09,218.9400,219.4100,217.7100,218.9900,211.0449,23547000
2020-01-10,219.8500,219.8700,218.0400,218.4300,210.5052,21898500
2020-01-13,219.3300,220.9800,218.9800,220.9500,212.9338,22756900
2020-01-14,220.8400,221.2100,219.7400,220.0800,212.0953,24418100
2020-01-15,220.2000,221.2000,219.4500,220.1700,212.1820,25742100
2020-01-16,221.2700,222.3200,220.8000,222.2800,214.2155,18805000
2020-01-17,223.2800,223.5600,222.1200,223.3800,215.2756,24325200
2020-01-21,222.7600,223.8400,222.6600,223.2800,215.1792,21146300
2020-01-22,224.4100,225.1500,223.5900,223.8700,215.7478,20736400
2020-01-23,223.7400,224.6900,222.7000,224.5900,216.4417,26496100
2020-01-24,225.6400,225.8800,221.6700,222.7000,214.6203,37436500
2020-01-27,217.6700,219.2800,217.1800,218.1000,210.1872,42264400
2020-01-28,219.6400,221.9600,219.0600,221.4500,213.4156,26731900
2020-01-29,222.6800,222.9300,220.8300,221.8100,213.7625,28924500
2020-01-30,220.3800,222.7000,219.6900,222.6000,214.5239,39568100
2020-01-31,223.5300,223.5600,218.2900,219.0700,211.1220,52015800
2020-02-03,220.1400,222.8900,219.9900,222.3800,214.3119,25408600
2020-02-04,225.4200,227.8600,224.6500,227.4700,219.2173,30691200
2020-02-05,230.2100,230.2500,226.8500,228.2200,219.9400,38534800
2020-02-06,228.7900,230.2500,227.9800,230.1900,221.8385,22467100
2020-02-07,229.1600,230.4400,228.5400,229.2000,220.8844,25884900
2020-02-10,228.4400,231.9800,228.3800,231.9700,223.5539,21478900
2020-02-11,233.2500,234.0200,231.4000,232.0100,223.5925,30198000
2020-02-12,233.3800,234.3800,232.8000,234.2700,225.7706,24471300
2020-02-13,232.6400,234.9300,232.3600,233.9700,225.4814,22773200
2020-02-14,234.3400,234.8600,233.5500,234.6400,226.1270,23438500
2020-02-18,233.5000,235.1700,233.2500,234.7300,226.2138,24394500
2020-02-19,236.1300,237.4700,235.8500,236.9800,228.3822,22230500
2020-02-20,236.4600,236.9500,231.8800,234.7800,226.2620,42604000
2020-02-21,233.6100,234.0100,229.3200,230.2700,221.9156,66017200
2020-02-24,221.6800,224.2500,220.2600,221.3900,213.3578,84522600
2020-02-25,223.2500,223.9900,214.7400,215.3700,207.5562,97743000
2020-02-26,216.7100,220.2800,214.9000,216.4800,208.6259,79537700
2020-02-27,210.9000,216.4200,205.5000,205.6400,198.1792,121822600
2020-02-28,198.6400,207.1700,198.1700,205.8000,198.3334,148173700
2020-03-02,208.8800,216.5700,205.9400,216.4200,208.5681,112933900
2020-03-03,217.1100,219.6100,207.6200,209.4800,201.8799,131953500
2020-03-04,213.3200,218.3300,211.3700,218.2200,210.3028,73086200
2020-03-05,212.6900,216.3600,210.1000,211.5900,203.9133,78705500
2020-03-06,204.6700,209.1500,202.9100,208.0200,200.4729,89828400
2020-03-09,193.4800,201.1600,192.1100,193.5700,186.5471,116424000
2020-03-10,201.1100,204.3000,193.6800,204.1100,196.7047,100599200
2020-03-11,199.3500,200.7500,192.7300,195.2200,188.1373,89168800
2020-03-12,182.0900,190.7800,176.9400,177.3200,170.8867,137820700
2020-03-13,187.0700,194.4800,178.1300,192.3400,185.3618,134882000
2020-03-16,174.1500,184.6800,169.1600,169.3000,163.1577,92054400
2020-03-17,175.4700,184.3900,169.7800,182.1400,175.5318,121257100
2020-03-18,171.6100,179.2200,166.8000,176.6000,170.1928,114156300
2020-03-19,175.6900,183.4900,171.6300,177.6600,171.2143,120896500
2020-03-20,181.7400,182.8700,170.1000,170.7000,164.5069,118983900
2020-03-23,170.9200,174.2100,164.9300,170.4600,164.6257,124639800
2020-03-24,179.9100,183.8300,177.9500,183.6600,177.3739,94881800
2020-03-25,184.4200,189.5100,179.9800,182.3000,176.0604,88754900
2020-03-26,183.8700,192.7200,183.6100,191.9000,185.3318,79887600
2020-03-27,186.9300,190.5100,184.6600,185.3000,178.9577,58845000
2020-03-30,187.0600,192.4900,186.3400,192.0400,185.4670,49356900
2020-03-31,191.7200,195.2500,189.2000,190.4000,183.8832,62659300
2020-04-01,184.7700,187.6600,180.8600,182.3100,176.0701,53715400
2020-04-02,181.2400,190.1000,180.9700,186.0100,179.6434,56465300
2020-04-03,185.5500,187.0700,181.2900,183.3700,177.0938,47487600
2020-04-06,190.4800,197.6500,189.1900,196.4800,189.7551,64763500
2020-04-07,202.3700,202.6600,196.0000,196.4000,189.6778,69904500
2020-04-08,198.1500,201.1700,196.1700,200.5700,193.7051,45940400
2020-04-09,202.3500,203.2200,199.0300,200.8600,193.9851,68252600
2020-04-13,200.0000,203.4200,198.7500,203.0300,196.0809,42853900
2020-04-14,207.2300,212.5000,206.4200,211.8600,204.6087,63959600
2020-04-15,208.4800,211.8300,207.1200,209.4300,202.2618,47036000
2020-04-16,211.6900,214.3700,209.6900,213.2500,205.9511,64657400
2020-04-17,216.1700,216.5100,212.0800,215.2900,207.9213,62863200
2020-04-20,213.3600,215.8800,212.5700,212.7400,205.4586,38249100
2020-04-21,210.6000,211.1600,203.6300,204.8900,197.8772,72932800
2020-04-22,209.1000,212.3500,208.3300,210.9700,203.7491,40089100
2020-04-23,211.7900,214.4400,210.1000,210.5200,203.3145,43278500
2020-04-24,210.9700,214.3000,209.5000,213.8400,206.5209,34231900
2020-04-27,216.1900,216.6300,214.5000,215.5600,208.1820,36451700
2020-04-28,217.3200,217.3200,211.2100,211.5000,204.2610,46862800
2020-04-29,216.1900,219.9700,215.1400,219.0000,211.5042,48716400
2020-04-30,219.9500,220.0400,217.3500,218.9100,211.4174,43359500
2020-05-01,214.5000,216.6700,211.6800,212.7400,205.4586,48795000
2020-05-04,211.4600,215.4500,211.1200,215.2200,207.8537,32841000
2020-05-05,217.4400,220.1400,216.8500,217.6600,210.2101,37783100
2020-05-06,219.4000,221.0400,218.1100,219.0000,211.5042,36455200
2020-05-07,221.8200,222.7300,220.4200,221.8200,214.2278,38624800
2020-05-08,223.5500,225.0000,222.4800,224.8600,217.1637,31852300
2020-05-11,223.4900,227.9300,223.2500,226.8700,219.1049,35714100
2020-05-12,227.4900,228.1000,222.0900,222.1200,214.5175,41054100
2020-05-13,222.6600,224.6100,216.7100,219.3400,211.8327,65521200
2020-05-14,217.9700,221.8700,215.9900,221.8300,214.2374,51549300
2020-05-15,218.7800,223.3300,218.3300,223.2700,215.6281,55747200
2020-05-18,226.2800,228.6800,225.4700,227.4300,219.6457,42398100
2020-05-19,227.7000,229.8500,226.7100,226.8600,219.0952,36237300
2020-05-20,229.5000,231.7600,229.4800,231.3900,223.4702,37417000
2020-05-21,231.4400,232.1400,228.3400,228.8700,221.0365,43642900
2020-05-22,228.4500,229.8700,227.5000,229.6600,221.7994,28762400
2020-05-26,233.3600,233.5700,228.7900,229.0400,221.2006,33055300
2020-05-27,228.6900,230.4100,223.9400,230.2900,222.4078,55665600
2020-05-28,229.1100,233.4700,229.0500,229.9900,222.1181,42784300
2020-05-29,230.3800,233.6000,228.7600,233.3600,225.3728,50691800
2020-06-01,232.4600,234.4500,232.0000,234.0600,226.0488,25776000
2020-06-02,234.5000,235.6900,232.0100,235.6300,227.5651,33383400
2020-06-03,236.2600,237.4700,235.3500,236.6900,228.5888,37228700
2020-06-04,236.3300,237.7900,233.6800,235.0300,226.9856,38716100
2020-06-05,236.2200,240.3000,235.6300,239.6900,231.4861,47365600
2020-06-08,239.5400,241.6800,237.9100,241.5500,233.2825,32937300
2020-06-09,240.6600,244.1800,240.4700,243.3000,234.9726,35046300
2020-06-10,245.0500,247.8200,244.5100,246.2200,237.7926,58084400
2020-06-11,242.1600,243.5900,233.9600,234.0200,226.0102,72919400
2020-06-12,239.0900,240.4000,231.7400,235.8800,227.8065,72034800
2020-06-15,232.4400,239.4500,231.4700,238.7500,230.5783,45307400
2020-06-16,243.7800,244.3900,239.1000,242.8500,234.5380,48890100
2020-06-17,244.4000,245.5000,242.7300,243.6200,235.2816,34749300
2020-06-18,243.2900,244.5300,242.4900,244.2800,235.9190,30578600
2020-06-19,246.7300,247.0000,242.4500,244.2400,235.8804,49422100
2020-06-22,243.6800,246.8700,243.3800,246.7400,238.7092,24068700
2020-06-23,248.3900,251.1500,247.8200,248.8400,240.7409,32767400
2020-06-24,248.0600,249.3300,242.1600,243.7100,235.7778,46032400
2020-06-25,243.8000,246.3400,241.1400,246.0300,238.0223,36940800
2020-06-26,245.7800,245.9600,239.6800,240.2200,232.4014,52824600
2020-06-29,239.9700,242.8500,237.3500,242.8400,234.9361,34377800
2020-06-30,242.7700,248.1600,242.5800,247.6000,239.5412,38909200
2020-07-01,247.6400,251.5200,247.0800,250.4900,242.3372,34689200
2020-07-02,253.0200,254.2700,251.7100,252.1900,243.9819,31956500
2020-07-06,255.4500,258.9300,255.4300,258.3900,249.9801,34589000
2020-07-07,258.1300,260.8800,256.3000,256.6100,248.2579,36578200
2020-07-08,257.9800,260.0200,256.5000,259.9900,251.5280,30426300
2020-07-09,261.9700,262.8700,257.6300,262.1800,253.6466,40312900
2020-07-10,262.0300,264.2300,259.2600,263.9700,255.3784,32885300
2020-07-13,266.9100,269.7900,257.6900,258.5400,250.1251,64108100
2020-07-14,255.9300,260.7900,252.7600,260.3700,251.8956,72230500
2020-07-15,261.8300,262.6900,257.4900,260.9000,252.4083,54523900
2020-07-16,258.0200,259.7800,255.6200,259.1200,250.6862,47594100
2020-07-17,259.5900,260.3100,257.1700,259.4200,250.9765,35137900
2020-07-20,260.0800,267.4300,258.7900,266.7800,258.0969,40610100
2020-07-21,268.4000,268.4100,263.1300,264.0000,255.4075,43243800
2020-07-22,264.5100,265.8900,262.5500,264.9300,256.3071,29865500
2020-07-23,264.5100,265.2400,256.5500,258.0100,249.6124,51363500
2020-07-24,254.0400,256.9300,251.3200,255.5600,247.2422,54054500
2020-07-27,257.2600,260.5200,256.4500,260.1200,251.6537,36445700
2020-07-28,259.3100,259.8500,256.5100,256.8100,248.4515,31302400
2020-07-29,258.4000,260.6600,257.9100,259.7700,251.3151,27556900
2020-07-30,257.7400,261.7100,256.5500,261.1300,252.6309,41774500
2020-07-31,265.9100,265.9500,260.8500,265.7900,257.1392,53686300
2020-08-03,268.0000,270.1500,267.8700,269.3800,260.6124,32081600
2020-08-04,268.8600,270.4800,268.0900,270.3800,261.5798,24911300
2020-08-05,270.8800,271.5200,269.9600,271.0500,262.2280,21612100
2020-08-06,270.8500,274.9800,270.1900,274.6400,265.7011,28048200
2020-08-07,274.0800,274.8800,269.2500,271.4700,262.6343,44969400
2020-08-10,271.7700,271.9800,266.6700,270.3100,261.5120,35088400
2020-08-11,269.1100,270.4400,264.6300,265.1900,256.5587,43104300
2020-08-12,267.4200,272.8400,267.3700,271.8600,263.0116,38773400
2020-08-13,272.6600,274.8300,271.5100,272.4800,263.6115,31895700
2020-08-14,273.1200,273.4000,270.7200,272.1600,263.3018,30799500
2020-08-17,273.9300,275.8400,272.2000,275.3200,266.3590,24803000
2020-08-18,276.4200,278.4600,274.9100,277.9700,268.9227,23529500
2020-08-19,277.9300,279.0200,275.5700,276.1000,267.1137,31999400
2020-08-20,275.2800,280.4300,274.8600,279.9300,270.8190,27723400
2020-08-21,280.1300,282.3400,279.4600,281.8700,272.6958,34748900
2020-08-24,285.2500,286.0000,281.2700,283.6300,274.3985,36418500
2020-08-25,282.8300,286.0600,282.3700,285.8600,276.5559,34866600
2020-08-26,287.1500,292.2200,285.8300,291.9600,282.4575,42216700
2020-08-27,292.9700,293.8500,288.7100,291.0500,281.5771,49482700
2020-08-28,292.3300,293.1800,290.9300,292.5300,283.0089,28021000
2020-08-31,293.0700,296.7500,292.6200,294.8800,285.2824,36321000
2020-09-01,297.6200,300.0400,295.7900,299.9200,290.1584,36216200
2020-09-02,303.2800,303.5000,296.8900,302.7600,292.9059,50836800
2020-09-03,298.1000,298.6200,284.4100,287.4100,278.0555,110083300
2020-09-04,285.5600,288.9300,271.8000,283.5800,274.3502,123959000
2020-09-08,272.2200,278.2200,269.6600,269.9500,261.1638,99568600
2020-09-09,275.6400,280.0500,273.0000,277.8800,268.8357,64837900
2020-09-10,280.9400,282.2000,270.5600,272.3400,263.4760,69667500
2020-09-11,274.1500,275.2200,266.9000,270.4500,261.6476,71809000
2020-09-14,274.3600,277.2200,272.9600,275.1600,266.2042,38525200
2020-09-15,279.0300,280.4500,275.1300,279.0600,269.9772,41849900
2020-09-16,279.8800,280.3600,274.2500,274.6100,265.6721,42321000
2020-09-17,267.5500,274.4000,266.6800,270.3200,261.5217,81570800
2020-09-18,271.7900,272.0900,262.6300,266.8700,258.1841,86251100
2020-09-21,262.4700,267.6500,260.1100,267.5100,258.8032,57168600
2020-09-22,269.9900,273.0800,266.5400,272.4800,263.6115,41128900
2020-09-23,272.1500,272.3400,263.2500,264.1600,255.5622,48837300
2020-09-24,261.3900,268.7000,261.2200,265.3900,256.7523,70631700
2020-09-25,265.9100,272.4000,264.3000,271.5600,262.7214,55242400
2020-09-28,276.5800,277.2000,271.6700,277.2000,268.1778,58438300
2020-09-29,276.6200,277.7100,275.3700,275.9500,266.9686,27050000
2020-09-30,276.1500,281.0900,275.8700,277.8400,268.7970,49380800
2020-10-01,281.7900,282.8800,279.8400,282.2500,273.0635,50020200
2020-10-02,276.0200,282.2400,273.4400,274.3100,265.3819,75497400
2020-10-05,276.3400,280.4900,276.2300,280.1600,271.0415,28184600
2020-10-06,279.4500,281.1900,274.2500,275.1600,266.2042,49704200
2020-10-07,277.8900,280.7400,277.2800,279.9200,270.8092,27539700
2020-10-08,282.4000,282.4700,280.3100,281.4100,272.2507,25443300
2020-10-09,283.1100,285.7900,282.7100,285.7100,276.4109,30201100
2020-10-12,290.5500,297.4600,289.4700,294.5300,284.9438,79370700
2020-10-13,296.3900,297.0500,293.1100,294.5200,284.9341,64240000
2020-10-14,295.3500,296.3500,290.2600,292.0600,282.5541,36949100
2020-10-15,287.2000,290.7100,286.5400,290.1000,280.6580,42514200
2020-10-16,291.8000,293.2700,288.1500,288.5100,279.1197,40570700
2020-10-19,290.4900,291.4800,282.7900,283.8000,274.5631,36756800
2020-10-20,284.5600,287.6200,282.9500,284.4100,275.1532,32195400
2020-10-21,284.6700,287.3200,283.6900,284.1900,274.9403,29306100
2020-10-22,285.0500,285.9800,280.8200,284.1800,274.9306,32196200
2020-10-23,284.7700,284.9100,281.7800,284.7400,275.4725,24658500
2020-10-26,282.3800,285.3000,276.7600,280.4700,271.3414,38421100
2020-10-27,281.5000,283.5100,280.2000,282.6600,273.4601,30559100
2020-10-28,278.0100,278.6400,271.3800,271.6400,262.7988,53413500
2020-10-29,273.0000,279.4900,272.5200,276.3900,267.3942,43246300
2020-10-30,274.3400,275.2400,267.0700,269.3800,260.6124,65838300
2020-11-02,271.8500,273.5200,266.9700,269.9800,261.1928,39987400
2020-11-03,271.9600,276.8200,270.8400,274.6500,265.7109,43604100
2020-11-04,283.5900,288.7700,281.8700,286.9100,277.5717,75728200
2020-11-05,293.5300,295.3900,292.0000,294.3900,284.8083,52054200
2020-11-06,293.7100,295.3600,289.8300,294.6100,285.0211,40959800
2020-11-09,297.6500,299.1400,288.1200,288.5900,279.1971,86537100
2020-11-10,285.1700,286.6600,280.6200,283.4200,274.1954,69024900
2020-11-11,286.0300,290.2500,283.3800,289.7600,280.3290,36102900
2020-11-12,290.7600,292.0700,287.2500,288.4000,279.0132,34414600
2020-11-13,290.1700,291.5700,287.8700,290.9300,281.4609,24806900
2020-11-16,290.6200,293.5100,289.9900,293.2000,283.6571,30168400
2020-11-17,293.4000,293.7400,291.6100,292.2700,282.7573,21843500
2020-11-18,291.7000,293.3700,290.0200,290.1100,280.6676,28069600
2020-11-19,289.5400,292.7000,288.8500,292.3800,282.8637,22718400
2020-11-20,292.3000,293.0700,290.2900,290.3800,280.9288,25907300
2020-11-23,291.4100,292.7500,288.0700,290.3900,280.9385,26875600
2020-11-24,291.4900,294.9800,289.6300,294.4700,284.8857,24516800
2020-11-25,295.5700,296.9400,294.5900,296.2800,286.6368,23326800
2020-11-27,298.3100,300.1700,297.9000,299.0100,289.2780,17163100
2020-11-30,299.3400,299.9700,294.7800,299.6200,289.8681,27836200
2020-12-01,301.9700,305.1400,300.8300,303.4600,293.5831,27521300
2020-12-02,302.2500,304.2000,300.3500,303.8500,293.9604,23620000
2020-12-03,304.1700,305.8800,303.5300,304.2800,294.3764,22828700
2020-12-04,304.3300,305.6700,303.6300,305.5200,295.5761,19332100
2020-12-07,305.7100,307.6300,305.5200,307.2500,297.2498,20851000
2020-12-08,306.7600,308.6000,304.9500,308.2900,298.2559,18341500
2020-12-09,308.0700,308.3600,300.2100,301.3100,291.5031,48839300
2020-12-10,299.2100,303.6800,298.0900,302.5200,292.6737,27519500
2020-12-11,300.8100,301.9800,298.4700,301.8500,292.0255,26760400
2020-12-14,303.0800,306.0500,303.0100,304.0400,294.1443,28804800
2020-12-15,306.3700,307.2900,304.1100,307.2900,297.2885,25709000
2020-12-16,307.7000,309.7900,306.6200,308.9800,298.9234,25461900
2020-12-17,310.6300,311.2400,309.3900,311.0000,300.8777,23730500
2020-12-18,311.6600,311.9800,307.6100,310.0600,299.9683,41173400
2020-12-21,306.4600,309.4700,303.6000,308.9200,299.4071,37095500
2020-12-22,309.8500,310.7100,306.8500,309.7600,300.2213,26176300
2020-12-23,309.8100,310.1800,308.0400,308.2000,298.7093,21201300
2020-12-24,308.4700,310.0200,308.3900,309.5600,300.0274,16785000
2020-12-28,312.2500,313.1700,310.3600,312.6800,303.0514,22497700
2020-12-29,314.0500,314.6900,312.0300,312.9600,303.3227,25871900
2020-12-30,314.1600,314.4900,312.3300,312.9700,303.3324,18138100
2020-12-31,312.8700,314.2400,311.7600,313.7400,304.0787,21611400
2021-01-04,315.1100,315.2900,305.1800,309.3100,299.7851,45305900
2021-01-05,308.2900,312.1400,308.2900,311.8600,302.2566,29323400
2021-01-06,307.0000,311.8800,305.9800,307.5400,298.0695,52809600
2021-01-07,310.2800,315.8400,310.2500,314.9800,305.2805,30394800
2021-01-08,317.3400,319.3900,315.0800,319.0300,309.2058,33955800
2021-01-11,315.9800,317.1900,313.7500,314.4200,304.7378,32746400
2021-01-12,314.4600,315.5800,311.2000,313.9200,304.2531,29266800
2021-01-13,314.1900,316.8600,313.5700,316.0400,306.3079,22898400
2021-01-14,316.5000,317.5300,313.8600,314.3500,304.6699,23500100
2021-01-15,314.1300,315.1200,310.5800,311.8600,302.2566,35118700
2021-01-19,314.2500,316.9300,313.1200,316.4100,306.6665,24537000
2021-01-20,320.1400,324.7400,316.5100,323.7700,313.7998,30728100
2021-01-21,325.1500,327.1300,323.7300,326.3600,316.3101,25130600
2021-01-22,325.2900,326.4600,324.7100,325.4200,315.3990,21609400
2021-01-25,328.9100,330.3200,321.4100,328.1100,318.0062,39080600
2021-01-26,328.8500,329.7600,327.2200,328.5900,318.4714,25498100
2021-01-27,326.2600,326.2700,317.3600,319.4300,309.5935,55264000
2021-01-28,320.6700,326.4200,320.0300,321.3200,311.4253,42836300
2021-01-29,319.5800,320.7200,312.7600,314.5600,304.8735,55259000
2021-02-01,318.1100,323.5400,316.0200,322.4200,312.4914,35646000
2021-02-02,325.4800,328.8700,325.3100,327.6800,317.5894,33930800
2021-02-03,329.8200,330.2000,326.3200,326.3800,316.3295,24824500
2021-02-04,327.8200,330.3300,326.4600,330.2400,320.0706,22350900
2021-02-05,331.2200,332.4000,329.5300,331.3600,321.1561,22732000
2021-02-08,333.1000,333.7400,331.4100,333.5800,323.3077,20462800
2021-02-09,332.6200,334.8100,332.6100,333.5100,323.2399,17597500
2021-02-10,334.9900,335.4600,329.5000,332.7500,322.5033,28068700
2021-02-11,334.3300,335.0000,332.1200,334.5800,324.2769,22046100
2021-02-12,333.7100,336.6200,332.6300,336.4500,326.0894,20346800
2021-02-16,337.2700,338.1900,334.3400,335.5400,325.2074,27080800
2021-02-17,332.4700,335.6600,330.1700,333.9300,323.6470,31360300
2021-02-18,330.2300,333.8700,328.3600,332.4700,322.2320,32236200
2021-02-19,333.8600,333.9900,329.9700,331.0200,320.8266,39157700
2021-02-22,326.5000,327.8000,322.2300,322.4400,312.5108,47256900
2021-02-23,317.0000,323.2000,311.0000,321.4800,311.5804,97241900
2021-02-24,318.7400,324.4500,315.9600,324.1300,314.1487,58206300
2021-02-25,321.3900,324.0300,311.2400,312.8300,303.1967,110182600
2021-02-26,315.8500,319.1100,310.8800,314.1400,304.4664,104739800
2021-03-01,319.2700,323.9400,317.9400,323.5900,313.6254,49164500
2021-03-02,324.2500,324.3300,318.1400,318.4000,308.5952,48370000
2021-03-03,317.2700,318.2400,309.1000,309.1600,299.6397,86301100
2021-03-04,308.7800,312.0400,300.1100,304.1000,294.7356,139131600
2021-03-05,306.8000,309.6100,297.4500,308.6800,299.1745,121523700
2021-03-08,308.1200,310.0600,299.5100,299.9400,290.7037,88409800
2021-03-09,307.4700,313.7300,306.9200,311.7700,302.1694,80391100
2021-03-10,316.1600,316.4700,310.1700,310.8800,301.3068,76798100
2021-03-11,315.7700,319.8600,314.8500,318.0400,308.2463,53484800
2021-03-12,313.8600,318.2300,311.3900,315.4600,305.7457,69315600
2021-03-15,315.7900,319.0000,314.1000,318.8300,309.0119,42955700
2021-03-16,321.0900,324.2000,319.1000,320.5800,310.7080,54925900
2021-03-17,317.4500,323.8500,315.6800,321.9000,311.9874,78258700
2021-03-18,316.8700,317.8800,311.5700,312.0400,302.4311,82718100
2021-03-19,311.8700,314.7300,309.6600,313.1400,303.4972,78446200
2021-03-22,315.2100,320.7400,315.2100,318.6100,309.1887,56194800
2021-03-23,319.7300,321.0900,316.3800,317.2200,307.8398,53455400
2021-03-24,318.6300,318.6700,311.7200,311.8700,302.6480,64803700
2021-03-25,309.9700,312.8900,307.3900,311.3300,302.1240,78729000
2021-03-26,311.1100,316.3300,309.6700,316.0000,306.6559,63519600
2021-03-29,315.4500,316.9900,312.4700,315.9100,306.5686,54608000
2021-03-30,313.8900,314.9100,311.5400,314.3200,305.0256,44635700
2021-03-31,316.1600,320.7400,315.8100,319.1300,309.6934,55032500
2021-04-01,323.0700,324.7100,322.8100,324.5700,314.9724,55685600
2021-04-05,327.1300,331.8400,326.8800,331.0500,321.2609,42172500
2021-04-06,330.7300,332.8300,330.0200,330.8200,321.0377,33537200
2021-04-07,330.3300,332.4800,329.3700,331.6200,321.8141,32046400
2021-04-08,334.5600,335.2700,333.7400,335.0800,325.1718,29940800
2021-04-09,333.6800,337.3200,332.9200,337.1100,327.1416,36664900
2021-04-12,336.0400,337.1000,334.7300,336.6700,326.7147,25833000
2021-04-13,338.2400,341.0800,338.0200,340.6000,330.5285,30374000
2021-04-14,340.8500,340.9800,335.6700,336.5100,326.5595,42564300
2021-04-15,339.4700,342.0100,336.2200,341.6100,331.5087,36342800
2021-04-16,342.1500,342.2300,340.0800,342.0100,331.8968,40860100
2021-04-19,340.3900,341.5800,336.9000,338.8800,328.8593,34533100
2021-04-20,338.2000,339.5200,334.3800,336.4100,326.4623,38081800
2021-04-21,335.0900,339.4800,333.9700,339.2900,329.2572,36598100
2021-04-22,338.8900,339.9000,334.0100,335.2000,325.2882,45936100
2021-04-23,335.8500,340.7700,335.8500,339.4200,329.3835,36381900
2021-04-26,339.6700,341.9200,338.9000,341.6300,331.5280,30812000
2021-04-27,341.9300,342.1500,339.1700,340.1500,330.0918,33187200
2021-04-28,339.8100,340.8500,338.3300,339.0000,328.9759,33615700
2021-04-29,342.3700,342.8000,336.9000,340.2200,330.1598,37708900
2021-04-30,337.7000,340.2600,337.0500,337.9900,327.9956,38263400
2021-05-03,339.2300,340.0000,335.7300,336.1900,326.2489,29729700
2021-05-04,333.5600,333.8900,326.2100,330.1400,320.3779,65147000
2021-05-05,332.2500,333.1400,328.2300,329.0300,319.3006,46219300
2021-05-06,328.7600,331.6700,326.4500,331.5100,321.7073,46814300
2021-05-07,334.3700,336.6500,331.6900,334.2000,324.3177,53324500
2021-05-10,332.7800,332.9600,325.5500,325.7600,316.1273,60700500
2021-05-11,319.7000,326.1300,319.0200,325.3100,315.6906,71963600
2021-05-12,320.2300,322.6200,316.0000,316.8900,307.5197,91164900
2021-05-13,319.9200,322.4000,316.9000,319.3400,309.8972,69877800
2021-05-14,322.6000,327.3300,322.0800,326.3900,316.7387,44370000
2021-05-17,324.6300,326.3700,321.4500,324.4100,314.8172,39395000
2021-05-18,325.3900,326.6500,321.9400,322.2200,312.6920,36528500
2021-05-19,316.6600,322.9000,316.3000,322.5900,313.0511,66319100
2021-05-20,324.1200,329.7100,323.8900,328.8300,319.1065,46466100
2021-05-21,330.4300,330.8600,326.6400,327.0100,317.3404,50330400
2021-05-24,329.3700,333.6700,326.9000,332.5100,322.6777,32475800
2021-05-25,334.0700,334.8100,331.7600,332.9700,323.1241,31280300
2021-05-26,333.6600,334.6100,332.9500,334.1300,324.2498,25444900
2021-05-27,333.6700,334.5400,332.6700,332.8800,323.0368,27931700
2021-05-28,334.1200,335.5700,333.6000,333.9300,324.0557,29927400
2021-06-01,335.3000,335.7900,331.4300,332.8200,322.9786,31145400
2021-06-02,333.2500,334.3400,331.7000,333.4700,323.6093,22047900
2021-06-03,330.5500,331.8600,328.2800,330.0000,320.2419,37057800
2021-06-04,331.8500,336.0600,331.7800,335.6000,325.6763,38736500
2021-06-07,335.0500,336.6600,334.3400,336.6000,326.6468,32611900
2021-06-08,338.4000,339.2900,335.0300,336.7600,326.8022,27282800
2021-06-09,338.1700,338.9700,336.6500,336.8400,326.8797,21485300
2021-06-10,337.1900,340.4600,336.7300,340.3500,330.2859,33702100
2021-06-11,340.3600,341.2500,339.6900,341.2400,331.1496,21222800
2021-06-14,341.6800,344.5200,340.4600,344.5100,334.3229,27827700
2021-06-15,344.1500,344.4700,341.5200,342.2600,332.1394,35963800
2021-06-16,342.7400,343.8400,337.4500,341.0100,330.9264,55399500
2021-06-17,339.9700,346.3800,339.9200,345.3400,335.1283,59722700
2021-06-18,343.6300,344.8100,341.8600,342.6300,332.4985,55414900
2021-06-21,342.4300,344.6900,340.1500,344.3600,334.5650,32992600
2021-06-22,344.1500,348.0300,343.8400,347.5700,337.6837,28941600
2021-06-23,347.5100,348.9200,346.8800,347.7400,337.8488,27188500
2021-06-24,349.7300,351.4600,349.1700,349.8900,339.9377,32581600
2021-06-25,350.4700,350.7200,348.8400,349.4600,339.5199,28682800
2021-06-28,350.7800,353.8500,350.7200,353.7100,343.6490,39130300
2021-06-29,353.5300,355.0200,352.6700,354.9900,344.8926,29426000
2021-06-30,354.8300,355.2300,353.8300,354.4300,344.3485,32724000
2021-07-01,354.0700,355.0900,352.6800,354.5700,344.4846,29290000
2021-07-02,356.5200,358.9700,356.2800,358.6400,348.4387,32727200
2021-07-06,359.2600,360.4800,356.4900,360.1900,349.9447,38842400
2021-07-07,362.4500,362.7600,358.9400,360.9500,350.6831,35265200
2021-07-08,355.7400,359.6500,354.4200,358.7700,348.5651,50890000
2021-07-09,358.1700,361.5000,357.5700,361.0100,350.7414,35184500
2021-07-12,362.4500,362.8900,360.8300,362.4200,352.1112,25717700
2021-07-13,362.0300,365.4700,361.5400,362.4200,352.1112,39723000
2021-07-14,364.8300,365.4900,362.2200,363.0700,352.7427,35336400
2021-07-15,362.9800,363.1900,358.4600,360.5200,350.2653,53391600
2021-07-16,361.4000,362.4100,357.2400,357.6000,347.4284,47262000
2021-07-19,354.0500,355.1800,352.0400,354.6700,344.5817,64404600
2021-07-20,355.6300,360.2800,353.8000,358.7900,348.5845,42183700
2021-07-21,358.3500,361.5600,358.1200,361.5600,351.2757,30259900
2021-07-22,361.7700,363.9600,361.7700,363.9500,353.5977,30252200
2021-07-23,365.3100,368.4900,363.9200,368.2000,357.7269,31960800
2021-07-26,367.4900,368.8900,366.6000,368.4900,358.0086,28438100
2021-07-27,368.2200,368.2200,360.1600,364.4300,354.0640,57933100
2021-07-28,365.6000,367.4500,363.2400,365.8300,355.4243,42066200
2021-07-29,365.2500,367.6800,365.2500,366.4800,356.0557,25672500
2021-07-30,362.4400,365.1700,362.4100,364.5700,354.2001,36484600
2021-08-02,366.2800,366.8800,363.8700,364.6000,354.2292,27334100
2021-08-03,365.2800,366.9300,362.0000,366.8100,356.3765,35558500
2021-08-04,366.7700,368.3200,365.6300,367.3400,356.8913,29602200
2021-08-05,368.1800,369.9100,367.4500,369.6700,359.1550,21443900
2021-08-06,368.3700,369.3700,366.9100,368.0500,357.5811,33332100
2021-08-09,368.5200,369.2700,367.3900,368.7300,358.2418,25960200
2021-08-10,369.2600,369.5600,365.6200,366.8400,356.4055,35130800
2021-08-11,368.1400,368.6500,364.8400,366.2100,355.7934,34249800
2021-08-12,365.6900,367.9000,364.3000,367.5300,357.0760,25969200
2021-08-13,367.8900,369.1600,367.3800,368.8200,358.3292,19336200
2021-08-16,367.6700,369.0200,363.7000,368.9800,358.4847,34856900
2021-08-17,366.1500,367.1500,363.2300,365.7300,355.3271,44793900
2021-08-18,365.1800,366.6200,361.8700,362.2100,351.9072,38541900
2021-08-19,360.2200,365.6800,359.9600,363.9600,353.6075,48499400
2021-08-20,365.0600,368.1400,364.7400,367.7300,357.2703,39486000
2021-08-23,368.8000,373.9400,368.7900,373.2300,362.6138,34034700
2021-08-24,373.8400,374.9900,373.3600,374.3700,363.7213,21732900
2021-08-25,374.6300,375.3900,373.8600,374.8000,364.1392,20441900
2021-08-26,373.9200,374.6200,371.9700,372.4200,361.8268,29133300
2021-08-27,373.0700,376.5600,372.5700,376.0400,365.3439,27104700
2021-08-30,376.8500,380.7600,376.8300,380.2600,369.4438,27295700
2021-08-31,380.5100,380.5800,378.3600,379.9500,369.1426,29628200
2021-09-01,381.0400,382.7100,380.3700,380.5800,369.7547,28138300
2021-09-02,381.9700,382.3100,379.1500,380.4000,369.5799,25453400
2021-09-03,379.2200,381.9800,379.2000,381.5700,370.7166,24605400
2021-09-07,381.6800,382.7800,380.4900,382.1100,371.2412,23970200
2021-09-08,381.9300,381.9300,378.4500,380.7800,369.9490,32949200
2021-09-09,381.0100,382.1500,379.2200,379.4700,368.6764,29399000
2021-09-10,381.2300,381.9700,376.2500,376.5900,365.8782,40249400
2021-09-13,378.9900,379.4300,374.2200,376.3300,365.6256,48741800
2021-09-14,377.8600,378.6100,374.2800,375.2600,364.5861,41826600
2021-09-15,375.7300,378.4100,373.3700,378.0500,367.2967,34097900
2021-09-16,376.6800,378.9000,374.7000,378.3100,367.5492,35193100
2021-09-17,377.8200,377.8700,372.7600,373.8300,363.1966,60912300
2021-09-20,367.4600,369.2500,360.9300,365.7000,355.6919,76203200
2021-09-21,367.5800,368.8100,364.9900,366.1500,356.1296,41927500
2021-09-22,367.0900,371.0700,365.9600,369.5700,359.4560,46972900
2021-09-23,370.7600,374.0400,370.1000,372.9800,362.7726,44652000
2021-09-24,370.6500,373.7600,370.2700,373.3300,363.1131,36056800
2021-09-27,370.2000,371.2500,367.7300,370.3500,360.2146,43338100
2021-09-28,365.6700,370.3000,359.3500,359.8700,350.0214,97701600
2021-09-29,361.1700,363.3700,358.6400,359.2800,349.4476,58076600
2021-09-30,360.9700,362.6800,357.1000,357.9600,348.1637,61384600
2021-10-01,358.6000,361.2500,354.3800,360.1800,350.3229,56375500
2021-10-04,358.5200,358.8600,350.3200,352.6200,342.9698,76766000
2021-10-05,353.7100,359.6900,353.4800,357.3800,347.5997,47232900
2021-10-06,354.0800,359.9500,353.1500,359.6700,349.8269,56806500
2021-10-07,362.8000,365.6900,362.2500,362.9700,353.0365,39411200
2021-10-08,364.0800,364.3200,360.6100,361.1600,351.2762,41822300
2021-10-11,359.5800,363.2000,358.3000,358.3900,348.5820,34847200
2021-10-12,359.8800,360.3300,356.4800,357.1400,347.3661,43905100
2021-10-13,359.5100,360.6900,357.4300,360.0000,350.1478,40120800
2021-10-14,363.6900,366.8500,363.0100,366.6300,356.5964,43433900
2021-10-15,367.8800,369.0600,366.8200,368.9400,358.8433,40419900
2021-10-18,367.6100,372.8700,366.9900,372.6500,362.4517,34513500
2021-10-19,373.7500,375.5200,372.7000,375.4700,365.1945,29091000
2021-10-20,375.9400,376.5700,373.4600,374.9800,364.7179,31390300
2021-10-21,374.1600,377.4700,373.8500,377.2700,366.9452,25469300
2021-10-22,375.9800,376.9700,372.3900,374.1000,363.8619,36275800
2021-10-25,375.5600,378.8700,373.5600,377.9300,367.5872,32597800
2021-10-26,380.2300,382.7100,377.9100,379.1200,368.7446,47191300
2021-10-27,379.5800,383.1500,379.3100,380.0000,369.6006,45760500
2021-10-28,381.9500,384.4800,381.1600,384.2200,373.7050,38007000
2021-10-29,381.0600,386.2800,380.7000,386.1100,375.5433,37310100
2021-11-01,386.5600,387.5600,384.4200,387.4300,376.8272,30765300
2021-11-02,386.8000,389.5400,386.7500,389.0500,378.4028,25135300
2021-11-03,389.5500,393.6100,388.4800,393.1800,382.4199,33748900
2021-11-04,394.4800,399.2000,393.9200,398.2200,387.3219,40265300
2021-11-05,400.0400,400.9900,397.1600,398.6000,387.6915,43383800
2021-11-08,398.5700,399.6200,397.4000,398.0600,387.1663,29256300
2021-11-09,399.1600,399.5700,393.9200,395.3200,384.5013,50490700
2021-11-10,392.4700,395.3600,387.5300,389.5100,378.8503,54937400
2021-11-11,392.5700,392.7500,390.2400,390.5900,379.9007,32243000
2021-11-12,391.7700,395.2500,390.1300,394.7000,383.8982,34730600
2021-11-15,395.9100,396.2400,392.1000,394.6100,383.8107,33716900
2021-11-16,393.8600,397.9300,393.6600,397.4200,386.5439,27872900
2021-11-17,397.7500,399.7200,396.6400,397.6300,386.7481,28703300
2021-11-18,399.7300,402.2700,397.4500,401.7500,390.7553,45721500
2021-11-19,403.4300,405.3000,402.5800,403.9900,392.9340,45191700
2021-11-22,405.5700,408.7100,399.1900,399.3000,388.3723,61715400
2021-11-23,398.1100,400.2300,392.9200,397.4800,386.6021,70098700
2021-11-24,394.9300,399.0500,392.5400,398.7600,387.8471,46954400
2021-11-26,396.1100,397.5400,389.7700,391.2000,380.4940,51533300
2021-11-29,395.8900,400.7300,395.1400,399.6900,388.7516,54447100
2021-11-30,398.7800,401.1900,391.7500,393.8200,383.0424,81332700
2021-12-01,398.2800,400.4800,386.6400,387.1200,376.5257,77766500
2021-12-02,385.8000,391.7400,384.3400,389.9100,379.2393,84416600
2021-12-03,391.3100,392.3400,378.9000,383.1300,372.6448,105349100
2021-12-06,383.6300,387.6000,379.3000,386.2000,375.6308,67588800
2021-12-07,393.0300,398.4600,392.9900,397.8300,386.9426,56005300
2021-12-08,398.1700,399.8200,396.2200,399.6100,388.6739,39204000
2021-12-09,398.3500,400.2000,393.5300,393.7300,382.9547,49973700
2021-12-10,396.6200,398.2800,393.3600,398.0100,387.1177,52545800
2021-12-13,398.0000,398.3300,391.8800,392.2600,381.5251,50166400
2021-12-14,387.3000,390.0900,383.6300,388.2000,377.5762,75199200
2021-12-15,387.9400,397.4200,383.8800,397.0500,386.1839,73858000
2021-12-16,398.0400,398.4800,385.2100,386.8400,376.2533,82591400
2021-12-17,383.3300,389.1900,381.7700,384.9100,374.3762,80492500
2021-12-20,379.5700,381.5000,377.4700,380.6900,370.7445,65336800
2021-12-21,384.0500,389.5300,380.2000,389.2100,379.0420,48899500
2021-12-22,388.9100,394.1600,388.2300,393.9500,383.6582,37042200
2021-12-23,394.3100,398.4300,394.1400,396.9200,386.5505,29595500
2021-12-27,398.2500,403.4800,398.2200,403.4800,392.9393,32820700
2021-12-28,404.4000,404.5800,400.7100,401.6100,391.1180,33113700
2021-12-29,401.7500,403.0500,399.1100,401.5500,391.0596,32248500
2021-12-30,401.3300,403.5700,399.7500,400.3500,389.8910,23850100
2021-12-31,399.6600,401.0600,397.3400,397.8500,387.4563,34752900
2022-01-03,399.0500,401.9400,396.8800,401.6800,391.1862,40575900
2022-01-04,402.2400,402.2800,393.2900,396.4700,386.1123,58027200
2022-01-05,394.7400,395.8900,384.0300,384.2900,374.2505,75739800
2022-01-06,382.4200,387.3500,380.1300,384.0200,373.9875,70814300
2022-01-07,384.0300,385.7600,378.0400,379.8600,369.9363,72652300
2022-01-10,374.8200,380.6400,369.3100,380.1100,370.1797,91770500
2022-01-11,379.3600,385.9900,377.2200,385.8200,375.7406,68295700
2022-01-12,388.4600,390.2000,385.0100,387.3500,377.2306,54576400
2022-01-13,388.7700,389.4700,376.7000,377.6600,367.7936,77994000
2022-01-14,375.0700,380.3500,374.8600,380.0100,370.0824,80121200
2022-01-18,374.0400,376.2200,369.7700,370.5500,360.8695,75450900
2022-01-19,372.1500,374.6900,366.2100,366.4800,356.9057,81791500
2022-01-20,369.7900,373.8700,361.1700,361.7200,352.2702,88610700
2022-01-21,359.4700,362.1800,351.4000,351.6900,342.5022,143388900
2022-01-24,345.9100,353.9800,334.1500,353.3000,344.0701,198685800
2022-01-25,346.6700,351.0300,341.6800,345.1100,336.0941,124398400
2022-01-26,352.9100,356.8800,340.7800,344.5700,335.5683,146559500
2022-01-27,349.4000,351.2700,340.0500,341.1000,332.1889,95255700
2022-01-28,343.0300,352.0200,337.9500,351.8000,342.6093,108167900
2022-01-31,353.2000,363.6500,351.5200,363.0500,353.5654,94326400
2022-02-01,364.4300,366.1900,359.1400,365.5200,355.9709,74433000
2022-02-02,369.7600,370.1000,364.2900,368.4900,358.8632,78777100
2022-02-03,358.5300,361.9300,352.4600,353.5500,344.3137,95384800
2022-02-04,354.0800,361.4000,351.9700,358.0100,348.6571,86318300
2022-02-07,358.6200,361.0500,353.8400,355.1300,345.8524,58198100
2022-02-08,353.9600,360.2400,352.8000,359.1200,349.7381,64720900
2022-02-09,363.7600,366.8100,362.1200,366.7300,357.1493,55766400
2022-02-10,359.5200,366.4900,356.5400,358.4300,349.0661,112468500
2022-02-11,358.4300,360.0700,345.8000,347.0600,337.9931,101569100
2022-02-14,346.4900,350.9800,343.8900,347.4900,338.4118,80254400
2022-02-15,352.9100,356.3700,351.8200,356.1300,346.8262,55128800
2022-02-16,353.8200,357.0900,350.7100,356.0400,346.7385,58947100
2022-02-17,352.7400,353.4600,345.0200,345.4500,336.4252,61801400
2022-02-18,346.4100,346.8100,339.1400,341.5100,332.5881,80001500
2022-02-22,338.4900,344.0400,334.3500,338.0800,329.2478,85967100
2022-02-23,341.3200,342.1800,329.1000,329.4200,320.8140,86215400
2022-02-24,318.8400,341.0400,318.2600,340.4900,331.5948,130614100
2022-02-25,341.3100,345.9800,337.3900,345.7700,336.7369,78842100
2022-02-28,342.5100,348.5400,341.3200,346.8000,337.7399,77515500
2022-03-01,345.7500,348.0800,338.9000,341.4900,332.5686,67407000
2022-03-02,343.0800,348.5900,340.2400,347.2200,338.1490,70609000
2022-03-03,349.9300,350.0400,340.3500,342.2600,333.3185,71089400
2022-03-04,339.8400,341.3100,334.9200,337.3000,328.4882,76936300
2022-03-07,337.2900,338.4800,324.6500,324.8600,316.3731,89933800
2022-03-08,324.0500,333.2100,319.9400,323.3500,314.9026,116153900
2022-03-09,331.7500,336.3800,329.0900,334.9900,326.2385,64723400
2022-03-10,330.8200,332.5100,326.7100,331.2700,322.6157,69362700
2022-03-11,334.3200,334.6400,323.9000,324.4000,315.9251,66228400
2022-03-14,323.1300,326.5900,317.4500,318.1700,309.8579,79802600
2022-03-15,320.8800,328.9500,319.2300,328.1500,319.5771,76471000
2022-03-16,332.1700,340.4400,328.4000,340.3200,331.4292,105243000
2022-03-17,338.3700,344.5000,337.0400,344.4400,335.4416,67810000
2022-03-18,342.7400,351.7900,341.5500,351.4900,342.3074,85446300
2022-03-21,350.2000,352.4800,345.5800,350.0800,341.3557,73799100
2022-03-22,350.5900,357.8500,350.2000,356.9600,348.0643,63345900
2022-03-23,354.0100,357.6600,351.7700,351.8300,343.0621,70615500
2022-03-24,353.8000,359.7000,351.5900,359.6500,350.6873,53555300
2022-03-25,359.5900,360.6700,354.9400,359.3500,350.3947,57584200
2022-03-28,359.3400,365.0100,358.0700,364.9100,355.8162,56833900
2022-03-29,368.9000,371.8300,366.0600,371.1900,361.9397,68073000
2022-03-30,369.2800,370.9800,365.5700,367.0900,357.9419,68757700
2022-03-31,367.2400,367.6000,361.6800,362.5400,353.5052,67011400
2022-04-01,362.8100,363.6100,358.5900,361.8500,352.8324,54527800
2022-04-04,362.7100,369.3100,362.4400,369.3000,360.0967,45950200
2022-04-05,367.8100,368.5400,359.9300,361.1000,352.1012,62738700
2022-04-06,355.6500,356.7800,350.5600,353.2600,344.4565,90077100
2022-04-07,352.2400,356.3500,348.6900,354.1000,345.2756,63777400
2022-04-08,352.3200,353.0900,348.5000,349.1500,340.4489,61956100
2022-04-11,344.8100,345.7500,340.5400,340.8900,332.3948,66107400
2022-04-12,345.7600,347.6900,338.0400,339.4500,330.9907,72790200
2022-04-13,339.8000,347.4300,339.0600,346.3500,337.7187,61367800
2022-04-14,346.4400,346.9700,338.2100,338.4300,329.9961,73519400
2022-04-18,337.3500,341.0400,335.7900,338.6900,330.2496,58560600
2022-04-19,338.0300,346.8500,336.9800,346.2600,337.6310,56515700
2022-04-20,347.0900,347.5600,339.9600,341.2100,332.7068,65500000
2022-04-21,345.1900,347.8700,333.2000,334.1500,325.8227,75801000
2022-04-22,334.3100,335.5600,324.9600,325.4000,317.2908,82562100
2022-04-25,323.7300,329.9000,322.4300,329.5800,321.3667,101755900
2022-04-26,327.4700,327.6600,316.8600,317.1400,309.2367,105819600
2022-04-27,317.2400,322.8800,315.0000,316.7600,308.8661,111204200
2022-04-28,321.8500,329.8900,317.5200,328.0100,319.8357,99450000
2022-04-29,323.7000,327.2300,312.6000,313.2500,305.4436,91977900
2022-05-02,312.8300,318.7200,309.6500,318.4800,310.5432,115511800
2022-05-03,318.5000,321.1700,315.9800,318.8200,310.8747,78185500
2022-05-04,319.3100,330.2900,313.8900,329.6000,321.3862,116083400
2022-05-05,325.1700,325.2500,309.6200,313.0000,305.1998,154607400
2022-05-06,310.9500,315.0900,305.1100,309.2500,301.5433,139572800
2022-05-09,303.4800,309.3500,295.7200,297.1500,289.7448,113387300
2022-05-10,304.5100,305.7600,296.5700,300.7600,293.2648,124124600
2022-05-11,298.4400,304.0900,290.9500,291.8400,284.5671,140326100
2022-05-12,287.4500,295.7500,284.9400,291.1500,283.8943,120910900
2022-05-13,295.7200,303.0000,294.0800,301.9400,294.4155,83684900
2022-05-16,300.1500,302.2600,297.1300,298.4400,291.0026,59190400
2022-05-17,304.4500,306.5600,300.5500,306.1700,298.5400,62715300
2022-05-18,301.5400,302.2500,289.8500,291.1400,283.8846,79477100
2022-05-19,289.2900,294.3900,287.5800,289.5800,282.3635,79920700
2022-05-20,293.1300,293.8000,280.2100,288.6800,281.4859,91764200
2022-05-23,289.7500,293.8700,287.2900,293.4800,286.1663,63648400
2022-05-24,288.1300,288.8600,282.2500,287.2400,280.0817,73491100
2022-05-25,285.7100,293.3900,285.5000,291.2600,284.0016,67144500
2022-05-26,290.4400,300.9200,290.1500,299.3300,291.8705,59462200
2022-05-27,302.5400,309.2500,302.4200,309.1000,301.3971,66985600
2022-05-31,309.0700,311.3300,304.3300,308.2800,300.5975,60968300
2022-06-01,310.4700,312.6500,303.7300,306.0000,298.3742,65341700
2022-06-02,304.8500,314.5600,303.4000,314.3800,306.5454,59291300
2022-06-03,309.0300,310.4700,304.9200,306.2000,298.5693,60914700
2022-06-06,310.7500,312.3500,305.6200,307.2200,299.5639,51785000
2022-06-07,303.8100,310.6700,302.6900,309.8700,302.1478,44900300
2022-06-08,309.0500,311.7200,306.7700,307.6400,299.9734,38342100
2022-06-09,305.9100,309.0500,299.2300,299.4000,291.9388,55900500
2022-06-10,293.6500,294.8700,288.3800,288.8400,281.6419,85963500
2022-06-13,279.7500,282.3400,274.5300,275.4100,268.5466,94442000
2022-06-14,277.6600,278.6600,273.3400,275.9100,269.0341,64697500
2022-06-15,279.4200,286.8300,276.6100,282.8000,275.7524,86051400
2022-06-16,275.5900,276.0600,269.2800,271.3900,264.6268,81910300
2022-06-17,272.1800,277.1900,270.5100,274.6900,267.8445,82703400
2022-06-21,278.7500,283.4500,278.6400,281.0800,274.6021,51633700
2022-06-22,278.5200,285.1800,277.9100,280.6700,274.2016,67472900
2022-06-23,283.2100,285.7200,280.3100,284.8500,278.2852,57457800
2022-06-24,287.7400,295.0400,287.5000,294.6100,287.8202,58422300
2022-06-27,296.0000,296.5800,291.2900,292.4500,285.7101,54151500
2022-06-28,293.0000,295.6500,283.3500,283.5400,277.0054,61609800
2022-06-29,283.4000,285.3400,280.8400,283.8000,277.2594,57302700
2022-06-30,280.7500,283.9400,275.7800,280.2800,273.8206,79313600
2022-07-01,278.9500,282.5300,277.0300,282.1300,275.6279,56675100
2022-07-05,278.3100,287.0800,276.7500,286.9600,280.3466,61829300
2022-07-06,287.3500,290.9500,285.5900,288.8000,282.1442,63194700
2022-07-07,289.6300,295.7000,289.6300,294.9800,288.1818,56620100
2022-07-08,292.0800,296.7500,291.1200,295.3500,288.5432,59895500
2022-07-11,292.8800,293.1100,288.1400,289.0400,282.3787,55273900
2022-07-12,290.3200,292.2800,284.6100,286.2400,279.6432,55797100
2022-07-13,280.6000,288.0500,280.0200,285.6500,279.0668,73939400
2022-07-14,282.9900,287.5600,279.8000,286.6700,280.0633,63741800
2022-07-15,289.7300,291.9800,288.0800,291.8700,285.1434,63818100
2022-07-18,294.7200,296.1600,288.2000,289.4000,282.7304,59519600
2022-07-19,293.1100,298.6000,291.4700,298.3000,291.4253,55172600
2022-07-20,298.7300,304.2400,297.9300,303.0300,296.0463,67769400
2022-07-21,303.5000,307.4400,300.7800,307.3800,300.2961,55049400
2022-07-22,306.4300,308.5500,300.1200,301.9900,295.0302,57127700
2022-07-25,302.0200,302.5000,298.2200,300.2700,293.3498,40582400
2022-07-26,298.5300,298.7900,293.5400,294.3700,287.5858,50074100
2022-07-27,299.0400,308.5400,298.4600,306.8100,299.7391,69304400
2022-07-28,306.5900,310.4000,302.7500,309.8100,302.6701,55139900
2022-07-29,311.3900,316.3900,309.9300,315.4600,308.1898,57501000
2022-08-01,313.6500,318.8100,312.5300,315.2700,308.0042,46358800
2022-08-02,312.9200,318.5500,311.8400,314.3300,307.0858,48676500
2022-08-03,316.0500,323.7300,315.9900,322.8900,315.4486,53735700
2022-08-04,322.9700,324.7200,320.7700,324.4000,316.9237,38973700
2022-08-05,319.1900,323.8300,318.3900,321.7500,314.3348,53894000
2022-08-08,322.6900,326.4700,319.2100,320.7100,313.3188,43878500
2022-08-09,318.7700,319.0300,315.4200,317.0800,309.7724,39764200
2022-08-10,324.5900,326.2300,322.0600,325.9300,318.4185,51459600
2022-08-11,328.3100,330.3600,323.3600,324.0800,316.6111,45897700
2022-08-12,326.1800,330.5900,325.1000,330.3900,322.7757,40928400
2022-08-15,329.4200,333.5700,329.4000,333.0600,325.3842,38266600
2022-08-16,332.0600,334.4200,329.1600,332.2800,324.6221,41186900
2022-08-17,329.0700,331.4300,326.3600,328.4900,320.9195,47842200
2022-08-18,328.4400,330.4900,326.7900,329.2800,321.6913,41937200
2022-08-19,326.1700,326.8400,322.0800,322.8600,315.4192,51770600
2022-08-22,318.5000,318.7400,313.5300,314.3600,307.1151,51098900
2022-08-23,314.1200,317.0000,313.3300,314.1000,306.8612,39497100
2022-08-24,313.6100,316.8700,312.9900,315.0100,307.7502,38057100
2022-08-25,316.8300,320.6000,315.7600,320.5800,313.1918,38098300
2022-08-26,320.2800,321.5100,307.3500,307.4400,300.3546,69047700
2022-08-29,304.6200,307.2200,303.2800,304.4100,297.3945,48321900
2022-08-30,306.1000,306.7300,298.4400,301.0200,294.0826,51184500
2022-08-31,303.9900,304.9100,299.1600,299.2700,292.3729,50044000
2022-09-01,296.7200,299.7800,292.9500,299.4000,292.4999,57990700
2022-09-02,302.3400,303.7500,293.5200,295.1700,288.3674,64666800
2022-09-06,295.6600,296.6000,290.8700,293.0500,286.2963,57005400
2022-09-07,293.5400,299.9900,293.2700,298.9700,292.0799,49260400
2022-09-08,296.8500,301.8700,295.4500,300.5200,293.5941,55649800
2022-09-09,302.8300,307.6000,300.5200,307.0900,300.0127,56125200
2022-09-12,308.5000,311.0800,308.1800,310.7400,303.5785,45905700
2022-09-13,301.8000,303.0200,292.7900,293.7000,286.9313,79562200
2022-09-14,294.8700,296.9300,293.0600,296.0300,289.2076,54907200
2022-09-15,294.0700,296.5300,289.4600,291.1000,284.3912,65299400
2022-09-16,287.7200,289.7200,285.6200,289.3200,282.6523,79920400
2022-09-19,286.1000,291.2100,286.0400,291.0500,284.8533,52613800
2022-09-20,288.4900,291.0700,286.3800,288.7300,282.5827,51271100
2022-09-21,289.5900,293.9500,283.4200,283.5600,277.5228,82931000
2022-09-22,282.0000,283.0300,278.8200,280.0700,274.1071,62757100
2022-09-23,277.5500,277.8500,272.0200,275.5100,269.6442,74815200
2022-09-26,275.0300,279.4900,273.5600,274.3700,268.5284,71176700
2022-09-27,277.8100,280.2100,272.1100,274.4800,268.6361,69780100
2022-09-28,274.4600,281.2500,272.9500,279.9400,273.9799,79652100
2022-09-29,275.8600,276.2500,268.8400,271.8700,266.0817,81216000
2022-09-30,271.0300,275.1900,267.1000,267.2600,261.5699,78482400
2022-10-03,269.0700,275.1600,267.5300,273.5300,267.7063,61267400
2022-10-04,278.9900,282.8500,278.9900,282.1300,276.1233,66696900
2022-10-05,278.2800,283.8100,275.4200,281.9800,275.9764,55766300
2022-10-06,280.9600,284.1800,279.4300,279.7600,273.8037,53489400
2022-10-07,275.0200,275.1500,267.7400,269.1000,263.3707,71354700
2022-10-10,269.3000,269.7000,263.6400,266.4100,260.7379,60393000
2022-10-11,264.7000,267.6300,261.0300,262.7500,257.1559,66522500
2022-10-12,263.4000,265.3600,261.9500,262.6600,257.0678,50580200
2022-10-13,255.1600,270.1700,254.2600,268.8200,263.0966,112894100
2022-10-14,271.2000,271.8100,260.1400,260.7400,255.1887,77244300
2022-10-17,266.8400,270.2400,266.7400,269.3500,263.6153,64576500
2022-10-18,276.5300,277.2100,268.7400,271.4800,265.7000,69781000
2022-10-19,269.9300,273.6800,268.0700,270.4900,264.7310,53115400
2022-10-20,269.5800,274.8400,267.9200,269.1100,263.3805,60605500
2022-10-21,267.9800,275.9700,266.8200,275.4200,269.5561,77897700
2022-10-24,275.6900,279.4000,271.9700,278.4500,272.5216,63963600
2022-10-25,279.4100,284.6000,277.9000,284.2100,278.1589,59014500
2022-10-26,278.4600,283.9800,277.4300,277.9300,272.0126,63492400
2022-10-27,276.7900,278.2800,272.3400,272.8700,267.0604,57760300
2022-10-28,272.2300,281.7000,272.0600,281.2200,275.2326,62651300
2022-10-31,278.9200,279.7600,275.9900,277.9500,272.0322,47742000
2022-11-01,281.5000,282.0700,274.7400,275.1100,269.2527,45895900
2022-11-02,275.0800,278.2100,265.6100,265.6800,260.0235,79803100
2022-11-03,263.0100,264.5000,260.1000,260.4900,254.9439,70038900
2022-11-04,265.5300,266.6100,259.0800,264.6800,259.0448,78313200
2022-11-07,265.7500,268.1400,263.5700,267.5900,261.8928,47333800
2022-11-08,269.1400,272.8500,265.5200,269.5400,263.8014,63213800
2022-11-09,267.7600,268.5600,263.0300,263.3200,257.7137,64862100
2022-11-10,276.0100,283.0500,273.8500,282.7500,276.7300,99256700
2022-11-11,282.5600,288.6400,281.1900,287.9600,281.8291,66961800
2022-11-14,285.8600,289.2100,284.4400,285.4400,279.3628,55290700
2022-11-15,292.2100,293.2600,285.9700,289.3900,283.2287,73985400
2022-11-16,287.3900,289.4800,284.6000,285.4400,279.3628,48859800
2022-11-17,280.8800,286.3200,280.7200,284.8100,278.7462,55462100
2022-11-18,287.8900,287.9900,282.3200,284.8200,278.7560,53588600
2022-11-21,283.4000,284.5800,281.0400,281.8900,275.8884,40083500
2022-11-22,282.6400,286.1100,280.4600,285.9500,279.8620,41873400
2022-11-23,285.9700,289.4600,285.7900,288.8200,282.6708,46390000
2022-11-25,287.1900,287.9100,286.4200,286.9200,280.8113,15498800
2022-11-28,284.9000,286.9600,281.7600,282.7100,276.6909,38714200
2022-11-29,282.9400,283.3500,279.1700,280.5700,274.5964,35618900
2022-11-30,280.8400,293.4700,279.9700,293.3600,287.1141,74718100
2022-12-01,293.6900,295.7500,290.8800,293.7200,287.4665,51547300
2022-12-02,288.5400,293.4500,288.3600,292.5500,286.3214,53583200
2022-12-05,290.3800,291.6800,286.1500,287.6400,281.5159,41482100
2022-12-06,287.4800,287.6200,280.2600,281.6800,275.6828,53937600
2022-12-07,280.4700,282.5700,278.7800,280.5300,274.5573,45614300
2022-12-08,281.9100,284.8400,279.7900,283.8500,277.8066,42594900
2022-12-09,282.8100,285.6400,281.5900,282.0400,276.0351,47860500
2022-12-12,282.2200,285.6400,281.1600,285.5800,279.4997,35732500
2022-12-13,296.6500,296.8800,285.9100,288.6500,282.5044,80667700
2022-12-14,288.0500,291.4100,283.1900,286.5100,280.4100,64984400
2022-12-15,282.3300,283.0100,275.6700,276.8900,270.9948,60554100
2022-12-16,276.2000,277.7700,272.6100,274.2500,268.4110,68300400
2022-12-19,273.8700,273.9600,268.4900,269.7500,264.6389,44167900
2022-12-20,268.5600,271.3200,266.9500,269.5400,264.4329,51064200
2022-12-21,270.6000,274.7800,269.7400,273.4500,268.2687,46394700
2022-12-22,270.3800,270.5100,262.4600,266.7600,261.7056,60278400
2022-12-23,265.4700,268.0400,263.5300,267.3600,262.2941,39373600
2022-12-27,266.7400,266.8500,263.0300,263.5800,258.5858,38009000
2022-12-28,263.1700,265.4700,259.7300,260.1000,255.1717,47139000
2022-12-29,262.9600,267.4000,262.2500,266.4400,261.3916,45893600
2022-12-30,263.6200,266.4100,262.2900,266.2800,261.2346,37858300
2023-01-03,268.6500,270.1500,262.1300,264.4800,259.4687,42335300
2023-01-04,266.6400,267.4500,262.5300,265.7400,260.7048,47754900
2023-01-05,264.0400,264.2100,261.2600,261.5800,256.6237,45396700
2023-01-06,263.3500,269.9400,260.3400,268.8000,263.7069,54659700
2023-01-09,270.8300,275.2900,269.9200,270.5400,265.4139,45568700
2023-01-10,269.4900,272.9400,268.9700,272.8300,267.6605,35247800
2023-01-11,273.9200,277.6600,273.1200,277.5500,272.2910,44077000
2023-01-12,278.1200,280.1000,273.7400,279.0500,273.7626,60600000
2023-01-13,276.5000,281.2200,276.1600,280.9700,275.6463,44802900
2023-01-17,280.7700,282.8500,279.5800,281.5400,276.2055,36269700
2023-01-18,283.1100,284.6900,277.6700,277.8800,272.6148,47754500
2023-01-19,276.2200,277.3800,273.8900,275.1500,269.9366,44150400
2023-01-20,276.7900,283.0200,275.7100,282.6800,277.3239,60613600
2023-01-23,283.5400,290.2100,282.7300,288.9600,283.4849,52799900
2023-01-24,287.3100,289.5500,286.7800,288.3700,282.9061,44875100
2023-01-25,283.7700,288.3600,281.1800,287.7300,282.2782,50872000
2023-01-26,291.2200,293.5200,288.5200,293.3400,287.7819,51596300
2023-01-27,292.0000,298.2600,291.8800,296.2600,290.6465,56441900
2023-01-30,292.9300,294.3800,289.8900,290.2700,284.7700,49405800
2023-01-31,290.3100,294.7200,290.2000,294.6200,289.0376,46705100
2023-02-01,294.4100,303.4300,292.3000,300.9200,295.2183,67562200
2023-02-02,307.5700,313.6800,306.7300,311.7200,305.8136,83070600
2023-02-03,304.9400,312.3900,304.5400,306.1800,300.3786,76170800
2023-02-06,303.5100,305.9100,302.2200,303.5900,297.8377,40802300
2023-02-07,303.4600,311.0300,302.3200,309.8800,304.0085,67584000
2023-02-08,308.5400,309.5000,303.6700,304.3700,298.6029,56720900
2023-02-09,308.8400,308.9900,300.2000,301.6800,295.9638,49137800
2023-02-10,299.4800,301.5700,297.2500,299.7000,294.0215,50050100
2023-02-13,301.1300,305.1000,299.9300,304.5000,298.7304,39636700
2023-02-14,302.8900,307.7200,300.9100,306.7500,300.9378,64079100
2023-02-15,304.9000,309.2700,304.2000,309.1000,303.2434,43100600
2023-02-16,304.3800,308.4300,303.1500,303.3000,297.5532,59498600
2023-02-17,301.0700,301.9300,298.1000,301.1600,295.4538,58230700
2023-02-21,297.2600,298.7300,293.8900,294.0300,288.4589,46526700
2023-02-22,294.6200,296.3600,292.5600,294.2500,288.6747,51389200
2023-02-23,297.9700,298.1300,292.5500,296.8200,291.1960,69294400
2023-02-24,291.7600,292.9700,290.0500,291.8500,286.3201,74332000
2023-02-27,295.0700,296.4900,293.3400,293.9400,288.3705,48995000
2023-02-28,293.3000,296.1200,292.9600,293.5600,287.9978,48243100
2023-03-01,293.2600,293.9300,290.2000,291.2000,285.6825,58287000
2023-03-02,288.6600,294.4300,288.3700,293.6100,288.0468,53565900
2023-03-03,295.3900,299.9200,294.8700,299.6800,294.0018,60511500
2023-03-06,300.9400,304.0000,299.8200,300.0200,294.3353,56736300
2023-03-07,300.0700,301.0100,295.7200,296.3400,290.7250,65955800
2023-03-08,296.7700,298.4300,294.8800,297.8200,292.1770,50876300
2023-03-09,298.3300,300.9800,291.8300,292.6600,287.1148,71456700
2023-03-10,292.8300,294.3500,287.3800,288.5500,283.0827,98593600
2023-03-13,286.7300,294.4700,285.1900,290.6900,285.1821,97123600
2023-03-14,294.3100,297.9300,293.4500,297.3700,291.7355,73602500
2023-03-15,294.7100,299.2700,293.2400,298.9300,293.2660,83631500
2023-03-16,298.0000,307.1800,297.1900,306.8100,300.9966,98198100
2023-03-17,306.7200,309.1500,303.3700,305.3600,299.5742,89923700
2023-03-20,304.2600,306.3000,302.0100,305.9700,300.6373,56359500
2023-03-21,307.9400,310.8000,306.4000,310.3400,304.9312,49757000
2023-03-22,310.2700,315.2500,305.9500,306.1200,300.7847,75791900
2023-03-23,309.9200,314.1500,307.0100,309.7500,304.3515,74576000
2023-03-24,309.3200,310.9900,306.9500,310.8900,305.4715,57195200
2023-03-27,311.6000,312.7000,307.8900,308.7600,303.3787,50287400
2023-03-28,308.1700,308.2000,304.7700,307.1200,301.7672,48585900
2023-03-29,310.8800,313.3500,310.0500,312.7200,307.2697,53274300
2023-03-30,315.2400,316.3200,312.8100,315.6800,310.1781,58354800
2023-03-31,315.9100,321.1700,315.6000,320.9300,315.3365,62138100
2023-04-03,318.7700,320.4200,317.4200,320.1500,314.5702,47126800
2023-04-04,320.6000,321.6300,317.8300,319.0700,313.5090,45875400
2023-04-05,318.1000,319.0600,314.0700,315.9200,310.4139,62795700
2023-04-06,314.2400,318.5500,312.8200,318.0500,312.5068,46916500
2023-04-10,315.0700,317.9200,313.2500,317.8700,312.3299,45134700
2023-04-11,317.8300,317.8900,315.3100,315.8300,310.3255,40113600
2023-04-12,317.8200,318.4200,312.5700,313.0400,307.5841,62813300
2023-04-13,314.8300,319.6500,313.6300,319.1700,313.6072,54613800
2023-04-14,317.5900,320.3600,315.6100,318.5700,313.0177,56278300
2023-04-17,318.1500,319.2000,316.0400,318.8400,313.2830,43007000
2023-04-18,320.9900,321.4200,317.6400,318.8600,313.3027,46746900
2023-04-19,316.4100,319.7900,316.2800,318.7100,313.1552,38960100
2023-04-20,315.6900,319.2700,314.9700,316.2800,310.7676,62462100
2023-04-21,315.9100,317.4000,314.1000,316.6100,311.0918,59002300
2023-04-24,316.3800,317.7400,313.7400,315.9500,310.4434,44043100
2023-04-25,314.2900,314.9700,309.8900,309.9900,304.5872,57121600
2023-04-26,313.4400,314.9400,311.3400,311.8700,306.4344,55400500
2023-04-27,315.7000,320.8600,315.0500,320.3500,314.7666,65430400
2023-04-28,320.1100,322.6500,318.9600,322.5600,316.9381,59712600
2023-05-01,322.0900,323.6300,321.0900,322.1900,316.5746,41013400
2023-05-02,322.1200,322.4500,317.6100,319.3800,313.8136,56519400
2023-05-03,319.7500,322.4700,317.1800,317.2900,311.7600,59882100
2023-05-04,317.0600,318.2300,315.1200,316.1700,310.6595,50224500
2023-05-05,318.4700,323.7600,316.2100,322.8900,317.2625,51806100
2023-05-08,322.4200,324.0400,321.3200,323.6900,318.0485,36465800
2023-05-09,322.0000,322.8800,321.3200,321.6400,316.0342,31768800
2023-05-10,324.1200,326.0100,321.6000,325.1400,319.4732,60446600
2023-05-11,325.7000,326.7500,324.1200,326.2000,320.5147,44278500
2023-05-12,326.7400,327.1700,322.9400,325.0300,319.3651,48432800
2023-05-15,325.5100,327.0300,323.9600,326.7900,321.0944,33375600
2023-05-16,326.0600,328.9000,326.0200,327.1600,321.4579,40019200
2023-05-17,328.2400,331.7100,327.0400,331.1200,325.3489,47486100
2023-05-18,331.5200,337.4900,331.5000,337.2700,331.3918,64213500
2023-05-19,337.4900,338.2100,335.4300,336.5100,330.6450,61554900
2023-05-22,336.2500,338.6700,336.2400,337.6400,331.7553,43015900
2023-05-23,335.8900,337.0600,333.0000,333.3600,327.5499,48216700
2023-05-24,331.3700,332.9100,329.5600,331.6500,325.8697,62891200
2023-05-25,339.1400,341.0100,336.6700,339.7200,333.7991,66862800
2023-05-26,340.7600,349.2500,340.6600,348.4000,342.3278,63007000
2023-05-30,352.7100,353.9300,348.5300,349.9800,343.8802,72652200
2023-05-31,348.3700,350.6000,346.5100,347.9900,341.9249,65105400
2023-06-01,347.7300,353.3600,346.6600,352.0100,345.8749,50488600
2023-06-02,353.8000,355.8300,352.0100,354.6500,348.4688,53372100
2023-06-05,354.4300,357.5000,353.8500,354.9000,348.7145,47266200
2023-06-06,354.2800,355.8200,352.9300,354.8400,348.6555,41390400
2023-06-07,355.1300,357.1200,348.1800,348.8200,342.7404,69225900
2023-06-08,349.1200,353.6200,348.8900,353.1500,346.9950,47153900
2023-06-09,354.6300,357.6600,353.0300,354.5000,348.3215,53196900
2023-06-12,356.1900,360.5900,355.2000,360.4900,354.2070,44606500
2023-06-13,363.2900,364.1100,360.0300,363.2600,356.9289,57097800
2023-06-14,363.2700,366.1900,360.4200,365.9000,359.5227,69525600
2023-06-15,364.6100,371.7700,363.9800,370.2600,363.8068,71138800
2023-06-16,372.7200,372.8500,367.4800,367.9300,361.5174,80932000
2023-06-20,365.9500,368.3200,363.8900,366.9000,360.9998,49204700
2023-06-21,365.7400,366.1800,360.9600,361.9000,356.0803,53378300
2023-06-22,360.6300,366.3300,360.2200,366.1700,360.2816,47603000
2023-06-23,362.2100,364.8800,360.8200,362.5400,356.7100,48922900
2023-06-26,362.0000,364.8400,357.5900,357.6800,351.9282,52685500
2023-06-27,359.2500,364.5700,358.5100,363.8300,357.9793,49428100
2023-06-28,361.9800,366.5200,361.9000,364.5400,358.6779,46498000
2023-06-29,364.2400,364.8900,362.1400,363.8100,357.9595,46151000
2023-06-30,367.5500,370.4900,367.2300,369.4200,363.4794,58712500
2023-07-03,370.0700,370.9300,368.9700,370.2900,364.3353,19432900
2023-07-05,368.7000,372.0100,368.6600,370.2800,364.3256,34460900
2023-07-06,366.5100,367.9100,364.5200,367.4600,361.5508,49374700
2023-07-07,367.2300,370.4800,366.0100,366.2400,360.3504,47133700
2023-07-10,365.9600,367.0500,363.4100,366.3600,360.4685,48498800
2023-07-11,366.7900,368.6300,364.6200,368.1700,362.2495,38214100
2023-07-12,372.3400,374.1900,370.3000,372.8200,366.8247,61975400
2023-07-13,376.0500,379.9900,375.4600,379.1500,373.0529,46960000
2023-07-14,379.5900,382.8600,378.1800,379.0700,372.9742,55148500
2023-07-17,379.8000,383.5000,379.3100,382.6100,376.4573,40868900
2023-07-18,381.9600,387.1300,380.0000,385.7400,379.5369,55262000
2023-07-19,386.8200,387.9800,384.3000,385.6500,379.4483,54093000
2023-07-20,382.6100,384.1000,375.7200,376.7600,370.7013,71941700
2023-07-21,379.1800,379.9200,375.1900,375.6300,369.5895,60499600
2023-07-24,376.6200,377.5800,374.3400,376.2300,370.1799,40380100
2023-07-25,376.9500,380.4700,376.9300,378.7800,372.6888,38894400
2023-07-26,377.7200,379.2400,375.1800,377.5200,371.4491,47075700
2023-07-27,383.0700,384.7100,375.3100,376.6200,370.5635,63940200
2023-07-28,380.7400,384.5200,380.2200,383.4800,377.3133,56902900
2023-07-31,383.7900,384.8800,382.3400,383.6800,377.5100,44019900
2023-08-01,382.3100,383.5600,380.6900,382.7900,376.6343,41060600
2023-08-02,379.2600,379.2600,373.1300,374.3900,368.3694,72687100
2023-08-03,371.9400,375.9500,371.7700,373.7900,367.7791,47666400
2023-08-04,375.7500,378.1000,371.5300,372.0400,366.0572,61702800
2023-08-07,373.8800,375.2900,371.5100,375.1900,369.1565,37230400
2023-08-08,372.6400,372.6600,368.8200,372.0000,366.0178,44726500
2023-08-09,372.2900,372.4500,367.1400,367.9100,361.9936,51150900
2023-08-10,370.9700,374.3600,367.0400,368.5900,362.6627,72035300
2023-08-11,365.9900,368.0000,364.6900,366.2400,360.3504,48707200
2023-08-14,365.4300,370.4700,364.7000,370.3500,364.3943,42130800
2023-08-15,369.3600,370.1700,365.7400,366.4200,360.5276,45539900
2023-08-16,365.8700,367.4300,362.4400,362.5400,356.7100,53190500
2023-08-17,363.9600,364.3100,358.1600,358.5800,352.8137,62604300
2023-08-18,355.2600,359.4100,354.7100,358.1300,352.3709,61191400
2023-08-21,359.6200,364.5900,359.1500,363.9000,358.0482,50696500
2023-08-22,366.5500,366.5600,362.6800,363.3800,357.5365,44530200
2023-08-23,364.5800,370.2200,364.3600,369.1100,363.1743,51770600
2023-08-24,372.6400,372.7400,361.0100,361.2200,355.4112,66842500
2023-08-25,362.0700,365.7400,358.5800,364.0200,358.1662,69960500
2023-08-28,366.9900,367.7100,364.2500,366.7600,360.8622,40910000
2023-08-29,366.5600,375.1300,366.2300,374.7700,368.7433,58492400
2023-08-30,374.8800,377.4500,373.8600,376.8600,370.7997,41731500
2023-08-31,376.9400,379.7200,376.8700,377.9900,371.9116,35730700
2023-09-01,380.4000,380.8300,376.0800,377.5900,371.5179,39801200
2023-09-05,376.7700,379.3100,375.8300,378.0700,371.9902,32344200
2023-09-06,377.2800,377.6300,372.7000,374.7400,368.7137,42998700
2023-09-07,370.2100,372.8500,369.1500,372.0600,366.0769,52060700
2023-09-08,372.0100,374.8500,371.6000,372.5800,366.5885,35800100
2023-09-11,375.6600,377.4900,373.6600,376.9700,370.9080,39936600
2023-09-12,375.2700,376.9500,372.5000,372.7900,366.7952,41391000
2023-09-13,373.0300,375.8400,371.8800,374.2100,368.1923,46300700
2023-09-14,375.9900,378.2700,373.8900,377.2700,371.2031,48039400
2023-09-15,375.9100,376.3200,369.8600,370.8100,364.8470,69811200
2023-09-18,369.3200,371.7900,369.0300,370.6600,365.2274,36903500
2023-09-19,369.3200,370.6800,366.8000,369.8700,364.4489,37621700
2023-09-20,370.9500,371.3100,364.4600,364.5400,359.1971,45514200
2023-09-21,360.8000,361.6000,357.6900,357.8600,352.6149,69734800
2023-09-22,359.6300,361.8000,357.5900,357.9100,352.6642,51589700
2023-09-25,356.9300,359.7000,355.9300,359.6100,354.3392,39168000
2023-09-26,356.9900,357.5400,353.2100,354.2100,349.0184,53657700
2023-09-27,355.3800,356.9800,351.3600,355.0400,349.8363,56066000
2023-09-28,354.1100,360.1700,353.2400,358.0100,352.7627,56453300
2023-09-29,361.5400,362.9500,357.0200,358.2700,353.0189,64829600
2023-10-02,358.5400,362.6800,357.9200,361.2600,355.9651,51625100
2023-10-03,358.7800,361.0100,353.2800,354.9200,349.7180,60478500
2023-10-04,355.7700,360.6100,355.3000,359.7500,354.4773,54786700
2023-10-05,359.7400,360.1500,355.1400,358.6900,353.4327,45897400
2023-10-06,355.6500,365.9100,354.8500,364.7000,359.3547,75049100
2023-10-09,362.3000,367.1100,360.7800,366.5600,361.1874,45304800
2023-10-10,366.9000,371.2800,366.3900,368.5900,363.1877,46968800
2023-10-11,369.9400,371.4100,368.1900,371.2200,365.7791,38215100
2023-10-12,371.7300,373.7400,367.5000,369.9300,364.5080,49587900
2023-10-13,370.5700,371.1600,363.8600,365.2800,359.9262,52469900
2023-10-16,366.6200,370.4800,366.4700,369.4100,363.9957,44201100
2023-10-17,365.8100,369.9200,363.6600,368.2000,362.8034,50999100
2023-10-18,365.6700,367.9100,362.0200,363.3700,358.0442,54280500
2023-10-19,364.8100,366.0200,359.1600,359.9700,354.6940,72274200
2023-10-20,359.4600,360.0400,354.3700,354.6000,349.4027,72559700
2023-10-23,353.2600,359.2600,351.1200,355.6700,350.4570,60665200
2023-10-24,357.5100,359.9100,355.7900,359.1300,353.8663,47082100
2023-10-25,356.7000,356.8800,349.7500,350.3400,345.2052,71190500
2023-10-26,349.1200,350.0700,342.3500,343.6600,338.6231,78621400
2023-10-27,346.4300,348.8400,344.0800,345.3100,340.2488,63476700
2023-10-30,347.8300,350.5400,346.4500,349.2000,344.0819,55298500
2023-10-31,349.2300,351.2500,346.6200,350.8700,345.7274,47671900
2023-11-01,351.7200,357.5300,351.6200,356.9600,351.7281,58992700
2023-11-02,361.5400,363.6800,360.3000,363.4400,358.1131,58162400
2023-11-03,364.7500,369.0200,364.5200,367.7100,362.3205,53280500
2023-11-06,368.4900,369.7800,366.9100,369.2100,363.7986,38848700
2023-11-07,370.2700,373.5800,369.0500,372.7000,367.2375,50777400
2023-11-08,373.0800,373.7900,370.6200,372.9400,367.4739,35663400
2023-11-09,373.6400,374.8000,369.5700,370.0700,364.6460,53859400
2023-11-10,371.8200,378.5400,371.2800,378.3900,372.8440,58309800
2023-11-13,376.7900,378.2800,375.2400,377.2100,371.6814,40733500
2023-11-14,383.7100,386.2600,383.1800,385.3300,379.6823,67792600
2023-11-15,387.2500,387.7500,384.2400,385.6200,379.9680,54141400
2023-11-16,384.8400,386.1900,383.5600,385.9500,380.2932,45343500
2023-11-17,385.2100,387.0700,384.2900,386.0400,380.3819,46571900
2023-11-20,386.0500,391.4100,386.0500,390.7400,385.0130,44429600
2023-11-21,389.0100,389.2300,386.7000,388.4700,382.7763,43337000
2023-11-22,390.5700,393.0700,389.0400,390.0600,384.3430,44121000
2023-11-24,389.6500,390.2500,388.5000,389.5100,383.8011,15718800
2023-11-27,389.0100,391.1500,388.2800,389.1700,383.4661,34139700
2023-11-28,388.4100,390.7800,388.0500,390.1900,384.4710,35491100
2023-11-29,392.6900,394.1400,389.4600,389.8100,384.0967,38811700
2023-11-30,390.0800,390.5500,385.8200,388.8300,383.1310,52834400
2023-12-01,387.7500,390.5400,386.0700,389.9400,384.2248,40490100
2023-12-04,386.0900,386.6000,382.6600,386.3200,380.6578,51186900
2023-12-05,384.3900,388.5000,384.2100,387.2900,381.6136,42933000
2023-12-06,390.2700,390.3700,384.7000,385.0500,379.4064,41994100
2023-12-07,388.0700,391.2700,386.9600,390.4300,384.7075,49593500
2023-12-08,388.6700,392.6200,388.4800,392.1700,386.4221,46687500
2023-12-11,391.7400,395.7900,391.5300,395.5200,389.7230,41198000
2023-12-12,395.5600,398.7900,394.4100,398.6700,392.8268,39221200
2023-12-13,399.6200,404.3600,398.8400,403.7400,397.8225,55408100
2023-12-14,404.9800,406.3000,400.3400,403.3900,397.4777,55447800
2023-12-15,404.1800,406.5400,403.5700,405.3400,399.3990,62896600
2023-12-18,404.9300,407.9900,404.6000,407.0800,401.9147,46610000
2023-12-19,407.5400,409.2800,407.3500,409.1600,403.9683,35711900
2023-12-20,408.3500,410.4700,402.9000,403.0800,397.9655,54042400
2023-12-21,407.0600,408.1400,404.4700,407.7700,402.5959,45568900
2023-12-22,409.0000,409.9700,406.4800,408.3800,403.1982,34314000
2023-12-26,409.2500,411.5600,409.1500,410.8800,405.6665,22722500
2023-12-27,410.9500,411.7900,410.0800,411.5000,406.4924,31980500
2023-12-28,412.6700,412.9200,410.9400,411.3000,406.2947,27029200
2023-12-29,411.2800,411.6400,407.5800,409.5200,404.5364,42662100
2024-01-02,405.8400,406.0900,400.2400,402.5900,397.6907,58026900
2024-01-03,399.9300,401.0000,397.8900,398.3300,393.4826,47002800
2024-01-04,396.4400,399.5900,396.0600,396.2800,391.4576,39432800
2024-01-05,396.4500,399.5600,395.3400,396.7500,391.9218,44922800
2024-01-08,397.9900,405.2400,397.8400,404.9500,400.0221,42473800
2024-01-09,401.9100,406.6900,401.7100,405.7500,400.8123,39132900
2024-01-10,406.0700,409.5200,405.1700,408.5000,403.5289,33962800
2024-01-11,409.7900,411.2000,404.2400,409.3500,404.3685,54536200
2024-01-12,410.4000,411.2500,408.1500,409.5600,404.5760,39595000
2024-01-16,408.3100,411.1200,406.8300,409.5200,404.5364,43903000
2024-01-17,406.1700,407.5900,402.9200,407.2100,402.2545,54386000
2024-01-18,410.5200,413.5800,409.1600,412.9900,407.9642,59562500
2024-01-19,415.2200,421.3400,414.6300,421.1800,416.0545,70325100
2024-01-22,423.4100,424.7300,421.1200,421.7300,416.5978,44880600
2024-01-23,422.4300,423.7000,420.5700,423.4800,418.3266,33003800
2024-01-24,427.4400,429.8500,425.3300,425.8300,420.6479,46948000
2024-01-25,428.3600,429.0400,423.9800,426.3500,421.1616,44367200
2024-01-26,424.4400,426.2100,423.1500,423.8100,418.6525,37137000
2024-01-29,424.2700,428.3500,423.6100,428.1500,422.9397,38694700
2024-01-30,427.1000,427.6800,424.3800,425.3000,420.1244,36739000
2024-01-31,420.8500,422.8700,416.7900,416.9700,411.8958,64010600
2024-02-01,418.7900,422.3800,417.8100,421.8800,416.7460,51008600
2024-02-02,423.8000,430.2400,422.7900,429.0100,423.7892,59602400
2024-02-05,429.0700,429.6100,425.0000,428.4500,423.2361,39889200
2024-02-06,429.6100,430.2200,425.2200,427.5900,422.3865,35846100
2024-02-07,430.4100,432.8300,429.0900,431.9900,426.7329,37712700
2024-02-08,432.1100,433.5600,431.4200,432.7900,427.5233,29889900
2024-02-09,433.9400,437.8500,433.1400,437.0500,431.7314,36943900
2024-02-12,436.9400,439.1400,434.6500,435.3400,430.0422,33203300
2024-02-13,427.2800,431.2700,425.3300,428.5500,423.3349,64491700
2024-02-14,431.2600,433.6500,428.8800,433.2200,427.9481,45092700
2024-02-15,433.9200,434.9800,431.3300,434.5100,429.2224,38796100
2024-02-16,434.8900,434.9900,429.8500,430.5700,425.3302,53716500
2024-02-20,428.5500,430.0800,423.5000,427.3200,422.1198,53999500
2024-02-21,424.5500,425.7000,421.6300,425.6100,420.4306,49779000
2024-02-22,434.4900,439.1200,433.7100,438.0700,432.7390,53887800
2024-02-23,439.6500,440.5900,435.7900,436.7800,431.4647,39853900
2024-02-26,437.6000,438.6000,436.3600,436.5500,431.2375,33043200
2024-02-27,437.6700,437.9900,435.0300,437.6000,432.2747,33713200
2024-02-28,435.4300,436.6700,434.3000,435.2700,429.9731,32938800
2024-02-29,438.2300,440.0900,435.0200,439.0000,433.6577,42495200
2024-03-01,439.9000,446.5800,439.8400,445.6100,440.1872,43853000
2024-03-04,445.6100,446.0400,443.7700,444.0200,438.6166,34325700
2024-03-05,440.9400,440.9500,433.6500,436.0500,430.7435,57917100
2024-03-06,440.3200,441.9900,436.8900,438.7900,433.4502,46234500
2024-03-07,442.4200,446.7200,440.8600,445.4500,440.0292,44526700
2024-03-08,445.8100,448.6400,438.3400,439.0200,433.6774,72096000
2024-03-11,437.5100,438.6600,435.4400,437.3900,432.0673,45860000
2024-03-12,439.7300,444.0200,436.4600,443.6600,438.2610,55300900
2024-03-13,442.6500,442.6700,439.1200,440.2500,434.8925,37928700
2024-03-14,441.5000,442.0300,436.3900,439.1400,433.7960,52195200
2024-03-15,436.0700,438.8700,432.7400,433.9200,428.6395,73069800
2024-03-18,438.7300,441.0400,437.2400,437.4800,432.7276,47323800
2024-03-19,435.4500,438.9800,433.3300,438.5700,433.8058,43004100
2024-03-20,439.7800,444.1100,438.0600,443.7700,438.9492,43653500
2024-03-21,448.8800,449.3400,445.6700,445.8700,441.0265,39345700
2024-03-22,445.3500,447.4900,444.4900,446.3800,441.5309,28253900
2024-03-25,443.5500,446.2600,442.5400,444.7600,439.9286,27789200
2024-03-26,446.3000,447.2300,443.0900,443.3200,438.5042,34142000
2024-03-27,446.4400,446.5400,441.9300,444.8300,439.9977,41359200
2024-03-28,444.7800,445.6400,443.6500,444.0100,439.1867,36839600
2024-04-01,444.9700,447.5300,443.0200,444.9500,440.1165,38729000
2024-04-02,440.0800,441.4300,438.0300,441.1100,436.3182,44259700
2024-04-03,438.9600,444.0000,438.9500,442.1000,437.2975,39949800
2024-04-04,446.3300,446.9500,435.1100,435.3400,430.6108,57267700
2024-04-05,436.7800,443.1700,435.9600,440.4700,435.6851,54744600
2024-04-08,441.4100,442.5000,439.2000,440.6000,435.8137,28144900
2024-04-09,442.9600,443.2400,437.4400,442.2300,437.4261,39443600
2024-04-10,437.0000,439.2400,436.2800,438.3700,433.6079,61502200
2024-04-11,440.2600,446.3300,437.9600,445.3700,440.5318,45474600
2024-04-12,441.1000,442.2400,436.8800,438.2700,433.5090,53665000
2024-04-15,442.0600,442.1500,430.2100,431.0600,426.3773,63453600
2024-04-16,430.9000,433.7600,429.7000,431.1000,426.4169,47619000
2024-04-17,433.1000,433.1200,424.9000,425.8400,421.2140,56880500
2024-04-18,426.4900,428.2400,422.8300,423.4100,418.8105,46549400
2024-04-19,422.2200,422.7500,413.0700,414.6500,410.1456,75231000
2024-04-22,417.3100,421.1800,413.9400,418.8200,414.2703,47807700
2024-04-23,420.7700,426.2800,418.8700,425.0700,420.4525,44384700
2024-04-24,428.2000,429.7300,424.2000,426.5100,421.8768,48440300
2024-04-25,419.2400,425.3200,418.1400,424.4500,419.8391,57392200
2024-04-26,427.6200,432.5500,426.9200,431.0000,426.3181,41874900
2024-04-29,433.1300,433.7600,429.9800,432.7500,428.0489,30022200
2024-04-30,431.1500,432.5600,424.5100,424.5900,419.9776,43665900
2024-05-01,423.1500,430.1400,420.6600,421.5200,416.9409,52251700
2024-05-02,425.3000,427.8100,420.6300,426.9000,422.2625,36559000
2024-05-03,434.4400,436.4800,432.6200,435.4800,430.7494,48515300
2024-05-06,437.3000,440.3400,436.5200,440.2500,435.4675,30227200
2024-05-07,440.7000,441.9700,439.5800,440.3200,435.5367,30996100
2024-05-08,437.6700,441.4800,437.5500,440.0600,435.2795,24896700
2024-05-09,440.3300,441.6000,438.4600,441.0200,436.2291,24580100
2024-05-10,442.5400,444.3100,440.5000,442.0600,437.2579,27116600
2024-05-13,443.9900,444.0900,441.6500,443.0800,438.2667,22994200
2024-05-14,442.6500,446.4700,442.4600,445.9300,441.0858,34478300
2024-05-15,448.4300,453.1500,446.9000,452.9000,447.9801,41464700
2024-05-16,452.7100,454.6900,451.8100,451.9800,447.0701,34780400
2024-05-17,452.1100,452.7200,449.5400,451.7600,446.8525,35803700
2024-05-20,451.9800,455.5800,451.7900,454.9100,449.9683,24474200
2024-05-21,453.0400,455.9900,452.8400,455.8000,450.8486,23167700
2024-05-22,456.0600,456.8200,453.0800,455.7100,450.7596,25120000
2024-05-23,460.5500,460.5800,451.8500,453.6600,448.7319,40899200
2024-05-24,455.2900,459.2300,453.5700,457.9500,452.9752,29669500
2024-05-28,459.1800,459.7400,456.6900,459.6800,454.6864,26216800
2024-05-29,455.4800,458.2400,455.3400,456.4400,451.4817,29739200
2024-05-30,455.5000,455.6400,450.2100,451.5500,446.6447,30536800
2024-05-31,451.7800,452.4800,443.0600,450.7100,445.8139,55941300
2024-06-03,454.5700,455.5800,447.9000,453.1300,448.2076,32997500
2024-06-04,452.8700,455.5800,451.1300,454.3700,449.4341,23767400
2024-06-05,457.9800,463.6100,454.4100,463.5300,458.4947,33817400
2024-06-06,464.2200,464.5400,462.1900,463.3700,458.3364,21966800
2024-06-07,463.0000,465.7400,461.8400,462.9600,457.9308,25829700
2024-06-10,461.8200,465.1900,461.5300,464.8300,459.7805,20660800
2024-06-11,463.5400,468.1400,462.0300,468.0200,462.9359,22053300
2024-06-12,471.9900,476.5000,471.2900,474.1500,468.9992,34532600
2024-06-13,477.7200,478.3900,474.4200,476.7200,471.5413,25859000
2024-06-14,476.5200,479.2600,476.0500,479.1900,473.9845,23372600
2024-06-17,479.4600,486.8600,478.1400,485.0600,479.7907,37054500
2024-06-18,485.0100,485.9000,483.4300,485.2100,479.9391,24438600
2024-06-20,486.4200,486.8400,479.6200,481.4700,476.2397,33918700
2024-06-21,481.1900,482.5400,478.6700,480.1800,474.9637,37456800
2024-06-24,478.1800,479.9300,473.8200,473.9600,469.5564,37751000
2024-06-25,476.0700,479.6800,475.1200,479.3800,474.9261,29014700
2024-06-26,478.5500,480.9200,478.1300,480.3700,475.9069,22737100
2024-06-27,480.1200,483.1000,479.3000,481.6100,477.1354,26222100
2024-06-28,482.4100,487.2000,478.4600,479.1100,474.6586,34881600
2024-07-01,480.0400,482.4900,476.2600,481.9200,477.4425,24898300
2024-07-02,480.4100,487.0400,480.2800,486.9800,482.4555,26723600
2024-07-03,486.2200,491.1700,486.2200,491.0400,486.4778,18064900
2024-07-05,491.8900,496.6000,491.5900,496.1600,491.5502,28495900
2024-07-08,496.5300,497.9000,495.5000,497.3400,492.7192,22109400
2024-07-09,498.8700,500.0000,496.2400,497.7700,493.1452,25614500
2024-07-10,499.7100,503.5200,498.3900,502.9600,498.2870,28046900
2024-07-11,503.0700,503.2800,490.7300,491.9300,487.3595,49966600
2024-07-12,492.5100,499.6200,492.0400,494.8200,490.2227,37109400
2024-07-15,496.6100,501.0100,494.0900,496.1500,491.5403,31151400
2024-07-16,497.6200,498.4400,493.1500,496.3400,491.7285,25950600
2024-07-17,488.2800,488.8000,481.7000,481.7700,477.2939,56268800
2024-07-18,485.5300,485.7100,476.2700,479.4900,475.0351,49347400
2024-07-19,479.1500,481.6900,473.9400,475.2400,470.8246,42042900
2024-07-22,481.1600,483.3500,477.7100,482.3200,477.8388,40300000
2024-07-23,481.4100,484.4300,480.1400,480.6200,476.1546,23282500
2024-07-24,473.8200,474.1900,462.5100,463.3800,459.0748,58818600
2024-07-25,463.7200,467.9400,455.6300,458.2700,454.0122,59256800
2024-07-26,462.6500,465.9300,459.7700,462.9700,458.6685,39992100
2024-07-29,465.7100,467.9100,461.6200,463.9000,459.5899,28218500
2024-07-30,465.8500,466.5600,454.1500,457.5300,453.2791,41317200
2024-07-31,467.8700,472.7900,466.4100,471.0700,466.6933,44552100
2024-08-01,471.7600,475.5500,455.9800,459.6600,455.3893,56653900
2024-08-02,450.8900,453.5700,444.4700,448.7500,444.5807,66323200
2024-08-05,424.7100,442.2900,423.4500,435.3700,431.3250,87483500
2024-08-06,437.2300,447.0700,434.5600,439.5300,435.4463,63164400
2024-08-07,446.4900,449.0000,434.3700,434.7700,430.7306,54929200
2024-08-08,441.0600,448.9900,437.1500,448.0700,443.9070,47890100
2024-08-09,446.7400,452.0600,445.6100,450.4100,446.2253,33574000
2024-08-12,451.3900,454.3700,448.5500,451.3800,447.1862,27795000
2024-08-13,455.8200,462.8500,455.6800,462.5800,458.2822,40084500
2024-08-14,463.5100,465.1100,458.4000,462.7300,458.4308,34733700
2024-08-15,468.7600,474.8200,468.3800,474.4200,470.0121,38280600
2024-08-16,472.6200,476.4100,471.6500,475.0300,470.6165,38383600
2024-08-19,475.1700,481.3100,473.3700,481.2700,476.7985,23737700
2024-08-20,480.3500,482.9400,478.5500,480.2600,475.7980,29209300
2024-08-21,481.0500,484.3700,479.3200,482.5000,478.0171,25658800
2024-08-22,484.8400,485.5400,473.8100,474.8500,470.4383,37739600
2024-08-23,479.2400,482.7400,475.2800,480.0000,475.5403,36061500
2024-08-26,479.4500,480.3800,473.2400,475.3400,470.9236,27452600
2024-08-27,473.6900,477.8400,471.7100,476.7600,472.3304,27510000
2024-08-28,476.2900,477.0200,467.8900,471.3500,466.9707,37372400
2024-08-29,473.2800,477.9300,469.3700,470.6600,466.2871,41081500
2024-08-30,475.0400,476.9000,470.5100,476.2700,471.8450,33466500
2024-09-03,473.2000,473.3300,459.4100,461.8100,457.5193,44985200
2024-09-04,458.6700,464.4500,457.7300,460.6100,456.3305,32505100
2024-09-05,458.9700,465.3600,457.9400,461.0400,456.7565,34452400
2024-09-06,460.3300,461.2200,448.1900,448.6900,444.5212,50624400
2024-09-09,453.0600,455.4600,449.8200,454.4600,450.2376,32981200
2024-09-10,456.2400,459.1700,452.2300,458.6600,454.3986,29680300
2024-09-11,459.9100,469.3700,451.2800,468.6200,464.2661,57843000
2024-09-12,468.6500,474.0400,466.8500,473.2200,468.8234,40067800
2024-09-13,472.4800,476.5300,472.2500,475.3400,470.9236,29111800
2024-09-16,473.1900,473.8600,469.8900,473.2400,468.8431,22585600
2024-09-17,476.2900,477.6000,470.9700,473.4900,469.0909,30084400
2024-09-18,474.7000,478.8300,470.8300,471.4400,467.0599,39909200
2024-09-19,482.6100,486.2300,480.4900,483.3600,478.8691,52782500
2024-09-20,482.4900,483.6900,478.3000,482.4400,477.9577,34577700
2024-09-23,482.9500,484.1400,481.6000,483.0400,479.2246,24843000
2024-09-24,484.4600,486.3300,480.1700,485.3700,481.5362,25952600
2024-09-25,484.7400,487.7900,484.5600,485.8200,481.9826,26549900
2024-09-26,493.3700,493.7000,485.8000,489.4700,485.6038,32020200
2024-09-27,490.5000,490.6400,485.5600,486.7500,482.9053,22851100
2024-09-30,485.7800,488.4100,482.9200,488.0700,484.2149,30281100
2024-10-01,487.7000,488.0000,477.4000,481.2700,477.4685,42735400
2024-10-02,480.3600,483.8800,477.7200,481.9500,478.1432,23744000
2024-10-03,479.7400,484.5500,478.9900,481.5900,477.7860,25337200
2024-10-04,487.4500,487.8800,482.3900,487.3200,483.4708,30686600
2024-10-07,485.3900,486.5700,480.8700,482.1000,478.2920,24975100
2024-10-08,484.6600,489.9900,483.8500,489.3000,485.4351,28272000
2024-10-09,489.0000,493.7300,487.9500,493.1500,489.2547,24995000
2024-10-10,490.8500,494.4700,489.5300,492.5900,488.6991,25750400
2024-10-11,490.7400,494.3900,490.1700,493.3600,489.4631,20644500
2024-10-14,495.7700,498.8300,495.2600,497.5000,493.5703,26060100
2024-10-15,497.8300,498.5000,488.6800,490.8500,486.9729,34784500
2024-10-16,491.1800,491.6900,487.5700,490.9100,487.0324,22996800
2024-10-17,496.4400,496.4900,491.1900,491.2500,487.3697,27210700
2024-10-18,494.0600,495.5700,493.3000,494.4700,490.5643,25335000
2024-10-21,493.2500,496.2300,491.3100,495.4200,491.5068,30336500
2024-10-22,492.7300,497.4500,491.9700,495.9600,492.0425,26685800
2024-10-23,493.5900,494.2500,485.0500,488.3600,484.5025,39346600
2024-10-24,492.1100,493.0000,489.4400,492.3200,488.4313,22024900
2024-10-25,495.1400,500.2800,494.4300,495.3200,491.4076,38762100
2024-10-28,498.4600,498.5200,495.1000,495.4000,491.4869,20477800
2024-10-29,495.7200,501.3500,493.8500,500.1600,496.2094,28014100
2024-10-30,499.3900,500.3500,495.8900,496.3800,492.4592,29756000
2024-10-31,492.3800,492.4300,483.7500,483.8500,480.0282,41245200
2024-11-01,485.5000,490.7500,485.2000,487.4300,483.5799,33655800
2024-11-04,486.8200,489.3800,484.2500,486.0100,482.1711,23291600
2024-11-05,487.6100,492.8800,487.5200,492.2100,488.3221,24353600
2024-11-06,500.5600,506.4100,499.6000,505.5800,501.5865,43082200
2024-11-07,508.4000,514.3300,508.3400,513.5400,509.4836,32853100
2024-11-08,513.0400,514.9200,512.4100,514.1400,510.0789,22924500
2024-11-11,515.3700,515.5800,510.9200,513.8400,509.7814,24167500
2024-11-12,513.7700,514.6600,509.8300,512.9100,508.8586,25835300
2024-11-13,512.4000,514.9800,509.9500,512.2500,508.2038,24567400
2024-11-14,511.9100,512.7900,507.7700,508.6900,504.6720,28679500
2024-11-15,502.9400,503.3300,494.4900,496.5700,492.6477,51461100
2024-11-18,498.1300,502.1400,496.7300,500.0200,496.0704,27080800
2024-11-19,497.4200,503.9500,497.0800,503.4600,499.4833,24523000
2024-11-20,503.1600,503.4800,496.5600,503.1700,499.1956,29565500
2024-11-21,506.2400,506.9600,497.5600,504.9800,500.9913,34526700
2024-11-22,504.4200,506.5300,502.7800,505.7900,501.7949,23826600
2024-11-25,509.9000,511.4500,504.2600,506.5900,502.5886,26375200
2024-11-26,508.0800,510.1400,507.2300,509.3100,505.2871,26557100
2024-11-27,508.1700,508.2400,501.9300,505.3000,501.3087,24957400
2024-11-29,505.9300,510.3400,505.3100,509.7400,505.7137,15334000
2024-12-02,511.0100,516.2600,510.6200,515.2900,511.2198,25147200
2024-12-03,513.9500,517.1500,513.3700,516.8700,512.7874,18597900
2024-12-04,520.3200,523.5200,519.6000,523.2600,519.1269,26086200
2024-12-05,523.3100,524.0400,521.4200,521.8100,517.6883,18169600
2024-12-06,522.4800,526.7200,522.3500,526.4800,522.3214,23762600
2024-12-09,525.5500,526.3500,521.2200,522.3800,518.2538,20674400
2024-12-10,523.6200,525.3800,519.1600,520.6000,516.4878,24350000
2024-12-11,525.0000,530.6100,524.5900,529.9200,525.7343,32168600
2024-12-12,527.6800,528.9600,526.0200,526.5000,522.3414,23577500
2024-12-13,530.4600,533.1700,527.3000,530.5300,526.3395,28780400
2024-12-16,533.0800,539.1500,533.0000,538.1700,533.9190,31979900
2024-12-17,536.3600,537.4800,534.1300,535.8000,531.5678,28579100
2024-12-18,535.1500,536.8800,515.0100,516.4700,512.3904,54703200
2024-12-19,521.1900,521.7600,513.8300,514.1700,510.1087,46441800
2024-12-20,510.4400,524.8200,509.2900,518.6600,514.5632,60530000
2024-12-23,519.5500,523.2500,516.1300,522.8700,519.5764,29672800
2024-12-24,524.8300,530.0500,524.1900,529.9600,526.6218,17558200
2024-12-26,528.3200,531.2400,526.3100,529.6000,526.2640,19090500
2024-12-27,526.0100,526.4500,517.8600,522.5600,519.2684,33839600
2024-12-30,515.5100,519.3600,511.8300,515.6100,512.3621,34584000
2024-12-31,516.9000,517.6600,510.2600,511.2300,508.0098,29117000
2025-01-02,514.3000,516.6400,505.7100,510.2300,507.0161,36389800
2025-01-03,513.3500,519.6500,512.5300,518.5800,515.3135,29059500
2025-01-06,524.0200,527.9200,522.0300,524.5400,521.2359,36109700
2025-01-07,525.5900,525.9900,513.2800,515.1800,511.9349,36690300
2025-01-08,515.0800,516.9200,510.5700,515.2700,512.0244,30777800
2025-01-10,511.4800,511.5800,503.9200,507.1900,503.9952,40532500
2025-01-13,501.2000,506.0200,499.7000,505.5600,502.3755,31694200
2025-01-14,508.7400,510.1600,501.5900,505.0800,501.8985,33737200
2025-01-15,513.0300,517.8500,511.4600,516.7000,513.4453,34957600
2025-01-16,518.9800,519.0600,512.9500,513.0800,509.8482,28229000
2025-01-17,522.8500,524.0700,513.1100,521.7400,518.4536,51837900
2025-01-21,524.4800,525.9700,520.0600,524.8000,521.4943,23628000
2025-01-22,529.5700,533.8200,529.2600,531.5100,528.1620,33593000
2025-01-23,529.0400,532.7600,528.4500,532.6400,529.2849,23096600
2025-01-24,533.0200,533.7900,528.1500,529.6300,526.2938,19878300
2025-01-27,511.0000,517.9900,510.1500,514.2100,510.9711,60771700
2025-01-28,515.2200,523.0000,511.7800,521.8100,518.5231,33194200
2025-01-29,522.4600,522.5900,516.9000,520.8300,517.5493,26649000
2025-01-30,523.7100,526.1000,518.2100,523.0500,519.7553,27431300
2025-01-31,526.9200,531.5200,521.1900,522.2900,519.0000,38755200
2025-02-03,513.4700,520.8500,511.0500,518.1100,514.8464,40580800
2025-02-04,518.6300,525.1100,518.2300,524.4700,521.1663,26046800
2025-02-05,521.8200,527.0100,520.6200,526.8500,523.5314,21134100
2025-02-06,527.3600,529.8100,525.7400,529.6000,526.2640,19434500
2025-02-07,530.1400,532.1000,522.1900,522.9200,519.6261,29605500
2025-02-10,527.2200,530.3600,526.7500,529.2500,525.9163,20852800
2025-02-11,525.9600,529.9200,525.8300,527.9900,524.6642,19325500
2025-02-12,522.3000,529.1900,521.9500,528.3000,524.9723,25009400
2025-02-13,529.9800,536.2200,529.1900,535.9000,532.5244,28714800
2025-02-14,536.0100,538.8400,535.6700,538.1500,534.7603,17862600
2025-02-18,539.7300,540.0000,536.0400,539.3700,535.9725,20565000
2025-02-19,538.5700,540.8100,536.4600,539.5200,536.1216,19666900
2025-02-20,538.7300,539.1000,532.4600,537.2300,533.8460,26550800
2025-02-21,538.3800,538.4000,525.7100,526.0800,522.7663,47093800
2025-02-24,527.8800,529.0700,519.5300,519.8700,516.5953,39268400
2025-02-25,519.2400,519.3200,509.4400,513.3200,510.0866,48940000
2025-02-26,515.5300,519.6600,511.3700,514.5600,511.3188,34457600
2025-02-27,518.1300,519.0700,500.0500,500.2700,497.1188,52448000
2025-02-28,500.1300,508.7800,496.9300,508.1700,504.9691,47654000
2025-03-03,511.5200,513.0400,493.5800,497.0500,493.9191,44587200
2025-03-04,494.1800,503.7400,487.7400,495.5500,492.4285,67875400
2025-03-05,496.2000,503.6300,491.2600,502.0100,498.8478,46323700
2025-03-06,493.6900,498.5800,486.2000,488.2000,485.1248,57574300
2025-03-07,487.1600,493.2800,480.5300,491.7900,488.6922,54714700
2025-03-10,483.4500,483.9700,468.6600,472.7300,469.7523,76668000
2025-03-11,472.3500,478.8100,467.0100,471.6000,468.6294,68760800
2025-03-12,479.1600,481.0600,471.7900,476.9200,473.9159,46971100
2025-03-13,476.2500,476.2800,466.4300,468.3400,465.3900,46563300
2025-03-14,473.7300,480.5600,473.1200,479.6600,476.6387,43563000
2025-03-17,479.6100,485.8400,477.8000,482.7700,479.7290,41744400
2025-03-18,479.4100,479.6100,472.4100,474.5400,471.5509,39072300
2025-03-19,476.8100,485.3300,474.8700,480.8900,477.8609,40430300
2025-03-20,476.8800,484.5500,476.1800,479.2600,476.2412,36780500
2025-03-21,474.0800,481.6100,472.9100,480.8400,477.8112,42234900
2025-03-24,487.7400,491.5100,484.4000,490.6600,488.2964,34567200
2025-03-25,491.3900,493.6200,490.4200,493.4600,491.0829,26035200
2025-03-26,492.3000,493.1600,482.8200,484.3800,482.0467,34627100
2025-03-27,482.4100,486.5800,480.2500,481.6200,479.3000,33469800
2025-03-28,479.8100,480.5200,468.0500,468.9400,466.6811,46363800
2025-03-31,461.9200,469.8600,457.3300,468.9200,466.6612,53000300
2025-04-01,467.3000,473.6300,464.4200,472.7000,470.4230,41156200
2025-04-02,466.1200,479.5600,465.8600,476.1500,473.8564,49894500
2025-04-03,456.4400,460.0700,450.1400,450.6600,448.4892,70456300
2025-04-04,438.1400,440.3700,422.6700,422.6700,420.6340,117088400
2025-04-07,408.6600,443.1400,402.3900,423.6900,421.6490,161557000
2025-04-08,438.1600,443.1400,409.7900,416.0600,414.0558,101248100
2025-04-09,415.5700,467.8300,415.4300,466.0000,463.7552,142876900
2025-04-10,453.5600,455.5900,432.6300,446.1800,444.0307,108384100
2025-04-11,444.6500,455.7900,441.3300,454.4000,452.2111,52483800
2025-04-14,464.4600,465.0500,452.6300,457.4800,455.2763,43941200
2025-04-15,458.5400,462.3800,456.1500,457.9900,455.7838,35404200
2025-04-16,449.0300,452.6200,437.7600,444.1800,442.0403,48980600
2025-04-17,447.1700,447.7500,441.3600,444.1000,441.9607,44837000
2025-04-21,438.2300,439.0800,427.9300,433.1100,431.0237,44149300
2025-04-22,438.8200,447.5800,437.6200,444.4800,442.3389,52304400
2025-04-23,458.1700,463.3800,452.8800,454.5600,452.3703,55801100
2025-04-24,456.4800,467.6600,455.8300,467.3500,465.0987,45956100
2025-04-25,466.9700,473.0900,465.3900,472.5600,470.2836,38697100
2025-04-28,473.0300,474.8100,466.0300,472.4100,470.1343,33550800
2025-04-29,470.1700,476.4200,469.5900,475.5300,473.2393,30613100
2025-04-30,467.1300,477.2000,462.4300,475.4700,473.1796,46810600
2025-05-01,483.4100,487.1800,480.7400,481.6800,479.3597,43316500
2025-05-02,486.5400,490.9100,484.8300,488.8300,486.4753,39218100
2025-05-05,484.6000,489.0300,484.1000,485.9300,483.5892,28309500
2025-05-06,479.5600,485.0500,478.1900,481.4100,479.0910,32786300
2025-05-07,482.0800,485.8000,476.7800,483.3000,480.9719,38006300
2025-05-08,488.5300,492.7000,484.1700,488.2900,485.9378,39577600
2025-05-09,490.2100,491.5400,486.2000,487.9700,485.6194,27767400
2025-05-12,506.9900,507.8900,501.4800,507.8500,505.4037,45090600
2025-05-13,509.1600,517.3900,508.4200,515.5900,513.1064,53269600
2025-05-14,516.7700,519.2300,515.7500,518.6800,516.1815,47014500
2025-05-15,516.5200,521.9300,515.1700,519.2500,516.7487,50153300
2025-05-16,520.6600,521.7000,517.1000,521.5100,518.9978,48394600
2025-05-19,514.2400,522.5300,514.2400,522.0100,519.4955,52536200
2025-05-20,519.4700,520.9300,516.6600,520.2700,517.7638,42517600
2025-05-21,516.2700,523.0000,511.2400,513.0400,510.5686,71292800
2025-05-22,513.6600,517.7100,512.3000,514.0000,511.5240,55607200
2025-05-23,506.1800,511.8400,505.5800,509.2400,506.7869,58368100
2025-05-27,516.1500,521.7100,514.5900,521.2200,518.7092,47226300
2025-05-28,522.1800,523.6800,518.3900,518.9100,516.4103,46637200
2025-05-29,526.3300,526.4800,517.3200,519.9300,517.4255,58513300
2025-05-30,519.4400,520.6800,511.9300,519.1100,516.6094,67662800
2025-06-02,517.2400,523.4500,515.9700,523.2100,520.6896,44762800
2025-06-03,523.5600,528.7400,522.6900,527.3000,524.7599,44070300
2025-06-04,528.0100,529.8400,525.9700,528.7700,526.2229,41359300
2025-06-05,530.1800,533.0500,522.6600,524.7900,522.2620,61031200
2025-06-06,530.0000,531.8000,528.2100,529.9200,527.3673,42467000
2025-06-09,530.1400,532.3500,529.0100,530.7000,528.1436,33688700
2025-06-10,531.1700,534.9000,528.8900,534.2100,531.6367,40664800
2025-06-11,535.6200,536.7800,530.1100,532.4100,529.8453,53701000
2025-06-12,531.0900,534.6400,530.8400,533.6600,531.0892,34104900
2025-06-13,527.6800,531.8700,525.7300,526.9600,524.4216,55814400
2025-06-16,530.5000,535.3700,530.4500,534.2900,531.7162,37622100
2025-06-17,531.7100,533.3300,527.9100,529.0800,526.5314,42180900
2025-06-18,530.1000,532.5500,527.4000,528.9900,526.4417,43983500
2025-06-20,532.2600,533.5600,524.8800,526.8300,524.2922,61643500
2025-06-23,526.8100,532.1700,523.6500,531.6500,529.6832,50666100
2025-06-24,536.8900,540.7000,536.2700,539.7800,537.7831,45442000
2025-06-25,542.0600,543.3100,539.3800,541.1600,539.1580,44804200
2025-06-26,543.3500,546.6700,541.5200,546.2200,544.1992,43811400
2025-06-27,547.2600,549.9900,544.5400,548.0900,546.0624,57577100
2025-06-30,551.2600,552.8000,549.0100,551.6400,549.5992,45548700
2025-07-01,549.7300,550.7100,544.6600,546.9900,544.9664,56166700
2025-07-02,546.1600,551.0000,546.1200,550.8000,548.7623,36538300
2025-07-03,553.1800,557.2000,553.1800,556.2200,554.1623,26443500
2025-07-07,553.5200,554.3400,549.5800,552.0300,549.9878,45349300
2025-07-08,553.3800,554.0100,551.1000,552.3400,550.2967,36153300
2025-07-09,554.4800,557.6300,553.1000,556.2500,554.1921,43045500
2025-07-10,556.8900,557.3000,552.7500,555.4500,553.3951,34710900
2025-07-11,553.3000,555.7900,552.0500,554.2000,552.1498,39618600
2025-07-14,553.9900,556.9500,551.6300,556.2100,554.1523,36453300
2025-07-15,560.2500,560.8000,556.6600,556.7200,554.6605,43277700
2025-07-16,557.2800,560.2100,551.5600,557.2900,555.2283,52314700
2025-07-17,558.0200,562.3100,557.2100,561.8000,559.7217,40423800
2025-07-18,563.1200,564.7300,559.9800,561.2600,559.1837,50484700
2025-07-21,562.0900,566.0600,562.0600,564.1700,562.0829,39595200
2025-07-22,564.3000,564.3500,558.6100,561.2500,559.1736,43270600
2025-07-23,562.3400,563.8500,559.5800,563.8100,561.7242,40215300
2025-07-24,565.1300,566.2400,563.2900,565.0100,562.9198,42275500
2025-07-25,564.9300,567.7000,564.2700,566.3700,564.2748,30630800
2025-07-28,567.7400,569.0400,566.8700,568.1400,566.0381,31498700
2025-07-29,570.7600,572.1100,566.5300,567.2600,565.1614,45463300
2025-07-30,568.1800,570.6200,565.0500,568.0200,565.9187,43433800
2025-07-31,574.5400,574.6300,563.8700,565.0100,562.9198,64613600
2025-08-01,558.8300,559.0200,551.6800,553.8800,551.8309,69400800
2025-08-04,559.0500,564.3200,558.9500,564.1000,562.0131,47669800
2025-08-05,565.3900,566.5600,559.7300,560.2700,558.1973,48666600
2025-08-06,561.1100,567.7600,560.6300,567.3200,565.2213,41823700
2025-08-07,571.6700,573.3200,565.1100,569.2400,567.1342,44463000
2025-08-08,570.4500,574.7700,570.1500,574.5500,572.4245,35255500
2025-08-11,574.6900,576.8000,571.5700,572.8500,570.7307,33112900
2025-08-12,575.1600,580.3500,572.4900,580.0500,577.9041,42143300
2025-08-13,582.7600,583.3200,578.9400,580.3400,578.1931,41209300
2025-08-14,578.2800,581.8800,577.9100,579.8900,577.7448,45425000
2025-08-15,579.8000,579.8400,575.5700,577.3400,575.2042,49480200
2025-08-18,576.4400,577.7700,575.2400,577.1100,574.9750,29831000
2025-08-19,576.3900,576.5600,568.2500,569.2800,567.1740,53752600
2025-08-20,568.3300,568.4500,558.8400,565.9000,563.8065,76781100
2025-08-21,564.3500,566.4900,560.9800,563.2800,561.1962,46436900
2025-08-22,564.6700,573.9900,563.2700,571.9700,569.8540,51502100
2025-08-25,570.4000,573.2900,569.1600,570.3200,568.2101,34044700
2025-08-26,569.8300,572.9200,568.8000,572.6100,570.4916,34103000
2025-08-27,571.5900,574.4100,570.3700,573.4900,571.3684,36927100
2025-08-28,574.1100,578.0000,572.4600,577.0800,574.9451,46787900
2025-08-29,574.6600,575.0300,568.5400,570.4000,568.2899,56030400
2025-09-02,561.3100,565.9700,559.5400,565.6200,563.5275,65876800
2025-09-03,569.2300,571.7000,566.7300,570.0700,567.9611,54230200
2025-09-04,570.7400,575.6000,569.0300,575.2300,573.1019,47526300
2025-09-05,580.4900,581.1200,571.5300,576.0600,573.9289,68342500
2025-09-08,578.3700,580.8400,577.7700,578.8700,576.7285,46371400
2025-09-09,579.6700,580.9400,577.0400,580.5100,578.3624,44007600
2025-09-10,583.7400,583.7700,578.5500,580.7000,578.5517,49308000
2025-09-11,583.2400,584.8800,581.6200,584.0800,581.9193,44745800
2025-09-12,585.0400,587.8600,584.1000,586.6600,584.4897,50745900
2025-09-15,588.4400,591.7900,588.2900,591.6800,589.4911,44360300
2025-09-16,592.6100,592.8600,590.4900,591.1800,588.9929,36942100
2025-09-17,591.1000,591.7500,584.3700,590.0000,587.8174,69384800
2025-09-18,594.9100,598.1400,592.9600,595.3200,593.1177,61069300
2025-09-19,597.3300,600.0500,595.8500,599.3500,597.1327,58196100
2025-09-22,597.7400,602.8700,597.7200,602.2000,600.6677,57154800
2025-09-23,602.3700,602.5700,596.9800,598.2000,596.6779,64635500
2025-09-24,599.5800,599.9000,593.3600,596.1000,594.5833,49850300
2025-09-25,592.2000,595.1200,588.5000,593.5300,592.0198,70920200
2025-09-26,594.3500,596.3000,591.0600,595.9700,594.4536,54337400
2025-09-29,599.1100,602.0500,597.4100,598.7300,597.2065,48332900
2025-09-30,598.4300,600.7100,596.1000,600.3700,598.8424,46533800
2025-10-01,597.1700,603.7900,596.3400,603.2500,601.7150,46899600
2025-10-02,607.0600,607.1600,602.9300,605.7300,604.1887,43765400
2025-10-03,606.5100,607.3300,601.3900,603.1800,601.6453,46482100
2025-10-06,608.4500,609.3600,605.9700,607.7100,606.1637,41962100
2025-10-07,609.0200,609.7100,603.0300,604.5100,602.9719,58209500
2025-10-08,605.4100,611.7500,605.2600,611.4400,609.8842,50629800
2025-10-09,611.4800,611.6100,607.4800,610.7000,609.1461,45551000
2025-10-10,611.4000,613.1800,589.0500,589.5000,588.0001,97614800
2025-10-13,599.6800,602.9500,597.2300,602.0100,600.4782,65872600
2025-10-14,595.3100,602.6900,590.1300,598.0000,596.4785,69203200
2025-10-15,604.0100,606.7000,595.9300,602.2200,600.6877,62805500
2025-10-16,605.1100,608.3100,595.5000,599.9900,598.4634,70982000
2025-10-17,597.9500,605.5100,596.3700,603.9300,602.3933,72024900
2025-10-20,607.1400,612.8000,607.0700,611.5400,609.9839,45761700
2025-10-21,611.6400,612.7200,609.3200,611.3800,609.8244,44538200
2025-10-22,610.8200,611.4100,599.7400,605.4900,603.9493,61478800
2025-10-23,604.9100,611.3700,604.5200,610.5800,609.0264,42844300
2025-10-24,615.9900,618.4200,615.1300,617.1000,615.5298,47632500
2025-10-27,624.5200,628.5500,624.0300,628.0900,626.4919,54098600
2025-10-28,630.3600,634.6800,629.2500,632.9200,631.3096,61195700
2025-10-29,635.5900,637.0100,630.2500,635.7700,634.1523,67422800
2025-10-30,632.1700,633.5000,625.9400,626.0500,624.4570,61628600
2025-10-31,634.1700,634.2000,626.6900,629.0700,627.4694,66305100
2025-11-03,635.1100,635.8200,629.8500,632.0800,630.4717,37154300
2025-11-04,623.2800,626.9500,618.4600,619.2500,617.6743,63830800
2025-11-05,618.4900,626.6000,617.2100,623.2800,621.6942,48688500
2025-11-06,621.7900,622.0400,610.3000,611.6700,610.1136,72115100
2025-11-07,608.3100,609.9500,598.6700,609.7400,608.1885,81835400
2025-11-10,618.9200,624.3100,616.8900,623.2300,621.6442,55919900
2025-11-11,620.5700,622.7200,617.5200,621.5700,619.9885,44868800
2025-11-12,624.8400,624.8600,617.8100,621.0800,619.4997,47444400
2025-11-13,617.5400,618.1200,606.0800,608.4000,606.8520,71333600
2025-11-14,599.5500,613.3500,597.1700,608.8600,607.3108,80087300
2025-11-17,606.3000,612.4800,599.8700,603.6600,602.1240,63850400
2025-11-18,599.6200,602.3100,591.3400,596.3100,594.7927,83327300
2025-11-19,597.0700,606.1600,594.5900,599.8700,598.3436,73111500
2025-11-20,611.6200,614.0300,584.7500,585.6700,584.1797,117743200
2025-11-21,587.4700,596.9800,580.7400,590.0700,588.5686,103344200
2025-11-24,595.2800,606.6800,595.1600,605.1600,603.6202,60168100
2025-11-25,603.5100,610.2600,597.3200,608.8900,607.3408,57560900
2025-11-26,612.5100,616.1900,610.3900,614.2700,612.7070,42393600
2025-11-28,616.1100,619.3200,615.4200,619.2500,617.6743,23034400
2025-12-01,613.6300,619.4400,612.5200,617.1700,615.5996,40957600
2025-12-02,619.4600,623.7500,617.5900,622.0000,620.4173,54541800
2025-12-03,619.6200,624.2200,618.0300,623.5200,621.9335,47841600
2025-12-04,624.9300,624.9400,619.5400,622.9400,621.3550,47067800
2025-12-05,624.3800,628.9200,623.7100,625.4800,623.8885,53614200
2025-12-08,627.2100,628.8400,621.6900,624.2800,622.6915,43462400
2025-12-09,623.0100,625.8700,621.0000,625.0500,623.4595,37156000
2025-12-10,623.8500,629.2100,620.9900,627.6100,626.0131,55031400
2025-12-11,623.8200,625.7800,617.7200,625.5800,623.9883,58272800
2025-12-12,622.0800,623.5400,611.3600,613.6200,612.0587,75158700
2025-12-15,618.3700,618.4200,609.3200,610.5400,608.9865,49538200
2025-12-16,608.2600,613.5100,606.9100,611.7500,610.1934,55152800
2025-12-17,613.0600,613.6500,600.2800,600.4100,598.8823,70654300
2025-12-18,609.8000,612.9300,606.9200,609.1100,607.5601,78875800
2025-12-19,611.9500,617.6200,611.8700,617.0500,615.4800,60369800
2025-12-22,621.3500,621.6500,617.7700,619.2100,618.4302,43703100
2025-12-23,618.2000,622.4100,617.7800,622.1100,621.3265,41120400
2025-12-24,621.9900,624.2800,621.7200,623.9300,623.1443,18468700
2025-12-26,624.6600,625.5200,623.1400,623.8900,623.1043,28959800
2025-12-29,620.1000,622.7800,618.7300,620.8700,620.0881,32458300
2025-12-30,619.8400,622.1800,619.2200,619.4300,618.6499,31226800
2025-12-31,619.6500,619.9600,614.0500,614.3100,613.5364,40746500
2026-01-02,620.0600,622.8500,610.1500,613.1200,612.3479,61859200
2026-01-05,619.3200,620.8100,616.7200,617.9900,617.2117,46828400
2026-01-06,619.2300,624.0200,618.5400,623.4200,622.6349,43137500
2026-01-07,623.0400,627.9400,622.5600,624.0200,623.2342,44880300
2026-01-08,623.0300,623.4200,617.8000,620.4700,619.6886,50435900
2026-01-09,621.4100,627.8900,619.0600,626.6500,625.8608,49688700
2026-01-12,622.3100,628.8500,622.2600,627.1700,626.3802,37388700
2026-01-13,627.2700,629.4700,623.7000,626.2400,625.4514,44481400
2026-01-14,622.2400,623.4500,614.5600,619.5500,618.7698,72598700
2026-01-15,626.6000,630.0000,620.7500,621.7800,620.9970,53934900
2026-01-16,625.5000,626.0800,618.8800,621.2600,620.4777,61058100
2026-01-20,610.5300,615.0600,607.0500,608.0600,607.2943,81988900
2026-01-21,609.4700,620.4200,607.8600,616.2800,615.5039,79837900
2026-01-22,622.3500,622.4600,617.7800,620.7600,619.9783,42254800
2026-01-23,619.7300,625.4000,618.6500,622.7200,621.9358,43645800
2026-01-26,623.2100,627.6100,622.1200,625.4600,624.6724,35983000
2026-01-27,628.9100,632.0400,627.3400,631.1300,630.3352,38997200
2026-01-28,635.4600,636.6000,631.8100,633.2200,632.4225,50691700
2026-01-29,632.6500,633.6700,618.2700,629.4300,628.6373,79944000
2026-01-30,625.7100,628.2600,619.3000,621.8700,621.0869,65650700
2026-02-02,618.7000,628.4900,618.6600,626.1400,625.3515,49020300
2026-02-03,628.3000,629.9800,610.9600,616.5200,615.7436,81234000
2026-02-04,615.0200,615.1000,600.4700,605.7500,604.9872,81850700
2026-02-05,600.2100,604.8100,594.7600,597.0300,596.2782,89354500
2026-02-06,600.1900,611.4100,598.7700,609.6500,608.8823,78019300
2026-02-09,607.5400,616.4600,605.0700,614.3200,613.5464,56797600
2026-02-10,615.3100,617.0200,611.0100,611.4700,610.7000,53938900
2026-02-11,616.3800,617.5200,607.6900,613.1100,612.3379,58575100
2026-02-12,614.7100,615.8100,599.5700,600.6400,599.8836,81378900
2026-02-13,600.4300,606.4800,596.4200,601.9200,601.1620,69237500
2026-02-17,598.3800,603.9500,593.3400,601.3000,600.5427,69013800
2026-02-18,602.1100,609.7700,600.7200,605.7900,605.0271,64250700
2026-02-19,602.8100,605.8200,600.7500,603.4700,602.7100,60960800
2026-02-20,600.1200,610.3500,599.2300,608.8100,608.0433,74127300
2026-02-23,606.6100,608.0100,599.0500,601.4100,600.6526,63859100
2026-02-24,602.4000,608.9900,599.7300,607.8700,607.1045,55023700
2026-02-25,611.0700,616.8300,611.0000,616.6800,615.9034,55710700
2026-02-26,615.5900,615.5900,603.9800,609.2400,608.4728,96178900
2026-02-27,602.9800,608.3200,602.1900,607.2900,606.5252,68125200
2026-03-02,598.8600,609.9200,597.9900,608.0900,607.3242,75264600
2026-03-03,596.3300,603.9600,591.8700,601.5800,600.8224,97015500
2026-03-04,604.1600,612.8800,603.4300,610.7500,609.9809,70943900
2026-03-05,607.4000,612.7600,602.2600,608.9100,608.1431,89602400
2026-03-06,600.3100,606.0000,598.3300,599.7500,598.9947,86302300
2026-03-09,594.2300,609.2700,591.3300,607.7600,606.9946,93068200
2026-03-10,607.7800,613.2900,605.4200,607.7700,607.0046,64078900
2026-03-11,608.9500,612.4300,605.0300,607.6900,606.9247,60114800
2026-03-12,602.7600,604.1400,597.0500,597.2600,596.5079,71836600
2026-03-13,599.7300,603.6000,592.5700,593.7200,592.9723,63145500
2026-03-16,600.0400,603.8600,599.1100,600.3800,599.6239,49077200
2026-03-17,603.1400,605.9000,601.8700,603.3100,602.5502,47106600
2026-03-18,601.4900,603.1600,594.5600,594.9000,594.1509,56128000
2026-03-19,589.5100,595.8000,587.0800,593.0200,592.2732,75597600
2026-03-20,591.0600,591.1700,578.5400,582.0600,581.3270,91964700
2026-03-23,590.5200,595.0800,585.9600,588.0000,588.0000,89936100
2026-03-24,584.8100,587.9300,581.9300,583.9800,583.9800,57750900
2026-03-25,589.1400,591.3700,585.6900,587.8200,587.8200,60475500
2026-03-26,582.6000,584.6300,573.4300,573.7900,573.7900,81492100
2026-03-27,570.8100,571.0200,561.5700,562.5800,562.5800,82702200
2026-03-30,567.3800,568.0500,555.6000,558.2800,558.2800,70602600
2026-03-31,564.2900,578.6400,564.2100,577.1800,577.1800,95878000
2026-04-01,581.4800,587.7400,580.4200,584.3100,584.3100,79435100
2026-04-02,573.9700,586.0500,571.9200,584.9800,584.9800,50941700
2026-04-06,586.2300,590.6100,584.6900,588.5000,588.5000,35108500
2026-04-07,585.6400,588.9800,578.4000,588.5900,588.5900,49948200
2026-04-08,608.7100,609.9000,602.1200,606.0900,606.0900,63086000
2026-04-09,605.9300,610.5000,603.0300,610.1900,610.1900,37837500
2026-04-10,611.8400,613.6700,609.5800,611.0700,611.0700,34038500
2026-04-13,609.4800,626.7400,608.1100,617.3900,617.3900,32972100
2026-04-14,620.2200,628.6000,620.1000,628.6000,628.6000,49921100
2026-04-15,629.0800,637.8300,628.2000,637.4000,637.4000,50102400
2026-04-16,639.2100,642.1800,635.2600,640.4700,640.4700,42320600
2026-04-17,645.5900,650.0000,644.0700,648.8500,648.8500,53488900
2026-04-20,648.0400,648.7600,642.5200,646.7900,646.7900,37138500
2026-04-21,648.4100,650.2000,642.2100,644.3300,644.3300,39580500
2026-04-22,650.1500,655.3300,648.5200,655.1100,655.1100,37368400
2026-04-23,653.5500,656.9200,645.5200,651.4200,651.4200,40099800
2026-04-24,658.5100,664.5100,656.5300,663.8800,663.8800,45563100
2026-04-27,663.4000,664.4300,660.6900,664.2300,664.2300,32717000
2026-04-28,657.4100,659.6400,653.8100,657.5500,657.5500,34147900
2026-04-29,658.6300,661.7200,656.5900,661.5700,661.5700,31724900
2026-04-30,665.3500,668.9000,657.5600,667.7400,667.7400,40622200
2026-05-01,669.1600,675.9700,668.8000,674.1500,674.1500,39172600
2026-05-04,674.6600,676.7300,668.9000,672.8800,672.8800,34542000
2026-05-05,677.9600,682.7700,677.5100,681.6100,681.6100,37101100
2026-05-06,687.7800,695.9300,686.4800,695.7700,695.7700,38778500
2026-05-07,696.5800,701.2400,691.7700,694.9400,694.9400,43779100
2026-05-08,699.9200,711.2300,699.5000,711.2300,711.2300,44320400
2026-05-11,710.3600,714.5900,708.9100,713.2900,713.2900,36019100
2026-05-12,708.2200,710.1800,696.6400,707.2400,707.2400,45873000
2026-05-13,709.9600,716.6500,704.8300,714.7100,714.7100,40012500
2026-05-14,714.6200,722.0300,714.2200,719.7900,719.7900,33327500
2026-05-15,710.1400,715.1300,705.5500,708.9300,708.9300,51687900
