Date,Open,High,Low,Close,AdjClose,Volume
1999-01-04,3.6250,3.6875,3.5000,3.5312,2.5633,10164000
1999-01-05,3.5547,3.7188,3.5469,3.6875,2.6767,10439200
1999-01-06,3.6953,3.8828,3.6406,3.8672,2.8071,15497600
1999-01-07,3.8438,3.8672,3.6719,3.7500,2.7220,9455200
1999-01-08,3.7188,3.7422,3.5078,3.5625,2.5859,10565600
1999-01-11,3.5312,3.5938,3.5156,3.5469,2.5746,8642400
1999-01-12,3.5391,3.5781,3.4766,3.5625,2.5859,8180000
1999-01-13,3.4375,3.5938,3.3828,3.5703,2.5916,6044800
1999-01-14,3.5547,3.7734,3.5547,3.6094,2.6200,9890400
1999-01-15,3.7031,3.7422,3.5938,3.5938,2.6086,7826400
1999-01-19,3.6250,3.7422,3.6250,3.7344,2.7107,6204800
1999-01-20,3.7031,3.7188,3.5625,3.6172,2.6256,7352000
1999-01-21,3.5312,3.5859,3.5312,3.5625,2.5859,10436000
1999-01-22,3.5625,3.6719,3.5625,3.6484,2.6483,9986400
1999-01-25,3.6250,3.7422,3.6250,3.7422,2.7164,4648800
1999-01-26,3.7109,3.8594,3.6875,3.7500,2.7220,11726400
1999-01-27,3.6250,3.7422,3.6250,3.6719,2.6653,8675200
1999-01-28,3.6406,3.7266,3.6328,3.6562,2.6540,8960800
1999-01-29,3.6875,3.7109,3.6406,3.6953,2.6823,7974400
1999-02-01,3.6875,3.6875,3.5625,3.5938,2.6086,8623200
1999-02-02,3.5156,3.6484,3.5156,3.6328,2.6370,8295200
1999-02-03,3.6250,3.8984,3.6250,3.8906,2.8241,9820800
1999-02-04,3.9062,3.9844,3.7188,3.7500,2.7220,14827200
1999-02-05,3.7656,3.8516,3.7500,3.8281,2.7787,8641600
1999-02-08,3.8281,3.9062,3.7578,3.8750,2.8128,7644800
1999-02-09,3.8281,3.8594,3.6094,3.6562,2.6566,9256000
1999-02-10,3.6562,3.7031,3.6250,3.6719,2.6679,8394400
1999-02-11,3.6406,3.7188,3.5781,3.7031,2.6906,11291200
1999-02-12,3.7188,3.7188,3.5625,3.5938,2.6111,4672000
1999-02-16,3.5625,3.6797,3.5547,3.6797,2.6736,5946400
1999-02-17,3.6406,3.6719,3.5156,3.5234,2.5601,5423200
1999-02-18,3.5469,3.5781,3.4141,3.4766,2.5260,5759200
1999-02-19,3.4844,3.5469,3.4688,3.4922,2.5374,11502400
1999-02-22,3.5000,3.8047,3.4922,3.7812,2.7474,8247200
1999-02-23,3.7500,3.7500,3.5938,3.6484,2.6509,7125600
1999-02-24,3.6250,3.6797,3.5703,3.6172,2.6282,6296000
1999-02-25,3.5859,3.5859,3.3828,3.5391,2.5714,5920800
1999-02-26,3.6094,3.6406,3.5234,3.5703,2.5941,6029600
1999-03-01,3.5469,3.7969,3.5391,3.7734,2.7417,11150400
1999-03-02,3.8438,3.9844,3.7812,3.8594,2.8041,15622400
1999-03-03,3.8906,4.0859,3.8750,3.9922,2.9006,18684000
1999-03-04,4.0938,4.1172,3.9844,4.0000,2.9063,15561600
1999-03-05,4.1250,4.2188,4.1250,4.1953,3.0482,14873600
1999-03-08,4.2266,4.2266,4.1250,4.1562,3.0198,9081600
1999-03-09,4.1250,4.3281,4.0938,4.2891,3.1163,11816800
1999-03-10,4.2891,4.4062,4.2578,4.4062,3.2015,9914400
1999-03-11,4.4062,4.4219,4.0625,4.1719,3.0312,10940800
1999-03-12,4.2031,4.3438,4.0391,4.0781,2.9631,12246400
1999-03-15,4.0625,4.1094,4.0547,4.1016,2.9801,8008000
1999-03-16,4.0000,4.0547,3.9766,4.0000,2.9063,7918400
1999-03-17,3.9688,4.2188,3.8750,4.2188,3.0653,9078400
1999-03-18,4.1875,4.2109,4.0000,4.1875,3.0426,4876000
1999-03-19,4.1719,4.1875,4.0703,4.0781,2.9631,6721600
1999-03-22,4.0625,4.1250,4.0469,4.0625,2.9517,4313600
1999-03-23,4.0781,4.1172,4.0312,4.0703,2.9574,7450400
1999-03-24,4.0781,4.1562,3.9688,4.0234,2.9233,9478400
1999-03-25,4.0156,4.2656,4.0000,4.2266,3.0709,11711200
1999-03-26,4.2188,4.2812,4.2031,4.2578,3.0936,5455200
1999-03-29,4.2891,4.4219,4.2734,4.3750,3.1788,7003200
1999-03-30,4.2344,4.3594,4.2188,4.2344,3.0766,7967200
1999-03-31,4.2656,4.3047,4.2500,4.2500,3.0880,8461600
1999-04-01,4.2266,4.2500,4.1719,4.2031,3.0539,7209600
1999-04-05,4.2812,4.2969,4.1953,4.2734,3.1050,7105600
1999-04-06,4.2812,4.4375,4.2188,4.4297,3.2185,14977600
1999-04-07,4.4219,4.4375,4.3203,4.3672,3.1731,9090400
1999-04-08,4.3984,4.4844,4.3594,4.4375,3.2242,10207200
1999-04-09,4.4453,4.5000,4.3594,4.4688,3.2469,9691200
1999-04-12,4.4688,4.5938,4.4375,4.5469,3.3037,7516800
1999-04-13,4.5312,4.6250,4.4219,4.4297,3.2185,6441600
1999-04-14,4.4141,4.4688,4.2344,4.2500,3.0880,8986400
1999-04-15,4.2266,4.3047,4.1094,4.1484,3.0142,9690400
1999-04-16,4.1094,4.2422,4.0938,4.1094,2.9858,7866400
1999-04-19,4.1094,4.2656,3.9062,3.9219,2.8496,10828800
1999-04-20,3.9531,4.0703,3.9531,3.9844,2.8950,10112800
1999-04-21,4.0547,4.2109,4.0312,4.2031,3.0539,5456000
1999-04-22,4.2266,4.2500,4.1172,4.1719,3.0312,4177600
1999-04-23,4.1250,4.2812,4.1250,4.2812,3.1107,5540000
1999-04-26,4.2812,4.3281,4.1719,4.2266,3.0709,6592800
1999-04-27,4.2500,4.2969,4.1406,4.2656,3.0993,5360000
1999-04-28,4.2031,4.2578,4.0234,4.0391,2.9347,7092800
1999-04-29,4.0469,4.2344,4.0469,4.0781,2.9631,12217600
1999-04-30,4.1250,4.2734,4.1250,4.1641,3.0255,9105600
1999-05-03,4.1406,4.1562,4.0078,4.0938,2.9744,11490400
1999-05-04,4.0312,4.2578,4.0156,4.1484,3.0142,7439200
1999-05-05,4.1797,4.2266,4.0312,4.0703,2.9574,8374400
1999-05-06,4.0625,4.0625,3.7422,3.8125,2.7701,22561600
1999-05-07,3.8125,3.9531,3.6719,3.9297,2.8552,18399200
1999-05-10,3.8984,3.8984,3.7266,3.7500,2.7247,13944800
1999-05-11,3.7969,3.8594,3.7266,3.7812,2.7506,12713600
1999-05-12,3.8125,3.8594,3.7344,3.7812,2.7506,8407200
1999-05-13,3.8125,3.9219,3.7812,3.7891,2.7563,10270400
1999-05-14,3.7734,3.7734,3.6484,3.6875,2.6824,7037600
1999-05-17,3.7031,3.7422,3.5938,3.7422,2.7222,10244000
1999-05-18,3.7188,3.8594,3.6328,3.6641,2.6653,17553600
1999-05-19,3.7422,3.7969,3.6797,3.7109,2.6994,15128000
1999-05-20,3.7812,3.8672,3.7422,3.7500,2.7279,22276000
1999-05-21,3.7500,3.7969,3.6875,3.7188,2.7051,18112000
1999-05-24,3.7891,3.7891,3.5938,3.5938,2.6142,16152800
1999-05-25,3.6250,3.7031,3.6250,3.6328,2.6426,19796800
1999-05-26,3.6641,3.7188,3.6406,3.6641,2.6653,15411200
1999-05-27,3.6484,3.7734,3.6406,3.7031,2.6938,11092000
1999-05-28,3.7031,3.8203,3.7031,3.7500,2.7279,9196000
1999-06-01,3.7500,3.8672,3.7344,3.8672,2.8131,9587200
1999-06-02,3.8750,3.9375,3.7656,3.7812,2.7506,8137600
1999-06-03,3.8438,3.9375,3.8281,3.8750,2.8188,6074400
1999-06-04,3.8750,3.9219,3.8125,3.9141,2.8472,7125600
1999-06-07,3.8984,3.9062,3.8438,3.8438,2.7961,3413600
1999-06-08,3.8594,3.8594,3.7656,3.8125,2.7733,6281600
1999-06-09,3.8047,3.8359,3.7656,3.7812,2.7506,4445600
1999-06-10,3.7734,3.8203,3.7734,3.7891,2.7563,3540000
1999-06-11,3.8125,3.8516,3.7500,3.7969,2.7620,5180000
1999-06-14,3.8281,3.8594,3.7656,3.7812,2.7506,4382400
1999-06-15,3.7656,3.8438,3.7031,3.7031,2.6938,7204800
1999-06-16,3.7812,3.9219,3.7734,3.8594,2.8074,6420000
1999-06-17,3.8125,3.9219,3.8125,3.8672,2.8131,8468800
1999-06-18,3.8438,3.9219,3.8281,3.8672,2.8131,10100800
1999-06-21,3.8672,3.9609,3.8516,3.9609,2.8813,5321600
1999-06-22,3.9297,4.0156,3.9062,3.9922,2.9040,8853600
1999-06-23,3.9844,3.9844,3.8281,3.9141,2.8472,10484000
1999-06-24,3.9688,4.0625,3.9375,4.0391,2.9381,9692000
1999-06-25,4.0078,4.1562,4.0078,4.1328,3.0063,12724800
1999-06-28,4.1250,4.2969,4.0703,4.2500,3.0916,10149600
1999-06-29,4.2344,4.2969,4.1250,4.2969,3.1257,6496000
1999-06-30,4.2969,4.2969,4.1562,4.1641,3.0291,8836000
1999-07-01,4.2969,4.2969,4.1875,4.2500,3.0916,6460000
1999-07-02,4.2344,4.3750,4.2344,4.3438,3.1598,4432800
1999-07-06,4.3750,4.4922,4.2812,4.3125,3.1370,6632000
1999-07-07,4.3125,4.3516,4.2500,4.3047,3.1314,3967200
1999-07-08,4.3750,4.4531,4.2656,4.2656,3.1029,11014400
1999-07-09,4.2891,4.3203,4.0781,4.2109,3.0632,13832800
1999-07-12,4.2422,4.2734,4.1719,4.2578,3.0973,3761600
1999-07-13,4.2266,4.2656,4.1406,4.2266,3.0745,3356000
1999-07-14,4.2266,4.2969,4.1875,4.2578,3.0973,2567200
1999-07-15,4.2812,4.3828,4.2812,4.3203,3.1427,5578400
1999-07-16,4.3438,4.3750,4.2969,4.3359,3.1541,4572800
1999-07-19,4.3438,4.3516,4.2266,4.2578,3.0973,3305600
1999-07-20,4.2109,4.3047,4.0625,4.1016,2.9836,9263200
1999-07-21,4.1094,4.2500,4.1094,4.1641,3.0291,3473600
1999-07-22,4.1641,4.1875,4.0000,4.0703,2.9609,8376000
1999-07-23,4.0625,4.1328,4.0078,4.0312,2.9324,3837600
1999-07-26,4.0156,4.1328,3.9844,4.0625,2.9552,5038400
1999-07-27,4.0547,4.1641,4.0547,4.1172,2.9950,6422400
1999-07-28,4.1875,4.2578,4.1719,4.2422,3.0859,9459200
1999-07-29,4.1953,4.1953,4.0625,4.0781,2.9665,7387200
1999-07-30,4.0625,4.1797,4.0625,4.1328,3.0063,7676000
1999-08-02,4.1328,4.1875,4.1094,4.1406,3.0120,9648800
1999-08-03,4.1797,4.1797,4.0781,4.1094,2.9893,4432800
1999-08-04,4.1172,4.1172,3.9062,3.9297,2.8586,8099200
1999-08-05,3.9844,4.0000,3.7812,3.9531,2.8756,9308800
1999-08-06,3.9219,3.9219,3.8203,3.8672,2.8131,4780000
1999-08-09,3.8672,3.8672,3.5781,3.7109,2.6994,10213600
1999-08-10,3.7031,3.7188,3.4531,3.6953,2.6913,17753600
1999-08-11,3.7500,3.8125,3.6562,3.7812,2.7538,8485600
1999-08-12,3.7656,3.8125,3.7109,3.7109,2.7026,5188800
1999-08-13,3.8125,3.8125,3.7344,3.8125,2.7766,7527200
1999-08-16,3.8125,3.9219,3.8125,3.8281,2.7880,11472000
1999-08-17,3.8750,3.8906,3.6797,3.7266,2.7140,13414400
1999-08-18,3.7344,3.7969,3.7188,3.7344,2.7197,9254400
1999-08-19,3.7031,3.7891,3.6719,3.7188,2.7083,8380800
1999-08-20,3.7344,3.7812,3.7188,3.7812,2.7538,2480800
1999-08-23,3.7656,3.8672,3.7656,3.8203,2.7823,5144000
1999-08-24,3.8359,3.8672,3.7812,3.8672,2.8164,5920800
1999-08-25,3.8516,3.8750,3.7500,3.8750,2.8221,8912000
1999-08-26,3.8750,3.8750,3.6562,3.7422,2.7254,7292000
1999-08-27,3.7266,3.7656,3.6406,3.6797,2.6799,10811200
1999-08-30,3.6562,3.7344,3.6250,3.6797,2.6799,6352000
1999-08-31,3.7188,3.7188,3.5312,3.6094,2.6287,12972000
1999-09-01,3.6406,3.6875,3.5938,3.6250,2.6400,11839200
1999-09-02,3.5625,3.5859,3.5000,3.5625,2.5945,6456000
1999-09-03,3.6094,3.6406,3.5781,3.6016,2.6230,5969600
1999-09-07,3.6875,3.6875,3.5859,3.5859,2.6116,6805600
1999-09-08,3.5938,3.6797,3.5781,3.6562,2.6628,10285600
1999-09-09,3.6641,3.7500,3.6406,3.7109,2.7026,8638400
1999-09-10,3.7344,3.7422,3.6953,3.7422,2.7254,4809600
1999-09-13,3.7344,3.8203,3.7109,3.8047,2.7709,5796000
1999-09-14,3.8125,3.8359,3.7188,3.7422,2.7254,3823200
1999-09-15,3.7891,3.8281,3.6797,3.6797,2.6799,3133600
1999-09-16,3.6484,3.6797,3.5469,3.6094,2.6287,9697600
1999-09-17,3.5781,3.7969,3.5781,3.7578,2.7368,7364000
1999-09-20,3.7031,3.7266,3.6562,3.6641,2.6685,4266400
1999-09-21,3.6250,3.6484,3.4766,3.4844,2.5376,14496800
1999-09-22,3.5156,3.5938,3.4922,3.5469,2.5831,7835200
1999-09-23,3.5625,3.5625,3.4453,3.4453,2.5092,8164800
1999-09-24,3.4375,3.5312,3.4375,3.4766,2.5319,5980000
1999-09-27,3.5234,3.5625,3.5000,3.5234,2.5661,10424000
1999-09-28,3.5000,3.5781,3.5000,3.5469,2.5831,8112000
1999-09-29,3.5547,3.5625,3.4922,3.5156,2.5604,6688000
1999-09-30,3.4531,3.5234,3.4375,3.5078,2.5547,13800000
1999-10-01,3.5078,3.5078,3.4688,3.4922,2.5433,11896000
1999-10-04,3.5000,3.6641,3.5000,3.6484,2.6571,11042400
1999-10-05,3.6250,3.7188,3.6250,3.6562,2.6628,11707200
1999-10-06,3.6094,3.7031,3.6016,3.6641,2.6685,6108000
1999-10-07,3.6562,3.7422,3.6562,3.6953,2.6913,14080800
1999-10-08,3.6406,3.9062,3.6406,3.8672,2.8164,13724000
1999-10-11,3.8203,3.8594,3.7500,3.7500,2.7311,8132000
1999-10-12,3.7500,3.7656,3.7031,3.7188,2.7083,7949600
1999-10-13,3.7031,3.7266,3.5078,3.5391,2.5775,12507200
1999-10-14,3.6016,3.6016,3.5156,3.5391,2.5775,7633600
1999-10-15,3.5000,3.5000,3.3672,3.3828,2.4637,6884000
1999-10-18,3.3672,3.3906,3.2031,3.3594,2.4466,10151200
1999-10-19,3.4688,3.5234,3.3594,3.3750,2.4580,10867200
1999-10-20,3.3750,3.3906,3.3125,3.3594,2.4466,9157600
1999-10-21,3.3594,3.3672,3.2656,3.3359,2.4295,7765600
1999-10-22,3.3281,3.3594,3.2812,3.2812,2.3897,10616800
1999-10-25,3.2344,3.2734,3.2031,3.2500,2.3669,10644000
1999-10-26,3.2500,3.2500,3.0000,3.1250,2.2759,21872800
1999-10-27,3.1250,3.1328,3.0156,3.0781,2.2418,11115200
1999-10-28,3.1250,3.3359,3.1172,3.3281,2.4238,13425600
1999-10-29,3.3594,3.4219,3.3281,3.3906,2.4693,11203200
1999-11-01,3.4375,3.4766,3.2969,3.3438,2.4352,9240000
1999-11-02,3.3438,3.4062,3.2500,3.2500,2.3669,13196000
1999-11-03,3.2812,3.2891,3.1094,3.1328,2.2816,17420800
1999-11-04,3.1953,3.2656,3.1562,3.1797,2.3157,19053600
1999-11-05,3.2031,3.2891,3.1406,3.1562,2.2987,10484800
1999-11-08,3.0625,3.1250,2.9062,2.9219,2.1309,19486400
1999-11-09,2.9062,2.9766,2.8125,2.9375,2.1423,35361600
1999-11-10,2.9375,3.0703,2.8125,2.8594,2.0853,25724000
1999-11-11,2.8750,2.9375,2.8047,2.9375,2.1423,35587200
1999-11-12,3.0312,3.0312,2.9062,2.9141,2.1252,25624000
1999-11-15,2.9844,3.1094,2.9844,3.0781,2.2449,20434400
1999-11-16,3.0781,3.2031,2.9766,3.0312,2.2107,44087200
1999-11-17,3.0000,3.0000,2.7500,2.8672,2.0910,30158400
1999-11-18,2.8984,2.9375,2.8594,2.9219,2.1309,20045600
1999-11-19,2.9219,2.9844,2.8750,2.9062,2.1195,19602400
1999-11-22,2.9219,2.9375,2.8750,2.9141,2.1252,22966400
1999-11-23,2.9141,2.9219,2.6562,2.7578,2.0113,54607200
1999-11-24,2.7266,3.0000,2.6875,2.9766,2.1708,25167200
1999-11-26,2.9766,3.0781,2.9766,3.0781,2.2449,7260800
1999-11-29,3.0781,3.1719,3.0781,3.1094,2.2677,16856000
1999-11-30,3.1094,3.3281,3.1094,3.2734,2.3873,22449600
1999-12-01,3.1875,3.2266,2.9766,2.9844,2.1765,27072800
1999-12-02,2.5000,2.6562,2.3750,2.5781,1.8802,137053600
1999-12-03,2.5625,2.5781,2.3984,2.4688,1.8005,84529600
1999-12-06,2.3750,2.5156,2.3750,2.4922,1.8175,28128800
1999-12-07,2.4922,2.4922,2.4062,2.4453,1.7834,38325600
1999-12-08,2.4219,2.4453,2.3594,2.3906,1.7435,21135200
1999-12-09,2.3828,2.4141,2.3750,2.3750,1.7321,15573600
1999-12-10,2.3906,2.4609,2.3828,2.4141,1.7606,9565600
1999-12-13,2.4531,2.5000,2.4219,2.5000,1.8232,17918400
1999-12-14,2.5312,2.6328,2.5000,2.5469,1.8574,20600000
1999-12-15,2.5156,2.5938,2.4844,2.5625,1.8688,15384800
1999-12-16,2.5391,2.5547,2.4375,2.4375,1.7777,18852800
1999-12-17,2.4375,2.4531,2.4141,2.4297,1.7720,20062400
1999-12-20,2.4219,2.4297,2.2500,2.2734,1.6580,27820000
1999-12-21,2.2734,2.3281,2.1328,2.1719,1.5839,41456000
1999-12-22,2.1406,2.3750,2.0625,2.3281,1.6979,57432000
1999-12-23,2.2656,2.4453,2.2656,2.4297,1.7720,17885600
1999-12-27,2.4609,2.5234,2.4531,2.4922,1.8175,19408800
1999-12-28,2.4922,2.5312,2.4688,2.4688,1.8005,10128000
1999-12-29,2.5156,2.5156,2.4688,2.4844,1.8118,8956800
1999-12-30,2.5000,2.5391,2.4844,2.5312,1.8460,6594400
1999-12-31,2.5156,2.5859,2.5000,2.5547,1.8631,3789600
2000-01-03,2.5469,2.5625,2.4766,2.5391,1.8517,14484000
2000-01-04,2.5078,2.5312,2.3281,2.4062,1.7549,18216800
2000-01-05,2.4062,2.4297,2.3359,2.3359,1.7036,24022400
2000-01-06,2.5000,2.5938,2.4609,2.4766,1.8062,26992000
2000-01-07,2.4844,2.6016,2.4375,2.5391,1.8517,17420000
2000-01-10,2.5234,2.5391,2.4922,2.5000,1.8232,15232800
2000-01-11,2.5000,2.5234,2.4531,2.4609,1.7948,19578400
2000-01-12,2.4609,2.4688,2.4375,2.4375,1.7777,16377600
2000-01-13,2.4375,2.4609,2.3828,2.4375,1.7777,18737600
2000-01-14,2.4297,2.4922,2.4219,2.4609,1.7948,9264800
2000-01-18,2.4297,2.4453,2.3672,2.3828,1.7378,7888000
2000-01-19,2.4141,2.4219,2.2969,2.3047,1.6808,14485600
2000-01-20,2.3594,2.3750,2.2734,2.3125,1.6865,9239200
2000-01-21,2.2812,2.2891,2.1094,2.1562,1.5725,43389600
2000-01-24,2.0938,2.1484,2.0625,2.0781,1.5156,28382400
2000-01-25,2.0781,2.1484,2.0703,2.1250,1.5498,13167200
2000-01-26,2.1016,2.1875,2.1016,2.1719,1.5839,16465600
2000-01-27,2.1641,2.2266,2.1094,2.1406,1.5612,12228800
2000-01-28,2.1094,2.1172,2.0312,2.0391,1.4871,13932000
2000-01-31,2.0469,2.0625,2.0078,2.0391,1.4871,11296800
2000-02-01,2.0078,2.0859,2.0078,2.0781,1.5156,10495200
2000-02-02,2.0859,2.2188,2.0078,2.1875,1.5953,11921600
2000-02-03,2.1562,2.3203,2.1250,2.2734,1.6580,22321600
2000-02-04,2.2734,2.3281,2.1562,2.2891,1.6694,21488800
2000-02-07,2.2344,2.2422,2.1172,2.1484,1.5669,17973600
2000-02-08,2.1719,2.2188,2.1719,2.1953,1.6043,13179200
2000-02-09,2.1875,2.1875,2.1250,2.1328,1.5586,9064800
2000-02-10,2.1250,2.1875,2.0469,2.1562,1.5758,9249600
2000-02-11,2.1719,2.1719,2.0469,2.0938,1.5301,9435200
2000-02-14,2.1016,2.1094,2.0391,2.0859,1.5244,6545600
2000-02-15,2.0859,2.0859,2.0156,2.0391,1.4901,9323200
2000-02-16,2.0469,2.0469,1.9375,1.9531,1.4273,13372000
2000-02-17,1.9453,2.0234,1.8750,1.8984,1.3874,15456000
2000-02-18,1.9219,1.9531,1.8750,1.8906,1.3816,13061600
2000-02-22,1.9219,1.9219,1.8438,1.8594,1.3588,8357600
2000-02-23,1.8750,1.8984,1.8359,1.8359,1.3417,6146400
2000-02-24,1.8125,1.8281,1.7422,1.7812,1.3017,10845600
2000-02-25,1.7812,1.8438,1.7422,1.7656,1.2903,13180800
2000-02-28,1.7656,1.8750,1.7656,1.8750,1.3702,24096000
2000-02-29,1.8906,2.0312,1.8906,1.9922,1.4559,26546400
2000-03-01,2.0234,2.0781,1.9531,2.0625,1.5072,27174400
2000-03-02,2.0703,2.1641,2.0625,2.0938,1.5301,15819200
2000-03-03,2.0312,2.1562,1.9453,2.1172,1.5472,11916000
2000-03-06,2.0938,2.0938,2.0156,2.0469,1.4958,7564000
2000-03-07,2.0312,2.0391,1.9375,1.9531,1.4273,8252000
2000-03-08,1.8750,1.9688,1.8516,1.9688,1.4387,17496800
2000-03-09,1.9375,1.9609,1.9062,1.9531,1.4273,25407200
2000-03-10,1.9141,1.9375,1.8984,1.9062,1.3931,16752800
2000-03-13,1.8906,1.8906,1.8125,1.8750,1.3702,18860000
2000-03-14,1.8672,1.9219,1.8438,1.8906,1.3816,15794400
2000-03-15,1.8594,2.1484,1.8438,2.1250,1.5529,27708800
2000-03-16,2.2188,2.6250,2.1953,2.5000,1.8270,50528800
2000-03-17,2.5156,2.5234,2.3750,2.3750,1.7356,31469600
2000-03-20,2.4062,2.4688,2.3750,2.4609,1.7984,13784800
2000-03-21,2.4922,2.5312,2.4609,2.5000,1.8270,29170400
2000-03-22,2.4922,2.5000,2.4375,2.4922,1.8213,20886400
2000-03-23,2.4922,2.5000,2.4453,2.4922,1.8213,12995200
2000-03-24,2.5000,2.6172,2.4844,2.6094,1.9069,19417600
2000-03-27,2.5859,2.6328,2.5625,2.5859,1.8898,18944000
2000-03-28,2.6172,2.8047,2.6016,2.6328,1.9240,20434400
2000-03-29,2.6562,2.6719,2.5781,2.6406,1.9297,21820800
2000-03-30,2.6328,3.0000,2.6328,2.8672,2.0953,36228800
2000-03-31,2.8906,3.0703,2.7656,2.7734,2.0268,44549600
2000-04-03,2.8125,3.0000,2.8125,2.9766,2.1752,18180000
2000-04-04,2.9766,3.0547,2.7812,2.9141,2.1296,21895200
2000-04-05,2.9453,2.9844,2.8828,2.9609,2.1638,9339200
2000-04-06,2.9531,2.9609,2.8125,2.8750,2.1010,29628000
2000-04-07,2.8750,2.9453,2.8203,2.8594,2.0896,18076800
2000-04-10,2.8203,2.8281,2.7500,2.7734,2.0268,22452000
2000-04-11,2.7500,2.7656,2.6641,2.7188,1.9868,20360800
2000-04-12,2.7188,2.7891,2.6953,2.6953,1.9697,18223200
2000-04-13,2.7266,2.7656,2.6328,2.6328,1.9240,26545600
2000-04-14,2.6250,2.6328,2.4219,2.4688,1.8041,21734400
2000-04-17,2.5000,2.5234,2.4766,2.5000,1.8270,16349600
2000-04-18,2.5000,2.5469,2.4844,2.5156,1.8384,9162400
2000-04-19,2.5469,2.5859,2.5234,2.5547,1.8669,7352800
2000-04-20,2.5781,2.5859,2.5391,2.5625,1.8726,11044000
2000-04-24,2.5312,2.5859,2.5234,2.5547,1.8669,11687200
2000-04-25,2.5234,2.5391,2.4688,2.4766,1.8098,21580800
2000-04-26,2.4922,2.5000,2.3047,2.3203,1.6957,20153600
2000-04-27,2.2500,2.3047,2.1719,2.2500,1.6443,18437600
2000-04-28,2.4062,2.4844,2.3672,2.3984,1.7527,15627200
2000-05-01,2.4141,2.4297,2.3828,2.4219,1.7699,13691200
2000-05-02,2.3750,2.3984,2.2578,2.3828,1.7413,17750400
2000-05-03,2.3281,2.3281,2.2266,2.2344,1.6329,19820000
2000-05-04,2.3438,2.3906,2.2969,2.3359,1.7071,13243200
2000-05-05,2.3047,2.4062,2.3047,2.3516,1.7185,9849600
2000-05-08,2.3438,2.3516,2.2500,2.2734,1.6614,16074400
2000-05-09,2.3047,2.3438,2.2812,2.3203,1.6994,8495200
2000-05-10,2.2969,2.3203,2.2656,2.2812,1.6708,9864800
2000-05-11,2.2656,2.2812,2.2031,2.2500,1.6479,11016800
2000-05-12,2.2656,2.2812,2.2422,2.2578,1.6536,9217600
2000-05-15,2.2656,2.4375,2.2656,2.4375,1.7852,13791200
2000-05-16,2.5469,2.5781,2.4688,2.5000,1.8310,19102400
2000-05-17,2.4688,2.5000,2.4453,2.4531,1.7967,14739200
2000-05-18,2.3906,2.5078,2.3906,2.5000,1.8310,16905600
2000-05-19,2.4766,2.5781,2.4766,2.5625,1.8768,15934400
2000-05-22,2.5781,2.6094,2.5234,2.5469,1.8653,8154400
2000-05-23,2.5625,2.7109,2.5547,2.6484,1.9397,11828800
2000-05-24,2.6641,2.6641,2.5703,2.6094,1.9111,17385600
2000-05-25,2.6094,2.6562,2.5938,2.6094,1.9111,12440000
2000-05-26,2.6094,2.6094,2.5859,2.5859,1.8939,3437600
2000-05-30,2.5938,2.6719,2.5859,2.6328,1.9283,4646400
2000-05-31,2.6641,2.7734,2.6406,2.7031,1.9798,6007200
2000-06-01,2.6562,2.7969,2.6484,2.7422,2.0084,9860800
2000-06-02,2.7500,2.7891,2.7422,2.7812,2.0370,6104800
2000-06-05,2.7812,2.7969,2.7188,2.7188,1.9912,5858400
2000-06-06,2.6719,2.6719,2.5234,2.5391,1.8596,8768800
2000-06-07,2.5547,2.6797,2.5547,2.6484,1.9397,6613600
2000-06-08,2.6562,2.6562,2.5547,2.6094,1.9111,7303200
2000-06-09,2.5938,2.6406,2.5938,2.5938,1.8997,5076800
2000-06-12,2.6250,2.6250,2.5078,2.5156,1.8424,5986400
2000-06-13,2.4922,2.5000,2.4453,2.4922,1.8253,7775200
2000-06-14,2.4688,2.4922,2.4062,2.4453,1.7909,10728000
2000-06-15,2.4531,2.5625,2.4531,2.5156,1.8424,6537600
2000-06-16,2.5156,2.5234,2.4609,2.5000,1.8310,14128800
2000-06-19,2.4922,2.5078,2.4375,2.4453,1.7909,7685600
2000-06-20,2.4375,2.4375,2.3281,2.3281,1.7051,11052000
2000-06-21,2.3594,2.3828,2.2734,2.2969,1.6822,14386400
2000-06-22,2.3281,2.3672,2.2891,2.2891,1.6765,15035200
2000-06-23,2.3125,2.3203,2.2812,2.3203,1.6994,12373600
2000-06-26,2.3125,2.3594,2.2969,2.3047,1.6879,6770400
2000-06-27,2.3203,2.4062,2.3125,2.3984,1.7566,11615200
2000-06-28,2.3906,2.4062,2.3359,2.3770,1.7409,7752800
2000-06-29,2.3594,2.3672,2.3203,2.3438,1.7166,4445600
2000-06-30,2.3281,2.3906,2.3281,2.3438,1.7166,15845600
2000-07-03,2.3281,2.3359,2.3047,2.3203,1.6994,3979200
2000-07-05,2.3047,2.3125,2.2344,2.2891,1.6765,6499200
2000-07-06,2.2656,2.2891,2.2109,2.2500,1.6479,17416800
2000-07-07,2.2812,2.2812,2.2188,2.2734,1.6651,27703200
2000-07-10,2.2734,2.2812,2.2109,2.2812,1.6708,22993600
2000-07-11,2.2812,2.3125,2.2344,2.3125,1.6937,16064800
2000-07-12,2.3125,2.3125,2.2812,2.3047,1.6879,8149600
2000-07-13,2.3047,2.3203,2.2656,2.3125,1.6937,12140000
2000-07-14,2.2969,2.3281,2.2812,2.3281,1.7051,7180000
2000-07-17,2.3281,2.3281,2.2422,2.2656,1.6593,7552800
2000-07-18,2.2656,2.2812,2.2188,2.2422,1.6422,8664800
2000-07-19,2.2422,2.2422,2.1641,2.1797,1.5964,14768800
2000-07-20,2.2031,2.2109,2.1016,2.1406,1.5678,24919200
2000-07-21,2.1484,2.1953,2.1406,2.1484,1.5735,12356800
2000-07-24,2.1484,2.1953,2.1406,2.1875,1.6021,17780800
2000-07-25,2.1875,2.2031,2.1406,2.1484,1.5735,15572800
2000-07-26,2.1406,2.1875,2.1406,2.1562,1.5792,16120000
2000-07-27,2.1797,2.1953,2.1016,2.1172,1.5506,18575200
2000-07-28,2.0781,2.1094,2.0000,2.0234,1.4820,28556000
2000-07-31,2.0625,2.1094,2.0469,2.0938,1.5335,12873600
2000-08-01,2.0625,2.0938,2.0156,2.0312,1.4877,11684000
2000-08-02,2.0156,2.1211,2.0156,2.0938,1.5335,10177600
2000-08-03,2.0938,2.1484,2.0312,2.0312,1.4877,20838400
2000-08-04,2.0625,2.0625,1.9766,2.0078,1.4705,20959200
2000-08-07,2.0000,2.1328,1.9922,2.1172,1.5506,13138400
2000-08-08,2.1094,2.2500,2.1094,2.2109,1.6231,15715200
2000-08-09,2.2188,2.2188,2.1484,2.1875,1.6059,18500000
2000-08-10,2.1719,2.1797,2.1016,2.1016,1.5428,15093600
2000-08-11,2.0938,2.1875,2.0938,2.1641,1.5887,13938400
2000-08-14,2.1562,2.1719,2.0938,2.1719,1.5944,19681600
2000-08-15,2.1875,2.2031,2.1094,2.1094,1.5486,19424800
2000-08-16,2.1250,2.1406,2.1016,2.1328,1.5658,16945600
2000-08-17,2.1406,2.1719,2.1328,2.1641,1.5887,25502400
2000-08-18,2.1641,2.1641,2.1484,2.1562,1.5830,16007200
2000-08-21,2.1562,2.1875,2.1562,2.1797,1.6002,6924800
2000-08-22,2.1875,2.2266,2.1797,2.2188,1.6289,7669600
2000-08-23,2.2188,2.3594,2.2188,2.3359,1.7149,21364800
2000-08-24,2.3359,2.3438,2.2812,2.3047,1.6919,21323200
2000-08-25,2.3047,2.3359,2.3047,2.3125,1.6977,5734400
2000-08-28,2.2969,2.3281,2.2812,2.2812,1.6747,10559200
2000-08-29,2.2812,2.3047,2.2578,2.2812,1.6747,16126400
2000-08-30,2.2969,2.3125,2.2812,2.3047,1.6919,7344000
2000-08-31,2.2969,2.3828,2.2656,2.3535,1.7278,18947200
2000-09-01,2.3516,2.5312,2.3516,2.4922,1.8296,11868800
2000-09-05,2.4922,2.6172,2.4844,2.5938,1.9042,10949600
2000-09-06,2.5781,2.6016,2.5547,2.5625,1.8812,14427200
2000-09-07,2.5625,2.6875,2.5625,2.6562,1.9500,16331200
2000-09-08,2.7734,2.7969,2.7500,2.7578,2.0246,10237600
2000-09-11,2.7422,2.7500,2.6875,2.7031,1.9844,9432800
2000-09-12,2.7266,2.7500,2.7109,2.7500,2.0189,11209600
2000-09-13,2.7578,2.8359,2.7578,2.8047,2.0590,5596800
2000-09-14,2.8203,2.8359,2.7891,2.8203,2.0705,6351200
2000-09-15,2.8672,2.8828,2.8047,2.8281,2.0762,13888800
2000-09-18,2.8594,2.8594,2.7500,2.7500,2.0189,7976800
2000-09-19,2.7188,2.7344,2.6328,2.6641,1.9558,8520000
2000-09-20,2.6641,2.6797,2.6328,2.6562,1.9500,7199200
2000-09-21,2.6562,2.7812,2.6406,2.7734,2.0361,11818400
2000-09-22,2.7734,2.8203,2.7266,2.7656,2.0303,8021600
2000-09-25,2.7969,2.8594,2.7812,2.8047,2.0590,7283200
2000-09-26,2.8125,2.8281,2.7344,2.7500,2.0189,12717600
2000-09-27,2.7500,2.7578,2.6406,2.6797,1.9672,22944000
2000-09-28,2.6953,2.7578,2.6953,2.7422,2.0131,7696800
2000-09-29,2.7500,2.8203,2.7422,2.8125,2.0647,6129600
2000-10-02,2.8203,2.9688,2.8203,2.8203,2.0705,9492000
2000-10-03,2.8203,2.8906,2.8203,2.8672,2.1049,7280800
2000-10-04,2.8672,3.2031,2.8672,3.0391,2.2311,35366400
2000-10-05,3.2500,3.2891,3.1406,3.2109,2.3572,26942400
2000-10-06,3.2422,3.2422,3.0547,3.0859,2.2655,20085600
2000-10-09,3.1016,3.1172,3.0625,3.0938,2.2712,12187200
2000-10-10,3.0859,3.0938,3.0312,3.0391,2.2311,11436000
2000-10-11,3.0078,3.0156,2.8750,2.9219,2.1450,12628000
2000-10-12,2.9062,2.9141,2.8438,2.8828,2.1164,20308000
2000-10-13,2.8906,3.0312,2.8828,2.9375,2.1565,9182400
2000-10-16,2.9531,3.1250,2.9453,3.0391,2.2311,11832800
2000-10-17,3.0469,3.0547,2.8750,2.8984,2.1278,12966400
2000-10-18,2.8750,3.0000,2.8672,2.9531,2.1680,12331200
2000-10-19,2.9688,3.0938,2.9688,3.0859,2.2655,8630400
2000-10-20,3.1016,3.1016,3.0078,3.0078,2.2081,8976800
2000-10-23,3.0078,3.0625,2.9844,3.0391,2.2311,8408800
2000-10-24,3.0469,3.2031,3.0469,3.1953,2.3458,8068800
2000-10-25,3.1875,3.1875,3.1016,3.1250,2.2942,15268800
2000-10-26,3.1250,3.1641,3.1172,3.1484,2.3114,5775200
2000-10-27,3.1484,3.1875,3.1484,3.1875,2.3400,5846400
2000-10-30,3.1875,3.3750,3.1875,3.2734,2.4031,9960800
2000-10-31,3.2891,3.4297,3.2891,3.4062,2.5006,12412000
2000-11-01,3.4219,3.4375,3.3047,3.3516,2.4605,14724000
2000-11-02,3.3359,3.4766,3.3203,3.4609,2.5408,15237600
2000-11-03,3.4844,3.5000,3.4062,3.4219,2.5121,15877600
2000-11-06,3.4219,3.6250,3.4219,3.6172,2.6555,23108000
2000-11-07,3.6250,3.6797,3.5859,3.6406,2.6764,21449600
2000-11-08,3.6719,3.9375,3.6719,3.7188,2.7338,36545600
2000-11-09,3.6875,3.6875,3.3906,3.4766,2.5558,16743200
2000-11-10,3.4922,3.4922,3.3828,3.3828,2.4869,10675200
2000-11-13,3.3516,3.5234,3.3125,3.5156,2.5845,9580000
2000-11-14,3.5469,3.6094,2.8125,3.0391,2.2342,114961600
2000-11-15,3.0938,3.2266,3.0469,3.2109,2.3605,25321600
2000-11-16,3.1875,3.2266,3.1797,3.2188,2.3663,8201600
2000-11-17,3.2812,3.2812,3.1875,3.2266,2.3720,8479200
2000-11-20,3.2188,3.2344,3.0547,3.0781,2.2629,9172000
2000-11-21,3.0938,3.1250,3.0859,3.0938,2.2744,11735200
2000-11-22,3.0938,3.1484,3.0859,3.1250,2.2973,6595200
2000-11-24,3.1406,3.1406,3.1016,3.1406,2.3088,2480800
2000-11-27,3.1484,3.3203,3.1484,3.3125,2.4352,13741600
2000-11-28,3.3125,3.3203,3.0938,3.1406,2.3088,18801600
2000-11-29,3.1719,3.1797,3.0859,3.0938,2.2744,14211200
2000-11-30,3.1016,3.2188,3.1016,3.2031,2.3548,25686400
2000-12-01,3.4375,3.4375,3.2578,3.2812,2.4122,14481600
2000-12-04,3.2969,3.4844,3.2891,3.4453,2.5328,16308000
2000-12-05,3.5000,3.6641,3.4453,3.6562,2.6879,17222400
2000-12-06,3.6484,3.6562,3.5156,3.5156,2.5845,12130400
2000-12-07,3.5234,3.5547,3.4297,3.4688,2.5500,6341600
2000-12-08,3.5000,3.5156,3.4609,3.4766,2.5558,10621600
2000-12-11,3.3750,3.3750,3.2734,3.3359,2.4524,9277600
2000-12-12,3.2812,3.4219,3.2500,3.3516,2.4639,5884000
2000-12-13,3.4062,3.4062,3.2656,3.2891,2.4179,9288000
2000-12-14,3.2891,3.2891,3.0781,3.1094,2.2858,25936800
2000-12-15,2.9844,3.0859,2.9844,3.0312,2.2284,22756800
2000-12-18,3.0625,3.1484,3.0625,3.1328,2.3031,5469600
2000-12-19,3.1406,3.1484,2.9844,2.9922,2.1997,23902400
2000-12-20,3.0078,3.0391,2.9844,3.0078,2.2112,12153600
2000-12-21,3.0703,3.2188,3.0547,3.1641,2.3261,13784800
2000-12-22,3.1797,3.2734,3.1641,3.2031,2.3548,7368800
2000-12-26,3.2266,3.3359,3.2266,3.2812,2.4122,7648800
2000-12-27,3.2812,3.6484,3.2812,3.5625,2.6190,21604800
2000-12-28,3.5547,3.5547,3.4766,3.5156,2.5845,7287200
2000-12-29,3.5078,3.6172,3.4688,3.4688,2.5500,10660800
2001-01-02,3.5000,3.5703,3.4297,3.4297,2.5213,6704000
2001-01-03,3.4375,3.7656,3.4219,3.7109,2.7281,14215200
2001-01-04,3.6250,3.7578,3.6016,3.6797,2.7051,22256000
2001-01-05,3.6484,3.6484,3.4141,3.5469,2.6075,12950400
2001-01-08,3.5625,3.6094,3.5156,3.5703,2.6247,6118400
2001-01-09,3.5938,3.7422,3.5938,3.6953,2.7166,12219200
2001-01-10,3.7031,3.7422,3.6641,3.6719,2.6994,12905600
2001-01-11,3.6562,3.6719,3.6094,3.6172,2.6592,10503200
2001-01-12,3.6172,3.6719,3.5625,3.6250,2.6649,7568800
2001-01-16,3.6094,3.6484,3.5938,3.6094,2.6534,10085600
2001-01-17,3.6094,3.6250,3.5703,3.5781,2.6304,11560800
2001-01-18,3.5625,3.5781,3.5156,3.5156,2.5845,12277600
2001-01-19,3.5000,3.5078,3.3906,3.4375,2.5271,13512000
2001-01-22,3.4766,3.6484,3.4766,3.6016,2.6477,10532800
2001-01-23,3.6016,3.7344,3.6016,3.7109,2.7281,10667200
2001-01-24,3.7109,3.8125,3.6797,3.7109,2.7281,16905600
2001-01-25,3.7109,3.7734,3.6875,3.7578,2.7625,8588000
2001-01-26,3.7656,3.8047,3.7500,3.7891,2.7855,9619200
2001-01-29,3.7887,3.9125,3.7812,3.8425,2.8248,13421600
2001-01-30,3.8112,3.8112,3.7150,3.7538,2.7596,10181600
2001-01-31,3.7750,3.9375,3.7438,3.8750,2.8487,22312800
2001-02-01,4.0000,4.0250,3.9062,3.9962,2.9378,14117600
2001-02-02,4.0938,4.1000,3.9713,4.0125,2.9498,20815200
2001-02-05,4.1000,4.1137,3.9887,4.0113,2.9489,22342400
2001-02-06,3.9938,4.0487,3.7450,3.9075,2.8762,45325600
2001-02-07,3.8763,4.0563,3.7513,3.8075,2.8026,31675200
2001-02-08,3.9325,3.9325,3.6375,3.6750,2.7050,25032000
2001-02-09,3.6125,3.6813,3.5600,3.5663,2.6250,12229600
2001-02-12,3.5625,3.6937,3.5625,3.6737,2.7041,9684800
2001-02-13,3.7000,3.8438,3.7000,3.7713,2.7759,10632800
2001-02-14,3.8712,3.8875,3.7838,3.8763,2.8532,11556000
2001-02-15,3.8500,3.8812,3.7875,3.8812,2.8569,7546400
2001-02-16,3.9125,4.0363,3.9000,3.9813,2.9305,14260000
2001-02-20,4.0000,4.2188,4.0000,4.0125,2.9535,12986400
2001-02-21,4.0000,4.0000,3.8200,3.8875,2.8615,7784000
2001-02-22,3.8750,3.8750,3.6500,3.7650,2.7713,13300000
2001-02-23,3.8312,3.8438,3.5938,3.8338,2.8219,10644000
2001-02-26,3.8750,4.0250,3.8525,4.0100,2.9516,10453600
2001-02-27,4.0188,4.0875,3.9250,3.9800,2.9295,12234400
2001-02-28,4.0050,4.0625,3.6125,3.8225,2.8136,25921600
2001-03-01,3.8375,3.8438,3.5938,3.6375,2.6774,16067200
2001-03-02,3.7000,3.7625,3.6575,3.7125,2.7326,11494400
2001-03-05,3.7375,3.7775,3.7113,3.7387,2.7520,8249600
2001-03-06,3.8125,3.8312,3.7575,3.8263,2.8164,7008800
2001-03-07,3.8125,4.0025,3.7775,3.9987,2.9433,9160800
2001-03-08,3.9700,4.1312,3.9250,4.1050,3.0215,12845600
2001-03-09,4.0675,4.0750,3.9275,3.9537,2.9102,10426400
2001-03-12,3.9500,3.9513,3.8125,3.8500,2.8338,8344000
2001-03-13,3.9000,3.9062,3.7812,3.8612,2.8421,11052000
2001-03-14,3.8125,3.8488,3.7338,3.7475,2.7584,15036800
2001-03-15,3.7475,3.8125,3.7188,3.7650,2.7713,12808000
2001-03-16,3.7250,3.7625,3.6437,3.7137,2.7336,15605600
2001-03-19,3.8000,3.9213,3.7887,3.9125,2.8799,11321600
2001-03-20,3.9125,4.0188,3.8775,3.9688,2.9213,15464800
2001-03-21,3.9688,4.0813,3.9375,3.9775,2.9277,21248800
2001-03-22,3.9975,3.9975,3.7963,3.9012,2.8716,16254400
2001-03-23,3.8888,3.9613,3.7812,3.9175,2.8835,11749600
2001-03-26,3.9562,3.9900,3.8750,3.8825,2.8578,14960000
2001-03-27,3.8125,3.9062,3.7625,3.8875,2.8615,23019200
2001-03-28,3.8125,4.0437,3.7687,3.9513,2.9084,26683200
2001-03-29,3.9250,4.0613,3.9062,4.0000,2.9443,13179200
2001-03-30,3.9813,4.1687,3.9813,4.0000,2.9443,30416000
2001-04-02,3.8750,3.9625,3.8750,3.9350,2.8964,17977600
2001-04-03,3.9875,3.9987,3.7162,3.7350,2.7492,26736800
2001-04-04,3.7350,3.8125,3.7338,3.7550,2.7639,20464800
2001-04-05,3.7375,3.8125,3.6337,3.7262,2.7428,25020800
2001-04-06,3.7587,3.7625,3.6525,3.6850,2.7124,21120800
2001-04-09,3.6850,3.6975,3.5363,3.6750,2.7050,20084000
2001-04-10,3.6562,3.6650,3.5938,3.6237,2.6673,20061600
2001-04-11,3.6063,3.7188,3.4388,3.6750,2.7050,24297600
2001-04-12,3.5312,3.6250,3.4662,3.5638,2.6231,40300000
2001-04-16,3.4750,3.5750,3.4613,3.4738,2.5569,15896800
2001-04-17,3.4875,3.5438,3.4650,3.4700,2.5541,19076800
2001-04-18,3.4875,3.8000,3.4875,3.7300,2.7455,14360000
2001-04-19,3.7438,3.8750,3.7438,3.8012,2.7980,11671200
2001-04-20,3.8187,3.8187,3.7287,3.7438,2.7556,11098400
2001-04-23,3.7125,3.8563,3.7062,3.7438,2.7556,7077600
2001-04-24,3.6625,3.7875,3.6125,3.7313,2.7464,13561600
2001-04-25,3.7325,3.7812,3.6862,3.7362,2.7501,12774400
2001-04-26,3.7375,3.9375,3.6925,3.8775,2.8541,11937600
2001-04-27,3.9062,4.0250,3.9012,3.9575,2.9130,11096000
2001-04-30,4.0000,4.0500,3.8863,3.9162,2.8826,8803200
2001-05-01,3.9175,4.0625,3.9150,4.0600,2.9884,12003200
2001-05-02,4.0500,4.0938,4.0250,4.0388,2.9728,6588800
2001-05-03,3.9750,3.9862,3.9188,3.9450,2.9038,7404000
2001-05-04,3.8812,3.9838,3.8263,3.9650,2.9185,7093600
2001-05-07,3.9662,3.9688,3.9137,3.9288,2.8918,5156800
2001-05-08,3.9313,4.0375,3.9313,3.9600,2.9190,9212800
2001-05-09,3.9600,3.9775,3.9313,3.9550,2.9153,9140800
2001-05-10,4.0062,4.1875,3.9750,4.1562,3.0637,16482400
2001-05-11,4.1575,4.3162,4.1550,4.2812,3.1558,16570400
2001-05-14,4.2562,4.2575,4.2112,4.2375,3.1235,8286400
2001-05-15,4.2250,4.2812,4.1438,4.2812,3.1558,15541600
2001-05-16,4.2250,4.3562,4.1875,4.3313,3.1927,16221600
2001-05-17,4.3325,4.3938,4.2875,4.3000,3.1696,9830400
2001-05-18,4.2750,4.2975,4.1562,4.2263,3.1153,19556000
2001-05-21,4.2375,4.2812,4.2000,4.2525,3.1346,10613600
2001-05-22,4.2525,4.3412,4.2225,4.2350,3.1217,5468800
2001-05-23,4.2200,4.2387,4.1500,4.2300,3.1180,8731200
2001-05-24,4.2312,4.2688,4.2000,4.2550,3.1364,8546400
2001-05-25,4.2688,4.2688,4.2200,4.2362,3.1226,7980800
2001-05-29,4.2375,4.2625,4.1625,4.2500,3.1328,9092000
2001-05-30,4.2512,4.2875,4.1400,4.1838,3.0839,11811200
2001-05-31,4.2000,4.2438,4.1825,4.1825,3.0830,14184000
2001-06-01,4.1875,4.2238,4.1562,4.1875,3.0867,12806400
2001-06-04,4.1950,4.1950,4.0887,4.1213,3.0379,6866400
2001-06-05,4.1312,4.2250,4.0813,4.2112,3.1042,10837600
2001-06-06,4.1625,4.2488,4.1625,4.1962,3.0931,4032000
2001-06-07,4.0938,4.2112,4.0825,4.2063,3.1005,10435200
2001-06-08,4.2063,4.2063,4.0687,4.1537,3.0618,6568800
2001-06-11,4.1550,4.1762,4.1000,4.1625,3.0683,5401600
2001-06-12,4.1875,4.2438,4.1000,4.2250,3.1143,5088800
2001-06-13,4.2125,4.2125,4.0813,4.0950,3.0185,9244000
2001-06-14,4.1062,4.1438,4.0450,4.0738,3.0028,5709600
2001-06-15,3.9938,4.0500,3.9625,3.9813,2.9347,11596800
2001-06-18,4.0125,4.1400,4.0087,4.0338,2.9734,8700800
2001-06-19,4.0938,4.1750,4.0938,4.1238,3.0397,6340000
2001-06-20,4.1062,4.1875,4.0875,4.1312,3.0452,9578400
2001-06-21,4.1500,4.2825,4.1400,4.2638,3.1429,10504000
2001-06-22,4.2438,4.2475,4.1388,4.2162,3.1079,6329600
2001-06-25,4.2175,4.2250,4.1562,4.1588,3.0655,7077600
2001-06-26,4.1062,4.1413,4.0700,4.0813,3.0084,8166400
2001-06-27,4.0813,4.0925,4.0225,4.0225,2.9651,7800000
2001-06-28,4.0225,4.1250,4.0225,4.0400,2.9780,8414400
2001-06-29,4.0400,4.1000,3.9775,3.9838,2.9365,15692000
2001-07-02,3.9938,4.1225,3.9938,4.0613,2.9936,6204000
2001-07-03,4.0862,4.1613,4.0375,4.1163,3.0342,4440800
2001-07-05,4.0625,4.2775,3.9725,3.9938,2.9439,13555200
2001-07-06,3.9875,3.9938,3.8463,3.8463,2.8351,17378400
2001-07-09,3.8563,3.9162,3.8475,3.8937,2.8702,7531200
2001-07-10,3.9125,3.9688,3.8075,3.8087,2.8075,12076000
2001-07-11,3.8087,3.9050,3.8012,3.8125,2.8103,15536000
2001-07-12,3.9062,4.1238,3.9000,4.0912,3.0157,18632800
2001-07-13,4.1188,4.2200,3.9938,4.1925,3.0904,11269600
2001-07-16,4.1875,4.2175,4.1250,4.1900,3.0885,5432000
2001-07-17,4.1813,4.2525,4.1475,4.2337,3.1208,7379200
2001-07-18,4.2337,4.2987,4.1875,4.2537,3.1355,5352000
2001-07-19,4.2688,4.3000,4.2125,4.2675,3.1457,5620000
2001-07-20,4.2463,4.3375,4.2463,4.2750,3.1512,4269600
2001-07-23,4.2875,4.3500,4.2200,4.2762,3.1521,9461600
2001-07-24,4.2450,4.2500,4.1137,4.1487,3.0581,8042400
2001-07-25,4.1750,4.2100,4.1262,4.2000,3.0959,5869600
2001-07-26,4.1875,4.1937,4.1163,4.1375,3.0498,12666400
2001-07-27,4.1562,4.1838,4.0988,4.1375,3.0498,12915200
2001-07-30,4.1375,4.1875,4.1112,4.1825,3.0830,5408800
2001-07-31,4.1838,4.2812,4.1638,4.2512,3.1337,8344000
2001-08-01,4.2663,4.4125,4.2562,4.2725,3.1493,13286400
2001-08-02,4.3438,4.3837,4.3438,4.3575,3.2120,13181600
2001-08-03,4.3562,4.4000,4.3063,4.3438,3.2019,6348800
2001-08-06,4.3562,4.4037,4.2488,4.2625,3.1420,9401600
2001-08-07,4.2750,4.3375,4.2688,4.2913,3.1673,7555200
2001-08-08,4.3000,4.3812,4.2500,4.2537,3.1397,11740800
2001-08-09,4.2625,4.4288,4.2438,4.4187,3.2615,18601600
2001-08-10,4.3875,4.5538,4.3387,4.4763,3.3039,16713600
2001-08-13,4.4812,4.4975,4.4138,4.4175,3.2605,12755200
2001-08-14,4.3750,4.5625,4.3750,4.5300,3.3436,13715200
2001-08-15,4.4812,4.5625,4.4437,4.5500,3.3583,13864000
2001-08-16,4.5188,4.5763,4.4763,4.5738,3.3759,14256000
2001-08-17,4.5363,4.5475,4.4812,4.5388,3.3500,7097600
2001-08-20,4.5437,4.6250,4.5437,4.6250,3.4137,11908800
2001-08-21,4.6000,4.6013,4.3762,4.3812,3.2338,16187200
2001-08-22,4.3625,4.4313,4.2900,4.4225,3.2642,9601600
2001-08-23,4.4125,4.4125,4.3150,4.3900,3.2402,11551200
2001-08-24,4.3900,4.5250,4.3812,4.5100,3.3288,9736800
2001-08-27,4.5100,4.5188,4.4275,4.4750,3.3030,3865600
2001-08-28,4.4750,4.4862,4.4075,4.4313,3.2707,9589600
2001-08-29,4.4313,4.4500,4.4000,4.4225,3.2642,8536800
2001-08-30,4.4062,4.5188,4.3637,4.3637,3.2209,11904000
2001-08-31,4.3688,4.4262,4.3688,4.3875,3.2384,5720800
2001-09-04,4.4000,4.4788,4.3913,4.3938,3.2430,15024000
2001-09-05,4.3750,4.3875,4.2937,4.3688,3.2245,17084000
2001-09-06,4.3750,4.4375,4.2438,4.2600,3.1443,10863200
2001-09-07,4.1875,4.2413,4.0588,4.0613,2.9976,18165600
2001-09-10,4.0000,4.0625,3.9662,3.9875,2.9431,13309600
2001-09-17,3.7812,3.8625,3.7313,3.8087,2.8112,19091200
2001-09-18,3.7500,3.7875,3.7487,3.7500,2.7679,9651200
2001-09-19,3.7687,3.9488,3.7487,3.8275,2.8251,19084000
2001-09-20,3.8275,3.8625,3.7475,3.8400,2.8343,9589600
2001-09-21,3.7487,3.9738,3.7000,3.7487,2.7669,15578400
2001-09-24,3.7487,3.8988,3.7487,3.7812,2.7909,12655200
2001-09-25,3.7938,3.8525,3.7450,3.8438,2.8370,21476800
2001-09-26,3.8438,3.8675,3.7812,3.8400,2.8343,13819200
2001-09-27,3.8250,3.8625,3.7762,3.8375,2.8324,11076800
2001-09-28,3.8688,4.1300,3.8438,4.1125,3.0354,16681600
2001-10-01,4.1125,4.1600,4.0287,4.1400,3.0557,10653600
2001-10-02,4.1400,4.2613,4.1238,4.2500,3.1369,21011200
2001-10-03,4.2500,4.4000,4.2000,4.3875,3.2384,19708000
2001-10-04,4.3750,4.4350,4.3250,4.3688,3.2245,10711200
2001-10-05,4.3625,4.3625,4.2162,4.3313,3.1969,11410400
2001-10-08,4.2438,4.3125,4.1750,4.2200,3.1148,10472800
2001-10-09,4.2000,4.2000,4.1125,4.1400,3.0557,9741600
2001-10-10,4.1875,4.3738,4.1700,4.3688,3.2245,13727200
2001-10-11,4.3375,4.4500,4.2000,4.2850,3.1627,22318400
2001-10-12,4.1875,4.3150,4.0975,4.3137,3.1840,10408000
2001-10-15,4.3137,4.3750,4.2500,4.3713,3.2264,6635200
2001-10-16,4.3713,4.4437,4.3450,4.4138,3.2578,12243200
2001-10-17,4.5000,4.5312,4.4000,4.4688,3.2984,24555200
2001-10-18,4.4437,4.4763,4.3313,4.3713,3.2264,15268000
2001-10-19,4.3575,4.4338,4.3125,4.4275,3.2679,8289600
2001-10-22,4.4363,4.4625,4.3375,4.3975,3.2458,9118400
2001-10-23,4.3750,4.4113,4.3113,4.3412,3.2043,9596800
2001-10-24,4.3425,4.3750,4.3012,4.3313,3.1969,5203200
2001-10-25,4.2625,4.3750,4.2375,4.3750,3.2292,5799200
2001-10-26,4.3750,4.4150,4.3313,4.4025,3.2495,4915200
2001-10-29,4.3713,4.3713,4.2000,4.2325,3.1240,6647200
2001-10-30,4.1638,4.1638,4.0625,4.0938,3.0216,4805600
2001-10-31,4.1250,4.2625,4.1125,4.2250,3.1184,7101600
2001-11-01,4.2250,4.3113,4.1525,4.2825,3.1609,5760800
2001-11-02,4.2937,4.4350,4.2762,4.4113,3.2559,7996000
2001-11-05,4.4375,4.5125,4.3762,4.5000,3.3214,6675200
2001-11-06,4.4938,4.5625,4.3750,4.5475,3.3607,4524000
2001-11-07,4.5487,4.5487,4.4375,4.4688,3.3025,9328800
2001-11-08,4.4938,4.5312,4.3738,4.3762,3.2341,9486400
2001-11-09,4.3775,4.4150,4.3063,4.3600,3.2221,5136000
2001-11-12,4.3600,4.4600,4.3063,4.3738,3.2323,3432000
2001-11-13,4.4187,4.5125,4.3525,4.5087,3.3320,8709600
2001-11-14,4.5875,4.6250,4.5525,4.5938,3.3949,18225600
2001-11-15,4.5750,4.8000,4.5738,4.7675,3.5233,18168000
2001-11-16,4.7812,4.7937,4.5662,4.5675,3.3755,13252000
2001-11-19,4.5938,4.8137,4.5825,4.7325,3.4974,13000800
2001-11-20,4.7063,4.7188,4.6375,4.6875,3.4641,6384000
2001-11-21,4.6625,4.6800,4.5538,4.5938,3.3949,7849600
2001-11-23,4.5750,4.6438,4.5750,4.6062,3.4041,2406400
2001-11-26,4.5938,4.6675,4.5575,4.6663,3.4484,10829600
2001-11-27,4.6750,4.7762,4.6438,4.7312,3.4965,11296000
2001-11-28,4.7013,4.8000,4.6825,4.7812,3.5334,11451200
2001-11-29,4.7800,4.7800,4.6750,4.7175,3.4863,10074400
2001-11-30,4.7175,4.7312,4.6500,4.7112,3.4817,6948800
2001-12-03,4.6375,4.6388,4.4288,4.4938,3.3210,27811200
2001-12-04,4.5062,4.6250,4.4688,4.6250,3.4180,13446400
2001-12-05,4.6937,4.8050,4.6875,4.7300,3.4956,13466400
2001-12-06,4.7688,4.8412,4.7500,4.7737,3.5279,15354400
2001-12-07,4.7500,4.8488,4.7312,4.8000,3.5473,8720000
2001-12-10,4.8313,4.8313,4.7063,4.7300,3.4956,6439200
2001-12-11,4.7300,4.7300,4.6375,4.6687,3.4503,7440000
2001-12-12,4.6375,4.6625,4.6062,4.6550,3.4401,10393600
2001-12-13,4.6537,4.7075,4.5750,4.6750,3.4549,6824000
2001-12-14,4.6438,4.7087,4.6438,4.6962,3.4706,6080000
2001-12-17,4.5938,4.7850,4.5925,4.7775,3.5307,9100000
2001-12-18,4.7463,4.7625,4.6312,4.6737,3.4540,11684000
2001-12-19,4.6737,4.7525,4.6150,4.7250,3.4919,9640000
2001-12-20,4.8125,4.8950,4.7688,4.7925,3.5417,10862400
2001-12-21,4.8238,4.9187,4.7863,4.8000,3.5473,14044000
2001-12-24,4.7875,4.7975,4.7263,4.7337,3.4983,4127200
2001-12-26,4.7800,4.8925,4.7725,4.7913,3.5408,5424800
2001-12-27,4.8212,4.9363,4.8125,4.9225,3.6378,10571200
2001-12-28,4.9375,5.0375,4.9237,5.0050,3.6988,14806400
2001-12-31,5.0050,5.0750,4.9563,4.9825,3.6822,8537600
2002-01-02,4.9825,4.9963,4.9012,4.9538,3.6609,12020000
2002-01-03,4.9313,4.9625,4.8637,4.8738,3.6018,10510400
2002-01-04,4.9062,5.0375,4.9062,5.0250,3.7136,8682400
2002-01-07,5.0375,5.0375,4.9525,5.0212,3.7108,6711200
2002-01-08,4.9950,5.1438,4.9950,5.0300,3.7173,13844800
2002-01-09,5.0188,5.0312,4.9525,4.9875,3.6859,12359200
2002-01-10,5.0312,5.1163,4.9887,5.0763,3.7514,17610400
2002-01-11,5.0813,5.0813,4.8812,4.8812,3.6073,12852000
2002-01-14,4.9062,4.9750,4.8812,4.8925,3.6156,7186400
2002-01-15,4.9125,4.9250,4.8625,4.9012,3.6221,9468000
2002-01-16,4.9012,4.9012,4.8063,4.8113,3.5556,8720000
2002-01-17,4.8187,4.8663,4.7888,4.8550,3.5879,6368000
2002-01-18,4.8438,4.9012,4.8438,4.8587,3.5907,9140000
2002-01-22,4.8787,4.9713,4.8688,4.8987,3.6203,6331200
2002-01-23,4.9100,5.0250,4.9100,5.0100,3.7025,12864000
2002-01-24,5.0687,5.0687,4.9837,5.0613,3.7404,8100800
2002-01-25,5.0312,5.0625,4.9738,5.0000,3.6951,5884000
2002-01-28,5.0000,5.0900,4.9862,5.0637,3.7422,11615200
2002-01-29,5.0375,5.1087,4.9500,4.9563,3.6628,8045600
2002-01-30,4.9575,5.0200,4.8750,5.0188,3.7089,11838400
2002-01-31,5.0375,5.2000,5.0275,5.1675,3.8189,14496000
2002-02-01,5.1375,5.1850,5.0938,5.1275,3.7893,13292000
2002-02-04,5.1275,5.1350,4.9900,4.9938,3.6905,9327200
2002-02-05,4.9938,5.0725,4.9662,5.0150,3.7104,8460800
2002-02-06,5.0375,5.0375,4.9563,4.9963,3.6965,6720000
2002-02-07,4.8750,4.9062,4.4625,4.6250,3.4218,38371200
2002-02-08,4.5938,4.6250,4.4875,4.5837,3.3913,29768000
2002-02-11,4.5687,4.7137,4.5625,4.6937,3.4727,21265600
2002-02-12,4.6875,4.7288,4.6312,4.7288,3.4986,7831200
2002-02-13,4.7288,4.8375,4.7288,4.8375,3.5790,12543200
2002-02-14,4.8375,4.8375,4.7387,4.7937,3.5467,9522400
2002-02-15,4.7625,4.7625,4.5938,4.6825,3.4644,10073600
2002-02-19,4.6250,4.6712,4.4875,4.4963,3.3266,9128800
2002-02-20,4.5625,4.5687,4.4338,4.4675,3.3053,12923200
2002-02-21,4.4375,4.6125,4.3975,4.4575,3.2979,20120800
2002-02-22,4.4688,4.5100,4.3888,4.4713,3.3081,11928000
2002-02-25,4.4563,4.5237,4.2562,4.2562,3.1490,30176000
2002-02-26,4.4375,4.4375,4.3150,4.3725,3.2350,38924000
2002-02-27,4.4437,4.7312,4.4375,4.6813,3.4634,27605600
2002-02-28,4.7500,4.8800,4.6962,4.7463,3.5115,29783200
2002-03-01,4.7812,4.8125,4.7375,4.7562,3.5189,9716000
2002-03-04,4.8187,4.8187,4.7500,4.7525,3.5161,17735200
2002-03-05,4.6875,4.7063,4.5887,4.5938,3.3987,18467200
2002-03-06,4.6250,4.7188,4.6200,4.6937,3.4727,18197600
2002-03-07,4.9375,4.9975,4.8513,4.9725,3.6789,23404800
2002-03-08,5.1000,5.1075,4.9000,4.9950,3.6956,15639200
2002-03-11,4.9812,4.9812,4.8250,4.9225,3.6419,12864800
2002-03-12,4.8438,4.8837,4.8137,4.8625,3.5975,10919200
2002-03-13,4.8562,4.8863,4.8000,4.8625,3.5975,8377600
2002-03-14,4.9187,4.9375,4.8438,4.8438,3.5837,15428000
2002-03-15,4.8450,4.8913,4.8288,4.8762,3.6077,10568800
2002-03-18,4.8625,4.9125,4.7787,4.8438,3.5837,8929600
2002-03-19,4.9062,4.9662,4.8400,4.9400,3.6549,9833600
2002-03-20,4.9450,5.0375,4.9275,5.0375,3.7270,13864800
2002-03-21,5.0000,5.0363,4.8875,4.9150,3.6364,5922400
2002-03-22,4.9025,4.9275,4.8350,4.8488,3.5874,6518400
2002-03-25,4.8438,4.8500,4.7512,4.7688,3.5282,6745600
2002-03-26,4.7688,4.8750,4.7688,4.7875,3.5420,6027200
2002-03-27,4.7875,4.9050,4.7775,4.9050,3.6290,7609600
2002-03-28,4.9250,5.0500,4.9187,5.0012,3.7002,16720000
2002-04-01,4.9700,4.9713,4.8825,4.9338,3.6502,11840800
2002-04-02,4.9250,4.9250,4.8250,4.8637,3.5984,16989600
2002-04-03,4.8325,4.9062,4.7962,4.8125,3.5605,12733600
2002-04-04,4.7812,4.8375,4.7812,4.8250,3.5698,16783200
2002-04-05,4.8438,4.9163,4.8438,4.8850,3.6142,8468800
2002-04-08,4.8625,5.0300,4.8550,5.0000,3.6993,12656800
2002-04-09,5.0900,5.1087,5.0687,5.0862,3.7631,11295200
2002-04-10,5.0862,5.2300,5.0825,5.1712,3.8260,17142400
2002-04-11,5.1875,5.2475,5.1250,5.1512,3.8112,11732800
2002-04-12,5.1750,5.2625,5.1700,5.2537,3.8870,10442400
2002-04-15,5.2537,5.2838,5.1788,5.2000,3.8472,8195200
2002-04-16,5.2188,5.3200,5.1875,5.2987,3.9203,6818400
2002-04-17,5.2875,5.3225,5.2387,5.2712,3.8999,4820800
2002-04-18,5.2725,5.3750,5.2725,5.3362,3.9480,7673600
2002-04-19,5.3688,5.3750,5.2562,5.2950,3.9175,7212800
2002-04-22,5.2700,5.3688,5.2512,5.2663,3.8962,9265600
2002-04-23,5.2913,5.4113,5.2775,5.3238,3.9388,7047200
2002-04-24,5.3550,5.4025,5.3275,5.3313,3.9443,12271200
2002-04-25,5.3000,5.4563,5.2688,5.4350,4.0211,12229600
2002-04-26,5.4625,5.5163,5.4500,5.4788,4.0535,9822400
2002-04-29,5.4913,5.5375,5.4450,5.4862,4.0590,14976000
2002-04-30,5.4300,5.4563,5.4062,5.4475,4.0303,11146400
2002-05-01,5.4475,5.5113,5.3688,5.4612,4.0405,10651200
2002-05-02,5.4425,5.5262,5.4425,5.5100,4.0766,8808800
2002-05-03,5.5100,5.5538,5.4488,5.4950,4.0655,13654400
2002-05-06,5.4913,5.5437,5.4288,5.4363,4.0220,6344000
2002-05-07,5.4513,5.5613,5.4313,5.5437,4.1016,8790400
2002-05-08,5.5712,5.6125,5.4250,5.4900,4.0618,13669600
2002-05-09,5.4925,5.5000,5.3725,5.4875,4.0599,10781200
2002-05-10,5.4375,5.4500,5.2925,5.3250,3.9397,7161600
2002-05-13,5.2625,5.2800,5.0500,5.1725,3.8269,19224000
2002-05-14,5.2950,5.3825,5.2475,5.3425,3.9527,12879600
2002-05-15,5.3250,5.3425,5.2500,5.2975,3.9194,10419200
2002-05-16,5.2750,5.3125,5.2200,5.2650,3.9008,11969600
2002-05-17,5.2400,5.3250,5.1975,5.3100,3.9342,10038800
2002-05-20,5.3100,5.3175,5.2625,5.2750,3.9082,4942800
2002-05-21,5.3250,5.3250,5.1275,5.2375,3.8805,6852800
2002-05-22,5.1875,5.2175,5.0825,5.2125,3.8619,9664800
2002-05-23,5.2500,5.3000,5.1875,5.2375,3.8805,10389200
2002-05-24,5.3000,5.3050,5.2250,5.2350,3.8786,7845200
2002-05-28,5.2375,5.2725,5.1500,5.1675,3.8286,5536400
2002-05-29,5.1875,5.2600,5.1500,5.1650,3.8267,8602400
2002-05-30,5.1650,5.1900,5.0500,5.1475,3.8138,10204800
2002-05-31,5.2125,5.3000,5.1950,5.2725,3.9064,11068400
2002-06-03,5.2775,5.3250,5.1950,5.2025,3.8545,9805600
2002-06-04,5.2300,5.2875,5.0825,5.1375,3.8064,20547600
2002-06-05,5.2000,5.2850,5.1725,5.2500,3.8897,14304400
2002-06-06,5.3000,5.3425,5.1500,5.3425,3.9583,10014400
2002-06-07,5.2500,5.3200,5.2125,5.2700,3.9045,10093600
2002-06-10,5.2700,5.2825,5.2050,5.2375,3.8805,8680000
2002-06-11,5.3625,5.3700,5.2050,5.2250,3.8712,9920400
2002-06-12,5.2000,5.2650,5.1625,5.1875,3.8434,8288800
2002-06-13,5.1900,5.2050,5.1125,5.1250,3.7971,6199600
2002-06-14,5.0625,5.1125,4.9200,5.0000,3.7045,10803600
2002-06-17,5.0000,5.0875,4.9750,5.0675,3.7545,10744000
2002-06-18,5.1250,5.1275,4.9700,5.0875,3.7693,14761200
2002-06-19,5.0675,5.1525,5.0475,5.1250,3.7971,12155200
2002-06-20,5.0750,5.1325,5.0000,5.0000,3.7045,6234400
2002-06-21,4.8625,5.0150,4.8625,4.9350,3.6563,8671600
2002-06-24,4.9375,5.0350,4.8375,4.8625,3.6026,10011200
2002-06-25,4.9050,5.0625,4.8750,4.8925,3.6249,14621600
2002-06-26,4.8925,5.0850,4.7700,4.8500,3.5934,13610000
2002-06-27,4.9125,4.9575,4.7500,4.8675,3.6063,11668000
2002-06-28,4.8825,5.0075,4.8200,4.9025,3.6323,11312800
2002-07-01,4.8775,4.9800,4.7825,4.7825,3.5434,9368400
2002-07-02,4.7500,4.8625,4.7500,4.7950,3.5526,9510400
2002-07-03,4.7950,4.8875,4.7350,4.8425,3.5878,10245200
2002-07-05,4.9250,5.0775,4.9000,5.0625,3.7508,3889200
2002-07-08,5.0575,5.1000,4.9225,4.9500,3.6675,7968400
2002-07-09,4.9375,5.2000,4.9375,5.0600,3.7490,10372800
2002-07-10,5.0500,5.1625,4.9375,4.9450,3.6637,10677600
2002-07-11,4.9450,5.0700,4.8050,4.9425,3.6619,17126000
2002-07-12,4.9175,4.9450,4.7000,4.7575,3.5248,10433600
2002-07-15,4.6575,4.7025,4.4875,4.6975,3.4804,12889200
2002-07-16,4.5625,4.6050,4.3325,4.3600,3.2303,14637200
2002-07-17,4.4000,4.4500,4.2025,4.3875,3.2507,17254400
2002-07-18,4.3625,4.4375,4.2675,4.3000,3.1859,11397600
2002-07-19,4.3000,4.3125,4.1375,4.1800,3.0970,11583600
2002-07-22,4.1300,4.2575,3.9625,4.1375,3.0655,17262400
2002-07-23,4.1375,4.2000,3.9500,4.0050,2.9673,13701200
2002-07-24,3.9425,4.6000,3.8250,4.5050,3.3378,21452000
2002-07-25,4.4050,4.4925,4.3425,4.4875,3.3248,17826400
2002-07-26,4.4375,4.4925,4.3900,4.4550,3.3007,8638400
2002-07-29,4.5175,4.7250,4.4375,4.7125,3.4915,13660000
2002-07-30,4.6750,4.6750,4.4575,4.4875,3.3248,10288800
2002-07-31,4.5150,4.5150,4.2500,4.4325,3.2840,13585200
2002-08-01,4.4375,4.4550,4.3150,4.3975,3.2581,17691200
2002-08-02,4.3975,4.3975,4.2250,4.3275,3.2062,13392400
2002-08-05,4.3125,4.3300,4.1475,4.1975,3.1099,7472400
2002-08-06,4.2275,4.3750,4.2275,4.3125,3.2009,12262400
2002-08-07,4.3375,4.3800,4.2350,4.2850,3.1804,9210400
2002-08-08,4.3475,4.4375,4.2300,4.4300,3.2881,11980400
2002-08-09,4.3800,4.5375,4.3250,4.5125,3.3493,6790800
2002-08-12,4.4500,4.5000,4.3375,4.5000,3.3400,9544000
2002-08-13,4.4875,4.7500,4.4575,4.6875,3.4792,18234000
2002-08-14,4.6750,4.8500,4.6250,4.8250,3.5812,19750400
2002-08-15,4.8875,5.1325,4.8375,5.1250,3.8039,20342000
2002-08-16,5.1625,5.2500,4.9875,5.2025,3.8614,12740400
2002-08-19,5.2000,5.2375,5.1000,5.1725,3.8392,14547600
2002-08-20,5.1650,5.1650,4.9500,5.0375,3.7390,12060000
2002-08-21,5.1000,5.1500,4.9800,5.1500,3.8225,8577600
2002-08-22,5.1375,5.2625,5.0700,5.2375,3.8874,6966400
2002-08-23,5.1250,5.1275,4.9275,4.9375,3.6647,10426400
2002-08-26,4.9125,5.1250,4.9075,5.1250,3.8039,9472800
2002-08-27,5.0750,5.1100,4.9875,5.0175,3.7241,12946400
2002-08-28,4.9675,4.9950,4.8750,4.8750,3.6184,15576400
2002-08-29,4.8775,5.0675,4.8150,5.0150,3.7223,10445200
2002-08-30,4.9525,5.0625,4.9075,4.9450,3.6703,6385200
2002-09-03,4.9475,4.9950,4.7925,4.8150,3.5738,9835600
2002-09-04,4.8500,4.9800,4.8250,4.9625,3.6833,7547600
2002-09-05,4.8000,5.0225,4.8000,4.9500,3.6740,9962400
2002-09-06,4.9875,5.1225,4.9875,5.1050,3.7891,5979600
2002-09-09,5.0550,5.1250,4.9750,5.1075,3.7909,6807600
2002-09-10,5.1625,5.2750,5.1075,5.2750,3.9152,8972800
2002-09-11,5.3375,5.3550,5.2500,5.2500,3.8967,3980000
2002-09-12,5.1875,5.2125,5.0275,5.0875,3.7761,9182400
2002-09-13,5.0875,5.1750,4.9850,5.1625,3.8317,8288800
2002-09-16,5.1000,5.2100,5.0800,5.1775,3.8429,5649200
2002-09-17,5.2400,5.3000,5.1125,5.1250,3.8039,6350800
2002-09-18,5.1250,5.1700,5.0150,5.1200,3.8002,8009600
2002-09-19,5.0525,5.1875,5.0525,5.0750,3.7668,5796000
2002-09-20,5.0775,5.0775,4.9625,5.0250,3.7297,14130000
2002-09-23,4.9750,4.9925,4.8725,4.9500,3.6740,10414800
2002-09-24,4.8625,4.9375,4.8250,4.8375,3.5905,9088800
2002-09-25,4.8375,4.8475,4.7750,4.7750,3.5441,19465600
2002-09-26,4.8000,4.8225,4.7375,4.7500,3.5256,27950400
2002-09-27,4.7525,4.7525,4.5375,4.5375,3.3679,14004400
2002-09-30,4.4000,4.4000,4.2475,4.2500,3.1545,34104400
2002-10-01,4.2500,4.4450,4.1700,4.3750,3.2472,33452800
2002-10-02,4.3825,4.4750,4.2725,4.3650,3.2398,12416400
2002-10-03,4.3025,4.3250,4.0900,4.1950,3.1136,16182400
2002-10-04,4.1950,4.3200,4.0500,4.2175,3.1303,16286800
2002-10-07,4.1750,4.2650,4.0875,4.1450,3.0765,13401600
2002-10-08,4.1875,4.3325,4.1025,4.2725,3.1712,16884800
2002-10-09,4.1775,4.2975,4.1250,4.1350,3.0691,12081200
2002-10-10,4.0500,4.1875,4.0250,4.0950,3.0394,28355200
2002-10-11,4.2500,4.6250,4.2475,4.5375,3.3679,15112000
2002-10-14,4.5125,4.6750,4.4775,4.5250,3.3586,8228000
2002-10-15,4.7625,4.7675,4.6750,4.7525,3.5274,7949200
2002-10-16,4.7525,4.8225,4.5925,4.6075,3.4198,8207200
2002-10-17,4.7750,4.7975,4.6550,4.7250,3.5070,11426400
2002-10-18,4.6375,4.8825,4.6300,4.8450,3.5961,14090400
2002-10-21,4.8375,5.0025,4.7100,5.0000,3.7111,10175200
2002-10-22,5.0000,5.1450,4.9750,5.1200,3.8002,19402800
2002-10-23,5.1125,5.2125,5.0375,5.1950,3.8559,14875600
2002-10-24,5.2500,5.2500,4.9750,4.9975,3.7093,18572800
2002-10-25,5.0200,5.1750,4.9475,5.1725,3.8392,8470800
2002-10-28,5.2625,5.2725,5.0600,5.0750,3.7668,11332400
2002-10-29,5.1125,5.2250,4.9375,5.1375,3.8132,10408800
2002-10-30,5.1250,5.2075,5.0300,5.1000,3.7854,13510400
2002-10-31,5.0875,5.2000,5.0525,5.1300,3.8076,7407200
2002-11-01,5.1325,5.2750,5.1000,5.2725,3.9134,8101200
2002-11-04,5.3350,5.3650,5.0975,5.1125,3.7946,12890800
2002-11-05,5.0800,5.2700,5.0775,5.2700,3.9173,14491600
2002-11-06,5.2550,5.3050,5.2200,5.2500,3.9024,11928800
2002-11-07,5.1875,5.2775,5.1875,5.2000,3.8652,11300400
2002-11-08,5.2250,5.3175,5.1850,5.2150,3.8764,7258400
2002-11-11,5.2125,5.2250,5.1225,5.1625,3.8374,9998800
2002-11-12,5.1375,5.1550,4.9925,5.0000,3.7166,15471600
2002-11-13,4.9900,5.0250,4.8250,4.9500,3.6794,15411200
2002-11-14,5.0625,5.1100,5.0075,5.0625,3.7630,6896800
2002-11-15,4.9250,5.1125,4.9250,5.0175,3.7296,9898000
2002-11-18,5.0000,5.0025,4.9000,4.9375,3.6701,8192000
2002-11-19,4.9400,4.9400,4.7750,4.8075,3.5735,9682800
2002-11-20,4.8075,4.8875,4.7750,4.8750,3.6237,11980400
2002-11-21,4.9200,4.9775,4.8875,4.9250,3.6608,7628400
2002-11-22,4.9250,4.9975,4.8850,4.9100,3.6497,8451200
2002-11-25,4.9600,4.9775,4.8375,4.9350,3.6683,7832800
2002-11-26,4.8875,4.9225,4.7250,4.7250,3.5122,12486400
2002-11-27,4.7500,5.0250,4.7400,5.0100,3.7240,6132000
2002-11-29,4.9950,5.0375,4.8900,4.8925,3.6367,3141600
2002-12-02,5.0750,5.2025,4.9900,5.0250,3.7352,10699600
2002-12-03,5.0275,5.1500,5.0275,5.0350,3.7426,10210400
2002-12-04,4.9775,5.0800,4.9350,4.9500,3.6794,9489200
2002-12-05,4.9525,4.9575,4.8375,4.8375,3.5958,8125200
2002-12-06,4.8125,4.9500,4.7975,4.9000,3.6423,6672800
2002-12-09,4.9025,4.9150,4.7750,4.7775,3.5512,7608000
2002-12-10,4.8125,4.8950,4.7550,4.8825,3.6292,9791600
2002-12-11,4.8250,4.9625,4.8225,4.9075,3.6478,9049200
2002-12-12,4.9375,5.0050,4.8750,4.9775,3.6999,6774000
2002-12-13,4.9800,4.9950,4.9250,4.9325,3.6664,11689600
2002-12-16,4.9325,5.1250,4.9250,5.1225,3.8076,9888800
2002-12-17,5.1200,5.1200,5.0500,5.0500,3.7537,9555600
2002-12-18,5.0250,5.0250,4.9250,5.0000,3.7166,9107600
2002-12-19,4.9925,5.0925,4.9750,5.0325,3.7407,11818800
2002-12-20,4.9875,5.1500,4.9850,5.1450,3.8244,14596400
2002-12-23,5.1450,5.1475,4.8625,4.8700,3.6200,11940400
2002-12-24,4.8075,4.8400,4.7925,4.8000,3.5679,4629600
2002-12-26,4.8000,4.9550,4.8000,4.8925,3.6367,5468400
2002-12-27,4.8800,4.8975,4.8100,4.8375,3.5958,5724400
2002-12-30,4.8625,4.9025,4.7750,4.8700,3.6200,8312800
2002-12-31,4.8875,4.9375,4.8175,4.8800,3.6274,4700800
2003-01-02,4.9125,5.0125,4.8800,5.0075,3.7222,13490400
2003-01-03,5.0075,5.0075,4.9000,4.9300,3.6646,5537600
2003-01-06,4.9300,5.0025,4.9075,4.9825,3.7036,8675600
2003-01-07,4.9500,5.0500,4.9150,5.0025,3.7184,6774400
2003-01-08,4.9825,5.0500,4.8650,4.8650,3.6162,9612400
2003-01-09,4.9625,5.0450,4.9625,5.0200,3.7315,10970800
2003-01-10,4.9625,5.1100,4.9625,5.0575,3.7593,7086400
2003-01-13,5.1200,5.1500,5.0050,5.1150,3.8021,10966800
2003-01-14,5.1175,5.1300,5.0600,5.0800,3.7760,4040800
2003-01-15,5.0750,5.0750,5.0050,5.0125,3.7259,4334000
2003-01-16,5.0375,5.1000,4.9725,4.9850,3.7054,5676000
2003-01-17,4.9750,5.0025,4.8700,4.9125,3.6515,7903200
2003-01-21,4.9200,4.9650,4.7900,4.7900,3.5605,5974400
2003-01-22,4.7925,4.8400,4.7350,4.8225,3.5846,12456800
2003-01-23,4.8200,4.9625,4.7900,4.9575,3.6850,10726800
2003-01-24,4.9250,4.9275,4.7275,4.7650,3.5419,9552000
2003-01-27,4.7125,4.7425,4.6250,4.6400,3.4490,11018000
2003-01-28,4.7025,4.7125,4.6225,4.6425,3.4508,10498400
2003-01-29,4.6250,4.7000,4.5500,4.6750,3.4750,8834400
2003-01-30,4.7000,4.7500,4.5625,4.5750,3.4007,7995600
2003-01-31,4.5750,4.6575,4.5750,4.5900,3.4118,9798800
2003-02-03,4.6125,4.7025,4.6125,4.6625,3.4657,7630800
2003-02-04,4.6625,4.6625,4.5300,4.5450,3.3838,6613200
2003-02-05,4.6375,4.6425,4.5300,4.5475,3.3857,5873600
2003-02-06,4.5375,4.5600,4.4750,4.4900,3.3429,10202800
2003-02-07,4.5250,4.5400,4.2675,4.3000,3.2014,20378800
2003-02-10,4.2625,4.3250,4.2025,4.2750,3.1828,15020800
2003-02-11,4.2375,4.2750,4.1875,4.2100,3.1344,14006400
2003-02-12,4.1850,4.2650,4.1850,4.2000,3.1270,8159200
2003-02-13,4.2125,4.2450,4.1750,4.2250,3.1456,11283600
2003-02-14,4.2350,4.3000,4.1900,4.3000,3.2014,7732000
2003-02-18,4.3000,4.3750,4.2825,4.3100,3.2089,8424000
2003-02-19,4.3100,4.3500,4.1950,4.2125,3.1363,9778400
2003-02-20,4.2625,4.2625,4.1200,4.1425,3.0841,13656800
2003-02-21,4.1300,4.2100,4.1225,4.1475,3.0879,13997600
2003-02-24,4.1625,4.1650,4.0375,4.0425,3.0097,10955200
2003-02-25,4.0000,4.0375,3.9275,4.0225,2.9948,20879200
2003-02-26,4.0225,4.1100,3.9475,4.0125,2.9874,20042000
2003-02-27,4.0375,4.0500,3.9750,4.0000,2.9781,14677200
2003-02-28,4.0000,4.0625,4.0000,4.0175,2.9911,14811200
2003-03-03,4.0600,4.0925,3.9800,3.9825,2.9650,9698800
2003-03-04,3.9750,3.9925,3.8850,3.9925,2.9725,19230800
2003-03-05,3.9750,4.0750,3.9500,4.0750,3.0339,17556000
2003-03-06,4.0750,4.1700,4.0125,4.0800,3.0376,13713600
2003-03-07,4.0800,4.1825,3.9450,4.1575,3.0953,11872000
2003-03-10,4.1250,4.1375,4.0600,4.0775,3.0358,10325600
2003-03-11,4.0725,4.1400,4.0550,4.0750,3.0339,7780800
2003-03-12,4.0500,4.0900,3.9975,4.0675,3.0283,9481200
2003-03-13,4.1100,4.2750,4.1050,4.2625,3.1735,9988000
2003-03-14,4.2500,4.2825,4.2250,4.2475,3.1623,12726400
2003-03-17,4.2250,4.4450,4.1800,4.4450,3.3094,12123200
2003-03-18,4.4500,4.4700,4.3050,4.3525,3.2405,12835200
2003-03-19,4.3450,4.3825,4.2775,4.3700,3.2535,10431600
2003-03-20,4.3675,4.4525,4.2950,4.4250,3.2945,7524800
2003-03-21,4.5625,4.6900,4.4675,4.6825,3.4862,15075200
2003-03-24,4.5625,4.5800,4.4300,4.4775,3.3336,11470000
2003-03-25,4.4525,4.5075,4.3875,4.4875,3.3410,10742400
2003-03-26,4.4850,4.5450,4.4675,4.4750,3.3317,8595200
2003-03-27,4.4300,4.5250,4.4100,4.4925,3.3447,6372400
2003-03-28,4.4925,4.5750,4.4550,4.4700,3.3280,11401200
2003-03-31,4.3800,4.4550,4.3625,4.4000,3.2759,14291600
2003-04-01,4.3800,4.3850,4.2500,4.2950,3.1977,11886000
2003-04-02,4.3750,4.4475,4.2950,4.4375,3.3038,11578400
2003-04-03,4.4375,4.5000,4.4250,4.4750,3.3317,6503600
2003-04-04,4.4875,4.5475,4.4675,4.5375,3.3782,10379200
2003-04-07,4.7375,4.7600,4.7000,4.7225,3.5160,14655600
2003-04-08,4.7125,4.7225,4.6650,4.6950,3.4955,8399200
2003-04-09,4.6750,4.6875,4.5500,4.5625,3.3968,11180800
2003-04-10,4.5625,4.7200,4.5625,4.7200,3.5141,9511200
2003-04-11,4.7375,4.8250,4.7000,4.7275,3.5197,7033200
2003-04-14,4.5900,4.6625,4.5475,4.6150,3.4359,14437200
2003-04-15,4.6500,4.7450,4.5975,4.7175,3.5122,15192400
2003-04-16,4.7625,4.7675,4.5950,4.5950,3.4210,8433200
2003-04-17,4.5750,4.7525,4.5750,4.7225,3.5160,6632800
2003-04-21,4.7225,4.7425,4.6750,4.6825,3.4862,5131200
2003-04-22,4.6250,4.7750,4.6050,4.7300,3.5216,9065200
2003-04-23,4.6925,4.7250,4.6350,4.7050,3.5029,5628000
2003-04-24,4.6750,4.6775,4.5975,4.6025,3.4266,6546000
2003-04-25,4.6075,4.6625,4.5725,4.5900,3.4173,13545200
2003-04-28,4.6150,4.7275,4.6150,4.6950,3.4955,8072000
2003-04-29,4.7500,4.8350,4.7425,4.7825,3.5606,8240800
2003-04-30,4.7800,4.8375,4.7725,4.8125,3.5830,12394800
2003-05-01,4.8000,4.8000,4.6050,4.6450,3.4583,17163600
2003-05-02,4.6450,4.7450,4.6350,4.7075,3.5048,14777600
2003-05-05,4.7050,4.7100,4.6425,4.6725,3.4787,8430400
2003-05-06,4.6650,4.7200,4.6325,4.6950,3.5021,13596000
2003-05-07,4.6500,4.6625,4.5450,4.5500,3.3939,16254000
2003-05-08,4.6000,4.8450,4.5950,4.7450,3.5393,13468800
2003-05-09,4.7450,4.8125,4.7225,4.7800,3.5655,7168000
2003-05-12,4.7500,5.0600,4.7475,5.0000,3.7296,15764400
2003-05-13,5.0025,5.0375,4.8650,4.9500,3.6923,14248000
2003-05-14,4.9750,4.9975,4.7975,4.8375,3.6083,17132000
2003-05-15,4.7500,4.7850,4.5200,4.5450,3.3902,30879200
2003-05-16,4.5450,4.5825,4.5225,4.5250,3.3752,16246000
2003-05-19,4.5250,4.5250,4.4025,4.4175,3.2951,10078000
2003-05-20,4.4550,4.5425,4.4200,4.4500,3.3193,13321600
2003-05-21,4.4500,4.5450,4.4150,4.4200,3.2969,11980400
2003-05-22,4.4250,4.4850,4.3625,4.4850,3.3454,20051200
2003-05-23,4.4800,4.4800,4.4100,4.4100,3.2895,8229200
2003-05-27,4.3475,4.4750,4.3475,4.4375,3.3100,17510000
2003-05-28,4.4625,4.5600,4.4525,4.4800,3.3417,12809600
2003-05-29,4.5000,4.5300,4.4250,4.4500,3.3193,15716000
2003-05-30,4.5000,4.5675,4.4950,4.5500,3.3939,9232800
2003-06-02,4.6125,4.7750,4.6000,4.7000,3.5058,13604400
2003-06-03,4.6500,4.7250,4.6275,4.7000,3.5058,7849200
2003-06-04,4.7000,4.7750,4.7000,4.7600,3.5505,7789600
2003-06-05,4.7600,5.0250,4.7350,4.8400,3.6102,13890000
2003-06-06,4.8850,4.9575,4.8300,4.8600,3.6251,11480400
2003-06-09,4.8500,4.8875,4.7850,4.8125,3.5897,10298400
2003-06-10,4.8125,4.8775,4.7450,4.7850,3.5692,5546400
2003-06-11,4.7700,4.8525,4.7575,4.8400,3.6102,6953200
2003-06-12,4.8425,4.8575,4.7275,4.7675,3.5561,8560000
2003-06-13,4.7725,4.8075,4.6800,4.7675,3.5561,7779600
2003-06-16,4.7750,4.8250,4.7250,4.8250,3.5990,7536400
2003-06-17,4.8175,4.8275,4.6925,4.7350,3.5319,6672400
2003-06-18,4.7350,4.8250,4.7000,4.8175,3.5934,10112800
2003-06-19,4.8175,4.8175,4.7325,4.7500,3.5431,13665200
2003-06-20,4.7500,4.7850,4.7475,4.7700,3.5580,11608400
2003-06-23,4.7875,4.7975,4.7450,4.7875,3.5710,11258000
2003-06-24,4.8250,4.8675,4.7625,4.7700,3.5580,7621600
2003-06-25,4.7575,4.8000,4.6875,4.7050,3.5095,14306400
2003-06-26,4.6750,4.7125,4.6450,4.6825,3.4927,12184000
2003-06-27,4.6825,4.6950,4.5800,4.6250,3.4498,10409200
2003-06-30,4.6550,4.7375,4.6550,4.7100,3.5132,8943600
2003-07-01,4.6625,4.6850,4.5550,4.6625,3.4778,9844000
2003-07-02,4.6700,4.7050,4.5875,4.6500,3.4685,12434000
2003-07-03,4.6250,4.6250,4.5250,4.5250,3.3752,7418000
2003-07-07,4.5500,4.6800,4.5475,4.6800,3.4909,9838400
2003-07-08,4.6875,4.8675,4.6875,4.8250,3.5990,13954400
2003-07-09,4.8125,4.8200,4.6975,4.7000,3.5058,12614800
2003-07-10,4.5625,4.6600,4.5100,4.5250,3.3752,16223600
2003-07-11,4.5250,4.6300,4.5250,4.5875,3.4219,12714000
2003-07-14,4.6125,4.6750,4.5800,4.6050,3.4349,11096800
2003-07-15,4.6250,4.6475,4.4850,4.5000,3.3566,13797600
2003-07-16,4.5625,4.6375,4.5250,4.5600,3.4014,12635600
2003-07-17,4.5250,4.5575,4.4950,4.5575,3.3995,14395600
2003-07-18,4.5875,4.8250,4.5575,4.8125,3.5897,26659600
2003-07-21,4.8125,4.8125,4.3875,4.7625,3.5524,18182400
2003-07-22,4.7550,4.8750,4.7125,4.8675,3.6307,16734000
2003-07-23,4.8750,4.9750,4.8475,4.9650,3.7034,11947200
2003-07-24,5.0000,5.0600,4.9450,4.9450,3.6885,16842400
2003-07-25,4.9750,5.0475,4.9400,4.9625,3.7016,9796800
2003-07-28,4.9750,5.0375,4.9750,5.0050,3.7333,8972800
2003-07-29,5.0075,5.0225,4.8700,4.9000,3.6550,11183600
2003-07-30,4.9025,4.9075,4.8075,4.8175,3.5934,13429200
2003-07-31,4.8175,4.9525,4.8150,4.8625,3.6270,10973200
2003-08-01,4.8650,4.9600,4.8275,4.9000,3.6550,8433200
2003-08-04,4.8975,4.9575,4.7925,4.9075,3.6606,10847600
2003-08-05,4.8050,4.8775,4.7950,4.8125,3.5961,10861600
2003-08-06,4.8125,4.8125,4.7100,4.7150,3.5233,12836400
2003-08-07,4.8375,4.9750,4.8250,4.9250,3.6802,12970800
2003-08-08,4.9250,5.0000,4.9175,4.9800,3.7213,8297600
2003-08-11,4.9750,5.0200,4.9475,4.9800,3.7213,5217600
2003-08-12,4.9750,5.2625,4.9100,5.2625,3.9324,21358000
2003-08-13,5.2750,5.2900,5.1175,5.1250,3.8296,11791600
2003-08-14,5.1200,5.1550,5.0650,5.1275,3.8315,10667600
2003-08-15,5.1300,5.1850,5.1000,5.1750,3.8670,2904400
2003-08-18,5.1725,5.2000,5.1525,5.1750,3.8670,9791600
2003-08-19,5.1875,5.2000,5.0625,5.1750,3.8670,12066400
2003-08-20,5.1375,5.2175,5.1250,5.1975,3.8838,5742400
2003-08-21,5.2125,5.3100,5.2025,5.2700,3.9380,8116800
2003-08-22,5.2500,5.2725,5.1800,5.1875,3.8763,13398000
2003-08-25,5.2050,5.2250,5.1750,5.2200,3.9006,7676000
2003-08-26,5.1575,5.2500,5.1250,5.2500,3.9230,10890000
2003-08-27,5.2475,5.2800,5.2250,5.2750,3.9417,8179600
2003-08-28,5.2775,5.3700,5.2675,5.3550,4.0015,8466000
2003-08-29,5.3550,5.4250,5.3300,5.4150,4.0463,6839600
2003-09-02,5.4050,5.5000,5.3775,5.4825,4.0968,7947200
2003-09-03,5.4500,5.5200,5.4375,5.5100,4.1173,6746400
2003-09-04,5.5100,5.5100,5.3450,5.3575,4.0034,13116800
2003-09-05,5.3575,5.3575,5.1500,5.1875,3.8763,21801600
2003-09-08,5.1875,5.1875,5.0800,5.1000,3.8109,12661200
2003-09-09,5.1000,5.1000,5.0075,5.0350,3.7624,9438400
2003-09-10,5.0000,5.1600,5.0000,5.0275,3.7568,7954800
2003-09-11,5.0250,5.1600,5.0200,5.1175,3.8240,7574800
2003-09-12,5.1150,5.1425,5.0200,5.1125,3.8203,7185600
2003-09-15,5.1250,5.2000,5.1125,5.1550,3.8520,8538800
2003-09-16,5.1750,5.2000,5.0900,5.1950,3.8819,7258400
2003-09-17,5.1700,5.2100,5.1125,5.1225,3.8278,6077200
2003-09-18,5.1500,5.1600,5.0900,5.1075,3.8165,9385600
2003-09-19,5.0950,5.1450,5.0625,5.1250,3.8296,12275600
2003-09-22,5.0875,5.1075,5.0300,5.0800,3.7960,7736800
2003-09-23,5.1250,5.1825,5.1000,5.1600,3.8558,6135600
2003-09-24,5.1575,5.1575,4.9750,4.9925,3.7306,9413200
2003-09-25,4.9925,5.0250,4.8625,4.8675,3.6372,11520400
2003-09-26,4.8675,4.8675,4.7350,4.7350,3.5382,19871600
2003-09-29,4.7500,4.7675,4.6775,4.7250,3.5307,14206800
2003-09-30,4.7250,4.9100,4.7000,4.8550,3.6279,14850800
2003-10-01,4.8875,5.0225,4.8800,4.9975,3.7343,10671600
2003-10-02,4.9950,4.9950,4.9025,4.9625,3.7082,9114000
2003-10-03,5.0400,5.1125,4.9900,5.0200,3.7512,9421600
2003-10-06,5.0200,5.0475,4.9750,5.0075,3.7418,5312000
2003-10-07,5.0075,5.0375,4.9500,5.0175,3.7493,7818400
2003-10-08,5.0450,5.1000,5.0075,5.0225,3.7530,8234400
2003-10-09,5.0225,5.4550,5.0225,5.3000,3.9604,18162400
2003-10-10,5.2750,5.3350,5.1250,5.1775,3.8689,8507600
2003-10-13,5.2000,5.3200,5.2000,5.3125,3.9697,5630000
2003-10-14,5.3000,5.3725,5.2500,5.3675,4.0108,8275200
2003-10-15,5.3675,5.3675,5.2800,5.3075,3.9660,7375200
2003-10-16,5.3000,5.3750,5.2850,5.3325,3.9847,6372000
2003-10-17,5.3875,5.4525,5.2875,5.3050,3.9641,15143600
2003-10-20,5.3125,5.3500,5.2625,5.3000,3.9604,10368400
2003-10-21,5.3000,5.3500,5.2125,5.2450,3.9193,13616800
2003-10-22,5.1825,5.2025,5.1300,5.1375,3.8390,9681600
2003-10-23,5.1375,5.2400,5.0950,5.2350,3.9118,10977600
2003-10-24,5.2350,5.2350,5.0850,5.1675,3.8614,8018000
2003-10-27,5.1875,5.2350,5.1325,5.1500,3.8483,7182000
2003-10-28,5.1625,5.3250,5.1550,5.3225,3.9772,10350000
2003-10-29,5.3000,5.3875,5.2625,5.3625,4.0071,7734800
2003-10-30,5.3525,5.4100,5.2925,5.3000,3.9604,12415200
2003-10-31,5.3075,5.3100,5.2250,5.2475,3.9212,6570000
2003-11-03,5.2850,5.3575,5.2575,5.2700,3.9380,8515600
2003-11-04,5.2500,5.2525,5.1700,5.1700,3.8697,9346000
2003-11-05,5.1675,5.1825,5.1275,5.1625,3.8641,13215600
2003-11-06,5.1625,5.5625,5.1625,5.5500,4.1541,20019200
2003-11-07,5.5500,5.7500,5.5250,5.6875,4.2570,20034400
2003-11-10,5.6875,5.8725,5.5750,5.8200,4.3562,18896000
2003-11-11,5.7750,5.9250,5.6575,5.7350,4.2926,13151600
2003-11-12,5.5000,5.7025,5.5000,5.6550,4.2327,14778400
2003-11-13,5.6375,5.6875,5.5450,5.6075,4.1971,13058400
2003-11-14,5.5875,5.6875,5.5500,5.5625,4.1635,6460800
2003-11-17,5.5625,5.5750,5.4450,5.4950,4.1129,11301600
2003-11-18,5.4950,5.5625,5.3975,5.4125,4.0512,9489600
2003-11-19,5.4175,5.4750,5.3800,5.4425,4.0736,8762800
2003-11-20,5.4325,5.5525,5.4125,5.5050,4.1204,7586400
2003-11-21,5.5375,5.5875,5.5000,5.5300,4.1391,8393200
2003-11-24,5.5300,5.6125,5.5250,5.5875,4.1822,11478000
2003-11-25,5.5525,5.8300,5.5450,5.7625,4.3132,14618400
2003-11-26,5.7375,5.7425,5.5925,5.6350,4.2177,9998800
2003-11-28,5.6350,5.7000,5.6300,5.6475,4.2271,4667600
2003-12-01,5.6625,5.6875,5.5500,5.6225,4.2084,8939200
2003-12-02,5.5975,5.6225,5.5375,5.5650,4.1653,8711600
2003-12-03,5.5650,5.6125,5.4550,5.5000,4.1167,16268400
2003-12-04,5.5025,5.5350,5.3700,5.4475,4.0774,20297600
2003-12-05,5.4475,5.4475,5.3525,5.3525,4.0063,19619600
2003-12-08,5.3625,5.4025,5.3125,5.3525,4.0063,8951600
2003-12-09,5.3500,5.4250,5.3500,5.4125,4.0512,11568000
2003-12-10,5.4000,5.4375,5.3675,5.4025,4.0437,9293600
2003-12-11,5.4000,5.4975,5.4000,5.4400,4.0718,7390400
2003-12-12,5.4400,5.4625,5.3650,5.3975,4.0400,6468000
2003-12-15,5.4750,5.4875,5.2825,5.2925,3.9614,7515600
2003-12-16,5.2900,5.3550,5.2200,5.3275,3.9876,12071200
2003-12-17,5.3250,5.4375,5.2850,5.4350,4.0680,7917200
2003-12-18,5.4125,5.4225,5.3000,5.3275,3.9876,13980800
2003-12-19,5.3250,5.3300,5.2500,5.2800,3.9520,11846400
2003-12-22,5.2900,5.3400,5.2700,5.2750,3.9483,8401600
2003-12-23,5.2750,5.3050,5.2425,5.2600,3.9370,12890800
2003-12-24,5.2550,5.2600,5.2200,5.2200,3.9071,3543200
2003-12-26,5.2475,5.3650,5.2475,5.3225,3.9838,2558800
2003-12-29,5.2975,5.3800,5.2625,5.3750,4.0231,6044800
2003-12-30,5.3550,5.5000,5.3525,5.4850,4.1054,9130400
2003-12-31,5.4875,5.5125,5.4375,5.5125,4.1260,8243600
2004-01-02,5.4950,5.5425,5.3825,5.4025,4.0437,6231200
2004-01-05,5.4050,5.4950,5.4000,5.4925,4.1111,10609600
2004-01-06,5.4375,5.5300,5.4375,5.5200,4.1316,11677600
2004-01-07,5.5000,5.5200,5.3725,5.3950,4.0381,20651200
2004-01-08,5.5625,5.6375,5.5000,5.5400,4.1466,17621200
2004-01-09,5.5400,5.6200,5.5250,5.5950,4.1878,7859600
2004-01-12,5.5875,5.7675,5.3625,5.7500,4.3038,14166000
2004-01-13,5.7500,5.8100,5.7400,5.7750,4.3225,11442000
2004-01-14,5.7875,5.8750,5.7750,5.8650,4.3899,6738800
2004-01-15,5.8125,5.9525,5.7500,5.8925,4.4105,8666800
2004-01-16,5.9375,5.9375,5.8200,5.8975,4.4142,9355200
2004-01-20,5.8750,5.8750,5.7900,5.8450,4.3749,6522800
2004-01-21,5.8125,5.9025,5.8125,5.8500,4.3786,7980400
2004-01-22,5.8250,5.9225,5.8125,5.8500,4.3786,6137200
2004-01-23,5.8525,5.8600,5.7925,5.8525,4.3805,5931600
2004-01-26,5.8250,5.8525,5.7550,5.8000,4.3412,7332800
2004-01-27,5.8125,5.8625,5.7525,5.7550,4.3075,8248000
2004-01-28,5.7725,5.8600,5.7000,5.7050,4.2701,6975200
2004-01-29,5.7075,5.8225,5.6900,5.7300,4.2888,9919200
2004-01-30,5.7325,5.7900,5.6625,5.7475,4.3019,9350800
2004-02-02,5.7600,5.8000,5.6825,5.7050,4.2701,10508000
2004-02-03,5.6625,5.7500,5.6275,5.6775,4.2495,10310400
2004-02-04,5.6775,5.7150,5.6550,5.6750,4.2477,5699600
2004-02-05,5.7125,5.8125,5.7125,5.7925,4.3356,11388400
2004-02-06,5.7925,5.8625,5.7850,5.8300,4.3637,7167600
2004-02-09,5.7875,5.8850,5.7750,5.8225,4.3581,6860400
2004-02-10,5.8250,5.8750,5.8050,5.8250,4.3665,7818800
2004-02-11,5.8350,5.8575,5.7875,5.8375,4.3759,7948400
2004-02-12,5.8475,5.9075,5.8225,5.8375,4.3759,4804800
2004-02-13,5.8375,5.8675,5.7100,5.7700,4.3253,7303200
2004-02-17,5.8250,5.9325,5.8250,5.9150,4.4340,6314000
2004-02-18,5.9200,6.0125,5.9000,5.9875,4.4883,7689200
2004-02-19,5.9975,6.1150,5.9100,5.9425,4.4546,8076000
2004-02-20,5.9625,5.9625,5.8125,5.9125,4.4321,4996400
2004-02-23,5.9025,5.9500,5.8500,5.8600,4.3927,10017200
2004-02-24,5.8850,6.1725,5.8800,5.9200,4.4377,17003200
2004-02-25,6.0300,6.0400,5.8500,5.9450,4.4564,16825200
2004-02-26,5.9125,5.9800,5.8625,5.8925,4.4171,10545200
2004-02-27,5.8050,5.9500,5.8050,5.8875,4.4133,9148000
2004-03-01,5.8900,5.9750,5.8575,5.9175,4.4358,7086000
2004-03-02,5.9075,5.9375,5.8300,5.8425,4.3796,6220400
2004-03-03,5.8125,5.9400,5.7800,5.9050,4.4265,4905600
2004-03-04,5.8625,5.9450,5.7475,5.9050,4.4265,8880000
2004-03-05,5.9175,6.1575,5.8925,6.1375,4.6007,18622800
2004-03-08,6.1275,6.1350,6.0400,6.0425,4.5295,7786400
2004-03-09,6.0500,6.0875,5.9700,5.9900,4.4902,6049600
2004-03-10,6.0000,6.0725,5.9425,5.9800,4.4827,9642000
2004-03-11,5.9800,5.9800,5.7975,5.8125,4.3571,10192400
2004-03-12,5.8125,5.9400,5.7675,5.9400,4.4527,12910000
2004-03-15,5.9400,5.9575,5.8625,5.9100,4.4302,11292800
2004-03-16,5.9725,6.0150,5.9375,5.9650,4.4714,10459600
2004-03-17,5.9675,6.0100,5.9400,5.9950,4.4939,8586000
2004-03-18,5.9950,6.0350,5.9375,5.9850,4.4864,5210800
2004-03-19,6.0000,6.0450,5.9600,5.9900,4.4902,5246400
2004-03-22,5.9625,5.9650,5.8750,5.9250,4.4415,7748800
2004-03-23,5.9250,5.9500,5.8600,5.8625,4.3946,8106400
2004-03-24,5.8800,5.9250,5.8075,5.9100,4.4302,8420800
2004-03-25,5.9200,6.0850,5.9200,6.0325,4.5220,10078800
2004-03-26,6.0350,6.1375,6.0025,6.0925,4.5670,7808800
2004-03-29,6.0950,6.1775,6.0125,6.0600,4.5427,11238800
2004-03-30,6.0600,6.1350,6.0200,6.0525,4.5370,7702400
2004-03-31,6.0825,6.1575,6.0250,6.1400,4.6026,7040800
2004-04-01,6.1400,6.2450,6.0500,6.1625,4.6195,11140000
2004-04-02,6.2500,6.2550,6.1850,6.2275,4.6682,11538000
2004-04-05,6.2000,6.2975,6.1875,6.2950,4.7188,5248400
2004-04-06,6.2500,6.3625,6.2250,6.3375,4.7507,12074800
2004-04-07,6.3375,6.3700,6.2925,6.3300,4.7450,13493200
2004-04-08,6.3700,6.3725,6.2250,6.2525,4.6870,11994400
2004-04-12,6.2500,6.3250,6.2400,6.3000,4.7226,13742400
2004-04-13,6.3250,6.3425,6.2100,6.2300,4.6701,7594000
2004-04-14,6.2300,6.2675,6.2125,6.2625,4.6945,9864000
2004-04-15,6.2750,6.3250,6.2600,6.2925,4.7169,6883600
2004-04-16,6.3375,6.3500,6.2325,6.3275,4.7432,5982000
2004-04-19,6.2925,6.3175,6.2500,6.2675,4.6982,9997200
2004-04-20,6.3125,6.4275,6.3100,6.3375,4.7507,11674000
2004-04-21,6.3150,6.3275,6.1900,6.2925,4.7169,6175200
2004-04-22,6.2750,6.3525,6.2325,6.3275,4.7432,8747200
2004-04-23,6.3250,6.4275,6.2875,6.4250,4.8163,7739600
2004-04-26,6.4250,6.4450,6.3650,6.4100,4.8050,7572800
2004-04-27,6.4125,6.5300,6.4000,6.4275,4.8181,9704400
2004-04-28,6.4275,6.4375,6.2575,6.2800,4.7076,8897200
2004-04-29,6.2825,6.3250,6.1500,6.1950,4.6439,13332400
2004-04-30,6.2250,6.2600,6.1175,6.1425,4.6045,9523600
2004-05-03,6.1450,6.2500,6.1450,6.2275,4.6682,8253200
2004-05-04,6.2475,6.2500,6.0850,6.1450,4.6064,8228800
2004-05-05,6.1475,6.2350,6.0925,6.2150,4.6588,6603600
2004-05-06,6.1750,6.1775,5.9125,6.0075,4.5033,13418400
2004-05-07,6.0075,6.0900,5.8675,5.8825,4.4096,10796800
2004-05-10,5.8625,5.9800,5.8250,5.8875,4.4133,10001600
2004-05-11,5.9125,5.9675,5.8400,5.8675,4.4068,5957600
2004-05-12,5.8500,5.9450,5.7850,5.9250,4.4500,8549200
2004-05-13,5.9275,5.9675,5.8250,5.8550,4.3974,9362400
2004-05-14,5.8600,5.9775,5.8275,5.9575,4.4744,10984800
2004-05-17,5.9275,6.0225,5.8750,5.9650,4.4800,11357200
2004-05-18,5.9875,6.1000,5.9875,6.0000,4.5063,10656800
2004-05-19,6.0750,6.1725,6.0100,6.0550,4.5476,13502400
2004-05-20,6.0550,6.0750,5.9725,6.0300,4.5288,11064800
2004-05-21,6.0500,6.1400,6.0425,6.1025,4.5833,6612400
2004-05-24,6.1150,6.1625,5.9875,6.0750,4.5626,11672000
2004-05-25,6.0375,6.2225,6.0100,6.2000,4.6565,10022000
2004-05-26,6.2025,6.2500,6.1625,6.2450,4.6903,6660400
2004-05-27,6.2450,6.3675,6.2175,6.2625,4.7034,9177200
2004-05-28,6.2700,6.2825,6.2025,6.2275,4.6771,5977600
2004-06-01,6.2300,6.3500,6.2050,6.3350,4.7579,8182800
2004-06-02,6.3350,6.4000,6.2925,6.3825,4.7936,6504400
2004-06-03,6.3825,6.4225,6.3275,6.3425,4.7635,5894400
2004-06-04,6.3875,6.4150,6.3275,6.3700,4.7842,6909200
2004-06-07,6.3950,6.4525,6.3500,6.4475,4.8424,3625200
2004-06-08,6.4075,6.4425,6.3850,6.4100,4.8142,5242000
2004-06-09,6.3675,6.4000,6.3150,6.3250,4.7504,6918400
2004-06-10,6.3625,6.3975,6.2875,6.3500,4.7692,5550400
2004-06-14,6.3125,6.3450,6.2625,6.2900,4.7241,4338800
2004-06-15,6.3525,6.3875,6.2500,6.2750,4.7128,7842000
2004-06-16,6.2700,6.3850,6.2550,6.3675,4.7823,6549200
2004-06-17,6.3125,6.3150,6.2475,6.2725,4.7109,6503200
2004-06-18,6.2750,6.3525,6.2625,6.3150,4.7429,6940400
2004-06-21,6.2950,6.4400,6.2850,6.3875,4.7973,5577600
2004-06-22,6.3875,6.4475,6.3425,6.4325,4.8311,9776000
2004-06-23,6.4350,6.5800,6.4100,6.5800,4.9419,11450800
2004-06-24,6.5500,6.6200,6.5500,6.5875,4.9475,8166400
2004-06-25,6.5900,6.7050,6.4825,6.4825,4.8687,14014000
2004-06-28,6.4775,6.4875,6.3125,6.3300,4.7541,11715200
2004-06-29,6.0125,6.1300,5.9175,5.9975,4.5044,32109200
2004-06-30,5.9850,6.0600,5.9600,6.0350,4.5326,11481200
2004-07-01,6.0700,6.0775,6.0050,6.0450,4.5401,7074400
2004-07-02,6.0450,6.1050,5.9750,6.0050,4.5100,9040000
2004-07-06,6.0050,6.0650,5.9475,6.0225,4.5232,7802400
2004-07-07,5.9950,6.0875,5.9650,6.0275,4.5269,8309600
2004-07-08,5.7875,5.8125,5.5100,5.5625,4.1777,42193200
2004-07-09,5.5675,5.6500,5.5675,5.6425,4.2378,20550000
2004-07-12,5.5825,5.6675,5.5625,5.6375,4.2340,9157600
2004-07-13,5.6300,5.6925,5.6300,5.6525,4.2453,12438800
2004-07-14,5.6250,5.6550,5.5400,5.5700,4.1833,10187200
2004-07-15,5.5700,5.6000,5.5050,5.5250,4.1495,7485200
2004-07-16,5.5700,5.5700,5.4500,5.4700,4.1082,14143200
2004-07-19,5.4775,5.5250,5.3825,5.4500,4.0932,8608800
2004-07-20,5.4375,5.5400,5.4375,5.5175,4.1439,10197600
2004-07-21,5.5375,5.5850,5.4825,5.5100,4.1383,6462800
2004-07-22,5.4500,5.5425,5.3825,5.5050,4.1345,9148400
2004-07-23,5.5050,5.6000,5.4925,5.5700,4.1833,10610000
2004-07-26,5.6000,5.6375,5.5500,5.5875,4.1965,11771200
2004-07-27,5.5875,5.8475,5.5875,5.8425,4.3880,14930400
2004-07-28,5.8300,5.8300,5.6875,5.7900,4.3486,9656000
2004-07-29,5.8275,5.8825,5.8075,5.8375,4.3842,6199200
2004-07-30,5.8125,5.8725,5.7800,5.8675,4.4068,8432400
2004-08-02,5.8375,5.9025,5.8300,5.8525,4.3955,8496000
2004-08-03,5.8250,5.8525,5.7950,5.8275,4.3767,6254800
2004-08-04,5.7875,5.7950,5.6300,5.7075,4.2866,8110000
2004-08-05,5.6300,5.6325,5.3325,5.3725,4.0350,24732800
2004-08-06,5.3600,5.3625,5.2500,5.3100,3.9881,11637200
2004-08-09,5.3100,5.3625,5.2775,5.3425,4.0125,9256800
2004-08-10,5.3500,5.4375,5.3150,5.4125,4.0736,6670400
2004-08-11,5.4125,5.4125,5.3000,5.4050,4.0680,5132000
2004-08-12,5.3950,5.4375,5.3300,5.3750,4.0454,11808000
2004-08-13,5.4500,5.4625,5.3475,5.4025,4.0661,6553600
2004-08-16,5.3900,5.5125,5.3725,5.5125,4.1489,8429200
2004-08-17,5.7350,5.7375,5.4175,5.4250,4.0830,14307600
2004-08-18,5.3500,5.3525,5.1600,5.3150,4.0002,25837200
2004-08-19,5.3150,5.3575,5.2700,5.3325,4.0134,8669600
2004-08-20,5.3325,5.3325,5.2700,5.3250,4.0078,5644800
2004-08-23,5.3225,5.3425,5.2800,5.2950,3.9852,7749200
2004-08-24,5.3425,5.3550,5.2725,5.3000,3.9890,8725600
2004-08-25,5.3125,5.3325,5.2550,5.3225,4.0059,11534400
2004-08-26,5.3350,5.3475,5.3000,5.3000,3.9890,4373600
2004-08-27,5.3025,5.3125,5.2550,5.2800,3.9739,8038000
2004-08-30,5.2525,5.2775,5.2150,5.2500,3.9513,4167200
2004-08-31,5.2475,5.2975,5.2275,5.2900,3.9814,14607200
2004-09-01,5.2850,5.3200,5.2025,5.2375,3.9419,7714000
2004-09-02,5.3000,5.4425,5.3000,5.4350,4.0906,16590400
2004-09-03,5.4250,5.5175,5.4125,5.5075,4.1451,7356800
2004-09-07,5.5125,5.5350,5.4500,5.4650,4.1131,8645600
2004-09-08,5.4875,5.5225,5.4275,5.4375,4.0924,6505600
2004-09-09,5.4250,5.4350,5.3250,5.3600,4.0341,7247200
2004-09-10,5.3600,5.5025,5.3500,5.4700,4.1169,4328800
2004-09-13,5.4625,5.5600,5.4375,5.5500,4.1771,5931200
2004-09-14,5.5575,5.6750,5.5350,5.6175,4.2279,8955200
2004-09-15,5.6200,5.6750,5.5950,5.6150,4.2260,7403600
2004-09-16,5.6450,5.6500,5.5750,5.6150,4.2260,8245200
2004-09-17,5.6300,5.6425,5.5100,5.5325,4.1639,8434400
2004-09-20,5.5325,5.5475,5.4825,5.5000,4.1395,6653600
2004-09-21,5.5000,5.6625,5.4975,5.6050,4.2185,8894800
2004-09-22,5.6000,5.6025,5.5125,5.5250,4.1583,16374000
2004-09-23,5.5250,5.5875,5.5000,5.5000,4.1395,11327600
2004-09-24,5.4975,5.5250,5.4750,5.4750,4.1207,11269600
2004-09-27,5.4825,5.5050,5.4625,5.4650,4.1131,5985200
2004-09-28,5.4625,5.4900,5.4300,5.4400,4.0943,7873600
2004-09-29,5.4400,5.4950,5.4275,5.4550,4.1056,9265600
2004-09-30,5.4950,5.5325,5.4500,5.5100,4.1470,9562000
2004-10-01,5.5675,5.6875,5.5650,5.6075,4.2204,8262000
2004-10-04,5.5975,5.7250,5.5825,5.6300,4.2373,7859200
2004-10-05,5.6250,5.6250,5.5000,5.5050,4.1432,10185200
2004-10-06,5.5050,5.5650,5.4825,5.5225,4.1564,6870800
2004-10-07,5.5750,5.7125,5.5375,5.5400,4.1696,9620800
2004-10-08,5.5400,5.6325,5.5150,5.5975,4.2129,11747200
2004-10-11,5.6250,5.6250,5.5350,5.5700,4.1922,5768400
2004-10-12,5.5250,5.5350,5.4600,5.5000,4.1395,7064800
2004-10-13,5.5375,5.5925,5.5075,5.5600,4.1846,7127200
2004-10-14,5.5375,5.5425,5.4925,5.5050,4.1432,5732800
2004-10-15,5.5300,5.5875,5.5000,5.5350,4.1658,4616000
2004-10-18,5.5375,5.6175,5.4875,5.6175,4.2279,6990800
2004-10-19,5.6375,5.6750,5.6125,5.6150,4.2260,8192400
2004-10-20,5.5875,5.6875,5.5750,5.6575,4.2580,5142000
2004-10-21,5.6375,5.7950,5.6200,5.7375,4.3182,7056400
2004-10-22,5.7625,5.9400,5.7625,5.8100,4.3728,15202000
2004-10-25,5.8125,5.8275,5.7300,5.7900,4.3577,8842000
2004-10-26,5.7900,5.8650,5.7650,5.8525,4.4048,6947600
2004-10-27,5.8500,5.9450,5.8050,5.9300,4.4631,9422800
2004-10-28,5.9150,5.9900,5.8975,5.9450,4.4744,6064000
2004-10-29,5.9500,6.0125,5.9275,5.9950,4.5120,7792400
2004-11-01,5.9800,5.9950,5.8625,5.9250,4.4593,8300000
2004-11-02,5.9125,6.0200,5.9100,5.9725,4.4951,6958000
2004-11-03,6.0475,6.0800,5.9500,6.0575,4.5591,8016800
2004-11-04,6.0875,6.2800,6.0500,6.2500,4.7040,10999200
2004-11-05,6.2500,6.3675,6.2400,6.3025,4.7435,10387200
2004-11-08,6.2900,6.3525,6.2500,6.3200,4.7651,7640800
2004-11-09,6.3050,6.3250,6.1950,6.2150,4.6860,6990000
2004-11-10,6.2450,6.2925,6.2275,6.2400,4.7048,10570400
2004-11-11,6.2425,6.2500,6.1750,6.2025,4.6766,8194400
2004-11-12,6.2050,6.2675,6.2025,6.2400,4.7048,9290000
2004-11-15,6.2400,6.3750,6.2400,6.3175,4.7633,14988000
2004-11-16,6.3125,6.3150,6.1025,6.1300,4.6219,11613200
2004-11-17,6.1925,6.2200,6.0225,6.0500,4.5616,14727200
2004-11-18,6.0375,6.0475,5.9750,5.9875,4.5144,13833600
2004-11-19,6.0000,6.0125,5.8825,5.9175,4.4617,6708400
2004-11-22,5.9375,6.0475,5.9125,6.0150,4.5352,8672800
2004-11-23,6.0450,6.1125,6.0375,6.0925,4.5936,12272800
2004-11-24,6.1175,6.1375,6.0500,6.0925,4.5936,5476800
2004-11-26,6.1075,6.1600,6.1050,6.1500,4.6370,2612400
2004-11-29,6.1500,6.1750,6.0425,6.0475,4.5597,7601600
2004-11-30,6.0475,6.0475,5.8400,5.8850,4.4372,15472800
2004-12-01,5.8850,6.0850,5.8850,6.0450,4.5578,11202400
2004-12-02,5.9775,6.0900,5.8975,6.0350,4.5503,12218800
2004-12-03,5.9925,6.1000,5.9575,6.0725,4.5785,11569200
2004-12-06,6.0725,6.1675,6.0675,6.1275,4.6200,13829200
2004-12-07,6.1125,6.1700,6.1000,6.1200,4.6143,10032000
2004-12-08,6.1200,6.2475,6.1175,6.2100,4.6822,6776400
2004-12-09,6.2100,6.2575,6.1725,6.2450,4.7086,6942800
2004-12-10,6.2375,6.2800,6.2275,6.2525,4.7143,6908400
2004-12-13,6.2525,6.2550,6.1550,6.1700,4.6520,8402400
2004-12-14,6.1700,6.2650,6.1700,6.2625,4.7218,6644000
2004-12-15,6.2475,6.2875,6.1875,6.2225,4.6916,10961200
2004-12-16,6.2250,6.2500,6.1450,6.1650,4.6483,7284400
2004-12-17,6.0500,6.1775,6.0500,6.1075,4.6049,11595200
2004-12-20,6.1075,6.1700,6.0875,6.1300,4.6219,5177200
2004-12-21,6.1325,6.2000,6.1175,6.1300,4.6219,10286800
2004-12-22,6.0850,6.2425,6.0775,6.2100,4.6822,11493600
2004-12-23,6.2100,6.2675,6.1900,6.2225,4.6916,5636400
2004-12-27,6.2225,6.2875,6.1950,6.1950,4.6709,7052000
2004-12-28,6.1975,6.2200,6.1500,6.2150,4.6860,6894000
2004-12-29,6.2150,6.2975,6.2150,6.2925,4.7444,4801600
2004-12-30,6.2925,6.3125,6.2650,6.3000,4.7501,3144400
2004-12-31,6.3000,6.3375,6.2825,6.2825,4.7369,3206400
2005-01-03,6.2875,6.3600,6.1850,6.2125,4.6841,10098800
2005-01-04,6.2375,6.2525,6.1675,6.1900,4.6671,11391200
2005-01-05,6.1875,6.2400,6.1500,6.1650,4.6483,7756000
2005-01-06,6.2275,6.2350,6.1400,6.1675,4.6502,9952000
2005-01-07,6.1800,6.1800,6.0875,6.1375,4.6275,6769600
2005-01-10,6.0875,6.2450,6.0875,6.2050,4.6784,7185600
2005-01-11,6.1550,6.2025,6.1075,6.1625,4.6464,5811600
2005-01-12,6.1500,6.2200,6.1250,6.2150,4.6860,7502400
2005-01-13,6.2000,6.2300,6.1625,6.2000,4.6747,7692400
2005-01-14,6.1875,6.2500,6.1750,6.2425,4.7067,4350800
2005-01-18,6.2050,6.3650,6.2000,6.3575,4.7934,9930000
2005-01-19,6.3200,6.3675,6.2850,6.2875,4.7406,4928000
2005-01-20,6.2575,6.3325,6.2500,6.2750,4.7312,5409200
2005-01-21,6.2625,6.3100,6.2400,6.2425,4.7067,4629600
2005-01-24,6.2475,6.2875,6.1550,6.1700,4.6520,6725600
2005-01-25,6.1700,6.2775,6.1700,6.2025,4.6766,4448800
2005-01-26,6.2050,6.2400,6.1975,6.2250,4.6935,6670000
2005-01-27,6.1875,6.3050,6.1775,6.2525,4.7143,7864000
2005-01-28,6.2725,6.2825,6.1825,6.2100,4.6822,5216000
2005-01-31,6.2500,6.2850,6.2175,6.2600,4.7199,5944400
2005-02-01,6.2775,6.3675,6.2700,6.3500,4.7878,4668000
2005-02-02,6.3750,6.4600,6.3725,6.4325,4.8500,7460000
2005-02-03,6.4825,6.4825,6.3925,6.4500,4.8632,6824400
2005-02-04,6.4300,6.4900,6.4225,6.4625,4.8726,4523600
2005-02-07,6.4600,6.4875,6.4425,6.4725,4.8801,4609200
2005-02-08,6.4350,6.4650,6.3725,6.3725,4.8131,4358400
2005-02-09,6.3525,6.3725,6.2775,6.2825,4.7451,6467600
2005-02-10,6.3225,6.3375,6.2875,6.3025,4.7602,6636400
2005-02-11,6.3000,6.3875,6.2950,6.3375,4.7867,3926800
2005-02-14,6.3250,6.3625,6.3100,6.3225,4.7753,3848000
2005-02-15,6.3250,6.3875,6.2950,6.3375,4.7867,6314000
2005-02-16,6.3125,6.3325,6.2675,6.3125,4.7678,6576000
2005-02-17,6.3125,6.3700,6.2750,6.3200,4.7734,5214400
2005-02-18,6.3250,6.3550,6.2875,6.3250,4.7772,4414800
2005-02-22,6.3250,6.3575,6.1625,6.1850,4.6715,7267600
2005-02-23,6.2250,6.2425,6.0775,6.1050,4.6111,8775200
2005-02-24,6.0750,6.0925,5.9700,6.0250,4.5506,12117600
2005-02-25,6.0050,6.1100,5.9600,6.0500,4.5695,9525600
2005-02-28,6.0375,6.1300,5.9850,6.1050,4.6111,8495600
2005-03-01,6.1375,6.1725,6.1000,6.1275,4.6280,7056800
2005-03-02,6.0775,6.1525,6.0525,6.1050,4.6111,9987600
2005-03-03,6.1550,6.2525,6.1100,6.1675,4.6583,12573600
2005-03-04,6.1725,6.2550,6.1500,6.1875,4.6734,8138400
2005-03-07,6.2200,6.2625,6.1650,6.2000,4.6828,5030000
2005-03-08,6.2000,6.2025,6.0750,6.0850,4.5959,10152800
2005-03-09,6.0750,6.1750,6.0725,6.1400,4.6375,10887600
2005-03-10,6.1500,6.1975,6.1375,6.1500,4.6450,5705200
2005-03-11,6.1750,6.2200,6.1400,6.2050,4.6866,12845200
2005-03-14,6.2200,6.2475,6.1225,6.1550,4.6488,8919200
2005-03-15,6.1950,6.2250,6.1600,6.1925,4.6771,6992400
2005-03-16,6.1750,6.2150,6.1000,6.1225,4.6243,7249200
2005-03-17,6.1500,6.1950,6.0875,6.1225,4.6243,5702000
2005-03-18,6.1250,6.1725,6.0750,6.1300,4.6299,10685200
2005-03-21,6.1300,6.1500,6.0700,6.1100,4.6148,6000800
2005-03-22,6.0925,6.1875,6.0725,6.0750,4.5884,7474800
2005-03-23,6.0500,6.0975,6.0200,6.0450,4.5657,9250400
2005-03-24,6.0450,6.0925,6.0175,6.0425,4.5638,6274800
2005-03-28,6.0450,6.1850,6.0450,6.1550,4.6488,4864400
2005-03-29,6.1500,6.2175,6.1275,6.1325,4.6318,7925200
2005-03-30,6.1325,6.1750,6.1100,6.1450,4.6413,8384800
2005-03-31,6.1500,6.1925,6.1000,6.1575,4.6507,9240000
2005-04-01,6.1950,6.2000,6.0050,6.0550,4.5733,13912800
2005-04-04,6.0625,6.1025,5.9650,6.0600,4.5771,7056400
2005-04-05,6.0600,6.1775,6.0600,6.1375,4.6356,7948800
2005-04-06,6.1375,6.1375,6.0400,6.0600,4.5771,7182800
2005-04-07,6.0625,6.0800,5.9725,6.0800,4.5922,10218800
2005-04-08,6.0800,6.0975,6.0175,6.0450,4.5657,5154000
2005-04-11,6.0425,6.0675,5.9600,5.9775,4.5148,5972400
2005-04-12,5.9625,6.0125,5.9150,5.9975,4.5299,9882400
2005-04-13,5.9975,6.0275,5.9550,5.9725,4.5110,8454800
2005-04-14,5.9625,5.9900,5.9100,5.9125,4.4657,6742800
2005-04-15,5.9025,5.9200,5.8150,5.8175,4.3939,8041600
2005-04-18,5.8225,5.8675,5.7825,5.8100,4.3882,8280400
2005-04-19,5.8250,5.8650,5.7675,5.7750,4.3618,12265200
2005-04-20,5.7750,5.7775,5.6350,5.6675,4.2806,15806800
2005-04-21,5.7250,5.7925,5.7125,5.7875,4.3712,9272400
2005-04-22,5.7925,5.7925,5.6425,5.6725,4.2844,9965600
2005-04-25,5.6800,5.7825,5.6625,5.7450,4.3391,6366400
2005-04-26,5.7575,5.8075,5.7275,5.7675,4.3561,6367600
2005-04-27,5.7675,5.8250,5.7125,5.7800,4.3656,8683200
2005-04-28,5.7900,5.8125,5.7425,5.7600,4.3505,8983600
2005-04-29,5.7675,5.7925,5.6275,5.6625,4.2768,11661200
2005-05-02,5.6750,5.7350,5.6225,5.6600,4.2749,8435600
2005-05-03,5.6700,5.7400,5.6575,5.7225,4.3222,9438800
2005-05-04,5.7325,5.8100,5.7250,5.7950,4.3769,9348000
2005-05-05,5.7850,5.8750,5.7300,5.7500,4.3429,9373600
2005-05-06,5.7700,5.7925,5.6950,5.6950,4.3014,8875200
2005-05-09,5.6975,5.7400,5.6625,5.7125,4.3146,6840800
2005-05-10,5.6800,5.6800,5.6200,5.6350,4.2673,8969200
2005-05-11,5.6350,5.6750,5.5750,5.6500,4.2786,8331600
2005-05-12,5.6525,5.8000,5.6275,5.7250,4.3354,13000000
2005-05-13,5.7575,5.7700,5.6150,5.6675,4.2919,7510000
2005-05-16,5.6750,5.8150,5.6525,5.8000,4.3922,8886800
2005-05-17,5.7900,5.8750,5.7500,5.8400,4.4225,13578800
2005-05-18,5.8950,5.9500,5.8325,5.9375,4.4963,9982000
2005-05-19,5.9375,5.9675,5.9100,5.9325,4.4926,5011200
2005-05-20,5.9675,5.9725,5.8750,5.8775,4.4509,5876400
2005-05-23,5.8400,5.8925,5.8075,5.8075,4.3979,8883200
2005-05-24,5.7950,5.8100,5.7625,5.7775,4.3752,7538000
2005-05-25,5.7500,5.8250,5.7425,5.8000,4.3922,11313600
2005-05-26,5.8300,5.8325,5.7750,5.8000,4.3922,8741200
2005-05-27,5.8000,5.8725,5.8000,5.8325,4.4168,4530800
2005-05-31,5.7925,5.8125,5.7250,5.7325,4.3411,11788800
2005-06-01,5.7200,5.7800,5.6650,5.7150,4.3279,10982400
2005-06-02,5.6875,5.7500,5.6825,5.7375,4.3449,11584000
2005-06-03,5.7250,5.7675,5.6400,5.6750,4.2976,10828000
2005-06-06,5.6750,5.7175,5.6750,5.7125,4.3260,5564400
2005-06-07,5.7375,5.8075,5.7125,5.7700,4.3695,9418400
2005-06-08,5.7875,5.7875,5.6775,5.6800,4.3013,5087200
2005-06-09,5.6625,5.7875,5.6550,5.7700,4.3695,6444400
2005-06-10,5.8000,5.8550,5.7775,5.8300,4.4149,11253200
2005-06-13,5.8250,5.8575,5.7875,5.8150,4.4036,6194400
2005-06-14,5.7900,6.0000,5.7900,5.9925,4.5380,9897200
2005-06-15,6.0425,6.0450,5.8750,6.0000,4.5437,10234800
2005-06-16,5.9775,6.0625,5.9325,6.0600,4.5891,13006000
2005-06-17,6.1225,6.1375,6.0625,6.1350,4.6459,14569200
2005-06-20,6.0600,6.0950,6.0175,6.0675,4.5948,5860400
2005-06-21,6.0550,6.1200,6.0200,6.0775,4.6024,5769200
2005-06-22,6.0775,6.1650,6.0650,6.1375,4.6478,8443200
2005-06-23,6.1125,6.1700,6.0000,6.0000,4.5437,7626400
2005-06-24,6.0000,6.0125,5.9075,5.9550,4.5096,9414800
2005-06-27,5.9500,5.9750,5.9325,5.9550,4.5096,5299600
2005-06-28,5.9775,6.0975,5.9750,6.0975,4.6175,4827600
2005-06-29,6.0975,6.1225,6.0450,6.1150,4.6308,8117200
2005-06-30,6.0900,6.1500,6.0750,6.0875,4.6099,8552400
2005-07-01,6.1500,6.1500,6.0475,6.1175,4.6327,5723200
2005-07-05,6.1000,6.2675,6.1000,6.2525,4.7349,10386800
2005-07-06,6.2475,6.2750,6.1450,6.1500,4.6573,15969600
2005-07-07,6.0000,6.1150,5.9875,6.0300,4.5664,13476000
2005-07-08,6.0050,6.0075,5.8900,5.9875,4.5342,20987200
2005-07-11,5.9875,6.0100,5.9000,5.9275,4.4888,12301200
2005-07-12,5.8875,5.9375,5.8600,5.9225,4.4850,13024800
2005-07-13,5.9000,5.9575,5.8300,5.8775,4.4509,11991600
2005-07-14,5.8950,5.9200,5.7875,5.8000,4.3922,13777200
2005-07-15,5.8025,5.9100,5.7900,5.8850,4.4566,12233200
2005-07-18,5.8875,5.9400,5.8650,5.9225,4.4850,11833600
2005-07-19,5.9375,6.0325,5.9025,6.0275,4.5645,8756400
2005-07-20,6.0275,6.0375,5.9400,6.0275,4.5645,5005200
2005-07-21,6.0200,6.0225,5.9600,5.9825,4.5304,8522800
2005-07-22,5.9750,6.0700,5.9750,6.0500,4.5815,7578000
2005-07-25,6.0500,6.0825,5.9725,6.0050,4.5475,8270000
2005-07-26,5.9875,6.0000,5.8800,5.8950,4.4642,8436800
2005-07-27,5.9250,5.9600,5.8950,5.9600,4.5134,7975200
2005-07-28,5.9600,5.9600,5.9025,5.9550,4.5096,11113600
2005-07-29,5.9450,5.9600,5.8750,5.8775,4.4509,5559200
2005-08-01,5.9000,5.9000,5.7650,5.8350,4.4187,12238400
2005-08-02,5.8275,5.8350,5.7350,5.7425,4.3487,11690000
2005-08-03,5.7450,5.7450,5.6950,5.7100,4.3241,13997600
2005-08-04,5.7125,5.7525,5.5875,5.6750,4.2976,15919600
2005-08-05,5.6500,5.6925,5.6200,5.6550,4.2824,8276000
2005-08-08,5.6550,5.7200,5.6375,5.6400,4.2711,6594400
2005-08-09,5.6500,5.7125,5.6450,5.7000,4.3280,8255200
2005-08-10,5.7375,5.8225,5.7150,5.7300,4.3508,8942400
2005-08-11,5.7300,5.7475,5.6850,5.7300,4.3508,6072000
2005-08-12,5.7300,5.7625,5.6525,5.6850,4.3166,11560800
2005-08-15,5.6850,5.7125,5.6050,5.6900,4.3204,6980000
2005-08-16,5.5650,5.5950,5.5000,5.5225,4.1932,18406800
2005-08-17,5.4950,5.5625,5.4625,5.5025,4.1780,19337200
2005-08-18,5.5025,5.5025,5.4250,5.4400,4.1306,11653600
2005-08-19,5.4400,5.4425,5.3500,5.3775,4.0831,10968400
2005-08-22,5.5300,5.5300,5.3425,5.3725,4.0793,7250000
2005-08-23,5.3750,5.4125,5.3375,5.3700,4.0774,12704000
2005-08-24,5.3475,5.3625,5.2975,5.3075,4.0300,10472000
2005-08-25,5.3175,5.3850,5.2750,5.2950,4.0205,11036400
2005-08-26,5.2950,5.3075,5.2500,5.2875,4.0148,8995600
2005-08-29,5.2850,5.3125,5.2200,5.2750,4.0053,8283600
2005-08-30,5.2625,5.2650,5.1700,5.2200,3.9635,10906400
2005-08-31,5.2200,5.2425,5.1275,5.2275,3.9692,12947200
2005-09-01,5.2575,5.9925,5.1450,5.1575,3.9161,10821200
2005-09-02,5.1400,5.1975,5.0500,5.0900,3.8648,7820400
2005-09-06,5.1400,5.2750,5.1025,5.2600,3.9939,15815600
2005-09-07,5.2725,5.3575,5.2325,5.3575,4.0679,20534400
2005-09-08,5.3700,5.3725,5.2875,5.2975,4.0224,15594800
2005-09-09,5.3125,5.3750,5.2950,5.3500,4.0622,13875200
2005-09-12,5.3375,5.3650,5.3250,5.3475,4.0604,12713600
2005-09-13,5.3475,5.3625,5.3150,5.3250,4.0433,11018400
2005-09-14,5.2475,5.5500,5.2475,5.4675,4.1515,30167600
2005-09-15,5.4675,5.4675,5.3575,5.3675,4.0755,11212000
2005-09-16,5.3675,5.3675,5.2725,5.2750,4.0053,13475600
2005-09-19,5.2500,5.3325,5.2075,5.2275,3.9692,12464400
2005-09-20,5.2125,5.2875,5.1225,5.1600,3.9180,16304800
2005-09-21,5.1925,5.1925,5.0575,5.0775,3.8553,13291200
2005-09-22,5.0775,5.2375,5.0250,5.2075,3.9541,15670800
2005-09-23,5.2100,5.2250,5.1350,5.1400,3.9028,18542400
2005-09-26,5.1425,5.2300,5.0825,5.1350,3.8990,10755200
2005-09-27,5.1625,5.1650,5.0800,5.1075,3.8781,7478000
2005-09-28,5.1250,5.1925,5.0250,5.0725,3.8515,7468400
2005-09-29,5.0300,5.0950,4.9875,5.0650,3.8458,9600800
2005-09-30,5.0875,5.1350,5.0475,5.1200,3.8876,9776800
2005-10-03,5.1450,5.1825,5.1100,5.1200,3.8876,7157200
2005-10-04,5.1100,5.1950,5.1100,5.1250,3.8914,8490400
2005-10-05,5.1175,5.1625,5.1025,5.1025,3.8743,14948800
2005-10-06,5.1025,5.3775,5.0775,5.3500,4.0622,35972000
2005-10-07,5.3375,5.4025,5.2775,5.3025,4.0262,15590000
2005-10-10,5.4500,5.5250,5.4000,5.4000,4.1002,21601200
2005-10-11,5.4725,5.5675,5.4025,5.4075,4.1059,25542000
2005-10-12,5.3125,5.3700,5.2125,5.2225,3.9654,23723200
2005-10-13,5.2250,5.2750,5.1425,5.2100,3.9559,15955600
2005-10-14,5.2100,5.2675,5.1850,5.2500,3.9863,11648400
2005-10-17,5.2250,5.2375,5.1750,5.2250,3.9673,12377600
2005-10-18,5.1850,5.2250,5.1525,5.1975,3.9465,13513200
2005-10-19,5.1775,5.2500,5.1250,5.2500,3.9863,13176800
2005-10-20,5.2500,5.3475,5.2050,5.2225,3.9654,14377200
2005-10-21,5.2625,5.2650,5.1600,5.1750,3.9294,14158800
2005-10-24,5.1725,5.2750,5.1700,5.1875,3.9389,12401200
2005-10-25,5.1950,5.2125,5.1350,5.1525,3.9123,10642000
2005-10-26,5.1500,5.3300,5.1225,5.1950,3.9446,12057200
2005-10-27,5.2050,5.2050,5.0800,5.0950,3.8686,8540400
2005-10-28,5.1250,5.2400,5.1150,5.2325,3.9730,9307200
2005-10-31,5.2925,5.4175,5.2925,5.3825,4.0869,9594800
2005-11-01,5.3675,5.3925,5.2975,5.3800,4.0850,10046400
2005-11-02,5.3875,5.5475,5.3750,5.5300,4.1989,19315200
2005-11-03,5.4125,5.5300,5.3825,5.4925,4.1705,24922800
2005-11-04,5.4925,5.5775,5.4600,5.5575,4.2198,15273200
2005-11-07,5.6075,5.6125,5.5125,5.5425,4.2084,36664000
2005-11-08,5.5125,5.5375,5.4400,5.5275,4.2084,9886400
2005-11-09,5.5275,5.5500,5.4575,5.5025,4.1894,9702800
2005-11-10,5.5250,5.5950,5.4875,5.5775,4.2465,12360400
2005-11-11,5.5750,5.5875,5.4950,5.5500,4.2255,9344400
2005-11-14,5.5500,5.5625,5.4825,5.5325,4.2122,16945200
2005-11-15,5.5325,5.6125,5.4475,5.4750,4.1684,16735600
2005-11-16,5.4750,5.5350,5.4525,5.5075,4.1932,9455600
2005-11-17,5.5425,5.5825,5.5025,5.5550,4.2294,11587200
2005-11-18,5.6175,5.6275,5.5500,5.6175,4.2769,9922400
2005-11-21,5.6025,5.6925,5.5750,5.6725,4.3188,8411600
2005-11-22,5.6600,5.6925,5.6250,5.6875,4.3302,6868000
2005-11-23,5.6875,5.7050,5.6500,5.6800,4.3245,5816800
2005-11-25,5.7125,5.7325,5.5925,5.7250,4.3588,3887600
2005-11-28,5.7250,5.7250,5.6275,5.6725,4.3188,11791600
2005-11-29,5.7300,5.7450,5.6775,5.6850,4.3283,7214000
2005-11-30,5.6725,5.7000,5.5675,5.6025,4.2655,15888400
2005-12-01,5.6025,5.6450,5.5150,5.6025,4.2655,7984000
2005-12-02,5.5825,5.6625,5.5775,5.6050,4.2674,6958400
2005-12-05,5.4400,5.6025,5.3675,5.5700,4.2408,6146000
2005-12-06,5.5800,5.6625,5.5750,5.6075,4.2693,7177600
2005-12-07,5.6050,5.6325,5.5050,5.5800,4.2484,6556000
2005-12-08,5.5750,5.6600,5.5725,5.6600,4.3093,10136000
2005-12-09,5.6575,5.7750,5.6500,5.7275,4.3607,10972400
2005-12-12,5.7450,5.7950,5.7150,5.7250,4.3588,4194400
2005-12-13,5.7250,5.8200,5.6775,5.8050,4.4197,6024800
2005-12-14,5.8050,5.9100,5.7900,5.8675,4.4673,9706000
2005-12-15,5.8700,5.8750,5.7900,5.8700,4.4692,9585600
2005-12-16,5.9250,5.9250,5.7600,5.7725,4.3949,10700400
2005-12-19,5.7350,5.7825,5.6975,5.7125,4.3493,7903600
2005-12-20,5.7025,5.7150,5.6400,5.6650,4.3131,10841600
2005-12-21,5.7125,5.7375,5.6525,5.6750,4.3207,10328000
2005-12-22,5.7200,5.7200,5.6550,5.6875,4.3302,7178800
2005-12-23,5.7000,5.7525,5.7000,5.7100,4.3474,7025600
2005-12-27,5.7200,5.7850,5.6750,5.6875,4.3302,6365600
2005-12-28,5.7000,5.7900,5.6950,5.7425,4.3721,6000400
2005-12-29,5.7525,5.8275,5.7400,5.7900,4.4083,3944800
2005-12-30,5.7450,5.8400,5.7450,5.8075,4.4216,5990400
2006-01-03,5.8000,5.8075,5.6425,5.7875,4.4064,11716800
2006-01-04,5.7875,6.1100,5.7800,6.0800,4.6291,32834000
2006-01-05,6.1125,6.1700,6.0025,6.0500,4.6062,23384800
2006-01-06,6.1125,6.1375,6.0550,6.1300,4.6671,19462400
2006-01-09,6.1525,6.2500,6.1000,6.2325,4.7452,14356400
2006-01-10,6.2325,6.2500,6.2125,6.2500,4.7585,13235200
2006-01-11,6.2500,6.3700,6.2400,6.2950,4.7928,13517200
2006-01-12,6.2750,6.3175,6.2025,6.2350,4.7471,10852400
2006-01-13,6.2450,6.2725,6.1775,6.2250,4.7395,8222800
2006-01-17,6.1800,6.2025,6.1225,6.1550,4.6862,6938800
2006-01-18,6.1200,6.2450,6.1000,6.1450,4.6786,8482400
2006-01-19,6.1625,6.1825,6.1150,6.1525,4.6843,6190000
2006-01-20,6.1875,6.2000,6.0300,6.0450,4.6024,8892400
2006-01-23,5.8750,6.1000,5.8750,5.9900,4.5605,6768400
2006-01-24,6.0375,6.1175,6.0000,6.0575,4.6119,11809200
2006-01-25,6.0875,6.1625,6.0600,6.1450,4.6786,7184400
2006-01-26,6.1950,6.2375,6.1150,6.1500,4.6824,8938000
2006-01-27,6.1375,6.2450,6.1350,6.2225,4.7376,17678400
2006-01-30,6.2375,6.2725,6.2100,6.2125,4.7299,8977600
2006-01-31,6.3075,6.4075,6.2700,6.3825,4.8594,14870000
2006-02-01,6.3700,6.3725,6.2500,6.3225,4.8137,10491600
2006-02-02,6.3575,6.4475,6.3125,6.4300,4.8955,12758800
2006-02-03,6.3750,6.3975,6.1725,6.1825,4.7071,13008800
2006-02-06,6.1825,6.3075,6.1825,6.2900,4.7890,6795600
2006-02-07,6.2625,6.3500,6.1575,6.1975,4.7298,8251600
2006-02-08,6.2475,6.2475,6.1375,6.2050,4.7355,16759200
2006-02-09,6.1825,6.2150,6.1150,6.1275,4.6764,10562000
2006-02-10,6.1125,6.1675,6.0700,6.1100,4.6630,11596800
2006-02-13,6.0900,6.1325,6.0850,6.1175,4.6688,10433600
2006-02-14,6.1175,6.1600,6.0950,6.1525,4.6955,10314000
2006-02-15,6.1525,6.2275,6.1275,6.2250,4.7508,14999600
2006-02-16,6.2575,6.2600,6.2250,6.2500,4.7699,13662800
2006-02-17,6.2525,6.2525,6.1025,6.1125,4.6649,7300000
2006-02-21,6.1250,6.2225,6.1175,6.1275,4.6764,12801600
2006-02-22,6.0000,6.1900,5.9875,6.1125,4.6649,15431200
2006-02-23,6.1150,6.1875,6.0750,6.0825,4.6420,8687600
2006-02-24,6.0850,6.0850,5.9525,6.0350,4.6058,10612800
2006-02-27,6.0500,6.1975,6.0500,6.1750,4.7126,7454800
2006-02-28,6.1375,6.2050,6.0950,6.1225,4.6726,8051600
2006-03-01,6.1250,6.1650,6.0750,6.1275,4.6764,6320400
2006-03-02,6.0750,6.1350,6.0300,6.0675,4.6306,9292800
2006-03-03,6.0425,6.1400,6.0150,6.0525,4.6191,7920800
2006-03-06,6.0500,6.0600,5.9650,6.0100,4.5867,4013600
2006-03-07,6.0125,6.0575,5.9775,6.0575,4.6230,9603600
2006-03-08,6.0250,6.2150,6.0250,6.1950,4.7279,17578800
2006-03-09,6.1950,6.2375,6.1450,6.2150,4.7432,12728000
2006-03-10,6.2125,6.2775,6.2000,6.2650,4.7813,8408800
2006-03-13,6.2550,6.2975,6.2500,6.2650,4.7813,4646000
2006-03-14,6.2550,6.3300,6.2400,6.3225,4.8252,5528000
2006-03-15,6.3375,6.3575,6.3150,6.3400,4.8386,9919600
2006-03-16,6.3375,6.3575,6.3200,6.3450,4.8424,7345200
2006-03-17,6.3625,6.4125,6.3500,6.3825,4.8710,14190000
2006-03-20,6.3825,6.4300,6.3775,6.4175,4.8977,8426800
2006-03-21,6.4225,6.5000,6.3750,6.4825,4.9473,12028800
2006-03-22,6.4625,6.5000,6.3725,6.4675,4.9359,10966000
2006-03-23,6.4950,6.5700,6.4725,6.4800,4.9454,14936800
2006-03-24,6.4575,6.4650,6.2925,6.3225,4.8252,14416800
2006-03-27,6.2975,6.4000,6.2775,6.3025,4.8099,11692000
2006-03-28,6.3000,6.3000,6.2225,6.2275,4.7527,12021200
2006-03-29,6.2500,6.3275,6.2150,6.3275,4.8290,10693600
2006-03-30,6.3050,6.3550,6.2625,6.2725,4.7870,10286000
2006-03-31,6.2750,6.3275,6.1975,6.2050,4.7355,15727200
2006-04-03,6.2025,6.2325,6.0275,6.0975,4.6535,22429600
2006-04-04,6.0900,6.1925,6.0750,6.1200,4.6707,26366400
2006-04-05,6.1125,6.1400,6.0800,6.0950,4.6516,10434000
2006-04-06,6.0950,6.1600,6.0750,6.1450,4.6897,14713600
2006-04-07,6.1475,6.1800,6.0700,6.1175,4.6688,9835600
2006-04-10,6.1100,6.1250,6.0700,6.1025,4.6573,13025600
2006-04-11,6.1000,6.1025,6.0450,6.0550,4.6211,10992400
2006-04-12,6.0625,6.0975,6.0325,6.0525,4.6191,7163200
2006-04-13,6.0525,6.0875,6.0375,6.0575,4.6230,5399600
2006-04-17,6.0425,6.0700,5.9875,5.9975,4.5772,7752400
2006-04-18,6.0025,6.1225,6.0025,6.1050,4.6592,5177600
2006-04-19,6.0900,6.1275,6.0525,6.1125,4.6649,5281200
2006-04-20,6.0975,6.1875,6.0825,6.1400,4.6859,3664000
2006-04-21,6.1950,6.1950,6.1050,6.1275,4.6764,8830400
2006-04-24,6.1050,6.1375,6.0225,6.0675,4.6306,5651600
2006-04-25,6.0675,6.1350,6.0425,6.0750,4.6363,4908400
2006-04-26,6.0875,6.1475,6.0325,6.0400,4.6096,9854800
2006-04-27,6.0375,6.0975,5.9725,6.0675,4.6306,14807600
2006-04-28,6.0700,6.1000,6.0025,6.0325,4.6039,9525600
2006-05-01,6.0575,6.1125,5.9650,5.9750,4.5600,8854000
2006-05-02,5.9750,6.0375,5.9325,5.9775,4.5619,17078400
2006-05-03,5.9850,5.9850,5.8325,5.8475,4.4627,23662800
2006-05-04,5.8575,6.0550,5.8575,6.0075,4.5848,16604000
2006-05-05,6.0750,6.1200,6.0525,6.0925,4.6497,8891200
2006-05-08,6.0675,6.2325,6.0625,6.1450,4.6897,10785200
2006-05-09,6.1375,6.1800,6.1275,6.1375,4.6974,6793600
2006-05-10,6.1050,6.1325,6.0725,6.1000,4.6687,5823600
2006-05-11,6.0650,6.0750,5.9675,5.9900,4.5845,8721600
2006-05-12,5.9900,6.0050,5.8550,5.8575,4.4831,11488400
2006-05-15,5.8575,6.0200,5.8250,5.9700,4.5692,10330000
2006-05-16,5.9725,6.0125,5.8725,5.9375,4.5443,13600000
2006-05-17,5.9125,5.9450,5.8475,5.9050,4.5194,11281200
2006-05-18,5.9150,6.0050,5.8825,5.9625,4.5635,10509600
2006-05-19,6.0000,6.0375,5.9300,5.9800,4.5768,10002400
2006-05-22,5.9775,5.9975,5.8650,5.9450,4.5501,7308800
2006-05-23,5.9400,5.9625,5.8675,5.8675,4.4907,11019600
2006-05-24,5.8400,5.9275,5.8025,5.9275,4.5367,19855600
2006-05-25,5.9375,5.9475,5.8800,5.9325,4.5405,6682800
2006-05-26,5.9375,5.9375,5.8625,5.8925,4.5099,7071200
2006-05-30,5.8625,5.8875,5.7950,5.8100,4.4467,7102800
2006-05-31,5.8250,5.9300,5.8250,5.9275,4.5367,8181600
2006-06-01,5.9375,6.0250,5.8975,5.9925,4.5864,8881600
2006-06-02,5.9950,5.9975,5.8575,5.9250,4.5348,7123200
2006-06-05,5.8925,5.9100,5.8050,5.8075,4.4448,5423200
2006-06-06,5.8450,5.8750,5.7275,5.8225,4.4563,8212400
2006-06-07,5.8175,5.8575,5.7425,5.7425,4.3951,7300400
2006-06-08,5.7500,5.8625,5.6625,5.8225,4.4563,10478000
2006-06-09,5.8175,5.8500,5.7500,5.7525,4.4027,6555200
2006-06-12,5.7750,5.7975,5.6200,5.6225,4.3032,10003200
2006-06-13,5.6250,5.6975,5.5600,5.5600,4.2554,13449200
2006-06-14,5.5625,5.7125,5.5550,5.6250,4.3051,13986000
2006-06-15,5.6275,5.7550,5.6175,5.7375,4.3912,12259600
2006-06-16,5.7375,5.7500,5.6825,5.6975,4.3606,8800800
2006-06-19,5.7225,5.7375,5.6175,5.6500,4.3243,6698000
2006-06-20,5.6500,5.7050,5.6200,5.6725,4.3415,5628000
2006-06-21,5.6625,5.7500,5.6600,5.7400,4.3932,5042800
2006-06-22,5.7225,5.7500,5.6725,5.7275,4.3836,6544000
2006-06-23,5.7000,5.7600,5.6550,5.7000,4.3625,8153200
2006-06-26,5.6850,5.7400,5.6750,5.6975,4.3606,6683600
2006-06-27,5.6825,5.7225,5.6200,5.6250,4.3051,7652400
2006-06-28,5.6375,5.6725,5.5550,5.6325,4.3109,6231600
2006-06-29,5.6825,5.7025,5.6350,5.6850,4.3511,9551200
2006-06-30,5.7100,5.7275,5.6675,5.7150,4.3740,8382000
2006-07-03,5.7200,5.7350,5.6225,5.6550,4.3281,3374400
2006-07-05,5.6125,5.6500,5.5400,5.5575,4.2535,12408800
2006-07-06,5.8250,5.8550,5.7175,5.8425,4.4716,26228800
2006-07-07,5.7750,5.9275,5.7600,5.9150,4.5271,18037200
2006-07-10,5.9150,6.0625,5.9150,5.9725,4.5711,9202400
2006-07-11,5.9375,5.9925,5.8550,5.9750,4.5730,7759200
2006-07-12,6.0525,6.1500,6.0000,6.0100,4.5998,9801600
2006-07-13,5.9825,6.0225,5.8775,5.9275,4.5367,15180800
2006-07-14,5.8975,5.9525,5.8025,5.8475,4.4754,10242000
2006-07-17,5.8200,6.0000,5.8100,5.9875,4.5826,9550400
2006-07-18,5.9625,5.9625,5.7775,5.8700,4.4927,19768400
2006-07-19,5.9075,6.1500,5.9025,6.1175,4.6821,12933200
2006-07-20,6.0950,6.1075,5.9800,5.9900,4.5845,7206800
2006-07-21,5.9975,6.0050,5.9175,5.9175,4.5290,8219600
2006-07-24,6.0250,6.1950,6.0200,6.1775,4.7280,13795200
2006-07-25,6.1300,6.2775,6.0900,6.2450,4.7797,12882400
2006-07-26,6.2375,6.2400,6.1125,6.1175,4.6821,8776000
2006-07-27,6.1575,6.2200,6.0125,6.0275,4.6132,9022000
2006-07-28,6.0675,6.1600,6.0425,6.1225,4.6859,7690000
2006-07-31,6.1425,6.1850,6.0675,6.0925,4.6630,6009600
2006-08-01,6.0950,6.1725,6.0000,6.1650,4.7184,14134000
2006-08-02,6.1650,6.1675,6.0225,6.0500,4.6304,15369600
2006-08-03,6.0500,6.4050,6.0250,6.3925,4.8926,16197200
2006-08-04,6.4550,6.5100,6.4100,6.4475,4.9347,21058000
2006-08-07,6.3375,6.4725,6.3350,6.4500,4.9366,11697600
2006-08-08,6.4775,6.4950,6.3825,6.3850,4.9001,9923200
2006-08-09,6.4350,6.4700,6.3350,6.3350,4.8617,7500000
2006-08-10,6.2875,6.5375,6.2525,6.5175,5.0018,15194400
2006-08-11,6.5175,6.6800,6.5075,6.6800,5.1265,18675600
2006-08-14,6.7000,6.7500,6.5950,6.6050,5.0690,22730000
2006-08-15,6.6750,6.7625,6.6575,6.7175,5.1553,27861200
2006-08-16,6.5875,6.7500,6.5875,6.7400,5.1726,13594400
2006-08-17,6.7125,6.8075,6.6925,6.7425,5.1745,13888800
2006-08-18,6.7500,6.7500,6.6550,6.7000,5.1419,8802800
2006-08-21,6.6525,6.7500,6.6400,6.7400,5.1726,8323200
2006-08-22,6.7400,6.7400,6.6775,6.7225,5.1591,6842000
2006-08-23,6.7050,6.7425,6.6500,6.7225,5.1591,7304400
2006-08-24,6.7250,6.7400,6.5400,6.5500,5.0267,10707200
2006-08-25,6.5250,6.5675,6.4875,6.5500,5.0267,10150000
2006-08-28,6.5525,6.7025,6.5525,6.6550,5.1073,9192800
2006-08-29,6.5475,6.7050,6.5000,6.6775,5.1246,14024000
2006-08-30,6.6800,6.7000,6.6125,6.6875,5.1323,13118800
2006-08-31,6.6875,6.7225,5.9750,6.6875,5.1323,13898400
2006-09-01,6.6875,6.7100,6.6300,6.7050,5.1457,5944000
2006-09-05,6.7050,6.7500,6.6825,6.7450,5.1764,8729600
2006-09-06,6.7450,6.7525,6.6725,6.7500,5.1802,10999600
2006-09-07,6.7250,6.7625,6.6975,6.7125,5.1515,10103600
2006-09-08,6.6500,6.7375,6.6375,6.7350,5.1687,10757600
2006-09-11,6.6875,6.8650,6.6850,6.8150,5.2301,14210000
2006-09-12,6.8425,6.9725,6.8275,6.9450,5.3299,26151600
2006-09-13,6.9700,7.0300,6.9000,6.9875,5.3625,24318000
2006-09-14,6.9500,7.0450,6.8900,6.9975,5.3702,14979200
2006-09-15,7.0250,7.0600,6.9550,7.0150,5.3836,16999600
2006-09-18,6.9675,6.9950,6.9050,6.9150,5.3069,10151200
2006-09-19,6.9775,7.1350,6.9775,7.1350,5.4757,23996400
2006-09-20,7.1150,7.1275,7.0625,7.0650,5.4220,19721200
2006-09-21,7.0200,7.0800,6.9025,6.9750,5.3529,26488800
2006-09-22,6.9125,6.9925,6.8650,6.9775,5.3548,10777200
2006-09-25,7.1050,7.1250,7.0025,7.0750,5.4296,17229600
2006-09-26,7.0950,7.2425,7.0825,7.1950,5.5217,24847200
2006-09-27,7.1625,7.2150,7.0875,7.1175,5.4623,12360400
2006-09-28,7.1500,7.1775,7.0775,7.1575,5.4930,14054400
2006-09-29,7.1550,7.1575,7.0050,7.0075,5.3778,14659200
2006-10-02,7.0075,7.1025,6.9550,7.0800,5.4335,15948400
2006-10-03,7.1125,7.1250,7.0375,7.0475,5.4085,15438400
2006-10-04,7.0475,7.0900,7.0050,7.0800,5.4335,22316800
2006-10-05,7.3125,7.3250,7.1025,7.2025,5.5275,33940000
2006-10-06,7.1475,7.3150,7.0725,7.2675,5.5774,21764000
2006-10-09,7.2500,7.2725,7.1825,7.2725,5.5812,9375600
2006-10-10,7.2000,7.3025,7.2000,7.2825,5.5889,11923200
2006-10-11,7.2825,7.3025,7.2275,7.2300,5.5486,16542800
2006-10-12,7.2750,7.2800,7.2100,7.2500,5.5640,16685600
2006-10-13,7.2500,7.2650,7.2125,7.2600,5.5716,10341200
2006-10-16,7.2925,7.2950,7.2325,7.2500,5.5640,9168800
2006-10-17,7.2500,7.2650,7.1900,7.2425,5.5582,9376400
2006-10-18,7.2500,7.3500,7.2450,7.3275,5.6234,12515200
2006-10-19,7.2875,7.3875,7.2625,7.2825,5.5889,11366800
2006-10-20,7.3625,7.3650,7.2725,7.3125,5.6119,12106400
2006-10-23,7.2500,7.4175,7.2350,7.3575,5.6465,12995200
2006-10-24,7.2875,7.4350,7.2725,7.3900,5.6714,20097600
2006-10-25,7.3900,7.4025,7.2125,7.2725,5.5812,14717600
2006-10-26,7.2750,7.3250,7.2050,7.3150,5.6138,8402400
2006-10-27,7.2850,7.3100,7.2000,7.2050,5.5294,6808400
2006-10-30,7.2075,7.3025,7.1600,7.2375,5.5544,7297200
2006-10-31,7.2125,7.3100,7.2075,7.2375,5.5544,10451200
2006-11-01,7.2500,7.2550,7.0450,7.0550,5.4143,7747600
2006-11-02,7.0550,7.1500,6.9500,7.0800,5.4335,16802800
2006-11-03,7.1175,7.1800,7.0200,7.1200,5.4642,16247200
2006-11-06,7.1200,7.3125,7.1000,7.3025,5.6042,16429200
2006-11-07,7.2850,7.3975,7.2525,7.3600,5.6619,11487600
2006-11-08,7.3600,7.4000,7.2925,7.3250,5.6350,9666400
2006-11-09,7.3150,7.3400,7.1800,7.1875,5.5292,15712800
2006-11-10,7.2050,7.2250,7.1300,7.1575,5.5062,12506800
2006-11-13,7.1850,7.2250,7.0650,7.1050,5.4658,10255600
2006-11-14,7.1000,7.2100,7.0250,7.1300,5.4850,20497600
2006-11-15,7.2000,7.4600,7.1875,7.4475,5.7293,20901600
2006-11-16,7.4400,7.4550,7.3700,7.4500,5.7312,9847200
2006-11-17,7.4375,7.4400,7.3100,7.3100,5.6235,14198400
2006-11-20,7.3125,7.3225,7.2100,7.2100,5.5465,11864400
2006-11-21,7.2300,7.2500,7.1000,7.1125,5.4715,16596400
2006-11-22,7.1375,7.1775,7.0400,7.0650,5.4350,13590400
2006-11-24,7.0000,7.0750,6.9950,7.0500,5.4235,4559600
2006-11-27,7.0175,7.0650,6.8250,6.8250,5.2504,19660400
2006-11-28,6.8250,6.9400,6.8150,6.8500,5.2696,23376400
2006-11-29,6.8625,6.9750,6.8625,6.8825,5.2946,16242800
2006-11-30,6.9100,6.9125,6.7000,6.8550,5.2735,25000400
2006-12-01,6.8700,6.9475,6.6675,6.7350,5.1811,20940400
2006-12-04,6.7700,7.0250,6.7575,6.9750,5.3658,15577200
2006-12-05,6.9650,6.9800,6.8425,6.9300,5.3311,11859200
2006-12-06,7.0000,7.0475,6.9250,7.0375,5.4138,14956800
2006-12-07,7.0500,7.0750,6.9350,6.9525,5.3485,12051200
2006-12-08,6.9525,7.0250,6.9500,6.9975,5.3831,8138400
2006-12-11,7.0100,7.0775,6.9850,7.0425,5.4177,9904400
2006-12-12,7.0600,7.0650,6.8875,6.9175,5.3215,13649200
2006-12-13,6.9725,7.0450,6.9125,7.0275,5.4062,13395200
2006-12-14,7.0775,7.3200,7.0700,7.2950,5.6119,20284000
2006-12-15,7.3550,7.3650,7.2575,7.2625,5.5869,17430800
2006-12-18,7.2750,7.3000,7.1725,7.2025,5.5408,11030400
2006-12-19,7.1875,7.2450,7.1100,7.2075,5.5446,8996000
2006-12-20,7.1100,7.3125,7.1100,7.2100,5.5465,15517200
2006-12-21,7.2875,7.3300,7.1675,7.1750,5.5196,11682800
2006-12-22,7.2125,7.3475,7.1650,7.1900,5.5312,4232000
2006-12-26,7.1925,7.1925,7.0550,7.1425,5.4946,6148400
2006-12-27,7.1750,7.2450,7.1150,7.2325,5.5639,5294800
2006-12-28,7.2350,7.3200,7.1775,7.1950,5.5350,4733600
2006-12-29,7.1950,7.2400,7.1000,7.1300,5.4850,4956400
2007-01-03,7.2250,7.3700,7.1075,7.1675,5.5139,19909200
2007-01-04,7.1750,7.4525,6.9525,7.4300,5.7158,18923200
2007-01-05,7.3875,7.4375,7.2225,7.2700,5.5927,13210800
2007-01-08,7.2575,7.3125,7.1925,7.2225,5.5562,11903600
2007-01-09,7.2300,7.3750,7.2275,7.3175,5.6292,8499600
2007-01-10,7.2925,7.4025,7.2425,7.3725,5.6716,6930800
2007-01-11,7.3750,7.4950,7.3750,7.4850,5.7581,10288800
2007-01-12,7.4225,7.5400,7.4000,7.4850,5.7581,16229200
2007-01-16,7.4850,7.5000,7.3275,7.4625,5.7408,10838400
2007-01-17,7.4325,7.5250,7.2125,7.4075,5.6985,21247200
2007-01-18,7.3875,7.3975,7.2500,7.3750,5.6735,20787200
2007-01-19,7.4575,7.5175,7.2975,7.5075,5.7754,17822400
2007-01-22,7.4925,7.5100,7.3800,7.4875,5.7600,19294800
2007-01-23,7.4875,7.5200,7.4075,7.4600,5.7389,11744800
2007-01-24,7.4675,7.5600,7.4550,7.5100,5.7773,9185600
2007-01-25,7.5025,7.5100,7.4275,7.4475,5.7293,12919600
2007-01-26,7.4525,7.4700,7.3275,7.3750,5.6735,13828400
2007-01-29,7.3750,7.4100,7.3375,7.3475,5.6523,12870800
2007-01-30,7.3675,7.4350,7.3200,7.3675,5.6677,11395600
2007-01-31,7.3675,7.4250,7.3075,7.3925,5.6869,11059200
2007-02-01,7.2500,7.3575,7.0925,7.1225,5.4792,42582800
2007-02-02,7.1225,7.1925,7.0850,7.1725,5.5177,23571600
2007-02-05,7.1925,7.1925,6.9500,7.0275,5.4062,18046800
2007-02-06,7.0200,7.0925,6.9975,7.0875,5.4659,8201600
2007-02-07,7.0925,7.1000,6.9825,7.0450,5.4331,7790800
2007-02-08,7.0325,7.1575,7.0250,7.1500,5.5141,10220400
2007-02-09,7.1325,7.1775,6.9975,7.0225,5.4158,14179600
2007-02-12,7.0150,7.0425,6.9825,7.0125,5.4081,8320400
2007-02-13,7.0250,7.0625,6.9825,7.0250,5.4177,10919600
2007-02-14,7.0650,7.1775,7.0275,7.1550,5.5180,15445200
2007-02-15,7.1425,7.1975,7.0900,7.1800,5.5373,7800000
2007-02-16,7.1625,7.1800,7.0900,7.1175,5.4891,8332400
2007-02-20,7.1250,7.1925,7.0375,7.1550,5.5180,11123200
2007-02-21,7.0925,7.1250,6.9575,7.0450,5.4331,24628800
2007-02-22,7.0600,7.2025,7.0600,7.1600,5.5218,21589200
2007-02-23,7.1625,7.1900,7.0600,7.1175,5.4891,11126000
2007-02-26,7.1300,7.1625,7.0000,7.0625,5.4466,12939600
2007-02-27,7.0450,7.0650,6.8075,6.8850,5.3098,23496400
2007-02-28,6.8875,6.9600,6.8050,6.8750,5.3020,18470000
2007-03-01,6.7750,6.9625,6.7050,6.8800,5.3059,15051200
2007-03-02,6.8800,6.9575,6.8225,6.8250,5.2635,9614800
2007-03-05,6.8275,6.8700,6.7125,6.7175,5.1806,17488400
2007-03-06,6.7450,6.7925,6.6175,6.6750,5.1478,21907200
2007-03-07,6.6750,6.7675,6.6525,6.7375,5.1960,14565200
2007-03-08,6.7675,6.8850,6.7650,6.8250,5.2635,12820800
2007-03-09,6.8675,6.8875,6.7000,6.7625,5.2153,11332000
2007-03-12,6.7200,6.7925,6.6825,6.7075,5.1729,12042400
2007-03-13,6.6550,6.6875,6.4925,6.5175,5.0263,19717600
2007-03-14,6.5625,6.5725,6.4350,6.5000,5.0128,20146000
2007-03-15,6.4800,6.5525,6.4750,6.5350,5.0398,16565200
2007-03-16,6.5350,6.6000,6.5025,6.5250,5.0321,12818800
2007-03-19,6.5500,6.6200,6.5375,6.5575,5.0572,31576000
2007-03-20,6.6750,6.6775,6.5775,6.6150,5.1015,20225600
2007-03-21,6.6225,6.7025,6.5725,6.6700,5.1439,20606000
2007-03-22,6.8675,6.8675,6.4750,6.7150,5.1786,12342400
2007-03-23,6.7375,6.7600,6.7000,6.7500,5.2056,11170400
2007-03-26,6.7475,6.7850,6.6875,6.7775,5.2268,10138800
2007-03-27,6.7250,6.7500,6.6625,6.6925,5.1613,13186400
2007-03-28,6.6800,6.6800,6.5725,6.6250,5.1092,14763600
2007-03-29,6.7425,6.8000,6.6600,6.7125,5.1767,17592400
2007-03-30,6.7050,6.7775,6.6575,6.7400,5.1979,11937200
2007-04-02,6.7650,6.8500,6.7275,6.7700,5.2211,13252400
2007-04-03,6.8150,6.9275,6.8025,6.9025,5.3232,19622400
2007-04-04,6.8875,6.9425,6.8750,6.9150,5.3329,10753600
2007-04-05,6.9175,6.9850,6.9025,6.9725,5.3772,7246000
2007-04-09,6.9800,7.0300,6.9325,7.0175,5.4119,14827600
2007-04-10,7.0025,7.0250,6.9300,6.9825,5.3849,12626800
2007-04-11,6.9625,7.0025,6.9150,6.9550,5.3637,12102400
2007-04-12,6.9300,7.0500,6.8800,6.9700,5.3753,10610800
2007-04-13,7.0750,7.0750,6.9600,6.9800,5.3830,12045200
2007-04-16,7.0000,7.0975,7.0000,7.0875,5.4659,12968400
2007-04-17,7.0850,7.1050,7.0625,7.0775,5.4582,14450400
2007-04-18,7.0425,7.1250,7.0275,7.0975,5.4736,9544800
2007-04-19,7.0775,7.2200,7.0750,7.1550,5.5180,16448000
2007-04-20,7.2475,7.2550,7.1900,7.2550,5.5951,10962800
2007-04-23,7.4600,7.4600,7.1325,7.1450,5.5103,11744800
2007-04-24,7.1175,7.1275,7.0150,7.0875,5.4659,15270000
2007-04-25,7.0875,7.1125,7.0625,7.0800,5.4601,10802000
2007-04-26,7.0775,7.0950,7.0275,7.0425,5.4312,13250800
2007-04-27,7.1500,7.1525,7.0500,7.0925,5.4698,11817600
2007-04-30,7.0875,7.1175,6.9625,6.9725,5.3772,15554400
2007-05-01,6.9000,7.0500,6.9000,7.0400,5.4293,15272800
2007-05-02,7.0450,7.1175,7.0325,7.0950,5.4717,11242400
2007-05-03,7.0950,7.1100,7.0075,7.0225,5.4158,13682400
2007-05-04,7.0500,7.0600,6.9875,7.0100,5.4061,9830000
2007-05-07,6.9925,7.0775,6.9750,7.0575,5.4428,7473600
2007-05-08,7.0250,7.0550,6.9025,6.9175,5.3519,14740800
2007-05-09,6.9200,7.0550,6.9100,7.0350,5.4428,18604400
2007-05-10,7.0375,7.2625,7.0000,7.1425,5.5260,17698400
2007-05-11,7.1300,7.1550,6.9950,7.0450,5.4505,14463200
2007-05-14,7.1275,7.1625,7.0625,7.0925,5.4873,11384800
2007-05-15,6.9825,7.0550,6.9025,6.9375,5.3674,19748000
2007-05-16,6.9375,6.9475,6.8425,6.9050,5.3422,16399200
2007-05-17,6.8750,6.9250,6.8375,6.8825,5.3248,12399600
2007-05-18,6.9325,7.0850,6.9000,7.0825,5.4795,13306000
2007-05-21,7.0500,7.0875,7.0025,7.0700,5.4699,13226000
2007-05-22,7.0650,7.0875,6.9850,6.9925,5.4099,11032400
2007-05-23,7.0000,7.0825,6.9850,7.0375,5.4447,12226400
2007-05-24,7.0150,7.0375,6.8875,6.9225,5.3557,14910800
2007-05-25,6.9250,6.9450,6.8125,6.8750,5.3190,14831600
2007-05-29,6.8575,6.9375,6.8400,6.8625,5.3093,11078800
2007-05-30,6.8550,6.9400,6.8500,6.9325,5.3635,11424400
2007-05-31,6.9750,6.9975,6.8800,6.9925,5.4099,12371600
2007-06-01,7.0000,7.1000,6.9850,7.0300,5.4389,13484800
2007-06-04,7.0500,7.1850,7.0275,7.1675,5.5453,13742400
2007-06-05,7.1500,7.1700,7.0750,7.1100,5.5008,11238400
2007-06-06,7.1000,7.1625,7.0025,7.1275,5.5143,17881200
2007-06-07,7.0625,7.1350,6.9000,6.9350,5.3654,21380400
2007-06-08,6.9350,7.0900,6.9175,7.0550,5.4583,22387200
2007-06-11,7.0550,7.0625,6.9525,6.9950,5.4118,11315600
2007-06-12,6.9625,7.0000,6.8850,6.9325,5.3635,15796000
2007-06-13,6.9725,7.1175,6.9175,7.1150,5.5047,18948000
2007-06-14,7.1175,7.1900,7.0875,7.1700,5.5472,14151600
2007-06-15,7.2150,7.2500,7.1550,7.1675,5.5453,14350000
2007-06-18,7.2500,7.2500,7.0800,7.0900,5.4853,11912000
2007-06-19,7.0225,7.0525,6.9825,7.0450,5.4505,11712400
2007-06-20,7.0500,7.0675,6.8850,6.8950,5.3345,15766800
2007-06-21,6.8950,6.9275,6.8125,6.9000,5.3383,11644800
2007-06-22,6.8575,6.8925,6.8250,6.8350,5.2880,12572800
2007-06-25,7.0325,7.0325,6.6825,6.7250,5.2029,19028400
2007-06-26,6.7675,6.7800,6.6825,6.6975,5.1817,11048400
2007-06-27,6.5900,6.8275,6.5850,6.8050,5.2648,11528800
2007-06-28,6.8100,6.8800,6.7500,6.8650,5.3113,15186800
2007-06-29,6.8750,6.9850,6.8350,6.8750,5.3190,18494000
2007-07-02,6.9125,6.9550,6.8600,6.8800,5.3229,8102800
2007-07-03,6.9075,6.9375,6.8775,6.8950,5.3345,4477200
2007-07-05,6.9450,7.0150,6.9025,7.0050,5.4196,10740400
2007-07-06,6.9825,7.0750,6.9525,7.0450,5.4505,10080800
2007-07-09,7.0375,7.3625,7.0075,7.3050,5.6517,33716800
2007-07-10,7.0925,7.3425,7.0050,7.0150,5.4273,26574000
2007-07-11,7.0050,7.0500,6.9150,6.9975,5.4138,20765600
2007-07-12,7.1600,7.2100,6.9975,7.1550,5.5356,28245600
2007-07-13,7.1500,7.4100,7.1050,7.4000,5.7252,23873600
2007-07-16,7.3700,7.3775,7.2900,7.3475,5.6846,10564400
2007-07-17,7.3575,7.5475,7.3425,7.4050,5.7290,23892800
2007-07-18,7.3625,7.4550,7.2700,7.3700,5.7020,17835200
2007-07-19,7.3775,7.4250,7.3400,7.3925,5.7194,8122000
2007-07-20,7.3925,7.4925,7.3275,7.3650,5.6981,16994800
2007-07-23,7.4175,7.4675,7.3100,7.3250,5.6671,13730800
2007-07-24,7.2875,7.3650,7.1600,7.1850,5.5588,18358800
2007-07-25,7.2200,7.3000,7.0800,7.1100,5.5008,17467200
2007-07-26,7.0675,7.1175,6.8275,6.8975,5.3364,30450800
2007-07-27,6.9100,6.9625,6.7875,6.8275,5.2822,18498800
2007-07-30,6.8600,7.0775,6.8150,7.0675,5.4679,20710400
2007-07-31,7.1800,7.3100,6.9325,6.9375,5.3674,23396800
2007-08-01,6.9025,7.0225,6.8450,7.0050,5.4196,31169200
2007-08-02,7.0450,7.0750,6.9550,7.0325,5.4408,20025200
2007-08-03,7.2275,7.2275,6.7925,6.8250,5.2803,21138400
2007-08-06,6.9650,7.0700,6.7375,7.0700,5.4699,22104800
2007-08-07,7.0225,7.1975,6.9550,7.1400,5.5417,22851200
2007-08-08,7.1875,7.2000,7.0075,7.1350,5.5378,17974000
2007-08-09,6.9950,7.1275,6.7375,6.7500,5.2390,23502800
2007-08-10,6.7550,6.9575,6.5725,6.8800,5.3399,17970800
2007-08-13,7.0000,7.0750,6.8750,6.9150,5.3670,14375600
2007-08-14,6.8900,7.0650,6.7600,6.8950,5.3515,23644800
2007-08-15,6.9225,7.1575,6.8950,7.1200,5.5261,24464400
2007-08-16,6.7750,7.4400,6.7750,7.3225,5.6833,28730800
2007-08-17,7.4400,7.5575,7.3525,7.5000,5.8211,32674000
2007-08-20,7.4750,7.5350,7.3700,7.4125,5.7532,24497600
2007-08-21,7.4025,7.4575,7.3400,7.4100,5.7512,11544000
2007-08-22,7.4800,7.5250,7.3575,7.4625,5.7920,14493200
2007-08-23,7.4950,7.5125,7.3950,7.4725,5.7997,11226000
2007-08-24,7.4625,7.6900,7.4125,7.6875,5.9666,15995600
2007-08-27,7.6450,7.7925,7.6250,7.6850,5.9647,19002400
2007-08-28,7.6600,7.6800,7.3425,7.3600,5.7124,18338000
2007-08-29,7.4000,7.5850,7.3525,7.5575,5.8657,16352800
2007-08-30,7.4400,7.5875,7.4125,7.4675,5.7958,12084800
2007-08-31,7.5325,7.6700,7.4925,7.6225,5.9161,12947600
2007-09-04,7.6250,7.7225,7.5550,7.5750,5.8793,13955600
2007-09-05,7.6475,7.6475,7.3050,7.3725,5.7221,15754800
2007-09-06,7.5200,7.6500,7.2875,7.5950,5.8948,20852800
2007-09-07,7.4550,7.6100,7.3025,7.3725,5.7221,13721600
2007-09-10,7.3725,7.4125,7.2450,7.3075,5.6717,11270400
2007-09-11,7.3525,7.5225,7.3425,7.5125,5.8308,13070000
2007-09-12,7.4975,7.6225,7.4425,7.5000,5.8211,14480800
2007-09-13,7.5600,7.7500,7.5375,7.6750,5.9569,13590400
2007-09-14,7.6425,7.7300,7.5000,7.7100,5.9841,9232400
2007-09-17,7.6500,7.7350,7.6200,7.6250,5.9181,8910400
2007-09-18,7.6475,7.8750,7.6325,7.8025,6.0559,20992400
2007-09-19,7.8750,8.1150,7.8525,7.9675,6.1839,22743600
2007-09-20,7.9275,7.9525,7.6050,7.6075,5.9045,20558000
2007-09-21,7.6150,7.6250,7.4775,7.5225,5.8385,25851600
2007-09-24,7.3750,7.7225,7.3750,7.5725,5.8773,18039200
2007-09-25,7.4725,7.6375,7.3650,7.6375,5.9278,18163200
2007-09-26,7.6900,7.6900,7.3450,7.3825,5.7299,19613200
2007-09-27,7.3450,7.4175,7.2650,7.2750,5.6464,20486800
2007-09-28,7.2875,7.3500,7.2400,7.2675,5.6406,18509200
2007-10-01,7.2250,7.3300,7.1400,7.3000,5.6658,14384000
2007-10-02,7.2875,7.3050,7.1925,7.2750,5.6464,11157200
2007-10-03,7.2425,7.4075,7.2225,7.3225,5.6833,13159600
2007-10-04,7.3525,7.3675,7.0800,7.1650,5.5611,17190800
2007-10-05,7.2425,7.3225,7.2200,7.2600,5.6348,12598800
2007-10-08,7.2700,7.4325,7.1500,7.4100,5.7512,25815200
2007-10-09,7.5400,7.5750,7.3375,7.4150,5.7551,21995200
2007-10-10,7.3475,7.4600,7.3225,7.4175,5.7570,14163200
2007-10-11,7.5050,7.9975,7.5025,7.7075,5.9821,35803600
2007-10-12,7.6975,7.7750,7.5625,7.6450,5.9336,14512400
2007-10-15,7.6475,7.6625,7.4350,7.4900,5.8133,14294800
2007-10-16,7.4675,7.5775,7.4125,7.4525,5.7842,15643600
2007-10-17,7.5250,7.5700,7.2875,7.3675,5.7182,16898400
2007-10-18,7.3100,7.3250,7.1625,7.2250,5.6076,14085200
2007-10-19,7.1975,7.3025,7.0675,7.0875,5.5009,18211200
2007-10-22,7.0650,7.3100,7.0025,7.2725,5.6445,20646400
2007-10-23,7.2775,7.3375,7.1650,7.3300,5.6891,17105600
2007-10-24,7.3300,7.3675,7.1300,7.2725,5.6445,16075200
2007-10-25,7.2900,7.3425,7.0125,7.1425,5.5436,17365200
2007-10-26,7.2300,7.2650,7.0600,7.1825,5.5746,14170000
2007-10-29,7.2000,7.2500,7.0850,7.1025,5.5125,10814400
2007-10-30,7.0625,7.1675,7.0000,7.1200,5.5261,13679600
2007-10-31,7.1975,7.3675,7.1475,7.2325,5.6134,26838000
2007-11-01,7.2375,7.2475,6.9325,6.9600,5.4020,25588000
2007-11-02,6.9700,7.0200,6.7750,6.9425,5.3884,23107600
2007-11-05,6.8475,6.9400,6.7750,6.8575,5.3224,19456800
2007-11-06,6.8525,6.8925,6.6550,6.8675,5.3477,18606800
2007-11-07,6.7650,6.9500,6.7600,6.8225,5.3127,26317200
2007-11-08,7.0125,7.2825,6.8950,7.1300,5.5521,33898000
2007-11-09,7.0950,7.2750,7.0475,7.1150,5.5404,26931600
2007-11-12,7.0300,7.4250,7.0300,7.3300,5.7078,25574800
2007-11-13,7.4475,7.7500,7.3650,7.6050,5.9220,35461600
2007-11-14,7.6350,7.6350,7.2900,7.3125,5.6942,35028000
2007-11-15,7.2700,7.4250,7.2575,7.3200,5.7001,17334800
2007-11-16,7.3750,7.4375,7.2050,7.3350,5.7117,20322800
2007-11-19,7.3025,7.3025,7.0400,7.0450,5.4859,21942000
2007-11-20,7.0625,7.2675,7.0075,7.1400,5.5599,25782800
2007-11-21,7.0350,7.1800,6.9425,7.0725,5.5073,15327200
2007-11-23,7.1150,7.1625,7.0575,7.1300,5.5521,10407200
2007-11-26,7.1450,7.1450,6.8125,6.8225,5.3127,29150400
2007-11-27,6.8300,6.9650,6.7850,6.8400,5.3263,17436000
2007-11-28,6.8800,7.2100,6.8675,7.1475,5.5657,22020400
2007-11-29,7.1325,7.1325,6.9875,7.0200,5.4665,15912400
2007-11-30,7.1850,7.3800,7.1700,7.3350,5.7117,19278400
2007-12-03,7.3775,7.3775,7.1575,7.1575,5.5735,14305200
2007-12-04,7.0875,7.3000,7.0100,7.2500,5.6456,19758800
2007-12-05,7.2900,7.3825,7.1975,7.2500,5.6456,14658800
2007-12-06,7.3125,7.6125,7.1800,7.5025,5.8422,24846000
2007-12-07,7.4925,7.7325,7.4925,7.7100,6.0038,18228400
2007-12-10,7.7150,7.7475,7.6150,7.7225,6.0135,12277600
2007-12-11,7.7175,7.7850,7.4250,7.4650,5.8130,23067200
2007-12-12,7.6475,7.7350,7.4350,7.5525,5.8811,16156400
2007-12-13,7.5350,7.5900,7.2700,7.4275,5.7838,19442000
2007-12-14,7.3450,7.4025,7.2175,7.2250,5.6261,12324400
2007-12-17,7.1875,7.3675,7.1600,7.2275,5.6280,11889600
2007-12-18,7.2950,7.4550,7.1900,7.3550,5.7273,20431200
2007-12-19,7.4250,7.4250,7.1000,7.1350,5.5560,15093600
2007-12-20,7.1600,7.2500,7.0500,7.2225,5.6241,12577600
2007-12-21,7.2975,7.3900,7.2550,7.3400,5.7156,17334000
2007-12-24,7.2775,7.4575,7.2775,7.4050,5.7663,3187200
2007-12-26,7.3400,7.3700,7.1400,7.2650,5.6572,7590400
2007-12-27,7.2325,7.3000,7.1775,7.1775,5.5891,10556400
2007-12-28,7.2200,7.2750,7.1275,7.1350,5.5560,8527600
2007-12-31,7.0975,7.3025,7.0800,7.1825,5.5930,10902400
2008-01-02,7.1750,7.2175,6.9075,7.0100,5.4587,16606800
2008-01-03,7.0450,7.1250,6.9525,6.9725,5.4295,14970800
2008-01-04,6.9200,6.9825,6.7700,6.8150,5.3068,23145200
2008-01-07,6.8150,6.9675,6.7350,6.8725,5.3516,19705200
2008-01-08,6.8925,6.9375,6.6325,6.6475,5.1764,21358000
2008-01-09,6.6575,6.6850,6.3725,6.6550,5.1822,24629200
2008-01-10,6.6175,7.2150,6.6175,7.1125,5.5385,44342400
2008-01-11,7.0350,7.2075,6.9525,7.0675,5.5034,27531200
2008-01-14,7.1525,7.1675,6.9825,7.1600,5.5755,17812000
2008-01-15,7.0850,7.1625,7.0200,7.0850,5.5171,21245200
2008-01-16,7.0375,7.2500,7.0250,7.1550,5.5716,25690000
2008-01-17,7.1850,7.3750,7.1800,7.2600,5.6533,38951600
2008-01-18,7.3350,7.4225,7.0675,7.2200,5.6222,26985600
2008-01-22,6.8600,7.4500,6.8375,7.4275,5.7838,36284800
2008-01-23,7.4125,7.9750,7.3600,7.9375,6.1809,54874400
2008-01-24,7.9875,7.9875,7.7400,7.7600,6.0427,47484400
2008-01-25,7.8175,7.8200,7.4925,7.5550,5.8831,24358000
2008-01-28,7.5800,7.8675,7.5300,7.8475,6.1108,23434000
2008-01-29,7.9125,7.9800,7.6100,7.9500,6.1906,32110800
2008-01-30,7.9500,7.9725,7.7625,7.8100,6.0816,35641600
2008-01-31,7.7025,8.0000,7.6400,7.9025,6.1537,47864800
2008-02-01,7.9075,8.0475,7.8300,8.0250,6.2490,29752400
2008-02-04,8.0750,8.1325,7.7825,7.8600,6.1206,20392800
2008-02-05,7.7375,7.9825,7.7375,7.7800,6.0757,31498800
2008-02-06,7.8175,7.9200,7.6800,7.7200,6.0288,22201600
2008-02-07,7.6625,7.9300,7.6625,7.8175,6.1049,30453200
2008-02-08,7.8350,7.9025,7.5800,7.5850,5.9234,24652400
2008-02-11,7.5700,7.7825,7.4950,7.7250,6.0327,16826400
2008-02-12,7.7875,7.8175,7.6000,7.6675,5.9878,20154800
2008-02-13,7.7500,7.7925,7.5900,7.7500,6.0522,18487600
2008-02-14,7.7400,7.8100,7.4550,7.4775,5.8394,19906400
2008-02-15,7.4500,7.5275,7.3600,7.5100,5.8648,17006400
2008-02-19,7.5325,7.6250,7.4125,7.4325,5.8043,16492800
2008-02-20,7.4525,7.9450,7.4525,7.7950,6.0874,40065600
2008-02-21,7.8375,7.9825,7.7800,7.7900,6.0835,31034000
2008-02-22,7.8650,8.1250,7.8375,8.1175,6.3392,36826400
2008-02-25,8.1250,8.2375,8.0300,8.2075,6.4095,30500000
2008-02-26,8.1525,8.3525,8.1400,8.3275,6.5032,25894000
2008-02-27,8.2925,8.3225,8.1475,8.2175,6.4173,25655600
2008-02-28,8.1300,8.2675,8.1175,8.1550,6.3685,19281600
2008-02-29,8.0375,8.1875,7.9450,8.0000,6.2475,20100400
2008-03-03,7.9750,8.1750,7.9300,8.1700,6.3802,25012800
2008-03-04,8.0775,8.3375,7.7300,8.3100,6.4895,37957600
2008-03-05,8.3475,8.4000,8.1250,8.2650,6.4544,22951200
2008-03-06,8.2650,8.2650,7.8500,7.8650,6.1420,23295200
2008-03-07,7.7875,7.9375,7.7000,7.8125,6.1010,22973600
2008-03-10,7.8050,7.8900,7.7400,7.7800,6.0757,18735600
2008-03-11,7.9025,8.1600,7.9025,8.1600,6.3724,30031600
2008-03-12,8.1750,8.3150,8.0600,8.1300,6.3490,35142000
2008-03-13,8.0350,8.1600,7.9650,8.0975,6.3236,44156000
2008-03-14,8.1025,8.2250,7.8375,8.0650,6.2982,30270800
2008-03-17,7.8600,8.0875,7.7700,7.9725,6.2260,35093600
2008-03-18,7.9875,8.2600,7.9875,8.2575,6.4486,32804800
2008-03-19,8.2800,8.3750,8.0725,8.0825,6.3119,22332400
2008-03-20,8.0550,8.5150,8.0550,8.4825,6.6243,32750800
2008-03-24,8.5550,8.7325,8.4600,8.5975,6.7141,26336000
2008-03-25,8.6175,8.6475,8.4875,8.6125,6.7258,22670400
2008-03-26,8.5850,8.5850,8.3275,8.3900,6.5520,19526800
2008-03-27,8.4750,8.5300,8.3125,8.3175,6.4954,17975200
2008-03-28,8.0775,8.2375,8.0200,8.1675,6.3783,21298400
2008-03-31,8.1475,8.3275,8.1100,8.2675,6.4564,27110800
2008-04-01,8.3125,8.5875,8.0425,8.5100,6.6457,29122800
2008-04-02,8.6150,8.7050,8.5350,8.6100,6.7238,26529200
2008-04-03,8.5725,8.6150,8.4175,8.5175,6.6516,16556400
2008-04-04,8.5625,8.5625,8.2025,8.2900,6.4739,28987200
2008-04-07,8.3725,8.3725,8.0050,8.0350,6.2748,22320800
2008-04-08,8.0375,8.1075,7.9700,8.0725,6.3041,14871200
2008-04-09,8.1375,8.1400,7.8700,8.0200,6.2631,20738000
2008-04-10,7.7675,7.9275,7.4975,7.7200,6.0288,49740800
2008-04-11,7.6125,7.6750,7.5000,7.5175,5.8707,30362800
2008-04-14,7.5575,7.7650,7.5575,7.7075,6.0190,23023600
2008-04-15,7.7725,7.7725,7.5950,7.6725,5.9917,20370800
2008-04-16,7.7150,7.8375,7.6725,7.8100,6.0991,12578800
2008-04-17,7.7725,7.8300,7.6950,7.7975,6.0893,12254400
2008-04-18,7.9125,8.0950,7.9125,8.0100,6.2553,19508400
2008-04-21,7.9525,7.9950,7.8575,7.9625,6.2182,17173200
2008-04-22,7.9150,7.9300,7.7225,7.8725,6.1479,16784400
2008-04-23,7.8875,8.0400,7.7900,7.9200,6.1850,16981600
2008-04-24,7.9300,8.0500,7.8375,7.9900,6.2397,30038800
2008-04-25,8.0375,8.2500,7.9950,8.2350,6.4310,17293600
2008-04-28,8.2625,8.2925,8.1275,8.2250,6.4232,14532000
2008-04-29,8.2250,8.3725,8.1800,8.3200,6.4974,12074000
2008-04-30,8.3825,8.4125,8.0100,8.0550,6.2904,21898400
2008-05-01,7.9625,8.3575,7.8700,8.2500,6.4427,15982800
2008-05-02,8.3475,8.4500,8.0100,8.0325,6.2728,25820800
2008-05-05,7.9725,8.0600,7.8325,7.8625,6.1401,23358800
2008-05-06,7.8350,8.0550,7.7725,8.0100,6.2772,17929600
2008-05-07,8.0225,8.1325,7.9275,7.9375,6.2204,14819600
2008-05-08,8.0125,8.0875,7.6950,7.7500,6.0735,30764800
2008-05-09,7.7325,7.8950,7.6225,7.7600,6.0813,22303200
2008-05-12,7.7875,8.1025,7.7875,8.0350,6.2968,18349600
2008-05-13,8.0775,8.0775,7.5800,7.6625,6.0049,45749600
2008-05-14,7.7125,7.9975,7.6625,7.8500,6.1518,25112400
2008-05-15,7.8700,8.0225,7.7600,8.0100,6.2772,20230800
2008-05-16,8.1200,8.1200,7.8425,7.9575,6.2361,21006400
2008-05-19,7.9475,8.0500,7.8800,7.9275,6.2126,16184000
2008-05-20,7.9025,7.9125,7.7525,7.8450,6.1479,17974400
2008-05-21,7.8650,7.9050,7.7400,7.7600,6.0813,25532400
2008-05-22,7.7850,7.9375,7.7125,7.8350,6.1401,12895600
2008-05-23,7.8150,7.9150,7.6675,7.8050,6.1166,24772800
2008-05-27,7.8300,8.0225,7.7925,7.9200,6.2067,17551600
2008-05-28,7.9575,8.0350,7.8175,7.9400,6.2224,16299200
2008-05-29,7.9375,8.0975,7.8425,8.0450,6.3047,14904000
2008-05-30,8.0450,8.0625,7.9250,8.0150,6.2811,11889600
2008-06-02,7.8750,7.9450,7.7075,7.8950,6.1871,18446400
2008-06-03,7.9100,8.0500,7.9075,8.0100,6.2772,19141600
2008-06-04,7.9200,8.1450,7.9200,8.0575,6.3145,15972000
2008-06-05,8.1300,8.3150,8.0750,8.2375,6.4555,20245600
2008-06-06,8.1075,8.1475,7.8600,7.9025,6.1930,22778800
2008-06-09,7.8900,7.9725,7.7850,7.8550,6.1558,16682000
2008-06-10,7.7975,8.1350,7.7950,8.0725,6.3262,23436000
2008-06-11,7.9800,8.0725,7.7950,7.8200,6.1283,17533600
2008-06-12,7.8975,8.2150,7.8750,8.0875,6.3380,23516400
2008-06-13,8.1875,8.2775,8.1275,8.2675,6.4790,16893200
2008-06-16,8.3000,8.4025,8.1325,8.3525,6.5456,20150400
2008-06-17,8.3625,8.4075,8.1125,8.1350,6.3752,12916800
2008-06-18,8.0750,8.1950,8.0050,8.0600,6.3164,17886800
2008-06-19,8.0625,8.2925,8.0550,8.2750,6.4849,16328800
2008-06-20,8.2275,8.2500,8.0300,8.1175,6.3615,19752000
2008-06-23,8.1675,8.2025,7.9725,8.0025,6.2713,22996000
2008-06-24,7.9500,8.0625,7.8500,7.9375,6.2204,33180400
2008-06-25,7.9725,8.3000,7.9350,8.1350,6.3752,28776800
2008-06-26,8.0050,8.1500,7.9650,7.9800,6.2537,20617600
2008-06-27,8.1475,8.1850,7.8450,7.9625,6.2400,21134000
2008-06-30,7.7850,8.1450,7.7800,7.8675,6.1656,27958800
2008-07-01,7.7500,8.0000,7.7050,7.9800,6.2537,24623600
2008-07-02,7.9950,8.0125,7.8075,7.8075,6.1185,19950400
2008-07-03,7.8600,7.9250,7.6650,7.8075,6.1185,11555200
2008-07-07,7.8475,8.0325,7.7225,7.7825,6.0989,26675600
2008-07-08,7.7775,8.1275,7.7475,8.1150,6.3595,22834800
2008-07-09,8.1375,8.1375,7.8725,7.9075,6.1969,20826800
2008-07-10,8.0175,8.1425,7.8450,7.9100,6.1989,29742800
2008-07-11,7.7525,8.0075,7.6325,7.8375,6.1420,30753200
2008-07-14,7.9475,8.1725,7.8950,8.0725,6.3262,26051200
2008-07-15,8.0250,8.2325,7.8750,8.1550,6.3909,38117200
2008-07-16,8.1700,8.5825,8.0725,8.5375,6.6906,37342000
2008-07-17,8.5675,8.8900,8.4300,8.8175,6.9100,37415600
2008-07-18,9.1100,9.1100,8.6325,8.6350,6.7670,31097200
2008-07-21,8.6775,8.7575,8.3950,8.5300,6.6847,22220800
2008-07-22,8.4875,8.7775,8.4600,8.7500,6.8571,21174400
2008-07-23,8.7550,8.8700,8.4425,8.5000,6.6612,38053600
2008-07-24,8.3300,8.4725,8.1675,8.2100,6.4340,31251200
2008-07-25,8.2125,8.4550,8.0600,8.1175,6.3615,27824400
2008-07-28,8.1075,8.2125,7.9975,8.1450,6.3830,29981600
2008-07-29,8.1150,8.5475,8.1150,8.5075,6.6671,33063200
2008-07-30,8.5325,8.7525,8.3625,8.5375,6.6906,28153200
2008-07-31,8.4825,8.6825,8.3225,8.4275,6.6044,28778800
2008-08-01,8.4925,8.6075,8.2825,8.5175,6.6749,28597600
2008-08-04,8.5125,8.5525,8.2500,8.3725,6.5613,26340400
2008-08-05,8.4475,8.9100,8.4325,8.8450,6.9544,38748800
2008-08-06,8.7925,8.8600,8.5750,8.6175,6.7756,31740800
2008-08-07,8.5850,8.8450,8.3900,8.7550,6.8837,32974000
2008-08-08,8.7675,9.2375,8.7475,9.2175,7.2473,38375200
2008-08-11,9.2000,9.3800,9.0750,9.2500,7.2729,65702000
2008-08-12,9.0625,9.1850,8.9375,9.0425,7.1097,38508000
2008-08-13,8.9300,9.0200,8.7400,8.9475,7.0350,40474000
2008-08-14,8.9625,9.1700,8.8900,9.0125,7.0861,31927200
2008-08-15,9.0000,9.1975,8.9250,8.9900,7.0684,20886400
2008-08-18,9.0375,9.1000,8.8400,8.8975,6.9957,16674000
2008-08-19,8.8600,8.8625,8.6225,8.6925,6.8345,17906800
2008-08-20,8.7500,8.7950,8.6125,8.7175,6.8542,25927600
2008-08-21,8.6525,8.8825,8.5750,8.8000,6.9191,25095200
2008-08-22,8.8350,9.0050,8.8350,8.9975,7.0743,23664800
2008-08-25,8.9425,8.9750,8.8700,8.8875,6.9879,26190800
2008-08-26,8.8875,8.9250,8.7850,8.9075,7.0036,24556400
2008-08-27,8.8100,8.9950,8.7500,8.9625,7.0468,27748000
2008-08-28,9.0150,9.1450,8.9200,9.1350,7.1825,25058800
2008-08-29,9.1350,9.3000,9.0500,9.0600,7.1235,20742800
2008-09-02,9.1975,9.2425,9.0625,9.0825,7.1412,29373200
2008-09-03,9.0475,9.2300,8.9850,9.1975,7.2316,30990400
2008-09-04,8.8125,8.8900,8.4950,8.5175,6.6969,55192800
2008-09-05,8.2575,8.6025,8.2500,8.5925,6.7559,34790800
2008-09-08,8.7500,8.8100,8.5475,8.7575,6.8856,34481600
2008-09-09,8.7925,8.8450,8.5400,8.5475,6.7205,35171200
2008-09-10,8.7575,8.7575,8.4600,8.6325,6.7874,33405600
2008-09-11,8.4750,8.7575,8.4650,8.7575,6.8856,30061600
2008-09-12,8.6250,8.7525,8.4475,8.5000,6.6832,32596800
2008-09-15,8.2750,8.5650,8.2500,8.3100,6.5338,30090000
2008-09-16,8.1000,8.7100,8.1000,8.5550,6.7264,44711600
2008-09-17,8.4100,8.5425,8.0625,8.0725,6.3471,53070000
2008-09-18,8.1850,8.3025,7.8125,8.2325,6.4729,38278400
2008-09-19,8.3525,9.0000,8.0875,8.1375,6.3982,35141200
2008-09-22,8.0775,8.4025,7.8400,7.8500,6.1721,23246000
2008-09-23,7.8875,8.1425,7.8650,7.9600,6.2586,29042000
2008-09-24,8.0050,8.0400,7.7650,7.7950,6.1289,19969600
2008-09-25,7.8475,8.1225,7.8400,7.9350,6.2389,28918800
2008-09-26,7.9125,8.0800,7.7825,7.9900,6.2822,25628800
2008-09-29,7.8575,8.0500,7.5625,7.5625,5.9461,33192000
2008-09-30,7.7325,7.7325,7.4375,7.6300,5.9991,29053200
2008-10-01,7.5675,7.6575,7.4500,7.6550,6.0188,31902400
2008-10-02,7.6025,7.6625,7.3125,7.3600,5.7868,28081600
2008-10-03,7.5000,7.5925,7.4100,7.4675,5.8714,39033600
2008-10-06,7.2950,7.3975,6.9450,7.3500,5.7790,43967200
2008-10-07,7.4200,7.5250,6.9450,6.9575,5.4704,41189200
2008-10-08,6.7875,7.4375,6.7875,6.9025,5.4271,52621600
2008-10-09,6.6700,6.8600,6.1800,6.2875,4.9436,64162000
2008-10-10,5.9425,6.8200,5.8475,6.4125,5.0419,66424800
2008-10-13,6.7675,6.7675,6.4075,6.7500,5.3072,32174400
2008-10-14,7.0025,7.0025,6.5500,6.7800,5.3308,38919600
2008-10-15,6.7775,6.8425,6.4550,6.4625,5.0812,37956800
2008-10-16,6.3925,6.8975,6.2900,6.8975,5.4232,41536800
2008-10-17,6.6425,7.0175,6.6425,6.7450,5.3033,31341200
2008-10-20,6.8200,6.9175,6.5225,6.8875,5.4153,31481200
2008-10-21,6.6700,7.0150,6.6700,6.6975,5.2659,27220000
2008-10-22,6.5650,6.6925,6.0975,6.2825,4.9397,35444400
2008-10-23,6.3450,6.4525,5.8800,6.1400,4.8276,36107200
2008-10-24,5.8000,6.2275,5.8000,5.9075,4.6448,35438000
2008-10-27,5.8300,6.1350,5.5300,5.7725,4.5387,25702400
2008-10-28,5.9150,6.3475,5.8000,6.3450,4.9888,32491200
2008-10-29,6.3275,7.0025,6.2400,6.6475,5.2266,42148800
2008-10-30,6.8300,6.9325,6.5725,6.6750,5.2483,30549200
2008-10-31,6.7150,6.8025,6.5400,6.6900,5.2601,36167600
2008-11-03,6.6850,6.7175,6.4075,6.5000,5.1107,33360400
2008-11-04,6.5875,6.6175,6.3525,6.5950,5.2074,23655200
2008-11-05,6.5025,6.6525,6.4650,6.4975,5.1304,28814400
2008-11-06,6.4975,6.6075,5.9500,6.0025,4.7396,45113200
2008-11-07,6.0050,6.0950,5.9250,6.0475,4.7751,22622400
2008-11-10,6.1600,6.1825,5.8400,5.9250,4.6784,22229600
2008-11-11,5.7475,6.0250,5.6175,5.8625,4.6290,35023600
2008-11-12,5.6925,5.7100,5.3825,5.4375,4.2934,37122400
2008-11-13,5.4575,5.6575,5.0425,5.6525,4.4632,49632800
2008-11-14,5.5750,5.6125,5.2750,5.3300,4.2085,21910400
2008-11-17,5.2800,5.4050,5.1550,5.1550,4.0704,28340800
2008-11-18,5.1425,5.2225,4.8775,5.0125,3.9579,36570000
2008-11-19,5.0750,5.0750,4.5900,4.6050,3.6361,39999600
2008-11-20,4.5225,4.9450,4.4500,4.6175,3.6460,33719200
2008-11-21,4.6950,5.0000,4.5750,4.9850,3.9361,39369600
2008-11-24,5.1550,5.4575,4.8925,5.2825,4.1710,40891600
2008-11-25,5.3425,5.4875,5.1325,5.3125,4.1947,25374000
2008-11-26,5.2325,5.7100,5.2325,5.6750,4.4810,29010400
2008-11-28,5.6375,5.8375,5.6375,5.7050,4.5046,11054000
2008-12-01,5.6025,5.6100,5.0650,5.0725,4.0052,31750400
2008-12-02,5.1225,5.2125,4.9825,5.0775,4.0092,27575200
2008-12-03,5.0725,5.2750,4.9800,5.2350,4.1335,31298000
2008-12-04,5.0650,5.0900,4.7475,4.8225,3.8078,47477200
2008-12-05,4.7850,5.0475,4.5050,5.0200,3.9638,48317200
2008-12-08,5.1375,5.3975,5.0700,5.2850,4.1730,29922400
2008-12-09,5.2400,5.3525,4.9825,5.0175,3.9618,25313200
2008-12-10,5.0550,5.1625,4.9775,5.1200,4.0427,20623200
2008-12-11,5.0775,5.0800,4.9075,4.9400,3.9006,21788800
2008-12-12,4.8375,4.9875,4.8000,4.9500,3.9085,18393200
2008-12-15,4.9975,5.0250,4.8550,4.9300,3.8927,18557600
2008-12-16,4.9750,5.1500,4.9275,5.1000,4.0269,30981600
2008-12-17,5.0500,5.2975,5.0325,5.2350,4.1335,35312000
2008-12-18,5.2700,5.3000,5.1150,5.1625,4.0763,26502000
2008-12-19,5.2150,5.2675,5.0750,5.1625,4.0763,29946800
2008-12-22,5.1625,5.1625,4.9000,4.9575,3.9144,19620000
2008-12-23,5.0275,5.0375,4.8150,4.8800,3.8532,22132800
2008-12-24,4.9750,4.9975,4.8725,4.9500,3.9085,4896400
2008-12-26,4.9675,5.0450,4.9675,5.0100,3.9559,5623600
2008-12-29,5.0025,5.0175,4.9025,4.9350,3.8967,10756400
2008-12-30,4.9625,5.0200,4.9075,5.0100,3.9559,12012000
2008-12-31,5.0050,5.2025,4.9775,5.1425,4.0605,12247600
2009-01-02,5.1025,5.4125,5.1025,5.3875,4.2540,14485200
2009-01-05,5.3650,5.4250,5.2475,5.3475,4.2224,21647200
2009-01-06,5.4050,5.4875,5.2625,5.4275,4.2855,22698800
2009-01-07,5.3725,5.5025,5.3375,5.4275,4.2855,23510400
2009-01-08,5.3700,5.4200,5.1850,5.3725,4.2421,34265600
2009-01-09,5.3700,5.4375,5.1525,5.2000,4.1059,28064800
2009-01-12,5.1775,5.2300,5.1175,5.1600,4.0743,19894800
2009-01-13,5.1775,5.2250,5.0200,5.0825,4.0131,27259200
2009-01-14,5.0150,5.0325,4.8825,4.8950,3.8651,22079600
2009-01-15,4.8975,5.1475,4.7900,5.0500,3.9875,27727200
2009-01-16,5.1150,5.1900,4.9775,5.1625,4.0763,21635200
2009-01-20,5.1375,5.1375,4.8725,4.8825,3.8552,19973600
2009-01-21,4.9900,5.0100,4.8375,4.9900,3.9401,21940800
2009-01-22,4.8550,5.1600,4.8400,5.0525,3.9894,25551200
2009-01-23,4.8825,5.0475,4.8825,4.9800,3.9322,18886800
2009-01-26,4.9725,5.1600,4.9675,5.0575,3.9934,13787200
2009-01-27,5.1150,5.1575,5.0150,5.0650,3.9993,16644000
2009-01-28,5.1550,5.2650,5.1050,5.2175,4.1197,18955200
2009-01-29,5.2050,5.2250,4.9925,5.0125,3.9579,14704800
2009-01-30,5.0250,5.0250,4.8125,4.8550,3.8335,18219600
2009-02-02,4.8075,4.9450,4.7975,4.8675,3.8434,18394000
2009-02-03,4.9150,4.9975,4.8125,4.9525,3.9105,23115200
2009-02-04,4.8325,5.0500,4.8325,4.9800,3.9322,24507600
2009-02-05,5.1250,5.5450,5.1100,5.5150,4.3546,44529600
2009-02-06,5.5300,5.8525,5.4525,5.7050,4.5046,34972800
2009-02-09,5.7200,5.7350,5.5250,5.6250,4.4415,19293200
2009-02-10,5.5625,5.6375,5.3600,5.4325,4.3106,21892000
2009-02-11,5.4300,5.5200,5.3525,5.4575,4.3304,19483600
2009-02-12,5.4125,5.4925,5.2900,5.4850,4.3522,21411600
2009-02-13,5.4575,5.5450,5.3675,5.4100,4.2927,15568400
2009-02-17,5.2725,5.4375,5.1750,5.3575,4.2510,22115600
2009-02-18,5.4300,5.4300,5.2325,5.3425,4.2391,19457600
2009-02-19,5.3775,5.5100,5.3200,5.3375,4.2352,16442800
2009-02-20,5.2500,5.3950,5.1750,5.3250,4.2253,18103200
2009-02-23,5.4125,5.4125,5.1750,5.1975,4.1241,18670000
2009-02-24,5.2300,5.4175,5.1825,5.3850,4.2729,22276800
2009-02-25,5.5025,5.8500,5.5000,5.7800,4.5863,50672400
2009-02-26,5.8500,5.8500,5.5700,5.6200,4.4593,24869600
2009-02-27,5.5025,5.7075,5.4550,5.5675,4.4177,26643200
2009-03-02,5.5375,5.7675,5.4700,5.5000,4.3641,28851600
2009-03-03,5.6025,5.6225,5.2800,5.3575,4.2510,27596400
2009-03-04,5.4675,5.4950,5.3000,5.4225,4.3026,25186400
2009-03-05,5.3025,5.6675,5.2525,5.3775,4.2669,29732000
2009-03-06,5.4150,5.4775,5.2075,5.3725,4.2629,31483600
2009-03-09,5.3300,5.5350,5.2925,5.4275,4.3066,28398000
2009-03-10,5.5025,5.8075,5.4625,5.7950,4.5982,30714000
2009-03-11,5.8425,5.9925,5.6875,5.9375,4.7113,22386800
2009-03-12,5.9125,6.1575,5.9125,6.1475,4.8779,23034800
2009-03-13,6.1425,6.2675,6.0850,6.2100,4.9275,21544800
2009-03-16,6.2725,6.2850,5.9825,5.9950,4.7569,23495600
2009-03-17,5.9900,6.1625,5.9650,6.1575,4.8858,22853200
2009-03-18,6.1100,6.4225,6.0950,6.3150,5.0108,20570800
2009-03-19,6.3650,6.3950,6.2025,6.2775,4.9810,18518800
2009-03-20,6.3075,6.3100,6.0875,6.1675,4.8938,20189200
2009-03-23,6.2625,6.3900,6.1625,6.3700,5.0544,23606400
2009-03-24,6.2925,6.5500,6.2500,6.4850,5.1457,20406000
2009-03-25,6.5175,6.6425,6.3100,6.4500,5.1179,23835600
2009-03-26,6.5150,6.8450,6.4850,6.7425,5.3500,27652800
2009-03-27,6.6500,6.7300,6.5650,6.6350,5.2647,23023600
2009-03-30,6.5200,6.6050,6.3575,6.4350,5.1060,20967600
2009-03-31,6.5000,6.5125,6.1925,6.4100,5.0862,29568000
2009-04-01,6.3050,6.4700,6.2050,6.4050,5.0822,25248800
2009-04-02,6.5150,6.6675,6.3525,6.5350,5.1854,23522800
2009-04-03,6.5375,6.6925,6.4100,6.6700,5.2925,28030000
2009-04-06,6.6250,6.6250,6.3800,6.4850,5.1457,24452800
2009-04-07,6.3775,6.5050,6.3650,6.4375,5.1080,21682400
2009-04-08,6.5000,6.6800,6.4775,6.6750,5.2965,26762800
2009-04-09,6.8975,7.0000,6.6525,6.8950,5.4710,43111200
2009-04-13,6.7675,6.9350,6.7675,6.8225,5.4135,16987600
2009-04-14,6.7750,6.8250,6.6375,6.7300,5.3401,25544000
2009-04-15,6.6900,6.8050,6.5750,6.7575,5.3619,17853600
2009-04-16,6.7725,6.9575,6.6950,6.9100,5.4829,20962400
2009-04-17,6.9175,7.1300,6.9175,7.0850,5.6218,27050400
2009-04-20,6.9600,7.0225,6.7600,6.8275,5.4175,25638400
2009-04-21,6.8125,7.0650,6.7775,7.0300,5.5781,23024400
2009-04-22,6.9825,7.2925,6.9375,6.9475,5.5127,27594000
2009-04-23,6.9475,7.0125,6.6925,6.8850,5.4631,22534800
2009-04-24,6.9775,7.1325,6.8875,7.0325,5.5801,22046800
2009-04-27,6.9425,6.9800,6.6575,6.7500,5.3560,30711200
2009-04-28,6.7525,7.0400,6.7025,6.9875,5.5444,35192400
2009-04-29,7.0375,7.1250,6.8600,6.9150,5.4869,29471600
2009-04-30,6.9900,7.0900,6.8725,6.9925,5.5484,41952800
2009-05-01,6.9825,7.0500,6.8525,6.9675,5.5285,25697200
2009-05-04,7.0850,7.3325,7.0725,7.2550,5.7567,29869200
2009-05-05,7.2150,7.3075,7.1800,7.2650,5.7646,20174800
2009-05-06,7.3200,7.3725,7.0550,7.1300,5.6575,24861200
2009-05-07,7.3475,7.3525,7.0750,7.1625,5.6833,36172800
2009-05-08,7.2250,7.2475,6.9475,7.0150,5.5662,30488000
2009-05-11,6.9975,7.0475,6.7800,6.9625,5.5246,29836000
2009-05-12,7.2100,7.2625,6.9125,7.0575,5.6242,51095200
2009-05-13,6.8650,6.9575,6.8275,6.9000,5.4987,39639200
2009-05-14,6.9000,7.0825,6.7050,6.7125,5.3493,34147600
2009-05-15,6.7000,6.8350,6.6550,6.7100,5.3473,29856400
2009-05-18,6.8050,6.9925,6.7700,6.9850,5.5664,35142800
2009-05-19,7.1800,7.3300,7.1225,7.2575,5.7836,53979200
2009-05-20,7.3250,7.3350,7.0300,7.0775,5.6401,36711600
2009-05-21,7.0000,7.1950,6.9125,7.0525,5.6202,25062000
2009-05-22,7.0225,7.1450,6.9150,7.0700,5.6342,17076800
2009-05-26,6.9925,7.3850,6.9025,7.3500,5.8573,30668800
2009-05-27,7.3275,7.5250,7.2525,7.3025,5.8194,39026800
2009-05-28,7.3600,7.3900,7.0500,7.2075,5.7437,25336400
2009-05-29,7.2625,7.3825,7.1250,7.3775,5.8792,22371200
2009-06-01,7.4750,7.7350,7.3975,7.6800,6.1203,32316000
2009-06-02,7.6975,7.8125,7.6375,7.6650,6.1083,37274400
2009-06-03,7.6525,7.7250,7.5825,7.6825,6.1223,20849200
2009-06-04,7.7075,7.7250,7.4625,7.6125,6.0665,29418800
2009-06-05,7.7775,7.7775,7.4975,7.6300,6.0804,26239600
2009-06-08,7.6075,7.7500,7.5375,7.7000,6.1362,17820000
2009-06-09,7.7125,7.7975,7.6850,7.7475,6.1741,13480000
2009-06-10,7.8200,7.8475,7.5225,7.6250,6.0764,16889600
2009-06-11,7.6625,7.7175,7.4775,7.4875,5.9669,21594800
2009-06-12,7.4450,7.7150,7.3400,7.6825,6.1223,18413200
2009-06-15,7.5275,7.6775,7.4925,7.5950,6.0525,16636800
2009-06-16,7.6550,7.6575,7.3750,7.4325,5.9230,18147600
2009-06-17,7.4075,7.8300,7.3875,7.7050,6.1402,27218800
2009-06-18,7.6800,7.7500,7.6075,7.6650,6.1083,15947600
2009-06-19,7.7275,7.7875,7.6800,7.7125,6.1462,20387200
2009-06-22,7.6450,7.8125,7.6025,7.6950,6.1322,22122800
2009-06-23,7.7150,7.7750,7.5650,7.5700,6.0326,22839600
2009-06-24,7.6275,7.7350,7.5025,7.5575,6.0226,18398400
2009-06-25,7.5325,8.0225,7.5325,7.9525,6.3374,33884000
2009-06-26,7.9350,8.0000,7.7900,7.8350,6.2438,17468800
2009-06-29,7.8750,7.9750,7.8125,7.8425,6.2498,15548400
2009-06-30,7.8025,7.9425,7.7950,7.8650,6.2677,20426400
2009-07-01,7.9175,8.0225,7.7975,7.8175,6.2298,18512000
2009-07-02,7.7475,7.8175,7.4500,7.4500,5.9370,18646800
2009-07-06,7.4475,7.7500,7.4075,7.7250,6.1561,23916000
2009-07-07,7.7225,7.7250,7.5275,7.5700,6.0326,20870800
2009-07-08,7.5325,7.8025,7.5325,7.7750,6.1960,25376400
2009-07-09,8.1875,8.2400,7.9825,8.0250,6.3952,32674000
2009-07-10,7.9600,8.0525,7.8900,7.9700,6.3514,22945600
2009-07-13,7.9950,8.2575,7.9125,8.2500,6.5745,25442400
2009-07-14,8.2000,8.4675,8.1475,8.4450,6.7299,27153200
2009-07-15,8.5300,8.6075,8.4175,8.5850,6.8415,23511600
2009-07-16,8.5375,8.8800,8.4425,8.8500,7.0527,35000800
2009-07-17,8.7350,8.8200,8.6575,8.8000,7.0128,33834000
2009-07-20,8.8375,8.9250,8.6875,8.9025,7.0945,26069600
2009-07-21,8.9325,9.0225,8.6300,8.8425,7.0467,29668400
2009-07-22,8.8175,8.9450,8.7750,8.8175,7.0268,17500000
2009-07-23,8.8450,9.0875,8.7550,8.9700,7.1483,20570000
2009-07-24,8.9425,9.0475,8.8500,8.9700,7.1483,15925200
2009-07-27,8.9775,9.0025,8.8325,8.9750,7.1523,15456800
2009-07-28,8.9400,9.0875,8.8275,9.0625,7.2220,19181200
2009-07-29,9.0275,9.1375,8.9925,9.0925,7.2459,13080000
2009-07-30,9.1575,9.2500,9.1175,9.1550,7.2957,19445200
2009-07-31,9.1550,9.1725,9.0250,9.0575,7.2180,11212400
2009-08-03,9.1300,9.1625,8.9875,9.1350,7.2798,9820800
2009-08-04,9.1175,9.1575,8.9125,8.9400,7.1244,18541600
2009-08-05,8.9700,9.0825,8.7975,9.0725,7.2300,16726800
2009-08-06,9.0700,9.2050,8.6875,8.7100,6.9411,37702800
2009-08-07,8.8000,8.8875,8.6975,8.8700,7.0686,23465200
2009-08-10,8.8700,8.8875,8.6850,8.7925,7.0068,13766800
2009-08-11,8.7925,8.8525,8.6525,8.7725,7.0148,15557200
2009-08-12,8.7800,9.0675,8.7800,8.9700,7.1728,15537600
2009-08-13,8.9275,8.9525,8.7550,8.8400,7.0688,18719200
2009-08-14,8.8550,8.8875,8.6725,8.7725,7.0148,17263600
2009-08-17,8.6925,8.8700,8.5275,8.8450,7.0728,28018800
2009-08-18,8.6350,8.7350,8.4500,8.5825,6.8629,47531200
2009-08-19,8.5000,8.7650,8.5000,8.7525,6.9988,22457600
2009-08-20,8.7625,8.9250,8.7350,8.9075,7.1228,18952800
2009-08-21,8.9600,9.0625,8.8875,8.9650,7.1688,15142000
2009-08-24,8.9600,9.0075,8.8275,8.8450,7.0728,15683600
2009-08-25,8.8325,9.2000,8.7900,9.1600,7.3247,27697600
2009-08-26,9.0725,9.1950,9.0375,9.1500,7.3167,19084000
2009-08-27,9.1725,9.3175,9.0650,9.3000,7.4366,23382800
2009-08-28,9.3250,9.3475,9.0950,9.1325,7.3027,19072400
2009-08-31,9.0650,9.1125,8.9625,8.9875,7.1867,14756800
2009-09-01,9.0225,9.0750,8.8000,8.8350,7.0648,18207200
2009-09-02,8.8425,8.8825,8.6975,8.7075,6.9629,21960800
2009-09-03,8.7925,8.9525,8.7175,8.9375,7.1468,24010800
2009-09-04,8.9650,9.1000,8.9350,9.0475,7.2347,12717600
2009-09-08,9.1250,9.1500,8.9750,9.0250,7.2167,17986000
2009-09-09,9.0000,9.1225,8.9900,9.1100,7.2847,23371200
2009-09-10,9.1050,9.1250,8.9900,9.0650,7.2487,19083200
2009-09-11,9.0875,9.2200,9.0675,9.1575,7.3227,19770400
2009-09-14,9.1175,9.2500,9.0650,9.2425,7.3907,9940800
2009-09-15,9.1625,9.3225,9.1250,9.3175,7.4506,17508400
2009-09-16,9.3400,9.4775,9.3025,9.4750,7.5766,14219200
2009-09-17,9.4200,9.5175,9.3650,9.4350,7.5446,16316000
2009-09-18,9.4950,9.5650,9.4150,9.5100,7.6046,18461600
2009-09-21,9.4225,9.6475,9.3425,9.5200,7.6126,16344800
2009-09-22,9.5925,9.6550,9.5275,9.6025,7.6785,16334800
2009-09-23,9.6400,9.6750,9.4000,9.4050,7.5206,15381600
2009-09-24,9.4000,9.4800,9.2775,9.3800,7.5006,13693600
2009-09-25,9.3600,9.3900,9.1475,9.2125,7.3667,18184800
2009-09-28,9.2200,9.3925,9.1950,9.3350,7.4646,10981200
2009-09-29,9.3600,9.4175,9.2075,9.2500,7.3967,11510400
2009-09-30,9.2875,9.3425,9.1050,9.2875,7.4266,18963600
2009-10-01,9.2600,9.3250,9.1100,9.1925,7.3507,20378000
2009-10-02,9.1325,9.1725,9.0325,9.0700,7.2527,17168000
2009-10-05,9.0625,9.3350,9.0200,9.3075,7.4426,13566800
2009-10-06,9.5200,9.6475,9.5200,9.6125,7.6865,18348400
2009-10-07,9.6400,9.6600,9.4575,9.5175,7.6106,12662400
2009-10-08,9.5950,9.7100,9.3725,9.3975,7.5146,30922000
2009-10-09,9.4125,9.4800,9.2450,9.4525,7.5586,23505600
2009-10-12,9.5000,9.5225,9.4375,9.4650,7.5686,16146000
2009-10-13,9.4525,9.5275,9.4125,9.4200,7.5326,18194800
2009-10-14,9.4950,9.5400,9.3750,9.4775,7.5786,32832000
2009-10-15,9.4600,9.5450,9.4150,9.5250,7.6166,17905200
2009-10-16,9.4600,9.6250,9.3800,9.5775,7.6585,15730800
2009-10-19,9.6075,9.8025,9.5550,9.7650,7.8085,12646400
2009-10-20,9.8275,9.8325,9.6575,9.6900,7.7485,16438400
2009-10-21,9.6325,9.9725,9.6300,9.8350,7.8644,30637200
2009-10-22,9.7900,10.0800,9.7525,10.0550,8.0404,28882000
2009-10-23,10.0375,10.0925,9.9100,9.9450,7.9524,19421600
2009-10-26,9.9950,10.1600,9.9450,10.0400,8.0284,23118000
2009-10-27,10.0250,10.0250,9.7400,9.7500,7.7965,23574000
2009-10-28,9.7700,9.8225,9.4400,9.4600,7.5646,21304800
2009-10-29,9.5525,9.6500,9.3900,9.6150,7.6885,17878000
2009-10-30,9.5875,9.6725,9.3200,9.3375,7.4666,22138800
2009-11-02,9.3850,9.6425,9.3250,9.5825,7.6625,19753600
2009-11-03,9.5600,9.6550,9.4650,9.6150,7.6885,18926400
2009-11-04,9.6375,9.6900,9.5125,9.5750,7.6565,19112400
2009-11-05,9.6350,9.7075,9.4600,9.5650,7.6485,21016800
2009-11-06,9.5525,9.6125,9.4175,9.5825,7.6625,20214400
2009-11-09,9.6275,9.7975,9.5850,9.7925,7.8550,14585600
2009-11-10,9.8000,9.8550,9.6900,9.7950,7.8571,11027200
2009-11-11,9.8250,9.9300,9.7400,9.7850,7.8490,14003200
2009-11-12,9.7925,9.8325,9.6400,9.6825,7.7668,15010000
2009-11-13,9.7300,9.8375,9.6725,9.7450,7.8169,13806000
2009-11-16,9.8700,9.9375,9.8225,9.8800,7.9252,21172800
2009-11-17,9.6675,9.8125,9.4225,9.7275,7.8029,37003600
2009-11-18,9.7475,9.8650,9.7175,9.7850,7.8490,23626400
2009-11-19,9.7325,9.7925,9.6800,9.7750,7.8410,16242000
2009-11-20,9.7500,9.8350,9.6325,9.7000,7.7808,16831200
2009-11-23,9.7475,9.7800,9.6175,9.6725,7.7588,15155600
2009-11-24,9.6625,9.7575,9.5625,9.6925,7.7748,18730000
2009-11-25,9.7050,9.7725,9.7050,9.7675,7.8350,13198400
2009-11-27,9.5925,9.7625,9.5275,9.6550,7.7448,8078000
2009-11-30,9.6850,9.6850,9.4575,9.5950,7.6966,21480000
2009-12-01,9.6750,9.7125,9.5950,9.6300,7.7247,18784800
2009-12-02,9.6700,9.6900,9.5250,9.5975,7.6986,20367600
2009-12-03,9.3550,9.3925,9.0200,9.3275,7.4820,62337600
2009-12-04,9.3525,9.4300,9.0550,9.1075,7.3056,47150400
2009-12-07,9.1325,9.2725,9.0975,9.2400,7.4119,32624400
2009-12-08,9.2225,9.2625,8.9875,9.2025,7.3818,23428800
2009-12-09,9.2325,9.2850,9.1325,9.2800,7.4439,23272400
2009-12-10,9.2700,9.4775,9.2325,9.4675,7.5943,25535200
2009-12-11,9.4850,9.5275,9.3375,9.3475,7.4981,19973600
2009-12-14,9.4150,9.5475,9.3550,9.5350,7.6485,18643600
2009-12-15,9.5125,9.5875,9.4475,9.4800,7.6044,20528400
2009-12-16,9.4725,9.5525,9.2875,9.3025,7.4620,22300800
2009-12-17,9.2925,9.2925,9.1450,9.1825,7.3657,29879600
2009-12-18,9.2200,9.2325,9.0700,9.1950,7.3758,22508000
2009-12-21,9.2325,9.3375,9.1850,9.2925,7.4540,14538800
2009-12-22,9.3600,9.3600,9.2175,9.2375,7.4099,11595600
2009-12-23,9.2175,9.2875,9.1850,9.2725,7.4379,11649600
2009-12-24,9.2500,9.2925,9.1900,9.2000,7.3798,4045600
2009-12-28,9.2250,9.2700,9.1975,9.2325,7.4058,9020000
2009-12-29,9.2550,9.2800,9.2000,9.2000,7.3798,9640800
2009-12-30,9.1600,9.2750,9.1600,9.2150,7.3918,9184000
2009-12-31,9.2025,9.2450,9.1350,9.1375,7.3296,6045200
2010-01-04,9.0000,9.1625,8.9375,9.0100,7.2274,25150000
2010-01-05,8.9800,9.2600,8.9800,9.2525,7.4219,21218400
2010-01-06,9.2625,9.3250,9.1925,9.2900,7.4520,14987600
2010-01-07,9.6875,9.9350,9.5625,9.7650,7.8330,54589200
2010-01-08,9.5800,9.6550,9.5075,9.6375,7.7307,23387600
2010-01-11,9.7025,9.7125,9.5650,9.6225,7.7187,14601600
2010-01-12,9.5750,9.5875,9.4650,9.5350,7.6485,11583200
2010-01-13,9.5450,9.5925,9.4775,9.5675,7.6746,10988400
2010-01-14,9.5750,9.5750,9.4025,9.4500,7.5803,10920000
2010-01-15,9.4250,9.5300,9.2775,9.3225,7.4780,15785600
2010-01-19,9.3000,9.4725,9.3000,9.4700,7.5964,10318000
2010-01-20,9.4175,9.4175,9.2875,9.3525,7.5021,8459200
2010-01-21,9.3800,9.4025,9.2000,9.2125,7.3898,16357200
2010-01-22,9.2050,9.3300,9.1650,9.1850,7.3677,18534400
2010-01-25,9.2650,9.3200,9.1925,9.2525,7.4219,12041200
2010-01-26,9.2400,9.6125,9.2400,9.5200,7.6365,24568800
2010-01-27,9.5275,9.6475,9.4575,9.5975,7.6986,16262800
2010-01-28,9.6100,9.6575,9.5250,9.5575,7.6665,21763600
2010-01-29,9.6050,9.7125,9.5000,9.5025,7.6224,17224000
2010-02-01,9.5275,9.6950,9.5275,9.6250,7.7207,20108800
2010-02-02,9.6925,9.8100,9.6875,9.8075,7.8671,23249200
2010-02-03,9.7875,9.8100,9.6325,9.6900,7.7728,18726400
2010-02-04,9.6875,9.7225,9.5350,9.5375,7.6505,20372800
2010-02-05,9.5550,9.6225,9.4250,9.5775,7.6826,19836000
2010-02-08,9.5875,9.5900,9.4475,9.4475,7.5783,10746800
2010-02-09,9.5325,9.5375,9.4225,9.4775,7.6266,11654400
2010-02-10,9.4825,9.5300,9.3500,9.4025,7.5662,16517600
2010-02-11,9.4025,9.4125,9.3125,9.3800,7.5481,18852400
2010-02-12,9.2925,9.4175,9.2800,9.3975,7.5622,14347200
2010-02-16,9.4550,9.6250,9.4350,9.6175,7.7392,11754000
2010-02-17,9.6600,9.7400,9.6575,9.6975,7.8036,11612000
2010-02-18,9.6975,9.7975,9.6325,9.7725,7.8640,12093200
2010-02-19,9.7500,9.8525,9.7425,9.7875,7.8760,11656400
2010-02-22,9.8200,9.8675,9.7425,9.8425,7.9203,16239600
2010-02-23,9.8450,9.8750,9.6975,9.7950,7.8821,18218400
2010-02-24,9.8375,10.1375,9.7150,10.1275,8.1496,28059200
2010-02-25,9.9700,10.4750,9.9400,10.4350,8.3971,42669200
2010-02-26,10.4000,10.5225,10.3950,10.4075,8.3750,25156800
2010-03-01,10.4100,10.4500,10.2675,10.4175,8.3830,21328000
2010-03-02,10.4250,10.4250,10.2300,10.2700,8.2643,21886400
2010-03-03,10.3100,10.3575,10.2400,10.2900,8.2804,18950800
2010-03-04,10.3100,10.3575,10.1275,10.2600,8.2563,30528400
2010-03-05,10.3225,10.3825,10.2500,10.3825,8.3548,15568400
2010-03-08,10.3925,10.4150,10.3250,10.3850,8.3569,11134400
2010-03-09,10.3950,10.4850,10.3525,10.4150,8.3810,11187200
2010-03-10,10.4175,10.4925,10.3600,10.4675,8.4232,11386800
2010-03-11,10.4425,10.4925,10.4075,10.4425,8.4031,15973200
2010-03-12,10.4925,10.5875,10.4550,10.5325,8.4756,18422000
2010-03-15,10.5175,10.7250,10.4975,10.7175,8.6244,19232000
2010-03-16,10.7250,10.8100,10.7075,10.8075,8.6968,15599200
2010-03-17,10.8450,10.8450,10.7525,10.7750,8.6707,11718000
2010-03-18,10.8325,10.8525,10.6950,10.7900,8.6828,14771200
2010-03-19,10.7450,10.8525,10.7150,10.7450,8.6466,14452000
2010-03-22,10.7075,10.9650,10.7075,10.9050,8.7753,11164000
2010-03-23,10.9350,10.9725,10.7925,10.8825,8.7572,13295200
2010-03-24,10.8325,10.9175,10.7450,10.8075,8.6968,11494800
2010-03-25,10.8775,10.9800,10.8150,10.8800,8.7552,13332400
2010-03-26,10.9150,10.9450,10.7575,10.8325,8.7170,14900400
2010-03-29,10.8525,10.8900,10.7175,10.8200,8.7069,10122000
2010-03-30,10.8475,10.9200,10.7650,10.8000,8.6908,10436400
2010-03-31,10.7600,10.7900,10.5925,10.6300,8.5540,16798400
2010-04-01,10.6575,10.7325,10.5950,10.6775,8.5922,15062800
2010-04-05,10.7000,11.1025,10.7000,11.0875,8.9222,19350400
2010-04-06,11.0750,11.2375,11.0600,11.1750,8.9926,23748800
2010-04-07,11.1600,11.2275,11.0800,11.1550,8.9765,19917200
2010-04-08,11.2175,11.3350,11.0250,11.2050,9.0167,28156800
2010-04-09,11.1500,11.2400,11.0350,11.2075,9.0187,19628400
2010-04-12,11.2650,11.4450,11.2075,11.4025,9.1756,23136800
2010-04-13,11.3975,11.5825,11.3900,11.5375,9.2843,24128800
2010-04-14,11.5825,11.6175,11.4850,11.5850,9.3225,21797600
2010-04-15,11.5075,11.5875,11.4575,11.5625,9.3044,14717200
2010-04-16,11.5125,11.5575,11.3200,11.4200,9.1897,18930000
2010-04-19,11.4125,11.4275,11.2150,11.3725,9.1515,12028800
2010-04-20,11.4400,11.5450,11.3775,11.4975,9.2521,15922800
2010-04-21,11.5025,11.7500,11.4675,11.7150,9.4271,19800000
2010-04-22,11.6375,11.9725,11.6125,11.9225,9.5941,22151600
2010-04-23,11.9825,12.0225,11.8225,12.0025,9.6585,18674000
2010-04-26,12.0175,12.1250,11.9475,11.9725,9.6343,18838400
2010-04-27,11.9675,12.0525,11.7425,11.7500,9.4553,22747600
2010-04-28,11.8350,11.8350,11.6125,11.6750,9.3949,17229200
2010-04-29,11.7525,11.8950,11.7050,11.8175,9.5096,11159200
2010-04-30,11.8450,11.9175,11.5700,11.5850,9.3225,17192400
2010-05-03,11.6450,11.8725,11.5650,11.7850,9.4834,11823600
2010-05-04,11.6900,11.6900,11.3850,11.4175,9.1877,20402400
2010-05-05,11.3500,11.8725,11.3425,11.5800,9.3185,32731200
2010-05-06,11.3050,11.4375,10.5000,11.1575,8.9785,39842000
2010-05-07,11.1600,11.2575,10.7700,10.9175,8.7854,39581600
2010-05-10,11.4875,11.5875,11.1850,11.4400,9.2058,31853600
2010-05-11,11.3775,11.5600,11.2925,11.4350,9.2321,29705200
2010-05-12,11.4825,11.6375,11.3850,11.6250,9.3855,18633600
2010-05-13,11.6225,11.6225,11.2875,11.3400,9.1554,16810800
2010-05-14,11.3000,11.4575,11.1950,11.3125,9.1332,25194800
2010-05-17,11.3575,11.4225,11.1450,11.3125,9.1332,31241200
2010-05-18,10.9250,11.1500,10.8025,10.9200,8.8163,60626800
2010-05-19,10.7800,10.9000,10.6025,10.7975,8.7174,31250400
2010-05-20,10.5300,11.1550,10.5250,10.8600,8.7678,41963200
2010-05-21,10.7075,11.0850,10.6325,10.9950,8.8768,32782800
2010-05-24,11.0050,11.1350,10.9150,10.9875,8.8708,20535200
2010-05-25,10.8050,11.3500,10.7500,11.3375,9.1533,45020400
2010-05-26,11.3650,11.4325,11.0775,11.1250,8.9818,34085200
2010-05-27,11.2775,11.5100,11.2700,11.5025,9.2866,24119600
2010-05-28,11.5050,11.5375,11.2900,11.3650,9.1755,17404400
2010-06-01,11.3425,11.4675,11.2375,11.3175,9.1372,22347200
2010-06-02,11.3350,11.5300,11.1850,11.5300,9.3088,23363600
2010-06-03,11.7450,11.8350,11.5150,11.5750,9.3451,25001200
2010-06-04,11.4425,11.4875,11.0900,11.1225,8.9798,20826800
2010-06-07,11.1950,11.2700,10.9800,10.9925,8.8748,19822400
2010-06-08,10.9675,11.2125,10.9100,11.1925,9.0363,19082800
2010-06-09,11.2425,11.4925,11.2125,11.2550,9.0867,21578800
2010-06-10,11.3750,11.5725,11.3400,11.5550,9.3289,17652400
2010-06-11,11.4225,11.5975,11.3750,11.5125,9.2946,13090000
2010-06-14,11.5625,11.6500,11.4225,11.5200,9.3007,15635600
2010-06-15,11.5275,11.6550,11.4725,11.6550,9.4097,15308800
2010-06-16,11.6125,11.6850,11.5225,11.5750,9.3451,11748000
2010-06-17,11.5800,11.5800,11.3650,11.4750,9.2644,14716000
2010-06-18,11.4875,11.6725,11.4425,11.4900,9.2765,23258000
2010-06-21,11.5525,11.5800,11.2125,11.2700,9.0988,15923200
2010-06-22,11.2925,11.4175,11.1100,11.1200,8.9777,15103200
2010-06-23,11.0875,11.2600,11.0025,11.1775,9.0242,14835200
2010-06-24,11.2050,11.2050,10.9800,11.0350,8.9091,16884800
2010-06-25,11.0375,11.0375,10.7800,10.7850,8.7073,42094800
2010-06-28,10.8175,10.9325,10.7725,10.8050,8.7234,22371600
2010-06-29,10.6450,10.7500,10.4575,10.5075,8.4832,37787200
2010-06-30,10.5225,10.6800,10.4525,10.4875,8.4671,22856400
2010-07-01,10.4825,10.7450,10.3800,10.7275,8.6609,25504800
2010-07-02,10.7375,10.7975,10.5550,10.5925,8.5519,16530800
2010-07-06,10.8325,10.8775,10.5200,10.6050,8.5620,20384800
2010-07-07,10.6500,10.8825,10.5900,10.8775,8.7820,21030000
2010-07-08,10.7150,10.7550,10.2325,10.3825,8.3823,60300000
2010-07-09,10.3975,10.4350,10.2950,10.4300,8.4207,21342400
2010-07-12,10.4275,10.5200,10.4000,10.4975,8.4752,17173600
2010-07-13,10.6250,10.7325,10.5350,10.6925,8.6326,16077600
2010-07-14,10.6775,10.6775,10.5075,10.6175,8.5721,15658000
2010-07-15,10.6050,10.7375,10.5100,10.7200,8.6548,17447200
2010-07-16,10.6900,10.6900,10.2750,10.3100,8.3238,22644400
2010-07-19,10.3025,10.4525,10.2975,10.3500,8.3561,16252400
2010-07-20,10.2525,10.5150,10.1500,10.5100,8.4853,24265200
2010-07-21,10.5575,10.6000,10.3775,10.4275,8.4187,16099200
2010-07-22,10.5125,10.6375,10.4975,10.5625,8.5276,17628400
2010-07-23,10.5725,10.7250,10.5000,10.7200,8.6548,11149200
2010-07-26,10.6850,10.7450,10.5875,10.7400,8.6709,11866400
2010-07-27,10.7650,10.7650,10.4525,10.5650,8.5297,21420400
2010-07-28,10.5725,10.7050,10.3750,10.4075,8.4025,13912800
2010-07-29,10.4550,10.4875,10.0200,10.2325,8.2612,31251200
2010-07-30,10.1725,10.4050,10.1075,10.3800,8.3803,22669600
2010-08-02,10.4825,10.5925,10.4300,10.4975,8.4752,21837600
2010-08-03,10.4525,10.4775,10.1625,10.2550,8.2794,18084000
2010-08-04,10.3325,10.4000,10.2575,10.2850,8.3036,20658400
2010-08-05,10.2150,10.5975,10.1550,10.5000,8.4772,33055600
2010-08-06,10.4300,10.4300,10.2375,10.4200,8.4126,14827600
2010-08-09,10.4425,10.7675,10.4425,10.7450,8.6750,16317600
2010-08-10,10.6575,10.7500,10.5825,10.6700,8.6446,13744400
2010-08-11,10.5075,10.5725,10.3850,10.4500,8.4664,13313200
2010-08-12,10.3425,10.4650,10.2825,10.4350,8.4542,13210000
2010-08-13,10.3875,10.4125,10.2150,10.2250,8.2841,12652800
2010-08-16,10.1725,10.4950,10.1500,10.3425,8.3793,19738000
2010-08-17,10.4300,10.6250,10.4100,10.4450,8.4623,18663600
2010-08-18,10.4450,10.5625,10.3425,10.5225,8.5251,15988400
2010-08-19,10.4700,10.5950,10.3450,10.4825,8.4927,21726400
2010-08-20,10.3950,10.5475,10.3875,10.4450,8.4623,14730400
2010-08-23,10.4575,10.5400,10.3550,10.3550,8.3894,13467200
2010-08-24,10.2550,10.3825,10.1675,10.1850,8.2517,17089200
2010-08-25,10.1625,10.3225,10.0750,10.2725,8.3226,14884000
2010-08-26,10.2775,10.3025,10.1150,10.1400,8.2152,13259200
2010-08-27,10.1850,10.3675,10.0675,10.2825,8.3307,13750400
2010-08-30,10.2325,10.3050,10.0975,10.1000,8.1828,10481600
2010-08-31,10.0400,10.1050,9.8900,9.9225,8.0390,23908000
2010-09-01,10.0400,10.3050,10.0075,10.2225,8.2821,20370000
2010-09-02,10.1850,10.4250,10.1850,10.3625,8.3955,13010800
2010-09-03,10.4125,10.5000,10.3525,10.4725,8.4846,11308400
2010-09-07,10.4425,10.4600,10.2175,10.2350,8.2922,12161600
2010-09-08,10.2475,10.3600,10.1925,10.3150,8.3570,10622800
2010-09-09,10.4050,10.4100,10.2375,10.2825,8.3307,10110800
2010-09-10,10.2650,10.3775,10.2475,10.2775,8.3266,6993600
2010-09-13,10.3300,10.3750,10.2775,10.3075,8.3509,13630000
2010-09-14,10.3375,10.6200,10.3225,10.5550,8.5514,15385200
2010-09-15,10.5425,10.6475,10.5000,10.6325,8.6142,11360400
2010-09-16,10.5725,10.7425,10.5600,10.6975,8.6669,11464800
2010-09-17,10.7075,10.7400,10.6125,10.7025,8.6709,12915200
2010-09-20,10.7025,10.8050,10.6225,10.7850,8.7378,14332000
2010-09-21,10.7900,10.8100,10.6225,10.7325,8.6952,12730000
2010-09-22,10.7550,10.9475,10.7350,10.8775,8.8127,17305600
2010-09-23,10.8300,11.1200,10.8000,11.0400,8.9444,16927200
2010-09-24,11.1450,11.2850,11.0675,11.2625,9.1246,10434000
2010-09-27,11.2400,11.2800,11.1925,11.2075,9.0801,8706000
2010-09-28,11.1875,11.3425,11.1325,11.3050,9.1591,11680000
2010-09-29,11.2025,11.2975,11.1675,11.2375,9.1044,10603600
2010-09-30,11.2550,11.3075,11.0625,11.1575,9.0396,16595600
2010-10-01,11.2450,11.2925,11.0700,11.1350,9.0213,11538800
2010-10-04,11.0675,11.2775,11.0675,11.1375,9.0234,11993600
2010-10-05,11.2050,11.2375,10.8975,11.1775,9.0558,18498400
2010-10-06,11.1250,11.1950,11.0300,11.1400,9.0254,12125600
2010-10-07,11.0375,11.2075,10.9350,11.0375,8.9423,19855200
2010-10-08,11.0325,11.2675,11.0325,11.1675,9.0477,12310400
2010-10-11,11.1600,11.3475,11.1600,11.2475,9.1125,8489200
2010-10-12,11.2100,11.2500,11.1550,11.2050,9.0780,8760400
2010-10-13,11.2425,11.2500,11.1000,11.1100,9.0011,11612000
2010-10-14,11.1225,11.2400,11.0625,11.1325,9.0193,9311200
2010-10-15,11.1600,11.2875,11.1350,11.2575,9.1206,13876400
2010-10-18,11.2575,11.3325,11.1825,11.3000,9.1550,9969200
2010-10-19,11.1925,11.2725,11.0875,11.1400,9.0254,15020000
2010-10-20,11.1400,11.3225,11.1200,11.2400,9.1064,9651200
2010-10-21,11.3225,11.3275,11.1100,11.2150,9.0862,10041200
2010-10-22,11.2275,11.3325,11.1625,11.2150,9.0862,7792400
2010-10-25,11.2900,11.4450,11.2850,11.4225,9.2543,11810800
2010-10-26,11.3800,11.5675,11.3500,11.5275,9.3393,11458800
2010-10-27,11.4800,11.5800,11.3525,11.5700,9.3738,16717200
2010-10-28,11.6175,11.6525,11.3950,11.6100,9.4062,11505600
2010-10-29,11.5675,11.5900,11.4425,11.4725,9.2948,12355200
2010-11-01,11.5100,11.5550,11.4025,11.4625,9.2867,11640400
2010-11-02,11.5350,11.6275,11.5075,11.5850,9.3859,10496000
2010-11-03,11.6125,11.7175,11.5900,11.7050,9.4831,13458400
2010-11-04,11.7450,11.7875,11.6800,11.7175,9.4933,15990000
2010-11-05,11.8025,11.8025,11.6600,11.7725,9.5378,24245600
2010-11-08,11.5050,11.5375,11.4100,11.5125,9.3570,26235200
2010-11-09,11.5175,11.5175,11.3325,11.3700,9.2412,16245200
2010-11-10,11.3575,11.4325,11.2275,11.4150,9.2777,17557600
2010-11-11,11.3125,11.5000,11.2325,11.4375,9.2960,16743600
2010-11-12,11.3700,11.5075,11.3625,11.4475,9.3042,14742000
2010-11-15,11.4650,11.5075,11.3525,11.4250,9.2859,12323200
2010-11-16,11.3900,11.5450,11.2000,11.2575,9.1497,24279600
2010-11-17,11.2425,11.4625,11.2425,11.3500,9.2249,13997600
2010-11-18,11.4575,11.5700,11.4400,11.4575,9.3123,12773600
2010-11-19,11.4650,11.5325,11.3475,11.5225,9.3651,10537600
2010-11-22,11.4700,11.5850,11.4250,11.5675,9.4017,8134400
2010-11-23,11.5000,11.5950,11.3975,11.4600,9.3143,11434400
2010-11-24,11.5150,11.6400,11.4800,11.6225,9.4464,7298000
2010-11-26,11.5725,11.6150,11.5125,11.5875,9.4179,3559600
2010-11-29,11.5175,11.5225,11.2300,11.3225,9.2026,17368800
2010-11-30,11.2575,11.4900,11.2500,11.4025,9.2676,13891600
2010-12-01,11.5700,11.5975,11.3375,11.3975,9.2635,20089200
2010-12-02,11.0375,11.2375,10.9650,11.1325,9.0481,36527600
2010-12-03,11.0600,11.3225,11.0025,11.3225,9.2026,15945200
2010-12-06,11.3125,11.3225,11.2250,11.2475,9.1416,10750400
2010-12-07,11.3200,11.3575,11.1925,11.2150,9.1152,15885600
2010-12-08,11.2150,11.2500,11.1250,11.1775,9.0847,13340800
2010-12-09,11.2375,11.2975,11.1625,11.2400,9.1355,8174400
2010-12-10,11.2375,11.3000,11.1250,11.2675,9.1579,10462400
2010-12-13,11.3050,11.3425,11.0100,11.0275,8.9628,20941600
2010-12-14,11.0550,11.1950,11.0075,11.1150,9.0339,11828400
2010-12-15,11.0750,11.0925,10.9650,10.9650,8.9120,14016000
2010-12-16,10.9775,11.0050,10.8700,10.9500,8.8998,18336800
2010-12-17,10.9150,10.9400,10.8325,10.8600,8.8267,22137200
2010-12-20,10.8600,10.9975,10.7950,10.9725,8.9181,14204000
2010-12-21,11.0000,11.0850,10.9450,11.0525,8.9831,19540000
2010-12-22,11.0450,11.1400,11.0250,11.0900,9.0136,14027200
2010-12-23,11.0500,11.1500,11.0375,11.1225,9.0400,9210000
2010-12-27,11.0675,11.1275,11.0200,11.0800,9.0055,6644800
2010-12-28,11.0800,11.1475,11.0375,11.0950,9.0177,5502800
2010-12-29,11.0950,11.1950,11.0875,11.1575,9.0685,5082400
2010-12-30,11.1650,11.2025,11.1175,11.1825,9.0888,4557600
2010-12-31,11.1925,11.1925,11.0875,11.0975,9.0197,5143600
2011-01-03,11.1425,11.1575,10.9000,10.9525,8.9018,17199600
2011-01-04,10.9600,10.9925,10.8850,10.8950,8.8551,19881600
2011-01-05,10.8500,10.8650,10.6375,10.7500,8.7373,25108000
2011-01-06,11.0050,11.4275,10.9600,11.3800,9.2493,38274400
2011-01-07,11.4500,11.4875,11.3300,11.4125,9.2757,20852400
2011-01-10,11.3550,11.4750,11.3350,11.3950,9.2615,13473200
2011-01-11,11.4700,11.5350,11.3975,11.4200,9.2818,10658000
2011-01-12,11.4475,11.5300,11.4125,11.4725,9.3245,9164000
2011-01-13,11.4450,11.5225,11.3625,11.3800,9.2493,9977200
2011-01-14,11.3675,11.5150,11.3150,11.4925,9.3407,9288000
2011-01-18,11.4525,11.5575,11.4475,11.5450,9.3834,8262400
2011-01-19,11.5525,11.7425,11.5425,11.6850,9.4972,17284000
2011-01-20,11.6450,11.8075,11.6125,11.7550,9.5541,16716800
2011-01-21,11.7925,11.8500,11.7450,11.8075,9.5968,10714000
2011-01-24,11.6150,11.9625,11.6150,11.8875,9.6618,13827200
2011-01-25,11.9025,12.1450,11.8500,12.1400,9.8670,23531200
2011-01-26,12.1175,12.1875,12.0400,12.1475,9.8731,11026000
2011-01-27,12.1500,12.1750,12.0625,12.1525,9.8772,15887600
2011-01-28,12.1400,12.1875,11.9000,11.9275,9.6943,12730400
2011-01-31,11.8900,11.9150,11.7750,11.8475,9.6293,13853200
2011-02-01,11.8925,12.0625,11.8325,11.9850,9.7410,15170000
2011-02-02,11.9175,11.9700,11.7375,11.7825,9.5764,14307600
2011-02-03,12.0650,12.4625,11.9900,12.3775,10.0600,20138400
2011-02-04,12.3700,12.4550,12.3475,12.4250,10.0986,12095200
2011-02-07,12.4125,12.5200,12.3725,12.4475,10.1169,12272400
2011-02-08,12.4125,12.4775,12.3600,12.4600,10.1577,7539200
2011-02-09,12.4225,12.4975,12.2900,12.3425,10.0619,10389600
2011-02-10,12.3125,12.5100,12.3000,12.4950,10.1862,8946000
2011-02-11,12.4400,12.7500,12.4025,12.7000,10.3533,13222800
2011-02-14,12.5375,12.5875,12.3725,12.3850,10.0965,9563200
2011-02-15,12.3775,12.4925,12.2925,12.3250,10.0476,8787600
2011-02-16,12.4000,12.5000,12.3400,12.3550,10.0721,9950000
2011-02-17,12.3350,12.3775,12.2775,12.3000,10.0272,10464800
2011-02-18,12.3325,12.5275,12.3225,12.5200,10.2066,9092000
2011-02-22,12.4325,12.5600,12.3400,12.4300,10.1332,11188000
2011-02-23,12.0500,12.4900,11.9600,12.2025,9.9478,24086400
2011-02-24,12.2250,12.6175,12.2250,12.5600,10.2392,22352800
2011-02-25,12.5625,12.7225,12.4575,12.5825,10.2575,12994800
2011-02-28,12.5525,12.5750,12.4350,12.4675,10.1638,15031200
2011-03-01,12.6150,12.6200,12.3675,12.4050,10.1129,15741600
2011-03-02,12.3700,12.6250,12.3575,12.6175,10.2861,12664400
2011-03-03,12.6250,12.7775,12.5825,12.7350,10.3819,22172400
2011-03-04,12.7000,12.7750,12.5375,12.6450,10.3085,11026400
2011-03-07,12.6625,12.6700,12.3275,12.3300,10.0517,14589200
2011-03-08,12.3700,12.4675,12.2775,12.3775,10.0904,14969600
2011-03-09,12.3825,12.4600,12.3350,12.3975,10.1067,7932000
2011-03-10,12.3275,12.4725,12.2850,12.3675,10.0823,7916000
2011-03-11,12.3450,12.5000,12.2825,12.4425,10.1434,6304400
2011-03-14,12.4100,12.4775,12.2750,12.3450,10.0639,9991600
2011-03-15,12.1275,12.3475,12.1225,12.2700,10.0028,14352800
2011-03-16,12.2150,12.3175,12.0800,12.1475,9.9029,13637600
2011-03-17,12.2925,12.3400,12.1425,12.1675,9.9192,7987200
2011-03-18,12.2900,12.2900,12.0625,12.1650,9.9172,14082400
2011-03-21,12.2625,12.3325,12.1475,12.3175,10.0415,8830400
2011-03-22,12.3375,12.3875,12.2075,12.2150,9.9580,9388000
2011-03-23,12.1950,12.4150,12.1400,12.3850,10.0965,8661200
2011-03-24,12.4150,12.6275,12.4150,12.5800,10.2555,9790000
2011-03-25,12.5725,12.6550,12.5300,12.5375,10.2209,6712400
2011-03-28,12.5250,12.5600,12.2950,12.3025,10.0293,10318000
2011-03-29,12.2875,12.3875,12.2350,12.3700,10.0843,7560800
2011-03-30,12.4225,12.5675,12.3700,12.5225,10.2086,8946000
2011-03-31,12.4925,12.5575,12.3125,12.4325,10.1353,13380400
2011-04-01,12.4800,12.5125,12.3525,12.3750,10.0884,9601600
2011-04-04,12.4000,12.4600,12.3275,12.4000,10.1088,7130400
2011-04-05,12.3975,12.7500,12.3825,12.7425,10.3880,18252800
2011-04-06,12.7500,12.9000,12.6975,12.8875,10.5062,15314400
2011-04-07,12.7825,12.9875,12.6225,12.7800,10.4186,12614800
2011-04-08,12.8675,12.8700,12.6075,12.6750,10.3330,9643600
2011-04-11,12.6600,12.8100,12.6450,12.7725,10.4124,6823200
2011-04-12,12.6725,12.8925,12.6725,12.7650,10.4063,7743600
2011-04-13,12.7825,12.8750,12.6600,12.8150,10.4471,6232400
2011-04-14,12.7450,12.7900,12.6225,12.7825,10.4206,6691200
2011-04-15,12.7500,12.9000,12.6850,12.8550,10.4797,10528800
2011-04-18,12.7350,12.9525,12.6650,12.9300,10.5408,10833600
2011-04-19,12.9325,12.9825,12.8375,12.9450,10.5531,8568000
2011-04-20,12.9775,13.1525,12.9425,13.0775,10.6611,10197600
2011-04-21,13.1350,13.1625,13.0350,13.1375,10.7100,5225200
2011-04-25,13.1075,13.1700,13.0475,13.1575,10.7263,5356000
2011-04-26,13.2075,13.3975,13.1925,13.2925,10.8364,8015600
2011-04-27,13.2775,13.3650,13.2150,13.3225,10.8608,8479200
2011-04-28,13.2750,13.4375,13.2150,13.4300,10.9485,8095600
2011-04-29,13.4225,13.5000,13.3850,13.4050,10.9281,10984800
2011-05-02,13.4325,13.4675,13.2500,13.3275,10.8649,7251200
2011-05-03,13.3050,13.4700,13.2800,13.3000,10.8425,11982800
2011-05-04,13.3125,13.4700,13.2475,13.3150,10.8547,11274000
2011-05-05,13.0675,13.4175,13.0625,13.3425,10.8771,21116800
2011-05-06,13.4125,13.4600,13.1575,13.1800,10.7446,12756800
2011-05-09,13.1750,13.3625,13.1525,13.2900,10.8343,9548400
2011-05-10,13.2425,13.4425,13.2400,13.3825,10.9489,10113200
2011-05-11,13.3650,13.4650,13.2600,13.3550,10.9264,7779600
2011-05-12,13.4425,13.6825,13.3200,13.6700,11.1841,13076000
2011-05-13,13.6975,13.7350,13.5700,13.6425,11.1616,9055200
2011-05-16,13.6325,13.7000,13.5475,13.5775,11.1084,11580400
2011-05-17,13.1875,13.3125,12.8950,13.0150,10.6482,31184800
2011-05-18,13.0500,13.3075,13.0450,13.1650,10.7709,15552800
2011-05-19,13.1775,13.1775,12.9575,13.0375,10.6666,12518400
2011-05-20,12.9750,13.1925,12.8425,13.1550,10.7627,14463200
2011-05-23,13.0450,13.3225,13.0375,13.1925,10.7934,13651600
2011-05-24,13.2275,13.5050,13.2050,13.2325,10.8261,11850000
2011-05-25,13.1750,13.2625,13.0825,13.1550,10.7627,12598000
2011-05-26,13.1375,13.4725,13.1050,13.4225,10.9816,15267600
2011-05-27,13.4175,13.4900,13.3475,13.3650,10.9345,8290000
2011-05-31,13.4000,13.4375,13.1150,13.2550,10.8446,21562000
2011-06-01,13.2225,13.2875,12.9900,13.0000,10.6359,17976400
2011-06-02,12.7200,12.9025,12.6600,12.8325,10.4989,20057600
2011-06-03,12.7425,12.8400,12.7050,12.7550,10.4355,16141200
2011-06-06,12.7500,12.8200,12.5725,12.5775,10.2903,12250000
2011-06-07,12.6575,12.8425,12.5725,12.6275,10.3312,13861600
2011-06-08,12.5850,12.6425,12.5100,12.5525,10.2698,11705200
2011-06-09,12.5725,12.7050,12.5725,12.6075,10.3148,9950000
2011-06-10,12.5725,12.5900,12.3650,12.3725,10.1225,12146400
2011-06-13,12.3875,12.4650,12.3725,12.3750,10.1246,9323200
2011-06-14,12.4675,12.5000,12.3925,12.3975,10.1430,17458400
2011-06-15,12.3125,12.5150,12.3000,12.3875,10.1348,19834400
2011-06-16,12.4150,12.4825,12.3125,12.3950,10.1409,12259200
2011-06-17,12.4775,12.6675,12.4250,12.5150,10.2391,17066000
2011-06-20,12.4775,12.6575,12.3750,12.5950,10.3046,12311600
2011-06-21,12.6275,12.7800,12.5400,12.7675,10.4457,14823200
2011-06-22,12.7175,12.8950,12.7000,12.7525,10.4334,20040800
2011-06-23,12.6350,12.8850,12.5900,12.7700,10.4478,14244400
2011-06-24,12.7525,12.7825,12.4150,12.4300,10.1696,15450800
2011-06-27,12.4550,12.5950,12.4075,12.5075,10.2330,12541600
2011-06-28,12.8075,12.8950,12.7225,12.8850,10.5418,14480000
2011-06-29,12.9300,13.1575,12.8675,13.0025,10.6380,15595200
2011-06-30,13.2525,13.3400,13.0650,13.1325,10.7443,11727600
2011-07-01,13.1225,13.3200,13.0850,13.2925,10.8752,9315600
2011-07-05,13.3100,13.4925,13.2300,13.4325,10.9898,11299600
2011-07-06,13.4250,13.5475,13.3900,13.4475,11.0020,10070000
2011-07-07,13.7650,13.9500,13.6800,13.7475,11.2475,16767200
2011-07-08,13.6950,13.8425,13.6825,13.7900,11.2823,14286400
2011-07-11,13.6800,13.9850,13.6600,13.8600,11.3395,17331200
2011-07-12,13.8050,13.9175,13.7675,13.8025,11.2925,13534800
2011-07-13,13.8700,13.9575,13.7500,13.8175,11.3048,10980000
2011-07-14,13.8500,13.8875,13.6750,13.7725,11.2679,9291200
2011-07-15,13.8100,13.8175,13.6475,13.8150,11.3027,10974000
2011-07-18,13.7525,13.8150,13.7075,13.7700,11.2659,6757200
2011-07-19,13.8325,14.0075,13.8075,14.0050,11.4582,8413600
2011-07-20,14.0950,14.0950,13.8850,13.9825,11.4398,9204000
2011-07-21,14.0125,14.1950,13.9950,14.0825,11.5216,7828000
2011-07-22,14.0725,14.1225,13.9700,14.0475,11.4929,8114000
2011-07-25,13.9450,13.9925,13.8225,13.8325,11.3170,8873600
2011-07-26,13.9025,14.0825,13.8300,14.0150,11.4663,8854400
2011-07-27,13.9425,13.9775,13.7100,13.7125,11.2189,7398800
2011-07-28,13.7275,13.9575,13.7275,13.8025,11.2925,6991600
2011-07-29,13.7050,14.0225,13.6400,13.8250,11.3109,10014400
2011-08-01,13.8850,13.9025,13.5325,13.6850,11.1963,10946400
2011-08-02,13.5950,13.7225,13.2775,13.2825,10.8670,14106000
2011-08-03,13.3225,13.4425,13.1700,13.4125,10.9734,12239600
2011-08-04,13.2450,13.3800,13.0325,13.0650,10.6891,21839200
2011-08-05,13.1525,13.3275,12.8950,13.1750,10.7791,22712800
2011-08-08,12.9375,13.0950,12.6075,12.6925,10.3843,25684000
2011-08-09,12.7000,13.3475,12.5325,13.3075,10.9284,29395600
2011-08-10,13.0775,13.1025,12.6525,12.6775,10.4110,25148400
2011-08-11,12.7675,13.4150,12.7300,13.2650,10.8935,18054400
2011-08-12,13.2775,13.5175,13.0525,13.4725,11.0639,16248800
2011-08-15,13.5550,13.5975,13.2200,13.4075,11.0105,19187600
2011-08-16,13.1500,13.9125,13.1000,13.7350,11.2795,20882800
2011-08-17,13.8350,13.9575,13.4875,13.6275,11.1912,12099600
2011-08-18,13.1000,13.3850,13.0575,13.2200,10.8565,18658000
2011-08-19,13.1400,13.3775,13.1075,13.2150,10.8524,19325200
2011-08-22,13.4475,13.4475,13.1975,13.2650,10.8935,15463600
2011-08-23,13.2875,13.7950,13.2000,13.7950,11.3287,15163600
2011-08-24,13.8075,13.9400,13.6200,13.9200,11.4314,13026000
2011-08-25,13.9450,14.1400,13.3925,13.4525,11.0475,20455200
2011-08-26,13.4325,13.7400,13.1125,13.6675,11.2240,20225200
2011-08-29,13.7750,13.8075,13.6225,13.8050,11.3370,11304400
2011-08-30,13.7825,13.8575,13.5725,13.7725,11.3103,16981200
2011-08-31,13.8575,14.0000,13.5750,13.6550,11.2138,15562000
2011-09-01,13.5425,13.6000,13.1550,13.2475,10.8791,28278800
2011-09-02,12.9975,13.2000,12.9925,13.0675,10.7313,14276800
2011-09-06,12.8300,13.0350,12.7575,13.0225,10.6944,11537200
2011-09-07,13.2050,13.2775,13.0400,13.2775,10.9038,11837200
2011-09-08,13.1775,13.3400,13.1725,13.2525,10.8832,14150400
2011-09-09,13.1450,13.2475,12.8550,12.9475,10.6328,18819600
2011-09-12,12.7750,13.1225,12.7350,13.1225,10.7765,13241600
2011-09-13,13.1125,13.2550,13.0250,13.1675,10.8134,15070000
2011-09-14,13.1950,13.4800,12.9475,13.3750,10.9838,22202000
2011-09-15,13.5375,13.9050,13.4475,13.8950,11.4109,21162800
2011-09-16,13.9700,14.3975,13.9525,14.3125,11.7537,25454800
2011-09-19,13.7500,14.3725,13.7500,14.3425,11.7784,17409600
2011-09-20,14.3525,14.9300,14.2275,14.5600,11.9570,27838400
2011-09-21,14.5075,14.5575,14.1150,14.1225,11.5977,15281200
2011-09-22,13.9075,14.2600,13.7200,13.8875,11.4047,22709600
2011-09-23,13.7825,14.2250,13.7825,14.1425,11.6141,12992400
2011-09-26,14.2125,14.4875,14.1600,14.4700,11.8831,11520800
2011-09-27,14.6550,14.6875,14.3575,14.4375,11.8564,11227200
2011-09-28,14.4425,14.6475,14.3825,14.3925,11.8194,11064400
2011-09-29,14.5800,14.5925,13.6525,13.9225,11.4334,16900400
2011-09-30,13.7875,14.2350,13.6000,13.8675,11.3883,16723200
2011-10-03,13.8000,13.9725,13.4925,13.5000,11.0865,12614400
2011-10-04,13.3850,13.8725,13.2200,13.8625,11.3842,11600000
2011-10-05,13.9125,14.1575,13.8475,14.0975,11.5772,12326800
2011-10-06,13.7025,13.9250,13.4450,13.9000,11.4150,18088000
2011-10-07,13.9425,14.2575,13.8950,13.9250,11.4355,11682400
2011-10-10,14.1250,14.4550,14.0675,14.4500,11.8666,6886400
2011-10-11,14.4150,14.5400,14.2500,14.5175,11.9221,9327200
2011-10-12,14.6100,14.6100,14.3325,14.4250,11.8461,10217600
2011-10-13,14.3275,14.6000,14.3000,14.3750,11.8051,8427200
2011-10-14,14.4800,14.4800,14.2700,14.4275,11.8482,8734000
2011-10-17,14.3900,14.5425,14.2625,14.2875,11.7332,6381200
2011-10-18,14.2600,14.4950,14.0925,14.3725,11.8030,10724400
2011-10-19,14.4775,14.6250,14.3800,14.4550,11.8707,11472000
2011-10-20,14.4525,14.6750,14.4225,14.6450,12.0268,12954800
2011-10-21,14.7625,14.9675,14.7400,14.9600,12.2855,12902000
2011-10-24,14.9225,15.0000,14.8550,14.9875,12.3081,11665200
2011-10-25,14.8750,14.9825,14.7475,14.7775,12.1356,10553600
2011-10-26,14.4825,14.7325,14.3500,14.6350,12.0186,19873200
2011-10-27,14.9675,15.3200,14.8275,15.2025,12.4846,19186400
2011-10-28,15.1750,15.3025,14.9525,15.0925,12.3943,12900000
2011-10-31,14.9875,15.1250,14.7225,14.7325,12.0986,16514800
2011-11-01,14.3875,15.0250,14.3000,14.8425,12.1890,16472000
2011-11-02,15.0350,15.0725,14.8375,15.0200,12.3347,13634400
2011-11-03,15.0875,15.3050,14.9750,15.2750,12.5442,12832800
2011-11-04,15.2000,15.2700,15.0475,15.1475,12.4394,7813600
2011-11-07,15.1175,15.2175,14.8900,15.1450,12.4374,7699600
2011-11-08,15.1750,15.2625,14.9150,15.2375,12.5527,6954400
2011-11-09,14.9425,15.0400,14.6725,14.7125,12.1202,11122800
2011-11-10,14.8350,15.0325,14.7650,14.9975,12.3550,10855200
2011-11-11,15.0800,15.3750,15.0025,15.3350,12.6330,11304800
2011-11-14,15.2300,15.4275,15.1150,15.1425,12.4745,10450800
2011-11-15,15.0675,15.3575,14.8675,15.2175,12.5362,13080000
2011-11-16,15.1275,15.3800,15.0775,15.1025,12.4415,13473200
2011-11-17,15.0375,15.1250,14.7125,14.7950,12.1882,10610000
2011-11-18,14.8200,14.9725,14.7625,14.8850,12.2623,13084000
2011-11-21,14.7225,14.8425,14.5225,14.7775,12.1738,9994000
2011-11-22,14.7500,14.8875,14.5875,14.7925,12.1861,15726000
2011-11-23,14.6900,14.8300,14.6525,14.7000,12.1099,14377600
2011-11-25,14.6625,14.8575,14.5900,14.6875,12.0996,7932000
2011-11-28,14.9300,15.0625,14.8950,14.9725,12.3344,12411200
2011-11-29,14.9825,15.1825,14.9825,15.1500,12.4806,9396000
2011-11-30,15.4200,15.5000,15.2100,15.4250,12.7072,15140000
2011-12-01,15.3650,15.7775,15.3625,15.6400,12.8843,14077200
2011-12-02,15.7750,15.7850,15.5575,15.5600,12.8184,12496400
2011-12-05,15.7375,15.8900,15.7000,15.8550,13.0614,12103200
2011-12-06,15.9225,15.9725,15.7525,15.8800,13.0820,10348000
2011-12-07,15.8500,15.9450,15.7200,15.7625,12.9852,13496000
2011-12-08,15.7300,15.8350,15.5625,15.5900,12.8431,12082000
2011-12-09,15.6725,15.8500,15.6225,15.8125,13.0264,7677200
2011-12-12,15.7000,15.7475,15.5500,15.7225,12.9523,7822800
2011-12-13,15.7625,15.9225,15.5650,15.6300,12.8761,10005200
2011-12-14,15.6225,15.7475,15.5050,15.5425,12.8040,6929200
2011-12-15,15.6900,15.7100,15.5000,15.5725,12.8287,7124400
2011-12-16,15.8250,15.8250,15.4800,15.5350,12.7978,12773600
2011-12-19,15.5900,15.6275,15.3350,15.3800,12.6701,10583600
2011-12-20,15.6250,15.8075,15.5500,15.7775,12.9976,8666400
2011-12-21,15.8075,15.9050,15.6550,15.8750,13.0779,7106000
2011-12-22,15.8675,16.1125,15.8525,16.0600,13.2303,10645200
2011-12-23,16.0875,16.3275,16.0475,16.3275,13.4507,7504400
2011-12-27,16.2700,16.3750,16.2525,16.3450,13.4651,4801200
2011-12-28,16.3000,16.3750,16.1800,16.2100,13.3539,5938800
2011-12-29,16.2575,16.3600,16.1925,16.3450,13.4651,5146000
2011-12-30,16.3125,16.3525,16.0950,16.1375,13.2941,6638400
2012-01-03,16.2875,16.3075,15.9100,15.9275,13.1212,8430800
2012-01-04,15.8575,16.1325,15.8575,16.1075,13.2694,10227200
2012-01-05,15.9725,16.6375,15.9525,16.5775,13.6566,17252400
2012-01-06,16.5475,16.7375,16.5075,16.6150,13.6875,10441600
2012-01-09,16.3675,16.4575,16.2350,16.4250,13.5310,12034000
2012-01-10,16.5350,16.5525,16.2625,16.3900,13.5022,10311200
2012-01-11,16.3750,16.4225,16.2950,16.3850,13.4980,10040400
2012-01-12,16.4125,16.4325,16.2975,16.3275,13.4507,13502000
2012-01-13,16.2775,16.4150,16.2500,16.2875,13.4177,12970000
2012-01-17,16.4200,16.6050,16.3050,16.4950,13.5887,10374000
2012-01-18,16.5300,16.7525,16.4975,16.7125,13.7678,9757600
2012-01-19,16.7150,16.7750,16.6300,16.7300,13.7823,10810000
2012-01-20,16.7675,16.8725,16.6050,16.6450,13.7122,10376400
2012-01-23,16.6300,16.6975,16.5400,16.6475,13.7143,7386400
2012-01-24,16.5900,16.8325,16.5650,16.8150,13.8523,5744800
2012-01-25,16.7875,17.0175,16.7125,16.9900,13.9964,8426800
2012-01-26,16.9925,17.1100,16.9025,16.9875,13.9944,9857600
2012-01-27,16.8575,17.0150,16.8300,16.8425,13.8749,8134400
2012-01-30,16.9625,16.9850,16.7025,16.8625,13.8914,4927600
2012-01-31,16.9075,17.0450,16.8150,17.0350,14.0335,8749200
2012-02-01,17.0700,17.2525,17.0525,17.0725,14.0644,10155200
2012-02-02,17.1225,17.2350,16.9925,17.0300,14.0294,25688000
2012-02-03,17.2750,17.3400,17.1400,17.2650,14.2230,6499200
2012-02-06,17.1750,17.2950,17.1250,17.1600,14.1365,7665200
2012-02-07,17.0700,17.3400,17.0300,17.3000,14.2914,8480200
2012-02-08,17.3350,17.4700,17.0850,17.2100,14.2170,9994400
2012-02-09,17.2500,17.3000,17.1600,17.2850,14.2790,5436800
2012-02-10,17.1250,17.1800,17.0300,17.1800,14.1923,4436000
2012-02-13,17.2200,17.2900,17.0550,17.2050,14.2129,4757200
2012-02-14,17.1050,17.2500,17.1050,17.2450,14.2459,4610000
2012-02-15,17.3250,17.3550,16.9950,17.0200,14.0601,7227200
2012-02-16,17.0650,17.2250,17.0550,17.1150,14.1386,7204000
2012-02-17,17.1800,17.5150,17.1600,17.4350,14.4029,9463200
2012-02-21,17.4800,17.6500,17.4250,17.6100,14.5475,10891400
2012-02-22,17.7000,17.7750,17.2500,17.5650,14.5103,15113600
2012-02-23,17.6000,18.1650,17.5250,17.9650,14.8407,14185600
2012-02-24,17.9550,18.0500,17.8750,17.9850,14.8573,7294000
2012-02-27,17.9250,18.4400,17.9100,18.3700,15.1753,9363000
2012-02-28,18.3750,18.5000,18.3250,18.4800,15.2662,9614800
2012-02-29,18.4700,18.5350,18.3000,18.3050,15.1216,10739000
2012-03-01,18.4600,18.5750,18.2500,18.5450,15.3199,10355000
2012-03-02,18.5500,18.6000,18.4750,18.5400,15.3157,6892800
2012-03-05,18.4700,18.7600,18.4600,18.7000,15.4479,8950400
2012-03-06,18.5550,18.7050,18.3400,18.4050,15.2042,8159200
2012-03-07,18.4850,18.6100,18.3600,18.5800,15.3488,6154600
2012-03-08,18.6950,18.9400,18.5950,18.8700,15.5883,9417200
2012-03-09,18.9100,19.2200,18.9000,19.0600,15.7453,8802800
2012-03-12,19.0950,19.1650,18.9850,19.0350,15.7246,5361600
2012-03-13,19.1450,19.1600,18.9100,19.0250,15.7164,10427000
2012-03-14,19.0600,19.1650,18.9900,19.0450,15.7329,7170600
2012-03-15,19.0400,19.1450,18.8550,19.0950,15.7742,10459400
2012-03-16,19.0900,19.1200,18.9000,18.9550,15.6586,8981400
2012-03-19,18.9500,19.0700,18.8250,19.0500,15.7370,7327200
2012-03-20,18.9850,19.2500,18.8900,19.2350,15.8899,9681600
2012-03-21,19.2550,19.5100,19.2100,19.4550,16.0716,6130600
2012-03-22,19.3050,19.4900,19.2800,19.4500,16.0675,7970800
2012-03-23,19.4300,19.4450,19.1050,19.3150,15.9560,7165800
2012-03-26,19.5250,19.7050,19.4950,19.6800,16.2575,7097400
2012-03-27,19.7400,19.8300,19.7000,19.7650,16.3277,6089800
2012-03-28,19.7050,19.8000,19.5300,19.7400,16.3070,6774800
2012-03-29,19.5750,19.6600,19.4750,19.6100,16.1997,5104200
2012-03-30,19.6850,19.8650,19.5750,19.8550,16.4020,10438600
2012-04-02,19.8450,19.9950,19.7900,19.9350,16.4681,8902800
2012-04-03,19.8950,19.9400,19.7000,19.8050,16.3607,8709000
2012-04-04,19.6950,19.8650,19.5850,19.6800,16.2575,6471200
2012-04-05,19.9750,20.3100,19.7100,20.1450,16.6416,16333200
2012-04-09,19.9250,20.1050,19.8150,20.0050,16.5260,8988400
2012-04-10,19.9500,19.9500,19.2800,19.3350,15.9725,15151200
2012-04-11,19.4700,19.8450,19.4700,19.7900,16.3484,8839200
2012-04-12,19.8200,19.9650,19.6900,19.8800,16.4227,6302600
2012-04-13,19.8500,20.0100,19.7950,19.9100,16.4475,6295000
2012-04-16,20.0000,20.1700,19.7900,20.0950,16.6003,10295000
2012-04-17,20.1600,20.7100,20.1250,20.6750,17.0794,18790600
2012-04-18,20.5900,20.7900,20.4550,20.6900,17.0918,13358400
2012-04-19,20.6550,20.7400,20.4300,20.5450,16.9720,8948200
2012-04-20,20.5350,20.7000,20.5000,20.5100,16.9431,7745800
2012-04-23,20.4100,20.4450,20.0600,20.2200,16.7036,9079800
2012-04-24,20.2800,20.4150,19.9600,20.1250,16.6251,8311800
2012-04-25,20.3100,20.6100,20.2350,20.6100,17.0257,6504800
2012-04-26,20.6100,20.9900,20.5000,20.8850,17.2529,9353000
2012-04-27,20.9800,21.2800,20.7850,21.2300,17.5379,9176800
2012-04-30,21.2400,21.2750,20.8250,20.8550,17.2281,8497000
2012-05-01,21.0700,21.1500,20.8050,21.0250,17.3686,7996200
2012-05-02,20.9550,21.3100,20.9050,21.2650,17.5668,8498600
2012-05-03,21.3350,21.3800,21.0950,21.2250,17.5338,9807000
2012-05-04,21.0800,21.2350,20.7450,20.8700,17.2405,8334200
2012-05-07,20.9200,21.2800,20.7250,20.7450,17.1373,11571200
2012-05-08,20.5900,20.7550,20.2550,20.6450,17.1021,12953600
2012-05-09,20.4600,20.8600,20.3850,20.6350,17.0938,7105600
2012-05-10,20.8300,20.9650,20.6300,20.8950,17.3092,8023200
2012-05-11,20.7700,20.8850,20.5900,20.6250,17.0855,6653200
2012-05-14,20.4750,20.6500,19.7400,19.8500,16.4435,19660000
2012-05-15,19.9250,21.3500,19.8750,21.2250,17.5825,31724800
2012-05-16,21.1700,21.4050,20.9150,21.2150,17.5742,12045600
2012-05-17,21.1900,21.2700,20.4700,20.4700,16.9571,12889800
2012-05-18,20.4250,20.4350,19.9600,20.0300,16.5926,18667800
2012-05-21,19.8400,20.1800,19.7300,20.1650,16.7044,13016200
2012-05-22,20.4500,20.4850,20.1150,20.2850,16.8038,9340000
2012-05-23,20.2000,20.3800,20.0600,20.3350,16.8453,10630200
2012-05-24,20.5300,20.7450,20.3100,20.4500,16.9405,8769600
2012-05-25,20.4950,20.6100,20.3900,20.4350,16.9281,5332400
2012-05-29,20.5750,20.8200,20.5450,20.8000,17.2305,9040800
2012-05-30,20.6950,20.7800,20.5200,20.6650,17.1186,10689600
2012-05-31,20.8900,21.3650,20.7950,21.2300,17.5867,21394800
2012-06-01,20.9850,21.2400,20.4000,20.4500,16.9405,15901600
2012-06-04,20.4950,20.6400,20.3250,20.5650,17.0358,10370800
2012-06-05,20.4650,20.6400,20.3350,20.5550,17.0275,8573600
2012-06-06,20.7150,21.1100,20.6100,21.1100,17.4873,12568600
2012-06-07,21.2400,21.2500,20.7500,20.7800,17.2139,11998200
2012-06-08,20.7600,20.8300,20.6450,20.7300,17.1725,13609400
2012-06-11,20.9050,20.9200,20.5750,20.6250,17.0855,11441400
2012-06-12,20.6400,20.8750,20.4900,20.8500,17.2719,10070000
2012-06-13,20.9100,20.9100,20.5800,20.7050,17.1518,11214400
2012-06-14,20.7500,21.1100,20.6900,21.0300,17.4210,11008200
2012-06-15,21.1400,21.3250,21.1000,21.2300,17.5867,14822600
2012-06-18,21.2400,21.5650,21.1300,21.5200,17.8269,13763400
2012-06-19,21.6200,21.8750,21.5900,21.7400,18.0091,13477800
2012-06-20,21.8100,21.8450,21.3300,21.5550,17.8559,11186800
2012-06-21,21.7800,21.8900,21.1450,21.2050,17.5660,13588000
2012-06-22,21.3150,21.6650,21.2250,21.6000,17.8932,13856000
2012-06-25,21.4450,21.5050,21.2050,21.2200,17.5784,10696000
2012-06-26,21.3550,21.6550,21.2700,21.5450,17.8476,9381600
2012-06-27,21.5650,21.6000,21.0000,21.1250,17.4997,11152200
2012-06-28,20.9800,20.9850,20.5100,20.8000,17.2305,13022000
2012-06-29,21.0250,21.4650,21.0050,21.4650,17.7813,12258600
2012-07-02,21.5250,21.7500,21.4650,21.6100,17.9015,9862400
2012-07-03,21.6900,21.7000,21.0700,21.2500,17.6032,8159400
2012-07-05,21.7050,22.3150,21.6850,22.0450,18.2618,16499000
2012-07-06,21.8850,22.2550,21.8850,22.2150,18.4026,8960800
2012-07-09,22.1600,22.4900,22.1550,22.3200,18.4896,8526800
2012-07-10,22.4450,22.4900,21.9150,22.0000,18.2245,9037000
2012-07-11,22.0000,22.0450,21.6500,21.8050,18.0630,9226600
2012-07-12,21.6600,22.1350,21.5650,22.0350,18.2535,9259200
2012-07-13,22.0500,22.4650,21.9750,22.3950,18.5517,6232800
2012-07-16,22.2800,22.5550,22.2000,22.3650,18.5269,6661800
2012-07-17,22.4800,22.6950,22.4400,22.5350,18.6677,7074400
2012-07-18,22.4550,22.6100,22.3850,22.4850,18.6263,8716400
2012-07-19,22.5450,22.6200,22.2750,22.4900,18.6304,7279400
2012-07-20,22.4500,22.4500,22.0550,22.1550,18.3529,8644000
2012-07-23,21.9150,22.1500,21.7700,22.1050,18.3115,6367400
2012-07-24,22.0900,22.1950,21.7950,22.0050,18.2287,6776400
2012-07-25,22.0800,22.2650,21.9250,22.1400,18.3405,6465200
2012-07-26,22.2300,22.3050,21.8450,22.1000,18.3074,9709600
2012-07-27,22.2500,22.4800,22.0700,22.3500,18.5145,9404400
2012-07-30,22.3850,22.6500,22.3350,22.4500,18.5973,7745200
2012-07-31,22.3500,22.5200,22.0650,22.1400,18.3405,9998400
2012-08-01,22.2050,22.2400,21.9350,21.9350,18.1707,7425400
2012-08-02,22.0550,22.6150,21.8250,22.5050,18.6429,13991800
2012-08-03,22.7050,22.7500,22.5050,22.5550,18.6843,9561200
2012-08-06,22.6300,22.7200,22.5000,22.6250,18.7423,7263400
2012-08-07,22.5850,22.7300,22.4300,22.5700,18.7443,8855400
2012-08-08,22.5100,22.6000,22.4550,22.5500,18.7277,10388800
2012-08-09,22.5550,22.6250,22.3950,22.5000,18.6862,9496400
2012-08-10,22.4600,22.5200,22.0500,22.2300,18.4620,7859600
2012-08-13,22.1900,22.3500,22.0400,22.1200,18.3706,13619200
2012-08-14,22.3900,22.5600,21.8550,22.5150,18.6987,14775600
2012-08-15,22.5000,22.7200,22.3100,22.5100,18.6945,8082800
2012-08-16,22.4900,22.6050,22.2250,22.5950,18.7651,11653200
2012-08-17,22.7350,23.0000,22.7350,22.9550,19.0641,12026400
2012-08-20,23.0250,23.0250,22.8200,22.9200,19.0350,9201400
2012-08-21,22.9150,23.0300,22.8300,22.8900,19.0101,6828000
2012-08-22,22.8750,23.0850,22.8350,23.0450,19.1388,6783800
2012-08-23,23.0250,23.0300,22.7350,22.7900,18.9271,6149800
2012-08-24,22.6900,22.9900,22.6550,22.9350,19.0475,6328800
2012-08-27,22.9700,23.0250,22.8000,22.8400,18.9686,6276800
2012-08-28,22.8700,23.0500,22.8300,22.8950,19.0143,8413800
2012-08-29,22.8950,23.3350,22.8850,23.3200,19.3672,11564200
2012-08-30,23.1100,23.2200,22.8000,22.8000,18.9354,9308600
2012-08-31,22.9650,22.9950,22.8000,22.8950,19.0143,8097800
2012-09-04,22.9100,23.1250,22.7000,23.0800,19.1679,7589400
2012-09-05,23.0750,23.0750,22.7750,22.8150,18.9478,9598000
2012-09-06,22.9800,23.2200,22.8450,23.1400,19.2177,10035200
2012-09-07,23.1000,23.1900,22.8000,22.9250,19.0392,8061000
2012-09-10,22.7400,23.0800,22.7300,22.9200,19.0350,8114600
2012-09-11,22.9050,23.0100,22.7100,22.7750,18.9146,7664200
2012-09-12,22.8050,23.0000,22.7250,22.7950,18.9312,10529000
2012-09-13,22.8800,23.2900,22.7200,23.2800,19.3340,8842000
2012-09-14,23.2450,23.2900,22.9600,23.2300,19.2925,11662200
2012-09-17,22.9500,23.0800,22.7750,22.9900,19.0931,7856800
2012-09-18,22.8900,22.9400,22.5800,22.6700,18.8274,12666000
2012-09-19,22.6750,22.7150,22.4150,22.6450,18.8066,9959800
2012-09-20,22.5050,22.6550,22.2700,22.5850,18.7568,13844200
2012-09-21,22.5850,22.6550,22.2750,22.2750,18.4994,14829600
2012-09-24,22.2100,22.2550,22.0600,22.1550,18.3997,10281400
2012-09-25,22.2500,22.4650,22.0100,22.0300,18.2959,13045400
2012-09-26,22.0350,22.4400,22.0350,22.3000,18.5201,13431400
2012-09-27,22.3000,22.5900,22.2300,22.5250,18.7070,9393000
2012-09-28,22.0900,22.5100,21.9750,22.3950,18.5990,13302000
2012-10-01,22.4250,22.7850,22.4200,22.7050,18.8565,8597000
2012-10-02,22.8200,22.8450,22.4050,22.5850,18.7568,7988200
2012-10-03,22.6750,22.8000,22.5050,22.6050,18.7734,9019200
2012-10-04,22.6550,22.9850,22.6500,22.7500,18.8938,10204600
2012-10-05,22.8900,22.9850,22.6050,22.7000,18.8523,7792600
2012-10-08,22.6650,22.7750,22.5700,22.6350,18.7983,4010800
2012-10-09,22.6250,22.7500,22.3200,22.3300,18.5450,6738200
2012-10-10,22.3550,22.5500,22.2700,22.3800,18.5865,7495400
2012-10-11,22.4850,22.5400,21.9400,21.9400,18.2211,9367400
2012-10-12,21.9750,22.0200,21.3000,21.4150,17.7851,15106400
2012-10-15,21.4500,21.7050,21.3100,21.6800,18.0052,10392200
2012-10-16,21.7500,21.7800,21.4800,21.5500,17.8972,10255200
2012-10-17,21.6000,21.7100,21.3750,21.5250,17.8765,11430800
2012-10-18,21.5250,21.6400,21.4100,21.6150,17.9512,10281200
2012-10-19,21.6100,21.6500,21.2500,21.2750,17.6689,8786000
2012-10-22,21.1850,21.3050,20.7100,20.9250,17.3782,10729200
2012-10-23,20.7050,21.3400,20.6650,21.2900,17.6813,14611400
2012-10-24,21.4350,21.4800,20.9950,20.9950,17.4363,11785800
2012-10-25,21.0950,21.1800,20.5950,20.6750,17.1705,15501200
2012-10-26,20.7100,20.7500,20.1900,20.3650,16.9131,20779400
2012-10-31,20.3350,20.8650,20.3150,20.8150,17.2868,12948000
2012-11-01,21.4900,21.6050,21.0450,21.1500,17.5650,20600000
2012-11-02,21.3350,21.4450,20.7050,20.7600,17.2411,13838800
2012-11-05,20.6950,21.0750,20.6250,20.9950,17.4363,8799800
2012-11-06,21.0100,21.0500,20.7300,20.7800,17.3052,9014000
2012-11-07,20.6700,20.8050,20.4600,20.5100,17.0803,9093800
2012-11-08,20.5100,20.5800,20.1550,20.1800,16.8055,8520000
2012-11-09,20.1100,20.5050,20.0400,20.3650,16.9595,10050800
2012-11-12,20.3950,20.6300,20.2650,20.4850,17.0595,12034800
2012-11-13,20.7650,21.3250,20.3850,21.0300,17.5133,27324000
2012-11-14,21.0300,21.1650,20.8750,21.0450,17.5258,18100000
2012-11-15,20.9900,21.1000,20.6650,21.0000,17.4884,17271600
2012-11-16,20.9250,21.2850,20.8000,21.2250,17.6757,18970000
2012-11-19,21.3200,22.0450,21.3200,22.0400,18.3544,18067200
2012-11-20,22.0400,22.0800,21.5800,21.7700,18.1296,11587600
2012-11-21,21.8400,21.9550,21.6100,21.7300,18.0963,7770400
2012-11-23,21.8800,21.9550,21.6150,21.9550,18.2837,3665000
2012-11-26,21.9050,21.9500,21.5250,21.7550,18.1171,9854200
2012-11-27,21.7100,21.8000,21.5150,21.5450,17.9422,8186600
2012-11-28,21.5300,22.0600,21.4200,22.0200,18.3378,11318200
2012-11-29,21.9050,22.1650,21.7300,22.0600,18.3711,11032400
2012-11-30,22.0150,22.2650,21.9650,22.1700,18.4627,11538600
2012-12-03,22.2750,22.2750,22.0050,22.0250,18.3420,8486400
2012-12-04,22.0550,22.0950,21.6750,21.6750,18.0505,10151400
2012-12-05,21.7850,21.8450,21.4250,21.6650,18.0422,9150800
2012-12-06,21.6350,21.9200,21.5050,21.7700,18.1296,6577400
2012-12-07,21.5400,21.9200,21.5400,21.7250,18.0921,5835400
2012-12-10,21.7250,21.7650,21.4650,21.5400,17.9381,6916200
2012-12-11,21.6100,21.7350,21.2300,21.3250,17.7590,10681400
2012-12-12,21.3750,21.4600,21.0300,21.2850,17.7257,12951800
2012-12-13,21.2500,21.3600,21.1300,21.2550,17.7007,8328000
2012-12-14,21.1900,21.3400,21.1500,21.3050,17.7424,7932800
2012-12-17,21.3200,21.8200,21.2500,21.8100,18.1629,10005000
2012-12-18,21.8050,21.9350,21.6800,21.8400,18.1879,10166000
2012-12-19,21.8150,21.9050,21.6250,21.6250,18.0088,8197600
2012-12-20,21.6600,21.7500,21.0200,21.1750,17.6341,13544800
2012-12-21,20.9650,21.1000,20.8900,20.9750,17.4675,12766800
2012-12-24,20.8750,21.2400,20.8750,21.1050,17.5758,4547200
2012-12-26,21.1000,21.1000,20.5800,20.6150,17.1677,9024600
2012-12-27,20.6150,20.8200,20.4900,20.7650,17.2927,9943600
2012-12-28,20.6950,21.0350,20.6500,20.8100,17.3301,8142600
2012-12-31,20.7400,21.2600,20.7200,21.2250,17.6757,10288400
2013-01-02,21.4500,21.5850,21.1800,21.5850,17.9755,14733200
2013-01-03,22.1750,22.4650,22.0550,22.2900,18.5626,16590600
2013-01-04,22.2950,22.4750,22.2000,22.2800,18.5543,11342800
2013-01-07,22.2250,22.3300,22.0400,22.1300,18.4294,9290200
2013-01-08,22.0500,22.2400,21.7500,21.7500,18.1129,11269400
2013-01-09,21.7450,21.9750,21.7000,21.8350,18.1837,5765600
2013-01-10,21.8700,21.9050,21.6600,21.8650,18.2087,6351600
2013-01-11,21.8600,22.0250,21.8100,21.9800,18.3045,7189200
2013-01-14,21.9200,22.0200,21.7650,21.9650,18.2920,5149600
2013-01-15,21.9300,22.2350,21.8400,22.1750,18.4669,6648600
2013-01-16,22.0700,22.2200,21.9550,22.1600,18.4544,4881600
2013-01-17,22.2000,22.3850,22.1100,22.3050,18.5751,6635600
2013-01-18,22.3550,22.4200,22.1450,22.3750,18.6334,7166400
2013-01-22,22.3150,22.4750,22.2600,22.3350,18.6001,8825000
2013-01-23,22.2800,22.3350,22.1100,22.2100,18.4960,7834400
2013-01-24,22.2400,22.5800,22.2400,22.4350,18.6834,7058800
2013-01-25,22.4650,22.6450,22.3800,22.5600,18.7875,6438600
2013-01-28,22.5800,22.6450,22.4150,22.4700,18.7125,5235200
2013-01-29,22.4800,22.6500,22.3850,22.6250,18.8416,6854600
2013-01-30,22.6950,22.8200,22.5450,22.7600,18.9540,9626600
2013-01-31,22.7650,22.7850,22.5850,22.5900,18.8125,9781800
2013-02-01,22.7550,22.7650,22.5450,22.6500,18.8624,5917800
2013-02-04,22.5900,22.7600,22.5650,22.6200,18.8375,8365800
2013-02-05,22.7150,22.8750,22.6500,22.8150,18.9999,7947400
2013-02-06,22.7300,22.8750,22.6300,22.7250,18.9249,7041400
2013-02-07,22.6500,22.7500,22.4200,22.6950,18.8999,8875400
2013-02-08,22.7500,22.9100,22.7250,22.8400,19.0207,7577200
2013-02-11,22.8100,22.8450,22.6650,22.7000,18.9041,5023200
2013-02-12,22.6850,22.7300,22.5450,22.6000,18.8686,6579000
2013-02-13,22.6900,22.8300,22.4850,22.5050,18.7893,5489600
2013-02-14,22.4650,22.6750,22.4600,22.6050,18.8728,11744400
2013-02-15,22.6050,22.6650,22.1950,22.5050,18.7893,13697800
2013-02-19,22.5700,22.6250,22.3000,22.5750,18.8477,8125400
2013-02-20,22.5450,22.5700,22.1450,22.1500,18.4929,10355000
2013-02-21,22.0650,22.3200,22.0200,22.1050,18.4553,7175200
2013-02-22,22.1300,22.1850,21.9000,22.1100,18.4595,9401200
2013-02-25,22.2050,22.2650,21.7850,21.7900,18.1923,10231600
2013-02-26,21.8250,21.9650,21.7800,21.8350,18.2299,11641000
2013-02-27,21.8300,22.4300,21.7150,22.3750,18.6807,12053600
2013-02-28,22.4150,22.7150,22.4100,22.4850,18.7726,15172000
2013-03-01,22.4450,22.6000,22.3750,22.4900,18.7768,13585600
2013-03-04,22.5100,22.7200,22.4550,22.6000,18.8686,7334600
2013-03-05,22.6450,22.6900,22.5050,22.5900,18.8602,10365600
2013-03-06,22.5950,22.7000,22.4350,22.4700,18.7601,7929400
2013-03-07,22.5600,22.6250,22.2750,22.3100,18.6265,8696600
2013-03-08,22.3850,22.4950,22.2700,22.4550,18.7475,6584600
2013-03-11,22.4400,22.5000,22.3750,22.3950,18.6974,5544600
2013-03-12,22.3900,22.4700,22.2650,22.2950,18.6140,8581200
2013-03-13,22.3150,22.5500,22.2900,22.5100,18.7935,7389200
2013-03-14,22.5300,22.7350,22.5200,22.6000,18.8686,5616200
2013-03-15,22.4950,22.6250,22.4500,22.4600,18.7517,9742400
2013-03-18,22.2750,22.6350,22.2500,22.4750,18.7642,10543400
2013-03-19,22.5050,22.5750,22.3450,22.5500,18.8269,13082200
2013-03-20,22.6650,22.7650,22.5300,22.6950,18.9479,12163200
2013-03-21,22.5700,22.9050,22.5050,22.8050,19.0398,11407400
2013-03-22,22.8300,23.4250,22.8300,23.3100,19.4614,13360400
2013-03-25,23.3800,23.6850,23.3350,23.5600,19.6701,16562000
2013-03-26,23.6050,23.6200,23.2650,23.5100,19.6284,13303600
2013-03-27,23.4450,23.5800,23.3650,23.4450,19.5741,7534000
2013-03-28,23.3850,23.4950,23.2800,23.3750,19.5156,9276800
2013-04-01,23.4250,23.6250,23.3500,23.4500,19.5783,6603600
2013-04-02,23.6100,23.7200,23.4650,23.6850,19.7745,7496800
2013-04-03,23.6800,23.7900,23.4900,23.5450,19.6576,8054200
2013-04-04,23.5300,23.7050,23.5200,23.6950,19.7828,4882800
2013-04-05,23.4500,23.5950,23.3000,23.5700,19.6784,8004000
2013-04-08,23.4750,23.7300,23.4650,23.7250,19.8078,7851600
2013-04-09,23.7500,24.1000,23.4050,23.8300,19.8955,17321400
2013-04-10,23.8350,23.9700,23.6800,23.7550,19.8329,7221400
2013-04-11,23.6850,24.4150,23.6850,24.3700,20.3464,16097000
2013-04-12,24.3050,24.3550,24.1950,24.2900,20.2796,8667400
2013-04-15,24.1600,24.3800,23.7600,23.7750,19.8496,7764200
2013-04-16,23.9250,23.9250,23.6850,23.8600,19.9206,6559000
2013-04-17,23.7900,23.8250,23.5400,23.6550,19.7494,8002000
2013-04-18,23.6700,23.7450,23.3100,23.3500,19.4948,6702200
2013-04-19,23.4550,23.6100,23.3250,23.5000,19.6200,6021000
2013-04-22,23.5800,23.6750,23.3950,23.5700,19.6784,5703000
2013-04-23,23.7300,23.8750,23.3800,23.5800,19.6868,7481400
2013-04-24,23.6400,23.9050,23.6350,23.7100,19.7953,4794800
2013-04-25,23.7850,24.2650,23.7350,24.1450,20.1585,5894800
2013-04-26,24.1450,24.2650,24.1050,24.2000,20.2044,3801000
2013-04-29,24.2300,24.4850,24.2000,24.4200,20.3881,5997600
2013-04-30,24.3400,24.4200,24.1500,24.3850,20.3589,8068200
2013-05-01,24.3950,24.4500,24.1500,24.1800,20.1877,4333600
2013-05-02,24.1600,24.4350,24.0550,24.4350,20.4006,3911800
2013-05-03,24.5200,24.8550,24.4600,24.7750,20.6845,5978800
2013-05-06,24.7550,24.8450,24.5500,24.6450,20.5760,4955400
2013-05-07,24.6500,25.0150,24.5700,25.0150,20.8849,6710600
2013-05-08,24.9750,25.3050,24.9050,25.2000,21.0393,7221000
2013-05-09,25.2500,25.6100,25.1950,25.3450,21.1604,8880200
2013-05-10,25.3900,25.5400,25.3550,25.4800,21.2731,6447000
2013-05-13,25.4800,25.5500,25.2500,25.3250,21.1437,5410000
2013-05-14,25.2900,25.7950,25.2900,25.7250,21.5393,8064800
2013-05-15,25.7100,25.9200,25.6050,25.8100,21.6105,6307800
2013-05-16,25.7350,25.7900,25.2950,25.3800,21.2504,6128800
2013-05-17,25.3100,25.6850,25.3000,25.6650,21.4891,6450400
2013-05-20,25.6400,25.8400,25.4200,25.6750,21.4974,5560800
2013-05-21,25.4350,25.9150,25.2150,25.8600,21.6523,6674400
2013-05-22,25.8250,25.8950,25.0050,25.1150,21.0286,10638800
2013-05-23,24.9800,25.2350,24.8050,25.1500,21.0579,7520400
2013-05-24,25.0600,25.5200,24.9100,25.4250,21.2881,6977800
2013-05-28,25.6400,25.6600,25.2100,25.3450,21.2211,7469800
2013-05-29,25.2500,25.2500,24.8750,24.9950,20.9281,5604600
2013-05-30,25.0700,25.2250,24.9850,25.0250,20.9532,5210800
2013-05-31,24.9250,25.3700,24.9250,25.3050,21.1876,12257200
2013-06-03,25.2750,25.2950,24.8500,25.1750,21.0788,10164400
2013-06-04,25.2150,25.4150,25.0000,25.2550,21.1458,7256400
2013-06-05,25.1850,25.3500,24.9550,25.0050,20.9365,6694200
2013-06-06,24.9650,25.0500,24.7300,24.9600,20.8988,8832200
2013-06-07,25.0950,25.2850,24.9750,25.2250,21.1207,7582600
2013-06-10,25.2950,25.4000,25.0900,25.1500,21.0579,5075400
2013-06-11,25.0000,25.1200,24.8750,24.9450,20.8862,6647800
2013-06-12,25.0100,25.1650,24.9600,24.9900,20.9239,7013000
2013-06-13,25.0250,25.6250,24.9150,25.5900,21.4263,8253800
2013-06-14,25.5650,25.5850,25.1250,25.2100,21.1081,5924600
2013-06-17,25.2950,25.3250,24.7650,24.8850,20.8360,9957800
2013-06-18,24.8800,25.3050,24.8150,25.2650,21.1542,7597600
2013-06-19,25.3450,25.4300,24.9200,24.9200,20.8653,5763800
2013-06-20,24.7700,24.8600,24.4550,24.4850,20.5011,6374400
2013-06-21,24.7050,24.8400,24.4650,24.7450,20.7188,9154000
2013-06-24,24.6100,24.6750,24.3550,24.4250,20.4508,6739200
2013-06-25,24.5400,24.7750,24.3850,24.6250,20.6183,7891000
2013-06-26,24.8350,24.9500,24.6850,24.7650,20.7355,4773600
2013-06-27,24.8800,25.2350,24.8650,25.0600,20.9825,5871200
2013-06-28,25.0350,25.2650,24.9450,25.0300,20.9574,10460000
2013-07-01,25.2000,25.4650,25.1800,25.2350,21.1290,5110200
2013-07-02,25.2300,25.3650,25.0150,25.1200,21.0327,5771400
2013-07-03,24.9700,25.2000,24.8550,25.1450,21.0537,2552600
2013-07-05,25.2950,25.5350,25.1550,25.4600,21.3174,3471000
2013-07-08,25.5750,25.8100,25.4650,25.7050,21.5226,6341200
2013-07-09,25.8250,25.8600,25.5100,25.6300,21.4598,7308200
2013-07-10,25.5900,25.8950,25.5800,25.8850,21.6733,7555800
2013-07-11,26.0250,26.1750,25.9750,26.1200,21.8700,6047000
2013-07-12,26.1200,26.3000,26.0550,26.1550,21.8993,6408600
2013-07-15,26.1350,26.2300,26.0050,26.0950,21.8491,6273800
2013-07-16,26.0550,26.3200,26.0300,26.1300,21.8784,5687800
2013-07-17,26.2000,26.3500,26.1200,26.2150,21.9496,5790200
2013-07-18,26.2150,26.4800,26.1150,26.2050,21.9412,5638800
2013-07-19,26.2400,26.2400,26.0650,26.2000,21.9370,4855200
2013-07-22,26.0300,26.1500,25.8400,26.0800,21.8365,5550000
2013-07-23,26.1250,26.1250,25.9450,25.9700,21.7444,3727400
2013-07-24,25.9900,26.0050,25.6800,25.8000,21.6021,5713000
2013-07-25,25.7000,25.9050,25.6150,25.8850,21.6733,5578600
2013-07-26,25.7600,25.8450,25.5850,25.8250,21.6230,4100800
2013-07-29,25.7600,25.9400,25.6800,25.9000,21.6858,3232400
2013-07-30,25.9850,26.1800,25.9300,26.0450,21.8072,4439800
2013-07-31,26.0400,26.2250,25.9800,26.0200,21.7863,5454200
2013-08-01,26.1750,26.7600,26.1300,26.7400,22.3892,6004200
2013-08-02,26.6250,27.0400,26.5350,26.9650,22.5775,7154600
2013-08-05,26.8800,27.1450,26.8350,27.1250,22.7115,6034600
2013-08-06,27.0250,27.0250,26.6750,26.8800,22.5064,7302200
2013-08-07,26.7800,26.7900,26.3750,26.4450,22.1422,6075800
2013-08-08,26.5500,26.6350,26.3450,26.3950,22.1003,4221800
2013-08-09,26.3300,26.3850,26.1350,26.2000,21.9370,4887200
2013-08-12,26.0800,26.2700,26.0250,26.2000,21.9370,6019400
2013-08-13,26.1200,26.3700,26.0750,26.3400,22.1154,4699800
2013-08-14,26.2300,26.2550,25.8700,25.9850,21.8174,5511800
2013-08-15,25.7800,25.7800,25.2900,25.3850,21.3136,6291200
2013-08-16,25.3250,25.6350,25.2300,25.2400,21.1919,8802000
2013-08-19,25.2050,25.4950,25.1550,25.3750,21.3052,8611400
2013-08-20,26.5000,27.2050,26.3100,27.1200,22.7703,16202000
2013-08-21,27.0000,27.2450,26.7950,27.0600,22.7200,10059000
2013-08-22,27.0600,27.1900,26.8950,27.0800,22.7368,5764000
2013-08-23,27.1200,27.2500,27.0000,27.2200,22.8543,5655000
2013-08-26,27.2050,27.3300,26.9800,27.0150,22.6822,4278800
2013-08-27,26.7750,26.8450,26.4500,26.4750,22.2288,6029000
2013-08-28,26.5300,26.6000,26.3900,26.4000,22.1658,4406600
2013-08-29,26.3500,26.6450,26.2650,26.5000,22.2498,4729000
2013-08-30,26.5500,26.5750,26.2750,26.3600,22.1322,4990400
2013-09-03,26.5950,26.8950,26.4950,26.5650,22.3044,4613800
2013-09-04,26.6100,27.0850,26.5550,26.9350,22.6150,5649400
2013-09-05,26.9650,27.2200,26.9350,27.0600,22.7200,5113400
2013-09-06,27.0850,27.1900,26.7000,26.9600,22.6360,5985200
2013-09-09,26.8100,26.9850,26.8050,26.9750,22.6486,5131000
2013-09-10,26.9800,26.9950,26.8250,26.9600,22.6360,6640400
2013-09-11,26.9950,27.4200,26.9750,27.2850,22.9089,6111200
2013-09-12,27.2450,27.2700,26.9850,27.0400,22.7032,5391600
2013-09-13,27.0900,27.1100,26.8600,27.1000,22.7535,3722600
2013-09-16,27.2700,27.7300,27.2200,27.6450,23.2111,6328000
2013-09-17,27.6350,28.0300,27.6050,27.9700,23.4840,6409200
2013-09-18,27.9200,28.4550,27.8100,28.4200,23.8618,7888600
2013-09-19,28.5000,28.5800,28.2500,28.3600,23.8115,9078800
2013-09-20,28.4000,28.4050,28.1200,28.3000,23.7611,8198600
2013-09-23,28.1600,28.1700,27.9100,28.0600,23.5596,5061800
2013-09-24,28.0150,28.0250,27.7300,27.9350,23.4546,9964400
2013-09-25,28.0250,28.1100,27.7300,27.8100,23.3497,5768400
2013-09-26,27.8800,28.2450,27.8500,28.2350,23.7065,5805400
2013-09-27,28.2250,28.2600,28.0950,28.2350,23.7065,3967200
2013-09-30,27.9500,28.2900,27.9300,28.1950,23.6729,5788200
2013-10-01,28.2300,28.4450,28.2000,28.3900,23.8366,3701800
2013-10-02,28.2350,28.4250,28.1250,28.3550,23.8072,4160800
2013-10-03,28.3000,28.3550,27.9100,28.0950,23.5890,4176600
2013-10-04,28.0950,28.3400,28.0150,28.1750,23.6561,3385200
2013-10-07,27.9700,28.0750,27.6750,27.6800,23.2405,4738400
2013-10-08,27.7200,27.7900,27.3150,27.3350,22.9509,4084400
2013-10-09,27.4250,27.6300,27.3300,27.4550,23.0516,5032800
2013-10-10,27.6750,27.8650,27.6150,27.8650,23.3958,4523800
2013-10-11,27.7950,27.8000,27.5400,27.7850,23.3287,4707400
2013-10-14,27.6300,28.1500,27.6250,28.0950,23.5890,4058800
2013-10-15,28.0750,28.0750,27.7150,27.8150,23.3539,4985000
2013-10-16,27.9950,28.8900,27.9550,28.8600,24.2313,7674600
2013-10-17,28.7350,28.8550,28.5100,28.7800,24.1641,7984200
2013-10-18,28.8850,28.8850,28.5800,28.8850,24.2523,5381600
2013-10-21,28.8850,28.9900,28.5950,28.7900,24.1725,6261200
2013-10-22,29.1550,29.4300,28.9500,29.2950,24.5965,7256400
2013-10-23,29.2000,29.4650,29.1850,29.3500,24.6427,5093000
2013-10-24,29.3950,29.4850,29.3000,29.3950,24.6805,4540200
2013-10-25,29.4300,29.5700,29.2400,29.5500,24.8106,4407400
2013-10-28,29.5100,29.7200,29.3100,29.3800,24.6679,6389000
2013-10-29,29.5050,30.0300,29.5000,30.0200,25.2052,7141600
2013-10-30,30.0500,30.5050,30.0250,30.1200,25.2892,7715200
2013-10-31,30.0650,30.4600,29.9200,30.3950,25.5201,8845800
2013-11-01,30.4800,30.6450,30.2550,30.4400,25.5579,6079000
2013-11-04,30.4350,30.5000,30.2400,30.4150,25.5369,3974000
2013-11-05,30.3000,30.7050,30.2200,30.6450,25.7300,5272000
2013-11-06,30.7500,30.9700,30.5150,30.8600,25.9105,5785400
2013-11-07,30.9650,31.1200,30.1750,30.3050,25.4445,8441800
2013-11-08,30.3400,30.8600,30.3400,30.8600,25.9105,4590000
2013-11-11,30.8600,31.0200,30.6900,30.8450,25.8979,5274400
2013-11-12,30.7300,30.8750,30.6450,30.8100,25.9295,4517800
2013-11-13,30.7850,31.3800,30.7450,31.3600,26.3923,5782400
2013-11-14,31.3950,31.5500,31.1700,31.5050,26.5144,4394000
2013-11-15,31.4550,31.7650,31.3650,31.7600,26.7290,4935000
2013-11-18,31.8900,31.8900,31.1100,31.2450,26.2956,9109400
2013-11-19,31.2900,31.9650,31.2650,31.5600,26.5606,7630800
2013-11-20,31.5600,31.8200,31.5050,31.6350,26.6238,7536000
2013-11-21,31.6250,32.0450,31.5900,31.9950,26.9267,6655200
2013-11-22,31.6400,31.7150,31.3350,31.5300,26.5354,10475800
2013-11-25,31.7850,32.0000,31.5000,31.5800,26.5775,5714000
2013-11-26,31.6400,31.7750,31.5100,31.5200,26.5270,7814200
2013-11-27,31.6100,31.6850,31.5000,31.6300,26.6196,5067400
2013-11-29,31.7300,31.8950,31.4250,31.4400,26.4597,4604600
2013-12-02,31.4900,31.7250,31.2750,31.3550,26.3881,8938400
2013-12-03,31.1600,31.3150,31.0400,31.2250,26.2787,7173200
2013-12-04,31.0250,31.4050,30.8150,31.3050,26.3460,10358800
2013-12-05,31.2850,31.4550,31.0900,31.1150,26.1861,6709600
2013-12-06,31.3600,31.3800,30.9350,31.1700,26.2324,6658600
2013-12-09,31.7400,31.7400,30.9550,31.0300,26.1146,7936000
2013-12-10,31.0000,31.2400,30.9500,31.0900,26.1651,6592800
2013-12-11,31.1750,31.2150,30.6300,30.6750,25.8158,7379400
2013-12-12,30.7100,30.9300,30.5400,30.6250,25.7738,6765000
2013-12-13,30.7600,30.7700,30.5500,30.5850,25.7401,5876000
2013-12-16,30.7050,30.9200,30.5450,30.8100,25.9295,5759600
2013-12-17,30.9150,30.9700,30.6800,30.6800,25.8200,4900800
2013-12-18,30.7000,31.2600,30.5450,31.2500,26.2998,7247600
2013-12-19,31.1400,31.2900,30.9800,31.2750,26.3208,6307400
2013-12-20,31.2850,31.5700,31.1800,31.2450,26.2956,10278200
2013-12-23,31.4200,31.4950,31.2300,31.3550,26.3881,4255800
2013-12-24,31.4950,31.6900,31.4300,31.5150,26.5228,2339200
2013-12-26,31.6000,31.9050,31.5900,31.8250,26.7837,3212800
2013-12-27,31.8750,31.8900,31.5600,31.6900,26.6701,3304400
2013-12-30,31.7150,31.8600,31.4950,31.6600,26.6448,3522600
2013-12-31,31.6600,31.9000,31.6250,31.8650,26.8173,3256200
2014-01-02,31.6800,32.1650,31.5950,31.7400,26.7121,4197000
2014-01-03,31.6300,32.0700,31.6250,31.8000,26.7626,3302600
2014-01-06,31.9100,32.0100,31.4350,31.4550,26.4723,6277000
2014-01-07,31.5000,32.0000,31.4750,31.5900,26.5859,6293800
2014-01-08,31.6400,31.7800,31.4550,31.7500,26.7206,6096000
2014-01-09,31.7950,31.8950,31.6150,31.6600,26.6448,5041000
2014-01-10,31.8300,32.0350,31.7500,32.0250,26.9520,5760400
2014-01-13,31.9550,32.1900,31.3800,31.4550,26.4723,7287400
2014-01-14,31.5000,31.6000,31.1950,31.4300,26.4512,6885800
2014-01-15,31.4600,31.5250,31.1950,31.2750,26.3208,5226200
2014-01-16,31.2400,31.3600,31.0150,31.0650,26.1441,6137200
2014-01-17,31.1100,31.2100,30.8750,30.9300,26.0304,9637600
2014-01-21,30.6850,30.9150,29.7500,30.1050,25.3361,14196600
2014-01-22,30.1500,30.1550,29.5650,29.5950,24.9069,14671000
2014-01-23,29.4350,29.5400,29.1450,29.2000,24.5745,10951400
2014-01-24,29.0250,29.2350,28.8750,28.8750,24.3010,7863800
2014-01-27,28.8150,29.1750,28.3100,29.0500,24.4483,11261200
2014-01-28,29.0850,29.3800,29.0300,29.0750,24.4693,8299200
2014-01-29,28.7550,29.0050,28.5550,28.6250,24.0906,9020000
2014-01-30,28.8500,28.9150,28.5900,28.7550,24.2000,7107200
2014-01-31,28.4000,28.8600,28.2350,28.6800,24.1369,8625600
2014-02-03,28.6750,28.6750,28.0200,28.1200,23.6656,11441200
2014-02-04,28.2650,28.2900,27.9650,28.0150,23.5772,7023400
2014-02-05,28.0000,28.9700,27.9100,28.8950,24.3178,15306600
2014-02-06,28.9800,29.7500,28.8300,29.6950,24.9911,12073400
2014-02-07,29.8050,30.0150,29.5300,29.7150,25.0079,7683600
2014-02-10,29.7700,29.7750,29.3500,29.6300,24.9364,6070600
2014-02-11,29.6400,30.0750,29.5400,29.9800,25.2928,6794200
2014-02-12,30.0450,30.3150,29.9550,30.0650,25.3645,5275000
2014-02-13,29.9450,30.2600,29.8600,30.0850,25.3814,6521400
2014-02-14,29.9550,30.0850,29.7400,29.8950,25.2211,6807000
2014-02-18,30.0000,30.1950,29.8850,30.1150,25.4067,7622600
2014-02-19,30.0950,30.3300,29.8950,29.9250,25.2464,6237800
2014-02-20,30.0150,30.1650,29.6600,30.0100,25.3181,6859400
2014-02-21,30.0700,30.2400,29.8750,30.0400,25.3434,8188000
2014-02-24,30.0550,30.5000,29.9900,30.1950,25.4742,7880200
2014-02-25,30.1800,30.6300,29.9550,30.4950,25.7273,11732200
2014-02-26,30.7700,31.1100,30.0850,30.1450,25.4320,16109400
2014-02-27,30.1300,30.5000,30.0050,30.3650,25.6176,12394000
2014-02-28,30.4000,30.7750,30.2000,30.7300,25.9256,10411600
2014-03-03,30.4150,30.6150,30.2250,30.4450,25.6851,7380400
2014-03-04,30.6550,30.8650,30.6550,30.7700,25.9593,4886600
2014-03-05,30.8150,31.0000,30.7600,30.8650,26.0395,6283600
2014-03-06,30.8800,30.8800,30.3400,30.5650,25.7864,7691400
2014-03-07,30.6600,30.9050,30.5750,30.8550,26.0310,5317200
2014-03-10,30.7650,31.1450,30.7300,31.1150,26.2504,6081200
2014-03-11,31.1400,31.1850,30.8400,30.9200,26.0859,4999000
2014-03-12,30.7450,30.8350,30.5300,30.7550,25.9467,6256400
2014-03-13,30.8650,30.9100,30.4550,30.5300,25.7568,4429200
2014-03-14,30.4950,30.8750,30.4700,30.6750,25.8792,4786800
2014-03-17,30.7750,31.0750,30.6300,31.0250,26.1744,6083400
2014-03-18,30.9950,30.9950,30.3850,30.4000,25.6472,7593000
2014-03-19,30.3900,30.5550,30.1050,30.2550,25.5248,6876600
2014-03-20,30.1750,30.4600,30.1700,30.3450,25.6008,5668000
2014-03-21,30.5650,30.9600,30.4700,30.8750,26.0479,14881800
2014-03-24,30.9000,31.0100,30.2850,30.2850,25.5501,6217400
2014-03-25,30.4650,30.5000,29.9750,30.0300,25.3350,7264600
2014-03-26,30.1000,30.1300,29.7550,29.8300,25.1663,8141600
2014-03-27,29.8200,30.0000,29.6450,29.7000,25.0566,5865400
2014-03-28,29.7500,30.0800,29.7150,30.0500,25.3519,5169600
2014-03-31,30.2150,30.3600,30.0700,30.3250,25.5839,6589000
2014-04-01,30.4200,30.6250,30.3800,30.5950,25.8117,5030400
2014-04-02,30.6800,31.1150,30.6750,31.0800,26.2209,5918200
2014-04-03,31.0900,31.1800,30.6700,30.7750,25.9635,6230800
2014-04-04,30.9650,31.0400,30.5550,30.5900,25.8075,5604800
2014-04-07,30.5550,30.5850,29.7850,29.9400,25.2591,6152200
2014-04-08,29.8200,30.2550,29.6350,30.2250,25.4995,4702200
2014-04-09,30.2500,30.2600,29.6600,30.1250,25.4152,6688800
2014-04-10,30.0750,30.1950,29.4250,29.4400,24.8372,5517400
2014-04-11,29.2150,29.2450,28.8050,28.9150,24.3943,8203800
2014-04-14,29.1200,29.2200,28.8550,29.1450,24.5884,11823800
2014-04-15,29.2050,29.4100,28.9750,29.3400,24.7529,8204600
2014-04-16,29.5700,29.6700,29.3000,29.5150,24.9005,4579400
2014-04-17,29.4450,29.5600,29.2700,29.3500,24.7613,4325800
2014-04-21,29.3500,29.7150,29.3500,29.6950,25.0524,6272600
2014-04-22,29.6650,29.9200,29.4950,29.8500,25.1831,5558000
2014-04-23,29.8150,29.9150,29.4100,29.4250,24.8246,5259000
2014-04-24,29.5100,29.5450,29.0150,29.1250,24.5715,6372600
2014-04-25,29.1000,29.2900,28.9200,29.0700,24.5251,4651400
2014-04-28,29.2200,29.5200,28.9650,29.2700,24.6938,5868800
2014-04-29,29.4100,29.4300,29.1500,29.2250,24.6559,5227200
2014-04-30,29.2700,29.3750,29.0200,29.0900,24.5420,5331400
2014-05-01,29.0700,29.3850,28.9800,29.1300,24.5757,5228800
2014-05-02,29.1000,29.5200,29.1000,29.1900,24.6263,3279000
2014-05-05,29.1100,29.3350,28.9800,29.0500,24.5082,3708600
2014-05-06,28.9250,28.9400,28.4900,28.5150,24.0569,6462400
2014-05-07,28.5600,28.6350,28.3350,28.6050,24.1328,5791000
2014-05-08,28.6650,29.1150,28.5550,28.9100,24.3901,6732600
2014-05-09,28.9550,29.2500,28.8450,29.2350,24.6643,5797800
2014-05-12,29.3500,29.9750,29.3500,29.9300,25.2506,7883800
2014-05-13,29.8650,29.8750,29.4800,29.5400,24.9947,5338400
2014-05-14,29.5400,29.8600,29.5200,29.5650,25.0158,6725200
2014-05-15,29.3800,29.4250,28.8750,29.0600,24.5885,9937800
2014-05-16,29.0550,29.3600,29.0100,29.2800,24.7747,7907200
2014-05-19,29.1850,29.2700,28.9150,29.2000,24.7070,6825600
2014-05-20,28.0250,28.4500,26.9350,26.9750,22.8244,34688800
2014-05-21,27.1650,28.3700,27.1550,28.3000,23.9455,23771200
2014-05-22,28.3100,28.4500,27.6350,27.7350,23.4674,12434000
2014-05-23,27.7450,28.0450,27.5700,27.5750,23.3320,8312800
2014-05-27,27.6650,27.7450,27.2900,27.3300,23.1247,10448600
2014-05-28,27.3050,27.3500,27.0500,27.1500,22.9724,14401800
2014-05-29,27.3350,27.3450,27.0600,27.2250,23.0359,8501600
2014-05-30,27.2000,27.3150,27.0750,27.2250,23.0359,10839800
2014-06-02,27.3200,27.3600,27.0350,27.0650,22.9005,8277400
2014-06-03,27.0050,27.1450,26.9300,27.1150,22.9428,11394400
2014-06-04,27.1150,27.7950,27.0650,27.7650,23.4928,15005200
2014-06-05,27.7450,28.0350,27.5800,28.0100,23.7001,13110200
2014-06-06,28.0700,28.4200,28.0400,28.2100,23.8693,9558800
2014-06-09,28.1100,28.4450,28.0800,28.1100,23.7847,6541400
2014-06-10,28.0300,28.1250,27.9100,28.0300,23.7170,6426400
2014-06-11,27.9150,27.9250,27.6750,27.7350,23.4674,8140200
2014-06-12,27.6700,27.7000,27.2800,27.3450,23.1374,8485200
2014-06-13,27.3650,27.4450,27.2250,27.3950,23.1797,6212400
2014-06-16,27.4050,27.4200,27.2000,27.3550,23.1459,6109400
2014-06-17,27.3750,27.4400,27.1750,27.3700,23.1586,6489800
2014-06-18,27.3600,27.8000,27.3450,27.7800,23.5055,6241600
2014-06-19,27.7900,27.7900,27.5300,27.5600,23.3193,6171400
2014-06-20,27.6900,27.7300,27.4450,27.4750,23.2474,10736400
2014-06-23,27.3950,27.5250,27.2700,27.4050,23.1882,6990600
2014-06-24,27.4000,27.4200,26.9100,26.9200,22.7778,9820200
2014-06-25,26.8950,26.9500,26.4750,26.5700,22.4817,16925200
2014-06-26,26.5950,26.6400,25.9850,26.4100,22.3463,14411200
2014-06-27,26.3450,26.5400,26.3150,26.3850,22.3251,10695200
2014-06-30,26.4150,26.6150,26.4150,26.5750,22.4859,9695800
2014-07-01,26.5350,26.8050,26.5150,26.7550,22.6382,7022200
2014-07-02,26.7100,26.9800,26.7050,26.8550,22.7228,6302400
2014-07-03,26.8750,27.0050,26.8400,26.9000,22.7609,4372800
2014-07-07,26.8150,26.9200,26.6350,26.7050,22.5959,10550200
2014-07-08,26.7000,26.9800,26.5650,26.9250,22.7821,8978800
2014-07-09,26.9700,27.3650,26.9550,27.2400,23.0486,8227600
2014-07-10,26.9550,27.1200,26.8000,26.8900,22.7524,8082800
2014-07-11,26.8050,26.8950,26.6550,26.7750,22.6551,5606000
2014-07-14,26.9750,26.9750,26.6200,26.7250,22.6128,6319400
2014-07-15,26.6400,27.0000,26.5950,26.9700,22.8201,9551600
2014-07-16,26.9700,26.9700,26.2650,26.2900,22.2448,16762800
2014-07-17,26.1800,26.3350,26.0650,26.1150,22.0967,11956200
2014-07-18,26.2250,26.5050,25.9550,26.4900,22.4140,7330000
2014-07-21,26.4250,26.4350,26.0050,26.1950,22.1644,7181400
2014-07-22,26.3950,26.4150,26.2100,26.2400,22.2025,5840800
2014-07-23,26.3250,26.6250,26.3200,26.5500,22.4648,7341600
2014-07-24,26.7200,26.8700,26.5900,26.6050,22.5113,7016600
2014-07-25,26.5150,26.6350,26.2700,26.2750,22.2321,6185400
2014-07-28,26.4350,26.5300,26.3000,26.3200,22.2701,7753800
2014-07-29,26.3700,26.5250,26.2450,26.2450,22.2067,5756800
2014-07-30,26.3850,26.8950,26.3450,26.8400,22.7101,8471800
2014-07-31,26.4950,26.8150,26.4600,26.6450,22.5451,10464400
2014-08-01,26.4900,26.7100,26.4600,26.5600,22.4732,7260800
2014-08-04,26.9450,26.9450,26.5150,26.8550,22.7228,5410400
2014-08-05,26.8550,26.8550,26.5050,26.5700,22.4817,6823200
2014-08-06,26.3800,27.1700,26.3800,26.9550,22.8074,7894000
2014-08-07,27.0550,27.1800,26.7000,26.7450,22.6298,4337000
2014-08-08,26.8150,27.4700,26.8050,27.4500,23.2263,7937600
2014-08-11,27.5100,27.5750,27.1950,27.2300,23.0401,5758400
2014-08-12,27.1650,27.3150,27.0600,27.1050,23.0083,6501800
2014-08-13,27.0500,27.0650,26.6350,26.6700,22.6390,10503800
2014-08-14,26.8350,27.0450,26.6850,26.9800,22.9022,7804200
2014-08-15,27.0150,27.0150,26.5000,26.5700,22.5542,8465800
2014-08-18,26.7950,27.1700,26.7150,26.9500,22.8767,10665000
2014-08-19,28.3650,29.7500,28.2450,29.2800,24.8546,31835000
2014-08-20,29.1250,29.8500,28.9700,29.7000,25.2111,16507600
2014-08-21,29.7000,29.7500,29.3100,29.4550,25.0031,9183600
2014-08-22,29.5050,29.7350,29.4850,29.6800,25.1941,7538400
2014-08-25,29.7500,29.8200,29.4750,29.4900,25.0328,7184600
2014-08-26,29.5150,29.8400,29.4700,29.7500,25.2535,11123400
2014-08-27,29.7450,29.8500,29.6600,29.7700,25.2705,6656800
2014-08-28,29.5200,30.0200,29.3850,29.8850,25.3681,7719600
2014-08-29,29.9300,29.9400,29.7050,29.8050,25.3002,4939800
2014-09-02,29.9400,30.3250,29.9150,30.2200,25.6525,8996400
2014-09-03,30.3150,30.3750,30.0750,30.1800,25.6185,5379600
2014-09-04,30.2000,30.6250,30.1850,30.4450,25.8435,6770200
2014-09-05,30.3400,30.5900,30.0000,30.5750,25.9538,6553200
2014-09-08,30.3700,30.4950,30.1550,30.2650,25.6907,6120000
2014-09-09,30.1100,30.1250,29.7450,29.8600,25.3469,8538600
2014-09-10,29.9200,30.0250,29.7300,29.8500,25.3384,5852800
2014-09-11,29.8250,30.1700,29.7900,30.0900,25.5421,5625800
2014-09-12,30.1750,30.1800,29.7600,29.9450,25.4191,4706400
2014-09-15,29.8850,29.9750,29.7900,29.8500,25.3384,3866800
2014-09-16,29.8550,30.3300,29.7550,30.1150,25.5634,6214000
2014-09-17,30.1300,30.1450,29.7950,29.9600,25.4318,4406800
2014-09-18,30.0700,30.2600,30.0250,30.1100,25.5591,4250800
2014-09-19,30.2450,30.2800,29.8200,29.8250,25.3172,8705800
2014-09-22,29.8300,29.8800,29.4700,29.5900,25.1177,5375400
2014-09-23,29.5200,29.5950,29.2900,29.3800,24.9394,7807000
2014-09-24,29.4450,30.2450,29.3900,30.1800,25.6185,9993800
2014-09-25,30.0050,30.1800,29.5750,29.6500,25.1686,9947600
2014-09-26,29.7250,30.1250,29.6650,29.9600,25.4318,8247600
2014-09-29,29.6650,30.0650,29.5700,29.9000,25.3808,6170800
2014-09-30,29.8000,29.8400,29.5850,29.5850,25.1135,6829400
2014-10-01,29.6350,29.8950,29.4800,29.6100,25.1347,6827200
2014-10-02,29.7050,30.0500,29.5800,29.9750,25.4445,6246800
2014-10-03,30.1250,30.7100,30.1250,30.5400,25.9241,7775200
2014-10-06,30.5850,30.6200,30.1200,30.1500,25.5931,4750200
2014-10-07,29.9700,30.2100,29.8450,29.8450,25.3342,6054400
2014-10-08,29.9350,30.5250,29.8000,30.4950,25.8859,7540600
2014-10-09,30.3300,30.6600,30.1950,30.2450,25.6737,9961400
2014-10-10,30.3300,31.0900,30.3150,30.7850,26.1321,10786800
2014-10-13,30.7500,30.8300,30.2850,30.3150,25.7331,7788800
2014-10-14,30.5100,30.8100,30.4300,30.7050,26.0642,9266800
2014-10-15,30.3250,30.6100,29.7150,30.0500,25.5082,13505800
2014-10-16,29.6300,30.1250,29.6100,29.8100,25.3045,14240600
2014-10-17,30.1650,30.3150,29.8250,30.2000,25.6355,14117200
2014-10-20,30.0750,30.4650,30.0750,30.3300,25.7459,14140200
2014-10-21,30.5000,31.3050,30.2150,31.0800,26.3825,9480400
2014-10-22,30.8700,31.4500,30.7400,30.8100,26.1533,11141400
2014-10-23,31.0400,31.4250,30.9850,31.1700,26.4589,6644600
2014-10-24,31.0600,31.2250,30.8500,31.0400,26.3485,6324000
2014-10-27,31.0400,31.4500,31.0400,31.4150,26.6669,5002600
2014-10-28,31.3350,31.4100,31.0100,31.3500,26.6117,5572400
2014-10-29,31.2950,31.6300,31.1350,31.3600,26.6202,5735800
2014-10-30,31.1450,31.6850,31.1250,31.6250,26.8451,5512600
2014-10-31,31.9900,32.1000,31.4700,31.6600,26.8748,6801800
2014-11-03,32.0500,32.0650,31.6150,31.9500,27.1210,7073600
2014-11-04,31.9100,32.0450,31.7600,31.9300,27.1040,5553200
2014-11-05,32.0000,32.1400,31.7750,31.8600,27.0446,6209600
2014-11-06,31.8950,32.3150,31.7300,32.2800,27.4011,7295200
2014-11-07,32.2500,32.4100,31.9800,32.0000,27.1635,5833800
2014-11-10,31.8850,31.9750,31.6850,31.9600,27.2039,6252800
2014-11-11,32.0050,32.0900,31.5800,31.6250,26.9187,8777600
2014-11-12,31.6750,31.9300,31.6600,31.8650,27.1230,11916200
2014-11-13,31.9750,32.0750,31.5900,31.7500,27.0251,7614600
2014-11-14,30.9250,31.2800,30.9100,31.1600,26.5229,13362200
2014-11-17,31.1650,31.4000,30.7500,30.7700,26.1910,12266000
2014-11-18,30.4900,31.0000,29.8450,30.8200,26.2335,31854800
2014-11-19,30.9700,31.4450,30.6750,31.0650,26.4421,10444800
2014-11-20,31.0000,31.7650,30.9650,31.6800,26.9655,12681800
2014-11-21,31.9400,32.1150,31.7050,31.7800,27.0507,10334000
2014-11-24,31.7900,31.9300,31.6550,31.7550,27.0294,7992400
2014-11-25,32.2250,32.4700,31.9800,31.9800,27.2209,16969600
2014-11-26,32.1150,32.3550,32.1150,32.2600,27.4592,6912200
2014-11-28,32.4200,33.2350,32.4150,33.0800,28.1572,6480000
2014-12-01,32.8000,32.9200,32.3600,32.6150,27.7614,8909800
2014-12-02,32.6500,32.8450,32.3600,32.6200,27.7657,5402600
2014-12-03,33.0400,33.1850,32.7400,32.9300,28.0295,7240400
2014-12-04,32.8050,32.9550,32.5700,32.9550,28.0508,5342200
2014-12-05,32.9550,33.1250,32.7000,32.7900,27.9104,4670200
2014-12-08,32.6600,32.9750,32.6200,32.6550,27.7955,5404600
2014-12-09,32.3350,32.8100,32.3000,32.7100,27.8423,4390000
2014-12-10,32.6450,32.9950,32.1250,32.1450,27.3614,6448800
2014-12-11,32.3150,33.2250,32.3150,32.8000,27.9189,9644400
2014-12-12,32.6350,33.2400,32.6050,32.8050,27.9231,6752800
2014-12-15,32.8650,33.3700,32.7700,33.1550,28.2210,9199600
2014-12-16,32.9450,33.3650,32.5100,32.5100,27.6720,11265800
2014-12-17,32.7600,32.8700,32.2000,32.6800,27.8167,7809400
2014-12-18,33.0600,33.5500,32.7100,33.5400,28.5488,9163600
2014-12-19,33.6500,33.6700,32.7350,33.0400,28.1232,10204400
2014-12-22,33.1200,33.7450,33.0650,33.6300,28.6254,5829600
2014-12-23,33.8200,34.2150,33.7000,34.0600,28.9914,4491400
2014-12-24,34.1050,34.2300,33.8950,33.9350,28.8850,2337000
2014-12-26,33.9750,34.2300,33.8950,34.0350,28.9701,2939600
2014-12-29,33.9200,34.4500,33.9150,34.1850,29.0978,4503600
2014-12-30,34.0850,34.3000,33.9100,34.2200,29.1276,3645200
2014-12-31,34.4100,34.9200,34.2600,34.2900,29.1871,5823800
2015-01-02,34.3250,34.5650,33.7550,33.9800,28.9233,5289400
2015-01-05,33.7200,33.9700,33.5150,33.6000,28.5998,6354200
2015-01-06,33.7500,34.1600,33.1500,33.4350,28.4594,6146200
2015-01-07,33.5500,34.1900,33.5150,34.1200,29.0424,6152600
2015-01-08,34.2500,34.4950,34.1400,34.3000,29.1957,8306200
2015-01-09,34.3950,34.3950,33.4900,33.8750,28.8339,8004000
2015-01-12,33.9500,34.1150,33.6950,33.7000,28.6849,7212600
2015-01-13,33.9850,34.2250,33.4600,33.5800,28.5828,8837600
2015-01-14,32.9750,33.3200,32.7950,33.1150,28.1870,7310200
2015-01-15,33.3000,33.5200,32.6300,32.6400,27.7827,7403800
2015-01-16,32.6600,33.4350,32.5500,33.3750,28.4083,6533000
2015-01-20,33.5650,33.5950,32.8500,33.1100,28.1827,5662800
2015-01-21,33.0400,33.4100,32.9100,33.0050,28.0934,6088400
2015-01-22,33.2350,33.8700,33.0050,33.7500,28.7275,5114000
2015-01-23,33.8050,33.9750,33.6050,33.8150,28.7828,4291800
2015-01-26,33.6750,34.1250,33.6300,34.0700,28.9999,5423200
2015-01-27,33.8200,34.3350,33.7050,34.1250,29.0467,5990600
2015-01-28,34.3850,34.6800,33.6050,33.6350,28.6296,6187400
2015-01-29,33.6150,33.8300,33.2400,33.8050,28.7743,5677200
2015-01-30,33.5200,33.6750,32.9400,32.9700,28.0636,6132400
2015-02-02,32.9550,33.0900,32.1450,32.9350,28.0338,6823800
2015-02-03,33.0500,33.7000,33.0400,33.6500,28.6424,5001000
2015-02-04,33.7000,34.1000,33.5000,33.9350,28.8850,7275000
2015-02-05,34.1400,34.3250,33.9650,34.2200,29.1276,5529600
2015-02-06,34.2650,34.4450,33.9850,34.1250,29.0467,4457600
2015-02-09,33.9950,34.0600,33.7000,33.7500,28.7275,3886800
2015-02-10,34.0550,34.2050,33.9550,34.1450,29.1393,6110600
2015-02-11,34.1400,34.3100,34.0450,34.1800,29.1691,5019800
2015-02-12,34.3300,34.4550,34.0250,34.4400,29.3910,6490400
2015-02-13,34.4250,34.6250,34.2800,34.6200,29.5446,5436400
2015-02-17,34.7050,34.7050,34.2050,34.2950,29.2673,6017800
2015-02-18,34.1900,34.2550,33.8150,33.8350,28.8747,6956000
2015-02-19,33.8650,34.0350,33.8300,33.9100,28.9387,4491000
2015-02-20,33.8950,34.4050,33.8200,34.3650,29.3270,5310400
2015-02-23,34.4600,34.5350,34.0850,34.2000,29.1862,6118800
2015-02-24,34.2600,34.5000,33.5400,33.5800,28.6571,12497000
2015-02-25,33.1000,34.9350,32.7550,34.6900,29.6044,18382800
2015-02-26,34.2850,34.4900,33.9600,34.0350,29.0454,10851000
2015-02-27,34.1400,34.5750,34.0950,34.3200,29.2886,7853600
2015-03-02,34.3800,34.8300,34.3150,34.7350,29.6428,8809200
2015-03-03,34.5650,34.6000,33.9900,34.3050,29.2758,5903000
2015-03-04,34.2400,34.3800,33.8700,34.1450,29.1393,4882800
2015-03-05,34.1600,34.4550,34.1600,34.3600,29.3228,4970400
2015-03-06,34.1500,34.4850,33.9700,34.0150,29.0283,4393400
2015-03-09,34.0650,34.2650,33.9300,34.1150,29.1137,3593800
2015-03-10,33.9850,34.1150,33.7500,33.8050,28.8491,4727600
2015-03-11,33.7700,33.9900,33.5150,33.5750,28.6528,5171800
2015-03-12,33.7600,34.3750,33.7600,34.3450,29.3099,5225000
2015-03-13,34.3200,34.3200,33.7350,33.9950,29.0113,5317600
2015-03-16,34.0300,34.4650,34.0300,34.3300,29.2972,5434400
2015-03-17,34.1300,34.4100,34.0350,34.1550,29.1478,5781200
2015-03-18,34.1500,34.1550,33.3600,33.9750,28.9942,7050400
2015-03-19,34.0350,34.1300,33.8600,34.0800,29.0838,5653200
2015-03-20,34.1550,34.7550,34.1350,34.7350,29.6428,11652200
2015-03-23,34.6500,35.1300,34.5450,34.7400,29.6470,9092000
2015-03-24,34.6200,35.1700,34.5150,35.0400,29.9031,9192600
2015-03-25,35.0000,35.0750,34.7050,34.7700,29.6726,10544800
2015-03-26,34.5900,34.6300,34.2000,34.5100,29.4508,8842400
2015-03-27,34.4400,34.8050,34.3850,34.7950,29.6940,6045400
2015-03-30,35.0000,35.5150,34.8050,35.2350,30.0695,7148800
2015-03-31,35.1800,35.4950,35.0050,35.0250,29.8903,6420600
2015-04-01,35.0450,35.0550,34.3800,34.4750,29.4209,6497200
2015-04-02,34.6300,34.8450,34.4550,34.6600,29.5788,3458600
2015-04-06,34.4600,34.9450,34.3750,34.6500,29.5702,3171800
2015-04-07,34.6000,34.7650,34.2800,34.3250,29.2929,3271800
2015-04-08,34.4300,34.7200,34.2900,34.6650,29.5830,4023400
2015-04-09,34.6950,34.9150,34.1350,34.3150,29.2843,6446000
2015-04-10,34.4650,34.4650,34.2200,34.2650,29.2417,4254400
2015-04-13,34.2750,34.3550,34.0300,34.0700,29.0753,4982600
2015-04-14,34.0450,34.1950,33.6100,33.6400,28.7083,7627600
2015-04-15,33.7250,33.7900,33.3350,33.3700,28.4779,7976000
2015-04-16,33.4150,33.4600,33.2000,33.2400,28.3669,6093800
2015-04-17,33.0150,33.0150,32.5350,32.6250,27.8421,10464800
2015-04-20,32.6250,33.1350,32.5550,32.9850,28.1493,12646800
2015-04-21,33.0750,33.3050,33.0350,33.1450,28.2859,6664400
2015-04-22,33.1250,33.3000,32.8950,33.2050,28.3371,6651200
2015-04-23,33.1500,33.3000,33.0400,33.1650,28.3029,5034800
2015-04-24,33.1800,33.2450,33.0350,33.1450,28.2859,4655200
2015-04-27,33.1300,33.1800,32.6400,32.6550,27.8677,6334400
2015-04-28,32.7300,32.7300,32.2800,32.4600,27.7013,5665600
2015-04-29,32.3900,32.4050,31.8300,32.1150,27.4069,6633400
2015-04-30,31.9850,32.5400,31.9550,32.2700,27.5391,8329600
2015-05-01,32.4250,32.8350,32.3100,32.7750,27.9701,8369400
2015-05-04,32.8000,32.9400,32.7250,32.7700,27.9658,6932600
2015-05-05,32.6100,32.8950,32.5750,32.8150,28.0043,6828600
2015-05-06,32.8450,32.9450,32.7100,32.9200,28.0939,6978800
2015-05-07,32.9800,33.1500,32.8150,33.0950,28.2432,5062200
2015-05-08,33.2950,33.7700,33.2800,33.6600,28.7254,5935600
2015-05-11,33.6800,33.7550,33.3550,33.4200,28.5206,5075000
2015-05-12,33.2400,33.3200,32.9150,33.1950,28.4178,4820200
2015-05-13,33.2700,33.3700,32.8150,32.9350,28.1952,5892400
2015-05-14,33.0800,33.1150,32.6150,32.8300,28.1054,6501400
2015-05-15,32.8900,33.0300,32.6750,32.9750,28.2295,5518400
2015-05-18,33.0650,33.6700,33.0650,33.6300,28.7902,6467200
2015-05-19,34.9600,35.2600,34.5500,34.5950,29.6163,13578400
2015-05-20,34.6250,34.7150,34.0000,34.2300,29.3039,8511600
2015-05-21,34.1100,34.1250,33.8600,33.9350,29.0513,6360000
2015-05-22,33.8300,34.1450,33.5650,33.5800,28.7474,5460000
2015-05-26,33.4550,33.5550,32.9900,33.0850,28.3237,6603000
2015-05-27,33.2250,33.3400,33.0050,33.2500,28.4649,4630800
2015-05-28,33.2550,33.2800,32.9450,32.9850,28.2380,3850600
2015-05-29,32.9900,32.9900,32.1900,32.1900,27.5575,12800000
2015-06-01,32.1900,32.7250,32.1500,32.5450,27.8614,6235000
2015-06-02,32.5200,32.7500,32.3450,32.4450,27.7758,5128600
2015-06-03,32.6050,33.1000,32.4650,33.0100,28.2594,5164600
2015-06-04,32.3250,33.1000,32.3250,32.8050,28.0839,4973400
2015-06-05,32.7750,32.9850,32.6650,32.8150,28.0925,4542800
2015-06-08,32.7050,32.8700,32.6200,32.6300,27.9341,3382400
2015-06-09,32.6150,32.7000,32.2600,32.3500,27.6944,4808000
2015-06-10,32.5300,32.8100,32.4500,32.7600,28.0454,4630800
2015-06-11,32.9250,33.0800,32.7250,32.7650,28.0497,4097800
2015-06-12,32.7050,32.8250,32.5800,32.6850,27.9812,3085400
2015-06-15,32.4300,32.5900,32.3600,32.5350,27.8528,4624200
2015-06-16,32.5000,32.7500,32.4150,32.6800,27.9769,3986800
2015-06-17,32.7500,32.9650,32.6050,32.8550,28.1268,3549200
2015-06-18,32.9750,33.6000,32.8550,33.5800,28.7474,6477200
2015-06-19,33.4450,33.6300,33.2800,33.3150,28.5206,6040800
2015-06-22,33.5100,33.5750,33.2350,33.2700,28.4820,3051200
2015-06-23,33.3750,33.7850,33.2800,33.7550,28.8972,4430800
2015-06-24,33.8300,33.9600,33.7800,33.7900,28.9272,5696400
2015-06-25,33.8550,33.9400,33.6300,33.6450,28.8031,5232800
2015-06-26,33.6650,34.1200,33.6650,34.0100,29.1155,5970800
2015-06-29,33.7350,33.8800,33.0050,33.0400,28.2851,6716000
2015-06-30,33.3650,33.3950,32.9500,33.0850,28.3237,6357600
2015-07-01,33.2500,33.7350,33.1100,33.7100,28.8587,5569800
2015-07-02,33.6550,33.8800,33.3250,33.4000,28.5933,4297400
2015-07-06,33.0850,33.6900,33.0100,33.4550,28.6404,6857400
2015-07-07,33.5600,34.1500,33.4700,34.1100,29.2011,6177400
2015-07-08,33.8800,34.0900,33.6900,33.6950,28.8459,4319400
2015-07-09,34.0900,34.1350,33.8350,33.8350,28.9657,5031800
2015-07-10,34.2400,34.2400,33.8450,34.0650,29.1626,4690800
2015-07-13,34.3450,34.5950,34.1750,34.5800,29.6035,4590400
2015-07-14,34.5800,34.6500,34.3000,34.5650,29.5907,4066000
2015-07-15,34.5450,34.5600,34.2950,34.3600,29.4152,4788200
2015-07-16,34.5000,34.7850,34.3100,34.6850,29.6934,4218000
2015-07-17,34.6300,34.6500,34.3050,34.3700,29.4237,4002000
2015-07-20,34.4750,34.6100,34.3500,34.5500,29.5778,3377600
2015-07-21,34.4550,34.6150,34.2200,34.2650,29.3338,4355800
2015-07-22,34.2850,34.5800,34.2000,34.3050,29.3681,4098200
2015-07-23,34.4050,34.4250,34.0900,34.1200,29.2097,2964600
2015-07-24,34.2000,34.2050,33.6800,33.7200,28.8673,3864800
2015-07-27,33.7000,33.8150,33.5200,33.6700,28.8245,3592600
2015-07-28,33.8200,33.9950,33.5200,33.9300,29.0470,3370000
2015-07-29,34.0100,34.7750,33.9400,34.7300,29.7319,7640800
2015-07-30,34.6750,34.8400,34.4500,34.8100,29.8004,5880000
2015-07-31,34.9200,34.9900,34.7550,34.9100,29.8860,5733400
2015-08-03,35.0000,35.1400,34.5100,34.6800,29.6891,5597400
2015-08-04,34.6600,34.9150,34.6150,34.7800,29.7747,3329200
2015-08-05,34.9700,35.2950,34.9450,35.0900,30.0401,2573600
2015-08-06,35.0400,35.1800,34.4700,34.7450,29.7448,4347000
2015-08-07,34.7850,34.8450,34.4450,34.8150,29.8047,3491400
2015-08-10,35.0250,35.2600,34.9800,35.0850,30.0358,4052600
2015-08-11,34.8200,35.1000,34.7650,34.9850,30.0401,4018200
2015-08-12,34.8200,35.1600,34.3000,35.0350,30.0831,5758600
2015-08-13,35.0000,35.6500,34.8050,35.2850,30.2977,6963000
2015-08-14,35.2550,35.3550,35.0200,35.3000,30.3106,4872600
2015-08-17,35.2600,35.9200,35.0800,35.8050,30.7442,8893800
2015-08-18,37.3900,38.4650,37.3750,38.3900,32.9638,19304600
2015-08-19,37.5900,38.0000,37.0050,37.4350,32.1438,13700600
2015-08-20,37.0700,37.6300,37.0000,37.1650,31.9120,7376600
2015-08-21,36.7550,36.9900,35.7350,35.7750,30.7185,10143400
2015-08-24,33.7900,35.8600,33.6250,34.7150,29.8083,13723800
2015-08-25,35.6000,35.6550,34.3950,34.4250,29.5593,10425600
2015-08-26,35.1700,35.4300,34.2000,35.4050,30.4008,10246800
2015-08-27,35.6500,35.8150,35.0150,35.7200,30.6712,6745600
2015-08-28,35.5350,35.8500,35.1650,35.3600,30.3621,8965200
2015-08-31,35.3050,35.5150,35.0200,35.1600,30.1904,5481400
2015-09-01,34.5250,35.1550,34.5000,34.6950,29.7911,6976400
2015-09-02,35.2050,35.4300,34.8200,35.4200,30.4136,6095800
2015-09-03,35.5000,36.0900,35.3450,35.7200,30.6712,6054000
2015-09-04,35.2650,35.5900,35.1450,35.3800,30.3793,4437000
2015-09-08,35.9500,36.1950,35.4750,36.1700,31.0576,5827800
2015-09-09,36.2850,36.4450,35.4400,35.5300,30.5081,4606000
2015-09-10,35.4150,35.9650,35.4050,35.7450,30.6927,4672200
2015-09-11,35.5900,35.9200,35.4150,35.9000,30.8258,4587400
2015-09-14,35.8750,35.9800,35.5100,35.6050,30.5725,4048200
2015-09-15,35.6300,35.6850,35.2650,35.4850,30.4695,6334600
2015-09-16,35.4600,35.8300,35.1600,35.7850,30.7270,5727000
2015-09-17,36.2000,36.7450,36.0300,36.2700,31.1435,9501000
2015-09-18,35.9300,36.1300,35.5550,35.6800,30.6369,9746000
2015-09-21,35.8500,36.1500,35.7300,35.9850,30.8988,4032800
2015-09-22,35.6500,35.7250,35.2750,35.6100,30.5768,6276600
2015-09-23,35.5750,35.7900,35.4350,35.5800,30.5510,3492200
2015-09-24,35.2000,35.7700,35.1850,35.6150,30.5811,4159800
2015-09-25,35.9000,35.9500,35.2250,35.4800,30.4652,5210200
2015-09-28,35.2900,35.4650,34.5000,34.5450,29.6623,4741600
2015-09-29,34.5000,34.8050,34.2650,34.7400,29.8298,7242800
2015-09-30,35.0500,35.7700,34.8100,35.7100,30.6627,9315400
2015-10-01,35.7100,35.8150,34.9400,35.4000,30.3965,6407000
2015-10-02,34.9700,35.6900,34.6450,35.6900,30.6455,5861400
2015-10-05,35.8950,35.9950,35.1650,35.7650,30.7099,7552000
2015-10-06,35.9150,36.0250,35.2250,35.3850,30.3836,4704200
2015-10-07,35.6200,36.0000,35.4200,35.9500,30.8687,7980400
2015-10-08,35.7950,36.3700,35.6750,36.1150,31.0104,4787000
2015-10-09,36.0250,36.4550,35.7950,36.3900,31.2465,4755800
2015-10-12,36.5000,36.9700,36.4450,36.7900,31.5900,4885000
2015-10-13,36.7050,36.9000,36.2650,36.3700,31.2294,4457000
2015-10-14,36.4150,36.7250,35.7050,35.8850,30.8129,5891400
2015-10-15,35.9300,35.9900,35.2700,35.8650,30.7957,7179800
2015-10-16,36.0400,36.4500,35.8700,36.2150,31.0963,5344800
2015-10-19,36.2100,36.4700,36.0950,36.4600,31.3066,4422400
2015-10-20,36.4600,36.6550,36.3500,36.5050,31.3453,4484600
2015-10-21,36.6700,36.6900,36.0950,36.2050,31.0877,3667600
2015-10-22,36.4350,37.0050,36.1900,36.9500,31.7274,5613200
2015-10-23,37.3050,37.3050,35.5400,35.8800,30.8086,7454800
2015-10-26,35.8300,36.3800,35.7250,36.2200,31.1006,4727000
2015-10-27,36.1500,36.2450,35.5750,35.9200,30.8430,4347800
2015-10-28,36.0200,36.7200,35.9200,36.6150,31.4397,4718000
2015-10-29,36.6900,36.7300,36.2150,36.5400,31.3753,3842800
2015-10-30,36.4850,36.9650,36.4350,36.5950,31.4226,5485200
2015-11-02,36.6600,36.7900,36.0400,36.6100,31.4354,5192600
2015-11-03,36.7500,37.3250,36.6600,37.1150,31.8691,5319200
2015-11-04,37.1200,37.2250,36.5350,36.8400,31.6329,4400600
2015-11-05,37.0600,37.2450,36.5650,37.1600,31.9077,5688800
2015-11-06,37.1650,37.2450,36.2350,36.4650,31.3109,5095800
2015-11-09,36.2600,36.3050,35.3100,35.5350,30.6005,6503000
2015-11-10,35.5150,35.9850,35.3450,35.9100,30.9234,6340000
2015-11-11,35.6750,35.6800,34.5050,34.5400,29.7437,8867000
2015-11-12,34.3400,34.5600,34.0850,34.1250,29.3863,12263400
2015-11-13,32.5850,32.8500,32.0400,32.1050,27.6468,20523400
2015-11-16,31.9050,32.8350,31.7650,32.8250,28.2668,16970400
2015-11-17,34.8350,34.9500,33.3100,34.0900,29.3562,21187200
2015-11-18,34.2050,34.3100,33.6550,34.1700,29.4250,10908800
2015-11-19,33.8750,34.3250,33.7900,33.8500,29.1495,8075000
2015-11-20,34.1500,35.1350,34.1500,35.0750,30.2044,12646000
2015-11-23,35.0750,35.4950,35.0750,35.2950,30.3938,7251000
2015-11-24,34.9750,35.6200,34.9750,35.2650,30.3680,8203600
2015-11-25,35.2950,36.0000,35.1400,35.8250,30.8502,7146200
2015-11-27,35.8900,36.0000,35.4650,35.6700,30.7167,3132800
2015-11-30,35.8150,35.8650,35.1600,35.3000,30.3981,13365600
2015-12-01,35.5550,35.8650,35.2000,35.3900,30.4756,7245800
2015-12-02,35.4050,35.7000,35.2500,35.3650,30.4541,5825200
2015-12-03,35.4050,35.5000,34.6250,34.9200,30.0709,7609400
2015-12-04,35.1150,35.5300,34.9450,35.4950,30.5661,8830800
2015-12-07,35.3400,35.5600,35.1400,35.4900,30.5618,4787800
2015-12-08,34.9850,35.7750,34.9850,35.6650,30.7124,7499600
2015-12-09,35.3300,36.1050,34.7800,35.4050,30.4886,7386800
2015-12-10,35.5150,36.1100,35.4200,35.7400,30.7770,6824600
2015-12-11,35.2950,35.5700,35.0900,35.2800,30.3809,6573600
2015-12-14,35.3500,35.7800,35.2100,35.4650,30.5402,6822600
2015-12-15,35.8000,35.9900,35.2050,35.2250,30.3336,5990400
2015-12-16,35.6250,35.9950,35.3100,35.9250,30.9363,5847000
2015-12-17,36.2250,36.3700,35.3150,35.3250,30.4197,6540400
2015-12-18,35.3000,35.3100,34.6450,34.6600,29.8470,9951800
2015-12-21,34.8350,35.0750,34.5500,34.8050,29.9719,5214400
2015-12-22,35.0350,35.4050,34.8600,35.2000,30.3120,6065200
2015-12-23,35.4650,35.6600,34.9800,35.6500,30.6995,3798000
2015-12-24,35.4950,35.6450,35.3100,35.4450,30.5230,1771600
2015-12-28,35.3250,35.6000,35.1750,35.3350,30.4283,3599200
2015-12-29,35.5700,36.1300,35.4750,35.8800,30.8976,3558600
2015-12-30,35.8650,35.9650,35.6650,35.6800,30.7254,2787000
2015-12-31,35.5050,35.8250,35.4450,35.4550,30.5316,3592000
2016-01-04,34.9450,35.4350,34.7850,35.4150,30.4972,7517600
2016-01-05,35.4200,35.9900,35.2900,35.9700,30.9751,8426400
2016-01-06,35.3400,35.6950,34.8050,35.0450,30.1785,8907200
2016-01-07,34.5000,35.4100,34.5000,34.9950,30.1355,9653600
2016-01-08,35.1150,35.2450,33.3800,33.4650,28.8179,12188600
2016-01-11,33.5500,34.0400,33.5000,33.9000,29.1925,7736000
2016-01-12,34.4050,34.8550,34.0050,34.4600,29.6748,5549000
2016-01-13,34.6100,34.6200,33.8200,33.8450,29.1452,6169800
2016-01-14,33.8500,34.6200,33.4950,34.2350,29.4810,6743400
2016-01-15,33.2450,33.9900,33.2450,33.7550,29.0677,7846400
2016-01-19,34.0850,34.3350,33.7100,34.0700,29.3389,6562600
2016-01-20,33.6750,34.0500,32.8200,33.7250,29.0418,7498200
2016-01-21,33.6500,34.0900,33.3900,33.9250,29.2141,7644200
2016-01-22,34.3600,34.8900,34.2950,34.4750,29.6877,6650000
2016-01-25,34.5350,34.6600,34.1150,34.3800,29.6059,4817600
2016-01-26,34.4350,35.0800,34.3200,34.8450,30.0063,4453600
2016-01-27,34.8500,35.2000,34.4200,34.5950,29.7910,4484400
2016-01-28,34.7750,34.8050,34.3850,34.6950,29.8771,3821000
2016-01-29,34.9350,35.7700,34.7550,35.6200,30.6737,8097000
2016-02-01,35.4700,36.2450,35.2350,36.1050,31.0914,6372600
2016-02-02,36.4550,36.6900,36.1550,36.4250,31.3669,7232600
2016-02-03,36.5750,36.6450,35.5000,35.9900,30.9923,6323000
2016-02-04,35.4350,35.7600,34.8600,35.3800,30.4670,6250800
2016-02-05,35.6550,35.7650,33.9500,33.9800,29.2614,9205200
2016-02-08,33.7350,34.1500,33.4100,34.0100,29.2873,8739600
2016-02-09,33.7650,35.1100,33.7600,34.8250,30.0820,9131400
2016-02-10,35.1250,35.4850,34.6400,34.6900,29.9654,5394800
2016-02-11,34.0850,34.7000,33.7050,33.9550,29.3305,7182200
2016-02-12,34.4100,34.9700,33.9050,34.9350,30.1770,6438000
2016-02-16,35.5200,35.9100,35.1650,35.6850,30.8248,7850400
2016-02-17,35.8000,36.1850,35.6950,35.8950,31.0062,6856600
2016-02-18,35.8000,36.0000,35.3800,35.8050,30.9285,5887400
2016-02-19,35.4450,35.8500,35.1250,35.7950,30.9198,5930800
2016-02-22,36.1950,36.6650,36.0100,36.5150,31.5418,7373800
2016-02-23,36.5150,36.7850,36.1050,36.3450,31.3949,9213000
2016-02-24,36.5900,37.3250,35.8700,37.1200,32.0644,18575000
2016-02-25,36.9750,37.5700,36.6150,37.5400,32.4272,10118600
2016-02-26,37.5050,37.9150,37.1700,37.8200,32.6691,12228600
2016-02-29,37.7450,37.8700,37.0300,37.0500,32.0039,9188000
2016-03-01,37.1800,37.7500,37.0400,37.7350,32.5956,5745200
2016-03-02,37.5750,37.8750,37.3300,37.7200,32.5827,4489400
2016-03-03,37.5400,37.6200,37.0000,37.6100,32.4877,5720600
2016-03-04,37.6100,37.8700,37.2600,37.7000,32.5654,6391400
2016-03-07,37.6150,38.0950,37.4850,37.6850,32.5525,7228200
2016-03-08,37.5900,38.0200,37.5250,37.6950,32.5611,4904800
2016-03-09,37.8600,37.8800,37.3400,37.4750,32.3710,3763000
2016-03-10,37.7750,37.8800,37.2200,37.7500,32.6086,4629600
2016-03-11,37.8700,38.0600,37.4550,37.7450,32.6043,5639400
2016-03-14,37.8000,38.0650,37.7200,37.9400,32.7727,4526800
2016-03-15,37.7000,38.3050,37.6300,38.0250,32.8461,5705000
2016-03-16,37.8350,38.2500,37.6000,38.1600,32.9628,5912400
2016-03-17,38.0600,38.7450,38.0600,38.6100,33.3515,5365600
2016-03-18,38.6250,38.9650,38.6250,38.9600,33.6538,10689000
2016-03-21,38.8600,39.2300,38.7800,38.9250,33.6236,6170400
2016-03-22,38.7100,39.0700,38.6850,38.9050,33.6063,6160800
2016-03-23,38.7650,39.0100,38.5500,38.8600,33.5674,5483600
2016-03-24,38.6150,38.8550,38.5400,38.5600,33.3083,5357000
2016-03-28,38.7100,39.1100,38.6050,38.8800,33.5847,3296000
2016-03-29,38.9000,39.3350,38.8800,39.3100,33.9561,3601200
2016-03-30,39.4100,39.5050,39.1200,39.3400,33.9820,5148400
2016-03-31,39.4400,39.6000,39.1300,39.1750,33.8395,7487800
2016-04-01,39.1100,39.4950,39.0050,39.3900,34.0252,9416600
2016-04-04,39.5000,39.6000,39.1600,39.2800,33.9302,3818400
2016-04-05,39.0500,39.2450,38.7850,38.8550,33.5631,4527000
2016-04-06,38.8150,38.8650,38.3400,38.7950,33.5113,6600800
2016-04-07,38.5900,38.6350,37.9150,38.0950,32.9066,6540000
2016-04-08,38.1400,38.3100,37.8450,38.0900,32.9023,6215800
2016-04-11,38.0000,38.2650,37.6850,37.7250,32.5870,5397000
2016-04-12,37.7600,38.0750,37.5000,38.0200,32.8418,5336800
2016-04-13,38.2800,38.3850,38.0050,38.3150,33.0966,5220400
2016-04-14,38.2850,38.3300,37.9300,38.1650,32.9671,5441200
2016-04-15,38.2100,38.6950,38.1650,38.6500,33.3860,4631800
2016-04-18,38.5750,38.9350,38.5750,38.8150,33.5285,4980800
2016-04-19,39.0500,39.1000,38.6700,38.8600,33.5674,3549200
2016-04-20,38.9900,39.2000,38.7650,38.8100,33.5242,5298600
2016-04-21,38.7600,38.9950,38.4450,38.5050,33.2608,3747400
2016-04-22,38.5050,38.5950,38.2300,38.2650,33.0534,4850800
2016-04-25,38.2150,38.4000,38.0100,38.2500,33.0405,4320800
2016-04-26,38.3000,38.5950,38.0950,38.5800,33.3255,3581200
2016-04-27,38.5800,39.0250,38.4300,38.8700,33.5761,4424200
2016-04-28,38.6450,38.9100,38.3450,38.4450,33.2089,3382400
2016-04-29,38.3850,38.3850,37.7450,37.9100,32.7468,5499400
2016-05-02,38.0950,38.9350,38.0300,38.9000,33.6020,5751600
2016-05-03,38.5950,38.7250,38.1250,38.5150,33.2694,3989800
2016-05-04,38.2900,38.6250,38.1750,38.5050,33.2608,3380400
2016-05-05,38.4250,38.5700,38.0150,38.2700,33.0578,4687000
2016-05-06,38.1300,38.3350,37.8300,38.3050,33.0880,4353800
2016-05-09,38.4750,39.1050,38.2300,38.8900,33.5933,4488600
2016-05-10,39.0600,39.1300,38.2550,38.3150,33.2077,7238400
2016-05-11,37.4100,37.5650,37.0000,37.0150,32.0810,12314400
2016-05-12,37.1100,37.4150,36.7350,37.1400,32.1893,13179800
2016-05-13,36.5600,37.4000,36.2900,36.3400,31.4959,14002600
2016-05-16,36.5600,37.6050,36.3950,37.5950,32.5836,16294400
2016-05-17,39.0800,39.1900,37.1800,37.7950,32.7570,27945800
2016-05-18,37.5050,37.6550,36.9100,37.3600,32.3800,11597400
2016-05-19,37.3850,38.0600,37.2800,37.9000,32.8480,7990000
2016-05-20,37.6350,37.9100,37.4650,37.7200,32.6920,7149200
2016-05-23,37.7350,37.9500,37.3100,37.3500,32.3713,5828400
2016-05-24,37.6200,37.7750,37.3700,37.6200,32.6053,5491600
2016-05-25,37.7750,37.8850,37.3750,37.6600,32.6400,5267400
2016-05-26,38.0550,38.3250,37.8100,37.9600,32.9000,5808600
2016-05-27,38.0050,38.3400,37.9250,38.3250,33.2163,4655000
2016-05-31,38.2550,38.3450,37.8850,38.0600,32.9866,7059400
2016-06-01,37.9350,38.3750,37.9050,38.3000,33.1946,5361600
2016-06-02,38.2400,38.5650,38.1400,38.5000,33.3680,5445600
2016-06-03,38.2300,38.4400,38.1300,38.2150,33.1210,4801800
2016-06-06,38.3250,38.3550,37.7650,38.0000,32.9346,4030800
2016-06-07,37.9500,38.4300,37.9200,38.1300,33.0473,4601600
2016-06-08,38.3250,38.6000,38.1450,38.4850,33.3550,4854800
2016-06-09,38.4300,38.7000,38.3600,38.6550,33.5023,3747600
2016-06-10,38.4550,38.5550,38.2050,38.4850,33.3550,4788000
2016-06-13,38.2300,38.4750,37.9950,38.0000,32.9346,5772600
2016-06-14,37.9250,38.1150,37.7350,38.0950,33.0170,5486400
2016-06-15,38.1150,38.4000,37.9250,37.9600,32.9000,6651800
2016-06-16,37.9000,38.0800,37.6450,37.9450,32.8870,6309000
2016-06-17,37.9150,38.0050,37.5750,37.8250,32.7830,9844200
2016-06-20,38.1750,38.5950,38.1750,38.3050,33.1990,6311800
2016-06-21,38.4700,38.7550,38.1950,38.6300,33.4807,6684600
2016-06-22,38.7900,38.9800,38.5050,38.5150,33.3810,4574800
2016-06-23,38.8250,38.9350,38.3000,38.4400,33.3160,4230600
2016-06-24,37.4250,37.9250,37.2400,37.3300,32.3540,9947400
2016-06-27,37.0350,37.1150,36.2150,36.7650,31.8643,9791800
2016-06-28,37.0050,37.3800,36.8400,37.2750,32.3063,8891200
2016-06-29,37.5650,38.2250,37.5100,38.1550,33.0690,6872000
2016-06-30,38.2250,38.6250,37.9250,38.6150,33.4677,6289400
2016-07-01,38.6250,38.8050,38.3750,38.4800,33.3506,4264800
2016-07-05,38.3600,38.6000,38.1100,38.3100,33.2033,4515200
2016-07-06,38.2900,38.8300,38.1800,38.8050,33.6323,6384600
2016-07-07,38.6700,38.8250,38.4050,38.6350,33.4850,5379000
2016-07-08,38.8750,39.5000,38.8550,39.4800,34.2174,5724400
2016-07-11,39.3850,39.5850,39.2250,39.3750,34.1263,5389000
2016-07-12,39.3900,39.4150,39.1350,39.2550,34.0224,6048000
2016-07-13,39.4000,39.4000,39.0100,39.0750,33.8663,4991800
2016-07-14,39.3950,39.4150,38.9350,39.0250,33.8230,5342400
2016-07-15,39.1550,39.2400,38.8550,38.9050,33.7190,5143400
2016-07-18,39.1900,39.7350,39.1700,39.6300,34.3474,7778000
2016-07-19,39.7700,39.9350,39.5750,39.6750,34.3864,5219000
2016-07-20,39.7950,39.9400,39.6200,39.8350,34.5250,4877000
2016-07-21,39.7950,39.8950,39.4400,39.5650,34.2910,4473200
2016-07-22,39.7100,39.9850,39.5450,39.9150,34.5944,3929000
2016-07-25,40.0250,40.4650,39.9550,40.3800,34.9974,6022000
2016-07-26,40.3600,40.6250,40.2150,40.6000,35.1881,7133600
2016-07-27,40.7750,40.8450,40.4950,40.5900,35.1794,6935600
2016-07-28,40.5000,40.6800,40.2600,40.6200,35.2054,4782000
2016-07-29,40.6050,40.9400,40.5400,40.8600,35.4134,5566000
2016-08-01,40.8400,41.0350,40.6350,40.9300,35.4741,4984000
2016-08-02,40.8150,40.8500,40.1450,40.1700,34.8154,5183400
2016-08-03,39.7700,40.3550,39.5800,40.3550,34.9757,5749800
2016-08-04,40.3850,40.7100,40.3350,40.6450,35.2271,5167800
2016-08-05,40.8050,41.0350,40.6850,40.9900,35.5261,5233200
2016-08-08,41.0750,41.1400,40.7300,40.7900,35.3527,6443000
2016-08-09,40.6500,40.7750,40.3650,40.4500,35.1701,4802000
2016-08-10,40.6000,40.8450,40.5050,40.7700,35.4484,5487000
2016-08-11,41.5000,41.7700,40.6500,41.2150,35.8353,7481600
2016-08-12,41.0900,41.5050,41.0250,41.4350,36.0266,5457000
2016-08-15,41.8200,41.8200,41.2000,41.3850,35.9831,11108400
2016-08-16,40.1350,40.5450,38.9650,38.9850,33.8964,25043800
2016-08-17,38.9100,39.5450,38.7500,39.0950,33.9920,13493800
2016-08-18,39.1850,39.2900,38.8350,38.9050,33.8268,7870200
2016-08-19,38.9450,39.7200,38.9000,39.6750,34.4963,12661400
2016-08-22,39.6300,39.6750,39.2850,39.5500,34.3876,6607800
2016-08-23,39.7150,39.7250,39.3450,39.3450,34.2094,5615600
2016-08-24,39.2650,39.4950,39.2200,39.2900,34.1616,5144600
2016-08-25,39.2350,39.4900,39.1200,39.4000,34.2572,8944600
2016-08-26,39.4050,39.7500,39.2600,39.3450,34.2094,8106600
2016-08-29,39.2850,39.5700,39.2100,39.2850,34.1572,5629800
2016-08-30,39.2250,39.2850,38.6500,38.7400,33.6833,6917200
2016-08-31,38.7350,38.9000,38.4900,38.7200,33.6660,7270600
2016-09-01,38.8200,38.9200,38.4200,38.8650,33.7920,6823600
2016-09-02,38.8750,38.9100,38.6050,38.8400,33.7703,6229800
2016-09-06,38.7500,38.7550,38.4600,38.6700,33.6225,6293800
2016-09-07,38.6700,38.8900,38.5850,38.7750,33.7138,5691800
2016-09-08,38.6500,38.7550,38.0200,38.1100,33.1356,9876600
2016-09-09,37.8550,37.8600,37.3800,37.3800,32.5009,9241800
2016-09-12,37.3800,37.8650,37.3600,37.7800,32.8486,9965600
2016-09-13,37.4950,37.6450,37.0350,37.1550,32.3052,7404800
2016-09-14,37.1900,37.3000,36.9500,37.0850,32.2444,7124000
2016-09-15,37.0450,37.6100,36.9700,37.5200,32.6226,9713400
2016-09-16,37.3350,37.5450,37.1700,37.3350,32.4617,6980600
2016-09-19,37.5250,37.6300,37.3400,37.3450,32.4704,4379000
2016-09-20,37.5000,38.1500,37.4700,37.5300,32.6313,7023600
2016-09-21,37.5950,38.0700,37.5550,38.0500,33.0834,4917600
2016-09-22,38.3000,38.5650,38.0650,38.2500,33.2573,6088400
2016-09-23,38.2400,38.3500,37.9500,38.0100,33.0486,7207200
2016-09-26,37.8250,37.8250,37.4150,37.5900,32.6835,6792200
2016-09-27,37.6350,37.7600,37.4700,37.6200,32.7095,5677600
2016-09-28,37.6350,37.7350,37.0800,37.1950,32.3400,5352800
2016-09-29,37.2750,37.3300,36.9200,36.9350,32.1139,5617800
2016-09-30,37.2650,37.4850,37.0850,37.3900,32.5096,6235800
2016-10-03,37.2150,37.4100,37.1550,37.1750,32.3226,6552000
2016-10-04,37.2150,37.4700,37.0800,37.1950,32.3400,5425600
2016-10-05,37.2100,37.4500,37.0600,37.1000,32.2574,4222200
2016-10-06,36.9900,37.2000,36.7800,37.1100,32.2661,5151400
2016-10-07,37.4350,37.5750,36.6200,36.8700,32.0574,9986400
2016-10-10,37.3100,37.6100,37.2250,37.4150,32.5313,6037600
2016-10-11,37.2650,37.4200,37.0900,37.1150,32.2705,5692200
2016-10-12,37.0900,37.7750,37.0200,37.6950,32.7747,5655000
2016-10-13,37.5400,37.5450,36.9500,37.2350,32.3748,5763200
2016-10-14,37.3350,37.3700,37.1050,37.1150,32.2705,5169400
2016-10-17,37.0300,37.0900,36.5950,36.6600,31.8748,4212600
2016-10-18,36.9000,36.9850,36.2550,36.5800,31.8053,4191600
2016-10-19,36.7000,36.8000,36.3900,36.7300,31.9357,4338600
2016-10-20,36.8500,36.9250,36.6150,36.6450,31.8618,3109600
2016-10-21,36.6250,36.8500,36.4000,36.7450,31.9487,3987800
2016-10-24,36.9350,37.1150,36.8050,37.0900,32.2487,3898800
2016-10-25,36.8350,36.9450,36.4850,36.8100,32.0053,4966400
2016-10-26,36.6300,37.1450,36.5700,37.0450,32.2096,3554400
2016-10-27,37.0150,37.1350,36.5550,36.5900,31.8140,4552000
2016-10-28,36.6550,36.9850,36.5150,36.7400,31.9444,2952000
2016-10-31,36.7750,36.9150,36.6150,36.8750,32.0618,5346600
2016-11-01,36.8400,36.8800,36.1700,36.2350,31.5053,5711400
2016-11-02,36.1650,36.5750,36.1500,36.3700,31.6227,5465000
2016-11-03,36.4400,36.5900,35.8150,35.9000,31.2140,5312600
2016-11-04,36.0350,36.2550,35.8650,35.9600,31.2662,5981600
2016-11-07,36.4000,36.6750,36.1700,36.6650,31.8792,8519000
2016-11-08,36.5650,36.8500,36.4050,36.6150,31.9490,6728600
2016-11-09,35.9450,37.0750,35.7500,36.9700,32.2588,7750600
2016-11-10,37.1950,38.0400,37.1950,37.6950,32.8914,10312800
2016-11-11,37.4450,37.7550,37.3100,37.6950,32.8914,6923800
2016-11-14,37.7600,38.0200,36.9800,37.1100,32.3809,11516200
2016-11-15,36.6500,37.3250,36.1600,36.7450,32.0624,12345200
2016-11-16,36.7500,38.2600,36.7500,38.1950,33.3276,12935600
2016-11-17,38.0400,38.5700,37.7200,38.5500,33.6374,10430200
2016-11-18,38.4700,38.9650,38.2350,38.8650,33.9123,9735200
2016-11-21,38.7400,38.8600,38.5900,38.8350,33.8861,9923000
2016-11-22,38.9800,39.8600,38.8950,39.6550,34.6016,10983400
2016-11-23,39.5150,39.8550,39.4450,39.7150,34.6539,5142000
2016-11-25,39.6800,39.8950,39.5350,39.6200,34.5711,2733200
2016-11-28,39.4150,39.6200,39.2700,39.3250,34.3137,5920800
2016-11-29,39.3900,39.5800,39.3400,39.4050,34.3835,6361800
2016-11-30,39.2300,39.5250,39.1250,39.1700,34.1784,8293800
2016-12-01,39.0400,39.2800,38.7700,38.8350,33.8861,6984600
2016-12-02,38.8350,38.9850,38.4800,38.5500,33.6374,6391800
2016-12-05,38.5700,38.9900,38.4450,38.6650,33.7378,8377800
2016-12-06,38.7650,38.7900,38.5300,38.7200,33.7858,5204600
2016-12-07,38.7200,39.1300,38.6450,39.0950,34.1130,7124800
2016-12-08,39.1700,39.2700,38.8450,38.9900,34.0214,5861800
2016-12-09,39.0500,39.1300,38.6000,39.0150,34.0431,5646200
2016-12-12,38.8400,38.9350,38.3700,38.5450,33.6331,7829600
2016-12-13,38.6700,39.2950,38.4750,39.1300,34.1435,7857600
2016-12-14,39.1600,39.2700,38.6100,38.6500,33.7247,7289600
2016-12-15,38.7150,38.9600,38.5400,38.7100,33.7770,6195600
2016-12-16,38.7500,38.8750,38.3100,38.3850,33.4934,11429600
2016-12-19,38.3650,38.7300,38.3200,38.4700,33.5676,6061600
2016-12-20,38.6000,38.9350,38.4550,38.8100,33.8643,5037800
2016-12-21,38.6900,38.9350,38.5100,38.7250,33.7901,4599200
2016-12-22,38.5900,38.6050,38.0950,38.2200,33.3495,5495400
2016-12-23,38.2200,38.4500,38.1400,38.2200,33.3495,3180800
2016-12-27,38.2650,38.4300,38.0150,38.1250,33.2666,2499200
2016-12-28,38.1500,38.1900,37.6150,37.6550,32.8565,4329600
2016-12-29,37.7850,37.9950,37.7400,37.8550,33.0310,3731000
2016-12-30,37.9700,38.1300,37.4800,37.5650,32.7779,4633400
2017-01-03,37.7800,37.9650,37.4700,37.7250,32.9175,7643000
2017-01-04,37.9050,38.3650,37.8950,38.3100,33.4280,6695400
2017-01-05,37.7000,38.2600,37.4950,38.0750,33.2230,9958600
2017-01-06,38.0200,38.2750,37.9050,37.9900,33.1488,6947400
2017-01-09,37.9300,38.2900,37.9300,38.0500,33.2011,6437600
2017-01-10,37.9550,38.6050,37.9050,38.3450,33.4585,7689400
2017-01-11,38.2950,38.4200,37.7650,38.1150,33.2578,5807000
2017-01-12,37.9900,38.0500,37.6100,37.9650,33.1270,6780200
2017-01-13,37.9100,38.2300,37.8900,37.9650,33.1270,5234000
2017-01-17,38.0400,38.6000,38.0000,38.3750,33.4847,6864200
2017-01-18,38.4900,38.5350,38.1300,38.3400,33.4542,6431000
2017-01-19,38.2550,38.3500,37.5250,37.5400,32.7561,8397400
2017-01-20,37.6550,37.7750,37.2950,37.7450,32.9350,8272400
2017-01-23,37.5900,37.6850,37.1950,37.2450,32.4987,6105000
2017-01-24,37.3600,37.4700,37.1450,37.2950,32.5423,7966400
2017-01-25,37.4600,37.7600,37.3200,37.7150,32.9088,6617000
2017-01-26,37.7400,37.8500,37.5000,37.5300,32.7474,4746200
2017-01-27,37.6500,37.7350,36.9850,37.1300,32.3984,5186400
2017-01-30,37.1350,37.1600,36.6950,37.0200,32.3024,5353000
2017-01-31,36.7250,37.4950,36.6250,37.4600,32.6863,10055400
2017-02-01,37.5350,37.6400,37.1550,37.3400,32.5816,7634200
2017-02-02,37.3200,37.7650,37.1500,37.4650,32.6907,8668000
2017-02-03,37.3800,37.9150,37.3450,37.7350,32.9263,8495200
2017-02-06,37.5250,37.8200,37.4700,37.6650,32.8652,7469200
2017-02-07,37.5850,37.7500,37.5000,37.6150,32.9352,4672200
2017-02-08,37.5600,37.8850,37.5250,37.7550,33.0578,7997800
2017-02-09,37.7550,38.2650,37.7550,38.0550,33.3205,6350800
2017-02-10,38.1200,38.6000,37.9600,38.5250,33.7320,7343200
2017-02-13,38.6550,38.8000,38.3050,38.4500,33.6664,6971400
2017-02-14,38.4000,39.0750,38.3200,39.0400,34.1829,8086200
2017-02-15,39.1200,39.2350,38.8550,39.1150,34.2486,6765800
2017-02-16,39.0250,39.0400,38.3100,38.4150,33.6357,10997400
2017-02-17,38.3150,38.7250,38.1900,38.5950,33.7933,12285800
2017-02-21,38.7000,38.7050,38.0150,38.1200,33.3774,17787800
2017-02-22,38.5400,38.8500,37.7250,38.1750,33.4256,18270600
2017-02-23,38.4000,39.4400,38.4000,38.9050,34.0647,18138800
2017-02-24,38.8000,39.4000,38.7650,39.1250,34.2574,10806800
2017-02-27,39.1250,39.4350,39.0800,39.3100,34.4194,8865800
2017-02-28,39.1150,39.3350,38.7700,39.2250,34.3449,12518800
2017-03-01,39.4900,39.5000,38.9400,39.2250,34.3449,12873000
2017-03-02,39.1400,39.8600,39.0550,39.6950,34.7565,7851400
2017-03-03,39.5500,39.6350,39.2050,39.4100,34.5069,5849800
2017-03-06,39.2550,39.4800,39.1800,39.3000,34.4106,5672400
2017-03-07,39.1850,39.5000,39.1100,39.1500,34.2793,6364400
2017-03-08,39.1100,39.4300,39.0650,39.2250,34.3449,6377200
2017-03-09,39.1800,39.2750,38.9200,38.9700,34.1217,5658400
2017-03-10,39.1450,39.2100,38.5300,39.0900,34.2267,5936000
2017-03-13,38.9950,39.2350,38.8050,39.0300,34.1742,4938400
2017-03-14,39.1300,39.3200,39.0100,39.1400,34.2705,4767600
2017-03-15,39.1250,39.6600,39.0850,39.5900,34.6645,6538200
2017-03-16,39.7500,39.8250,39.4800,39.6100,34.6820,7679400
2017-03-17,39.8050,39.8200,39.3800,39.6100,34.6820,10223400
2017-03-20,39.6050,39.6100,38.9600,39.0900,34.2267,7905400
2017-03-21,39.2500,39.3600,38.8350,39.0450,34.1873,5887600
2017-03-22,39.0250,39.3700,38.8450,39.3200,34.4281,5003400
2017-03-23,39.3650,39.5400,39.1400,39.2150,34.3362,5504200
2017-03-24,39.1350,39.3100,38.9550,39.2150,34.3362,5612200
2017-03-27,38.9200,39.2450,38.8200,39.1750,34.3012,6205400
2017-03-28,39.1350,39.4450,39.0800,39.3550,34.4587,9353000
2017-03-29,39.4050,39.9800,39.2700,39.8400,34.8834,6476600
2017-03-30,39.7250,39.9200,39.6700,39.8850,34.9228,3761200
2017-03-31,39.8200,39.9850,39.5100,39.5400,34.6207,5430200
2017-04-03,39.6450,39.6800,39.0650,39.1650,34.2924,7079600
2017-04-04,39.1550,39.1650,38.3100,38.3550,33.5832,10849400
2017-04-05,38.4000,38.5300,37.9050,37.9650,33.2417,9552800
2017-04-06,38.1750,38.6900,38.1750,38.4000,33.6226,7543400
2017-04-07,38.3100,38.3950,38.0400,38.0450,33.3118,7189800
2017-04-10,38.0500,38.4100,37.9000,38.0100,33.2811,6252000
2017-04-11,37.9850,38.5050,37.9050,38.4950,33.7057,8550000
2017-04-12,38.6050,38.6050,38.3050,38.5450,33.7495,7882200
2017-04-13,38.5100,38.6850,38.3850,38.4050,33.6270,5707000
2017-04-17,38.5400,38.5900,38.0950,38.2400,33.4825,5060200
2017-04-18,38.2500,38.5950,38.1300,38.4200,33.6401,4344600
2017-04-19,38.5700,38.6200,38.3700,38.4500,33.6664,4035400
2017-04-20,38.5850,39.1650,38.5800,39.0850,34.2224,6308400
2017-04-21,39.0650,39.2950,38.9650,39.2800,34.3931,6104400
2017-04-24,39.5650,39.6200,39.1000,39.3100,34.4194,4829400
2017-04-25,39.3550,39.4800,39.1350,39.3900,34.4894,4545200
2017-04-26,39.4800,39.7400,39.3300,39.4600,34.5507,4404000
2017-04-27,39.4750,39.5500,39.2400,39.4850,34.5726,4598400
2017-04-28,39.4650,39.4750,39.0300,39.3200,34.4281,5419200
2017-05-01,39.4450,39.4650,38.8250,38.8250,33.9947,4067600
2017-05-02,38.8950,39.4550,38.8100,39.4550,34.5463,6405200
2017-05-03,39.4450,39.6600,39.2850,39.5700,34.6470,5854600
2017-05-04,39.5000,39.5800,39.2500,39.4850,34.5726,4734800
2017-05-05,39.6150,39.6250,39.2150,39.3450,34.4500,5780000
2017-05-08,39.4450,39.4850,39.1050,39.2500,34.3668,6552000
2017-05-09,39.1400,39.7150,39.0850,39.4900,34.7154,6493800
2017-05-10,39.5150,40.4600,39.3900,40.3600,35.4802,9874400
2017-05-11,40.1000,40.1050,39.3600,39.7350,34.9308,8713800
2017-05-12,39.5350,39.5350,38.5100,38.6550,33.9813,11910000
2017-05-15,38.7500,38.9150,38.3150,38.4500,33.8011,11815200
2017-05-16,36.8100,37.6850,36.5150,36.8800,32.4209,30643600
2017-05-17,36.8800,37.9600,36.8750,37.3850,32.8649,20090600
2017-05-18,37.4800,37.6850,37.1800,37.2400,32.7374,11622600
2017-05-19,37.3900,37.4000,36.5650,37.1350,32.6451,16200800
2017-05-22,37.2800,37.7250,37.1600,37.6450,33.0935,10872800
2017-05-23,37.6300,37.6450,37.1300,37.2000,32.7023,10835400
2017-05-24,37.2700,37.3500,36.9850,36.9950,32.5220,11123200
2017-05-25,37.1900,37.8650,37.0950,37.6850,33.1286,9097400
2017-05-26,37.8000,37.9200,37.6150,37.7650,33.1989,5496600
2017-05-30,37.6650,37.8500,37.3800,37.4250,32.9001,6939800
2017-05-31,37.5850,37.6800,37.4050,37.6050,33.0583,7954600
2017-06-01,37.8800,38.0300,37.5200,37.9500,33.3616,5530600
2017-06-02,37.7000,37.8950,37.4300,37.6100,33.0627,6952800
2017-06-05,37.5100,37.7950,37.3850,37.5150,32.9792,5087000
2017-06-06,37.3350,37.4250,36.9400,36.9850,32.5133,7778800
2017-06-07,37.1650,37.3400,37.0100,37.0950,32.6100,5436200
2017-06-08,37.0950,37.3100,36.3600,36.3900,31.9902,10310000
2017-06-09,36.3950,37.0400,36.1450,36.8400,32.3858,9353200
2017-06-12,36.7650,37.2400,36.7650,36.8850,32.4254,7417600
2017-06-13,36.9200,37.1100,36.7750,36.9550,32.4869,6415400
2017-06-14,36.8650,36.9250,36.4350,36.5850,32.1616,7714600
2017-06-15,36.5650,36.6500,35.8400,36.2700,31.8847,7819200
2017-06-16,35.9350,36.2550,35.7000,36.2200,31.8407,11545000
2017-06-19,36.3050,36.3500,35.7950,36.1750,31.8012,7778000
2017-06-20,36.0350,36.0900,35.0750,35.0900,30.8474,14403600
2017-06-21,34.9500,35.3750,34.4250,34.7000,30.5045,14474800
2017-06-22,34.7050,34.7250,34.2700,34.3750,30.2188,12287800
2017-06-23,34.3600,34.6850,34.1100,34.6350,30.4474,12230400
2017-06-26,34.8950,35.1700,34.7100,34.9700,30.7419,7687800
2017-06-27,34.8500,35.1150,34.8250,34.9800,30.7507,7125800
2017-06-28,35.1400,35.7650,35.0700,35.7050,31.3880,9648800
2017-06-29,35.6900,35.7950,35.3950,35.5400,31.2430,8988000
2017-06-30,35.7450,36.2750,35.6650,36.0850,31.7221,12423600
2017-07-03,36.3250,36.6050,35.7650,35.7850,31.4584,5938000
2017-07-05,35.8550,35.8550,35.1300,35.5900,31.2869,10277400
2017-07-06,35.3250,35.4250,35.0550,35.1450,30.8957,9383600
2017-07-07,35.2500,35.4650,35.1100,35.1750,30.9221,8533800
2017-07-10,35.0950,35.1450,34.3000,34.3400,30.1880,7759600
2017-07-11,34.3000,34.4600,34.1750,34.3000,30.1529,9519200
2017-07-12,34.3850,34.5750,34.3550,34.4650,30.2979,6893200
2017-07-13,34.6650,35.0150,34.6200,34.9900,30.7595,10021800
2017-07-14,35.1100,35.2600,34.7900,34.9000,30.6803,7418200
2017-07-17,34.9000,35.3950,34.8550,35.1800,30.9265,8482200
2017-07-18,35.1350,35.2350,34.8450,34.9750,30.7463,5696600
2017-07-19,35.0500,35.3100,34.9500,35.1500,30.9001,10121800
2017-07-20,35.1550,35.3400,34.7650,34.8000,30.5924,9760200
2017-07-21,34.6450,34.7150,34.1500,34.4600,30.2935,9621800
2017-07-24,34.3000,34.3000,33.3300,33.4500,29.4057,14687400
2017-07-25,33.6350,34.6350,33.6100,34.3500,30.1969,11730600
2017-07-26,34.4650,34.4750,34.0550,34.2350,30.0957,10048000
2017-07-27,34.2250,34.8700,34.1600,34.8200,30.6100,9348600
2017-07-28,34.8400,35.0300,34.5750,34.8000,30.5924,6867000
2017-07-31,34.8750,35.2200,34.5900,35.1550,30.9045,8441400
2017-08-01,35.2000,35.4700,35.1350,35.3600,31.0847,7076200
2017-08-02,35.1450,35.4400,35.0000,35.2550,30.9924,6852800
2017-08-03,35.2550,35.3100,34.5350,34.8000,30.5924,9416800
2017-08-04,34.8750,35.1850,34.7650,35.0800,30.8386,6646400
2017-08-07,35.0250,35.4400,35.0250,35.3400,31.0672,5566000
2017-08-08,35.4050,36.0450,35.3500,35.7500,31.5674,10749600
2017-08-09,35.6200,35.7550,35.2800,35.6300,31.4614,7745800
2017-08-10,35.3450,35.3900,34.8950,35.1300,31.0199,9474000
2017-08-11,35.0550,35.7750,34.9900,35.5350,31.3775,9866600
2017-08-14,35.8150,35.8750,34.6500,34.8100,30.7373,15373000
2017-08-15,34.8750,35.9050,34.4450,35.0800,30.9758,16432400
2017-08-16,35.3800,35.8550,35.1150,35.7950,31.6071,11446400
2017-08-17,35.5400,35.5600,35.0900,35.1250,31.0155,10500200
2017-08-18,35.1500,35.6100,35.0000,35.2350,31.1126,13310200
2017-08-21,35.2450,35.8350,35.0750,35.7300,31.5497,10439400
2017-08-22,35.7950,35.9750,35.5650,35.8000,31.6115,8857600
2017-08-23,35.7400,35.9150,35.5400,35.7950,31.6071,8798400
2017-08-24,36.2800,36.6050,35.3300,35.4450,31.2981,13381000
2017-08-25,35.6500,36.0650,35.5050,35.8350,31.6424,5931800
2017-08-28,36.0000,36.1000,35.8050,35.9000,31.6998,9468600
2017-08-29,35.6700,35.8050,35.4200,35.7450,31.5630,6457400
2017-08-30,35.7050,36.1400,35.6100,36.0250,31.8102,6433000
2017-08-31,35.9150,36.2200,35.9150,36.1500,31.9206,9065400
2017-09-01,36.2200,36.4100,36.0800,36.1900,31.9559,5649400
2017-09-05,36.0850,36.2850,35.8600,36.1700,31.9382,6549400
2017-09-06,36.1950,36.5500,36.1700,36.5150,32.2429,6046000
2017-09-07,36.7500,36.8250,36.2750,36.4600,32.1943,5414600
2017-09-08,36.4850,36.4950,35.8600,36.1950,31.9603,5362800
2017-09-11,36.1950,36.5000,36.0000,36.4200,32.1590,6392600
2017-09-12,36.5050,37.1500,36.5000,36.7700,32.4680,5713800
2017-09-13,36.8350,37.1100,36.7000,36.7450,32.4459,7606000
2017-09-14,36.7550,36.7800,36.4300,36.6050,32.3223,6972600
2017-09-15,36.5950,36.8950,36.2800,36.8700,32.5563,8045600
2017-09-18,36.9400,36.9500,36.5650,36.7100,32.4151,3889400
2017-09-19,36.7950,36.8300,36.4050,36.4150,32.1546,5666800
2017-09-20,36.4000,36.4050,35.9700,36.2100,31.9735,9761200
2017-09-21,36.2700,36.5850,36.2150,36.4100,32.1502,7468000
2017-09-22,36.3250,36.4450,36.0750,36.2250,31.9868,8517400
2017-09-25,36.2600,36.9950,36.1500,36.9150,32.5961,10140000
2017-09-26,37.0000,37.1900,36.7600,36.8900,32.5740,5863600
2017-09-27,36.9250,37.1900,36.6850,37.0800,32.7418,4674000
2017-09-28,37.0250,37.1150,36.7600,36.9750,32.6490,4917200
2017-09-29,37.0450,37.1850,36.8100,36.8650,32.5519,5973000
2017-10-02,36.8450,36.8850,36.3700,36.7000,32.4062,5896200
2017-10-03,36.7550,36.9850,36.6400,36.9100,32.5917,3970200
2017-10-04,36.8200,36.9350,36.5500,36.8250,32.5166,5613800
2017-10-05,36.7150,36.9450,36.6000,36.9050,32.5872,7773800
2017-10-06,36.7500,36.9800,36.5500,36.8000,32.4945,4127400
2017-10-09,36.8200,36.9300,36.4050,36.5150,32.2429,3640000
2017-10-10,36.5500,36.6200,36.0750,36.1250,31.8985,5822000
2017-10-11,36.2300,36.4650,36.1050,36.2750,32.0309,5910000
2017-10-12,36.2150,36.2150,35.5650,35.8900,31.6910,6957800
2017-10-13,35.8950,36.2300,35.7750,36.0350,31.8190,5299000
2017-10-16,35.8850,35.9100,35.4000,35.5850,31.4217,6183000
2017-10-17,35.5600,35.9450,35.5300,35.9000,31.6998,5210200
2017-10-18,35.8500,35.9950,35.5800,35.6500,31.4791,6874000
2017-10-19,35.6500,35.8500,35.5350,35.7050,31.5276,6904600
2017-10-20,35.8850,36.1650,35.8000,36.0450,31.8279,6701800
2017-10-23,36.0050,36.4200,35.9150,36.1000,31.8764,5615000
2017-10-24,36.1400,36.3000,35.8250,35.8700,31.6733,5328600
2017-10-25,35.8700,35.9750,35.5350,35.7200,31.5409,6299800
2017-10-26,35.7300,35.9700,35.4750,35.7350,31.5541,6558600
2017-10-27,35.6650,35.6700,35.1150,35.2700,31.1435,8995600
2017-10-30,35.1000,35.1100,34.4500,34.6750,30.6181,9031400
2017-10-31,35.3000,35.5800,34.7550,34.9000,30.8168,7563600
2017-11-01,35.1400,35.2000,34.6900,34.8600,30.7815,5835600
2017-11-02,35.0000,35.2750,34.8100,35.1050,30.9978,5883400
2017-11-03,34.9900,34.9900,34.2600,34.3000,30.2870,8599000
2017-11-06,34.3200,34.5950,34.0750,34.1150,30.1237,9608400
2017-11-07,34.1450,34.3650,33.9950,34.1500,30.1546,9966000
2017-11-08,33.9000,34.2350,33.7350,33.9900,30.1515,9541600
2017-11-09,33.9750,34.9450,33.8700,34.6250,30.7147,10346200
2017-11-10,34.6900,35.1200,34.5700,35.1100,31.1450,12163400
2017-11-13,35.1200,36.0300,35.0450,35.3800,31.3845,18013200
2017-11-14,33.8000,34.7950,33.2200,33.9700,30.1337,34174200
2017-11-15,33.7550,34.7800,33.5000,34.5200,30.6216,20352800
2017-11-16,34.5550,34.7600,34.3750,34.5300,30.6305,9703600
2017-11-17,34.6750,35.6800,34.6750,35.5100,31.4998,15719400
2017-11-20,35.5450,35.7650,35.2900,35.5950,31.5752,12259400
2017-11-21,35.4900,35.6400,35.0500,35.6150,31.5929,8843400
2017-11-22,35.5650,35.6750,35.2200,35.2850,31.3002,7535800
2017-11-24,35.5800,35.7250,35.3750,35.4350,31.4333,3206800
2017-11-27,35.4750,35.7000,35.2500,35.4800,31.4732,8922200
2017-11-28,35.5300,36.3750,35.4350,36.3250,32.2228,9285200
2017-11-29,36.3750,37.8700,36.3150,37.3900,33.1675,14984200
2017-11-30,37.1550,38.1100,37.0900,37.7750,33.5090,12560200
2017-12-01,37.6500,38.0950,37.2300,37.6750,33.4203,10435600
2017-12-04,37.8750,38.9700,37.8300,38.5000,34.1521,10717200
2017-12-05,38.0400,38.2000,37.7800,37.8000,33.5312,13641000
2017-12-06,37.7400,38.0650,37.5250,37.5250,33.2873,6365800
2017-12-07,37.6800,37.6800,36.8750,36.9200,32.7506,10558000
2017-12-08,37.0050,37.0450,36.5650,36.9400,32.7683,9540800
2017-12-11,36.8700,36.8750,36.4600,36.6500,32.5111,12004600
2017-12-12,36.5250,36.8900,36.5250,36.8100,32.6530,10407800
2017-12-13,36.9600,37.1350,36.7500,36.9500,32.7772,8416600
2017-12-14,37.1900,37.2100,36.6800,36.7100,32.5643,8148200
2017-12-15,36.9450,37.4700,36.7750,37.0850,32.8969,13935600
2017-12-18,37.2650,37.8200,37.2250,37.7350,33.4735,7242800
2017-12-19,37.9000,38.0950,37.5750,38.0300,33.7352,10503000
2017-12-20,38.0600,38.3100,37.8700,37.9000,33.6199,7444600
2017-12-21,37.6850,38.3350,37.6550,38.1500,33.8417,7292800
2017-12-22,38.2350,38.2500,37.8750,38.1250,33.8195,5993000
2017-12-26,38.2000,38.7450,38.1750,38.7250,34.3517,4435600
2017-12-27,38.7250,38.8200,38.4050,38.4850,34.1388,4209200
2017-12-28,38.5050,38.5550,38.0400,38.1900,33.8771,4520400
2017-12-29,38.3400,38.4800,38.2200,38.2300,33.9126,4752200
2018-01-02,38.4300,38.7800,38.2300,38.3450,34.0146,6881400
2018-01-03,38.0100,38.0800,37.4200,37.6550,33.4026,9258800
2018-01-04,37.6150,37.7950,37.1350,37.7150,33.4558,7599800
2018-01-05,37.7650,38.6000,37.7650,38.5750,34.2187,7729000
2018-01-08,38.5850,38.6800,37.6600,37.8250,33.5534,7883000
2018-01-09,37.8400,38.0250,37.5250,37.7500,33.4868,8376400
2018-01-10,37.7700,38.2750,37.6000,38.1350,33.8284,6656800
2018-01-11,38.0750,38.5000,37.8750,38.4400,34.0989,5397800
2018-01-12,38.5750,39.4000,38.5250,39.1400,34.7199,7825400
2018-01-16,39.3850,39.3850,38.1500,38.2950,33.9703,7647400
2018-01-17,38.3600,38.6200,38.0400,38.2900,33.9659,7595000
2018-01-18,38.3700,38.9500,38.3300,38.6250,34.2630,5074800
2018-01-19,38.7950,39.4500,38.5600,39.4450,34.9904,9128400
2018-01-22,39.4700,39.7900,39.1550,39.7300,35.2432,8736600
2018-01-23,39.5800,39.7900,39.3400,39.6600,35.1811,7822600
2018-01-24,39.6000,39.9300,39.3300,39.6250,35.1501,6937400
2018-01-25,39.7900,39.8400,39.3700,39.6300,35.1545,4852600
2018-01-26,39.8600,40.2800,39.3950,40.2550,35.7089,7546400
2018-01-29,40.1050,40.6150,40.1050,40.4150,35.8509,7882800
2018-01-30,40.4000,40.7300,39.9950,40.1750,35.6380,9984400
2018-01-31,40.1950,40.5400,39.8800,40.1600,35.6247,11270600
2018-02-01,40.0300,40.3650,39.7800,40.0500,35.5271,6082000
2018-02-02,39.6450,39.9950,38.9550,39.2350,34.8041,11470200
2018-02-05,39.0400,39.5750,38.0250,38.0300,33.7352,10812800
2018-02-06,37.0000,38.2600,36.6850,37.9950,33.7042,11889800
2018-02-07,38.1200,38.5800,37.8850,38.1000,33.7973,12023400
2018-02-08,38.2700,38.4050,37.1750,37.1800,32.9812,10940000
2018-02-09,37.2950,38.1250,36.4100,37.8200,33.5489,15882000
2018-02-12,38.1250,38.1900,37.2700,37.8550,33.5800,10206800
2018-02-13,37.7550,38.0950,37.5100,37.7750,33.5090,6666600
2018-02-14,37.5450,38.4650,37.4850,38.2850,34.1027,8596600
2018-02-15,38.5850,38.9900,38.0800,38.9900,34.7307,9808400
2018-02-16,38.9850,39.5650,38.9350,38.9400,34.6862,8217600
2018-02-20,38.6400,38.7950,38.0900,38.1850,34.0136,7274800
2018-02-21,38.2700,38.5750,37.9050,37.9200,33.7776,7272000
2018-02-22,38.0250,38.3900,37.9250,38.2000,34.0270,5683000
2018-02-23,38.4250,38.9950,38.3000,38.9800,34.7218,6448800
2018-02-26,39.2600,39.4900,38.7800,39.4250,35.1182,9020800
2018-02-27,39.8550,40.1200,38.6500,38.6550,34.4323,10695000
2018-02-28,41.9250,42.3950,41.0850,41.3400,36.8240,30077200
2018-03-01,41.1050,42.2700,40.5000,41.4200,36.8952,17762200
2018-03-02,40.8000,41.9550,40.8000,41.8250,37.2560,11112000
2018-03-05,41.7500,42.0200,41.6500,41.9150,37.3362,8423600
2018-03-06,41.9650,42.2200,41.7350,42.1950,37.5856,7967400
2018-03-07,41.6700,42.2600,41.2450,41.3150,36.8017,13295200
2018-03-08,41.6500,41.9000,41.2200,41.3300,36.8151,12822200
2018-03-09,41.4500,41.5950,40.7250,41.3350,36.8195,12639200
2018-03-12,41.2500,41.3600,40.8700,41.2350,36.7304,7141600
2018-03-13,41.3700,41.6300,41.0950,41.1500,36.6547,7518600
2018-03-14,41.2750,41.4050,40.7200,40.9400,36.4677,8172400
2018-03-15,41.0300,41.0500,40.5400,40.6700,36.2272,6009200
2018-03-16,40.6400,41.1200,40.6050,40.7050,36.2583,11732000
2018-03-19,40.7050,41.0200,40.5100,40.6950,36.2494,5299000
2018-03-20,40.8400,41.0450,40.6200,40.9200,36.4499,6760400
2018-03-21,40.9400,41.7050,40.7900,41.4400,36.9130,7234800
2018-03-22,41.0650,41.2900,40.4750,40.5000,36.0757,9109000
2018-03-23,40.7550,40.8050,39.8800,39.9400,35.5769,7377800
2018-03-26,40.3200,40.7250,40.2450,40.5350,36.1069,8426000
2018-03-27,40.4650,40.7650,40.0600,40.2200,35.8263,7267400
2018-03-28,40.4400,41.1250,40.2850,40.3450,35.9377,6111800
2018-03-29,40.5600,41.1050,40.5050,40.7800,36.3251,6764400
2018-04-02,40.8650,41.1800,39.8600,40.2800,35.8798,7230800
2018-04-03,40.3650,41.1850,40.3150,41.1650,36.6681,7943000
2018-04-04,40.8600,42.0800,40.6650,41.9850,37.3985,6186400
2018-04-05,42.1250,42.6050,41.8450,42.4800,37.8394,7424600
2018-04-06,42.2950,42.5000,41.4550,41.7200,37.1625,5758000
2018-04-09,42.0650,42.1050,41.2700,41.3050,36.7928,9939800
2018-04-10,41.7850,41.7850,40.9800,41.1850,36.6859,7118200
2018-04-11,40.8550,41.7000,40.8100,41.0250,36.5434,9074400
2018-04-12,41.3300,41.6000,41.0300,41.2650,36.7572,10267000
2018-04-13,41.4200,41.4300,40.4700,40.6300,36.1915,7904200
2018-04-16,40.9950,41.5900,40.8450,41.3700,36.8507,6903600
2018-04-17,41.7500,42.1050,41.7000,41.7250,37.1669,6501600
2018-04-18,41.8350,42.2400,41.5600,41.5900,37.0467,4879200
2018-04-19,41.5050,41.7950,41.1000,41.3200,36.8062,6375400
2018-04-20,41.2900,41.4300,40.9700,41.2400,36.7349,7545800
2018-04-23,41.2700,41.8150,41.1600,41.6150,37.0689,4530400
2018-04-24,41.7900,42.1800,41.3800,41.5450,37.0066,6077600
2018-04-25,41.4200,41.7900,41.1300,41.6650,37.1135,4648200
2018-04-26,41.7900,42.5650,41.5150,42.5500,37.9018,6064800
2018-04-27,42.6250,43.3650,42.4100,43.2500,38.5253,7967600
2018-04-30,43.4000,43.6200,42.4000,42.4250,37.7904,8206000
2018-05-01,42.3900,42.3950,41.2900,41.7850,37.2204,6359800
2018-05-02,41.6000,42.1500,41.2100,41.7650,37.2025,6230600
2018-05-03,41.7450,42.0050,41.0650,41.7800,37.2159,6035800
2018-05-04,41.5600,41.6800,41.1300,41.4150,36.8908,6286200
2018-05-07,41.4750,41.4750,40.6500,40.9450,36.4721,5787600
2018-05-08,40.9850,41.3200,40.8250,41.2900,36.7794,5070200
2018-05-09,41.2950,41.9750,41.1850,41.9450,37.3629,6315400
2018-05-10,41.6950,41.8250,41.1550,41.6350,37.0867,6141600
2018-05-11,41.6200,42.2100,41.5700,42.0350,37.4430,4849000
2018-05-14,42.2900,42.6800,42.2100,42.4600,37.8216,7048400
2018-05-15,42.4900,42.9900,42.3950,42.7950,38.1200,5343800
2018-05-16,42.9950,43.6550,42.5250,42.5950,38.1155,6624200
2018-05-17,42.4550,43.4000,42.4550,43.1350,38.5988,9906200
2018-05-18,42.8650,43.0200,42.2750,42.3950,37.9366,11738400
2018-05-21,42.4100,42.7100,42.0250,42.3500,37.8963,9916000
2018-05-22,43.3500,44.3750,42.8100,43.7250,39.1267,16548200
2018-05-23,43.4550,44.2750,43.4100,43.9450,39.3236,12248800
2018-05-24,43.7200,44.7400,43.7200,44.3700,39.7039,8095000
2018-05-25,44.0800,44.3500,43.9950,44.0550,39.4220,6272800
2018-05-29,43.9900,44.3900,43.7900,44.1850,39.5383,5492400
2018-05-30,44.2250,44.9500,44.0950,44.8900,40.1692,8086400
2018-05-31,44.9250,45.4250,44.7250,45.1600,40.4108,10903000
2018-06-01,45.2650,45.6200,45.1400,45.2100,40.4555,7984200
2018-06-04,45.7350,46.4900,45.5650,46.4750,41.5875,7549800
2018-06-05,46.5000,47.0400,46.1950,47.0150,42.0707,8378600
2018-06-06,47.0850,47.1950,46.4250,47.1500,42.1915,8988200
2018-06-07,47.3450,47.7900,47.1000,47.2500,42.2810,7813200
2018-06-08,47.1900,47.6350,47.0650,47.4700,42.4779,6063800
2018-06-11,47.4750,47.8500,47.2600,47.5050,42.5092,5432000
2018-06-12,47.4950,47.9550,47.1200,47.7100,42.6926,6814400
2018-06-13,47.6350,47.8450,47.2400,47.3650,42.3839,6288000
2018-06-14,47.3150,47.5850,46.9650,47.2800,42.3078,5440600
2018-06-15,47.2450,47.6250,47.1250,47.5850,42.5808,9489200
2018-06-18,47.3700,48.3150,47.2550,47.9800,42.9342,7662600
2018-06-19,47.4050,47.9250,47.3200,47.8750,42.8403,5693200
2018-06-20,48.1900,48.4100,47.9000,48.3600,43.2743,6138200
2018-06-21,48.0050,48.2800,47.4950,48.1450,43.0819,6338600
2018-06-22,48.1650,48.2250,47.3350,47.5400,42.5405,7841800
2018-06-25,47.6400,48.0500,47.2850,47.6050,42.5987,5661200
2018-06-26,47.0450,47.6150,46.8100,47.5850,42.5808,5374800
2018-06-27,47.6100,48.1550,47.0700,47.1050,42.1513,5050200
2018-06-28,47.2150,47.8200,47.0100,47.6650,42.6524,5973000
2018-06-29,48.0350,48.2250,47.5850,47.5900,42.5853,5812000
2018-07-02,47.3950,47.5550,47.1100,47.4550,42.4644,5682800
2018-07-03,47.6400,47.8900,47.4250,47.5750,42.5718,2616600
2018-07-05,47.6750,47.8150,47.3200,47.5350,42.5360,5192000
2018-07-06,47.4900,47.9750,47.4700,47.7750,42.7508,5006000
2018-07-09,48.0000,48.0750,47.7150,47.8500,42.8179,4201000
2018-07-10,47.7650,47.8000,47.1850,47.5150,42.5181,9527800
2018-07-11,47.2750,47.8800,47.2550,47.6800,42.6658,5032000
2018-07-12,47.5150,47.6800,47.0950,47.1250,42.1691,8791800
2018-07-13,47.1400,47.6900,47.0950,47.6650,42.6524,4376000
2018-07-16,47.7150,47.7950,47.3450,47.5950,42.5897,3691000
2018-07-17,47.5550,48.3700,47.5550,48.1500,43.0864,6034400
2018-07-18,48.1800,48.4150,47.8700,48.3100,43.2295,5564200
2018-07-19,48.2900,48.9850,48.2500,48.8450,43.7083,5905200
2018-07-20,48.6300,49.0100,48.4800,48.5350,43.4309,5287400
2018-07-23,48.5800,49.0600,48.5500,48.7800,43.6501,4408200
2018-07-24,48.9400,48.9400,48.2650,48.5050,43.4040,4872000
2018-07-25,48.5400,48.9200,48.3850,48.8400,43.7038,5311000
2018-07-26,49.0150,49.4700,48.6450,48.7600,43.6322,4894800
2018-07-27,48.8250,49.1450,48.1650,48.2750,43.1982,3510800
2018-07-30,48.5500,48.9100,48.2750,48.3850,43.2966,4374800
2018-07-31,48.4550,48.8350,48.2600,48.6300,43.5159,6127800
2018-08-01,48.5000,48.9250,48.0150,48.2050,43.1356,5472600
2018-08-02,48.1400,48.7650,47.9600,48.7300,43.6054,6055400
2018-08-03,48.9250,49.1350,48.3750,48.7950,43.6635,4275200
2018-08-06,48.7950,49.1950,48.7900,49.1300,43.9633,3398800
2018-08-07,49.1300,49.4250,48.7800,49.3700,44.1781,4524800
2018-08-08,49.5500,49.9500,49.4900,49.8650,44.6210,4771000
2018-08-09,50.0000,50.2250,49.7250,49.9050,44.6568,4639400
2018-08-10,49.8650,50.6150,49.6800,50.3500,45.0550,7651000
2018-08-13,50.6300,50.7450,49.6150,49.6750,44.4510,6956600
2018-08-14,49.8000,50.5950,49.8000,50.5000,45.1892,9137800
2018-08-15,50.0450,50.5000,49.4350,49.4950,44.4616,6394400
2018-08-16,49.8500,50.3050,49.0900,49.7650,44.7041,7578400
2018-08-17,49.7250,50.2650,49.6000,50.1750,45.0724,6324200
2018-08-20,50.5750,50.9000,49.9050,50.8250,45.6563,10065600
2018-08-21,53.5000,53.6300,52.3000,53.2300,47.8168,18130600
2018-08-22,53.1400,53.7800,52.5300,52.8800,47.5024,11654600
2018-08-23,52.8150,53.8700,52.8150,53.7250,48.2614,8616600
2018-08-24,53.2400,54.1600,53.1500,54.0300,48.5354,10367000
2018-08-27,54.2850,54.3250,53.6800,53.7300,48.2659,6968800
2018-08-28,53.8000,53.8900,53.2750,53.8050,48.3333,4490000
2018-08-29,53.8100,54.4250,53.5250,54.2700,48.7510,5676000
2018-08-30,54.2500,54.7500,54.1000,54.2600,48.7420,5216800
2018-08-31,54.1800,55.0600,54.1700,54.9850,49.3933,6886400
2018-09-04,55.2400,55.9000,55.0100,55.7200,50.0536,8690800
2018-09-05,55.7200,55.9400,55.1150,55.5650,49.9143,6934200
2018-09-06,55.7900,55.9550,55.2250,55.3000,49.6763,7569400
2018-09-07,55.2000,55.5650,54.9000,54.9650,49.3753,8610000
2018-09-10,55.3000,55.7150,55.2300,55.4050,49.7706,9585200
2018-09-11,55.2950,55.5000,54.8550,55.1950,49.5819,6416200
2018-09-12,55.2550,55.5650,54.7450,55.1450,49.5370,8262800
2018-09-13,54.9450,55.2500,54.2950,54.4900,48.9486,8158400
2018-09-14,54.0550,54.4150,53.6600,54.3850,48.8543,9089600
2018-09-17,53.9100,54.2500,53.7100,53.9800,48.4905,7939000
2018-09-18,53.9650,54.8700,53.7900,54.5350,48.9891,9306000
2018-09-19,54.3700,54.8250,54.0950,54.6900,49.1283,4317400
2018-09-20,54.6800,54.8500,54.1800,54.7750,49.2047,6284200
2018-09-21,55.0150,55.3450,54.7150,54.8550,49.2765,12975000
2018-09-24,54.8300,55.2200,54.5250,54.8600,49.2810,5432800
2018-09-25,55.0850,55.3150,54.9150,55.1600,49.5505,6972600
2018-09-26,55.6250,56.1700,55.2800,55.8700,50.1883,6463000
2018-09-27,55.8050,56.1950,55.7000,55.9050,50.2197,4517600
2018-09-28,55.9350,56.3700,55.8200,56.0100,50.3140,6800400
2018-10-01,56.4000,56.6400,56.0850,56.1150,50.4084,7203400
2018-10-02,56.1600,56.3050,55.1750,55.2100,49.5954,6995800
2018-10-03,55.3250,55.6000,54.9350,55.1700,49.5595,5260400
2018-10-04,55.1050,55.3600,54.9500,55.1400,49.5325,5773600
2018-10-05,55.2250,55.7800,54.8700,55.1500,49.5415,4762000
2018-10-08,55.0250,55.5800,55.0250,55.4050,49.7706,5167400
2018-10-09,55.5850,56.0800,55.3650,55.7000,50.0356,6138600
2018-10-10,55.7600,55.7850,54.1950,54.3200,48.7959,6799800
2018-10-11,54.4000,55.2400,53.5800,53.8800,48.4007,8031400
2018-10-12,54.3700,55.2550,54.0650,54.7200,49.1552,6610000
2018-10-15,54.6900,55.5600,54.5250,55.2550,49.6358,5064400
2018-10-16,55.2850,56.2400,54.9400,56.1250,50.4174,6195800
2018-10-17,55.7550,55.9950,54.7600,55.4000,49.7661,7907200
2018-10-18,55.2750,55.4650,54.3400,54.8200,49.2451,6845800
2018-10-19,54.7950,54.8600,53.4600,53.6300,48.1761,9622600
2018-10-22,54.3400,54.6150,54.0400,54.3250,48.8004,8609400
2018-10-23,53.8500,54.0800,52.5700,53.4550,48.0189,8655800
2018-10-24,53.3600,54.3950,53.0150,53.1150,47.7135,7752000
2018-10-25,53.2450,53.7000,52.7950,53.2500,47.8347,9646000
2018-10-26,53.1550,53.5150,52.5650,53.2700,47.8527,8174800
2018-10-29,53.7550,55.0950,53.6300,54.2000,48.6881,14275600
2018-10-30,54.4550,55.4600,54.2050,55.0850,49.4831,9714800
2018-10-31,55.6500,55.6850,54.4350,54.9400,49.3529,9776200
2018-11-01,54.8850,55.4450,54.5350,55.0700,49.4696,6602000
2018-11-02,55.5700,56.1850,54.5200,54.7450,49.1777,9024800
2018-11-05,54.7450,55.5000,54.3300,55.1400,49.5325,5950000
2018-11-06,55.1750,55.4900,54.3450,54.7750,49.2047,5561600
2018-11-07,55.0100,55.5400,53.9900,55.4200,49.7841,5858400
2018-11-08,55.8800,56.0000,55.2000,55.5400,49.8919,5783500
2018-11-09,55.6800,55.8100,55.0900,55.6400,49.9817,6533400
2018-11-12,56.0400,56.1800,54.5000,54.5700,49.0205,6583600
2018-11-13,54.5400,54.6400,53.6300,53.7500,48.2839,7612900
2018-11-14,54.3800,54.5700,52.5800,52.6400,47.4589,9181700
2018-11-15,52.0200,52.4700,51.3900,52.4700,47.3057,9144800
2018-11-16,51.8600,51.8600,50.8700,51.4900,46.4221,13371700
2018-11-19,51.3300,51.7000,48.5400,48.9600,44.1412,17398800
2018-11-20,46.0000,48.7600,45.5600,46.8200,42.2118,16289600
2018-11-21,46.9500,47.5200,46.1200,46.1600,41.6167,10857300
2018-11-23,46.1800,46.4400,45.4300,45.8600,41.3463,3968900
2018-11-26,46.3500,46.8400,45.7600,46.1200,41.5807,8434600
2018-11-27,45.8500,46.1600,45.1300,45.5500,41.0668,7457300
2018-11-28,45.9900,47.9000,45.9100,47.8500,43.1404,12062300
2018-11-29,48.7100,48.7700,46.7100,47.4900,42.8158,8099100
2018-11-30,47.5800,49.0500,47.4700,48.8500,44.0420,17529300
2018-12-03,49.1400,49.3600,47.9000,48.3900,43.6272,11667200
2018-12-04,48.5200,48.7700,46.9400,47.1700,42.5273,10420500
2018-12-06,46.7000,46.8600,45.7400,46.4600,41.8872,12052300
2018-12-07,46.3700,46.4100,45.0400,45.2900,40.8324,9689200
2018-12-10,45.5800,46.3700,45.0500,46.2100,41.6618,7120400
2018-12-11,46.7900,46.8600,45.4300,45.7300,41.2291,6308400
2018-12-12,46.2200,46.5600,45.7800,46.1000,41.5626,6825600
2018-12-13,46.2100,46.5000,45.3500,45.8100,41.3012,8450200
2018-12-14,45.4200,46.1900,45.1000,45.2200,40.7693,6990900
2018-12-17,44.8800,44.9900,44.0300,44.3400,39.9759,10883400
2018-12-18,44.3700,44.7500,43.8400,44.0700,39.7324,8398700
2018-12-19,44.3200,44.8500,43.2800,43.6400,39.3448,7474300
2018-12-20,43.5000,43.5000,41.9300,42.4300,38.2539,9826900
2018-12-21,42.4700,43.7000,41.6500,41.9300,37.8031,13766000
2018-12-24,41.6200,42.4100,41.4900,41.6300,37.5326,4140400
2018-12-26,41.7900,43.8400,41.7800,43.8400,39.5251,8182400
2018-12-27,43.3800,43.8600,42.3100,43.8400,39.5251,6101500
2018-12-28,44.1200,44.4500,43.4600,43.8100,39.4980,5045200
2018-12-31,44.1000,44.8600,44.0600,44.7400,40.3365,5582300
2019-01-02,44.2300,45.0400,44.1400,44.6600,40.2644,5939100
2019-01-03,44.5900,44.8700,43.8000,44.1900,39.8406,5887800
2019-01-04,44.8100,45.7000,44.7400,45.4000,40.9315,6325000
2019-01-07,45.3200,47.1300,45.3200,46.6200,42.0315,8441300
2019-01-08,46.8000,47.4400,46.0200,47.3100,42.6536,10044300
2019-01-09,47.4500,47.7600,46.9600,47.2700,42.6175,8048300
2019-01-10,46.2500,47.1300,45.6600,47.0900,42.4552,7279500
2019-01-11,46.9800,47.7400,46.8900,47.4600,42.7888,5301200
2019-01-14,47.1800,47.7700,46.4300,46.7800,42.1757,7577200
2019-01-15,46.9300,47.8200,46.6500,47.3200,42.6626,6105100
2019-01-16,47.0500,47.8100,47.0000,47.5300,42.8519,5984900
2019-01-17,47.4800,48.1600,47.3900,48.0000,43.2756,4114400
2019-01-18,48.2700,49.4300,48.2100,49.1600,44.3215,7061600
2019-01-22,48.8900,49.2000,48.3100,48.7400,43.9428,8387800
2019-01-23,48.8600,48.9100,48.2200,48.6400,43.8526,4649600
2019-01-24,48.8600,48.8800,48.4800,48.6800,43.8887,3776500
2019-01-25,49.1900,49.4500,48.7800,48.8700,44.0600,4996400
2019-01-28,48.6700,49.0100,48.4600,48.9600,44.1412,4803000
2019-01-29,49.0100,49.0400,48.4400,48.7400,43.9428,4362300
2019-01-30,48.8800,49.1800,48.6300,48.9000,44.0871,5408000
2019-01-31,48.8200,49.7300,48.7500,49.7300,44.8354,12254500
2019-02-01,49.5000,49.6900,48.6500,48.9000,44.0871,9875400
2019-02-04,48.8600,49.0000,48.1900,48.9900,44.1682,5626800
2019-02-05,49.1300,49.2600,48.6600,49.2200,44.3756,5408700
2019-02-06,49.3000,49.3000,48.5500,48.7600,43.9608,4790400
2019-02-07,48.4900,48.7700,48.2100,48.5200,43.7444,5264000
2019-02-08,48.3400,48.9400,48.3400,48.9400,44.1231,5760600
2019-02-11,48.9600,49.1900,48.7700,49.1000,44.2674,4718300
2019-02-12,49.2700,49.8300,49.0200,49.7500,44.8534,5033900
2019-02-13,49.6000,49.9500,49.1200,49.8900,45.1566,5948000
2019-02-14,49.5500,49.9400,49.1100,49.5000,44.8036,4613700
2019-02-15,49.9800,50.3300,49.8800,50.2300,45.4644,5949700
2019-02-19,50.2400,50.6200,49.9100,50.4800,45.6906,5057900
2019-02-20,50.4000,50.6000,50.2100,50.5100,45.7178,4959100
2019-02-21,50.6600,50.6600,49.9200,50.1300,45.3738,4893600
2019-02-22,50.3200,50.5300,50.1400,50.3500,45.5730,5261100
2019-02-25,50.5100,50.5400,49.3600,49.4000,44.7131,8754800
2019-02-26,49.5500,50.1800,49.3100,49.7200,45.0027,11408700
2019-02-27,49.8000,51.9400,49.6300,51.5600,46.6682,15552700
2019-02-28,51.7900,52.1800,51.0300,51.2900,46.4238,9411900
2019-03-01,51.8900,52.4900,51.8200,52.0200,47.0845,8700200
2019-03-04,52.1800,52.6800,51.0900,51.4100,46.5324,6051000
2019-03-05,51.6900,52.1200,51.4000,51.6600,46.7587,6014100
2019-03-06,51.9100,52.4900,51.6800,51.9300,47.0031,6707300
2019-03-07,51.3100,51.7900,50.7300,51.7500,46.8401,8552400
2019-03-08,51.2200,51.2600,50.3900,50.7200,45.9079,5324400
2019-03-11,50.8100,51.8700,50.7800,51.7000,46.7949,5823100
2019-03-12,51.8800,52.0400,51.4800,51.9400,47.0121,5653700
2019-03-13,52.1600,52.7300,51.9400,52.4800,47.5009,6512200
2019-03-14,52.3000,52.3500,51.8300,52.1000,47.1569,5546300
2019-03-15,52.1300,52.2900,51.5800,51.7700,46.8582,8431200
2019-03-18,51.7600,52.4600,51.6500,52.3500,47.3832,6956400
2019-03-19,52.4000,52.6400,51.9300,52.2200,47.2655,6264300
2019-03-20,52.1600,52.6400,51.8600,52.5400,47.5552,6271300
2019-03-21,52.3500,52.7500,52.3100,52.4900,47.5099,4127000
2019-03-22,52.3800,52.7300,52.0500,52.3400,47.3741,5132700
2019-03-25,52.2700,53.2500,52.1700,52.7900,47.7815,7067800
2019-03-26,53.0300,53.2800,52.6000,52.8400,47.8267,4507200
2019-03-27,52.8500,53.3100,52.6100,53.0600,48.0258,4804700
2019-03-28,53.3300,53.5100,52.9500,53.0600,48.0258,4448100
2019-03-29,53.1700,53.2900,52.9000,53.2100,48.1616,5887800
2019-04-01,53.5600,53.5600,52.9900,53.2100,48.1616,4849700
2019-04-02,53.2100,53.4400,52.9100,53.0800,48.0439,3931000
2019-04-03,53.4600,53.5900,53.0300,53.1700,48.1254,4359400
2019-04-04,53.1700,54.2600,53.0900,54.2500,49.1030,5155900
2019-04-05,54.2700,54.8100,54.0200,54.1100,48.9762,6679800
2019-04-08,54.0800,54.6000,54.0200,54.3300,49.1754,4572000
2019-04-09,54.0600,54.4100,53.7400,53.8200,48.7137,4155300
2019-04-10,53.9800,54.5500,53.8600,54.4400,49.2749,4676800
2019-04-11,54.4400,54.4400,53.8000,53.8900,48.7771,5013700
2019-04-12,53.9000,54.4600,53.9000,53.9700,48.8495,5209400
2019-04-15,54.0200,54.4100,54.0000,54.2400,49.0939,4026900
2019-04-16,54.4400,54.7900,54.3400,54.4900,49.3202,3639900
2019-04-17,54.8700,55.2400,54.7400,55.0600,49.8361,4945300
2019-04-18,55.0500,55.4800,54.9400,55.1200,49.8904,3577200
2019-04-22,54.9700,55.1700,54.3100,54.4100,49.2478,3761300
2019-04-23,54.4700,55.4300,54.4400,55.1900,49.9538,4718000
2019-04-24,55.2500,55.7800,55.2500,55.4200,50.1619,4714500
2019-04-25,55.2700,55.4700,54.5300,55.0800,49.8542,5487200
2019-04-26,54.8800,55.1100,54.5200,55.0600,49.8361,2731400
2019-04-29,54.9800,55.1800,54.7600,54.7800,49.5827,4540500
2019-04-30,54.8600,55.0200,54.5300,54.8800,49.6732,4737900
2019-05-01,54.8000,54.9000,53.9300,53.9400,48.8224,3319300
2019-05-02,54.0400,54.5100,53.8400,54.4500,49.2840,3515900
2019-05-03,54.5700,54.8800,54.0000,54.0300,48.9038,4916800
2019-05-06,53.4900,54.3800,53.2600,54.1900,49.0486,5692500
2019-05-07,53.9600,54.0800,52.9800,53.4200,48.3517,4456100
2019-05-08,53.3800,54.3400,53.1800,54.0100,48.8857,3747300
2019-05-09,53.7500,54.3500,53.3400,53.8400,48.7318,4971600
2019-05-10,53.8400,54.5700,53.1500,54.2400,49.0939,4895900
2019-05-13,53.5800,53.6200,51.9200,52.4800,47.5009,6723900
2019-05-14,52.8700,52.8700,52.0600,52.5800,47.5914,6681400
2019-05-15,52.0800,52.7100,51.7100,52.3400,47.5823,5323900
2019-05-16,52.4100,53.3800,52.3800,52.6900,47.9005,5239000
2019-05-17,52.2500,53.4000,52.2200,53.0400,48.2187,4645500
2019-05-20,52.9800,53.2400,52.7000,52.9700,48.1550,9723800
2019-05-21,53.5000,53.6500,51.2800,53.2600,48.4187,12248300
2019-05-22,52.3600,52.7700,51.3000,51.7200,47.0187,10859200
2019-05-23,51.3800,52.4800,51.1600,52.1600,47.4187,8858000
2019-05-24,52.2500,52.5900,51.4200,51.6200,46.9277,7673100
2019-05-28,51.5900,52.1100,50.0700,50.0700,45.5186,9810600
2019-05-29,49.5900,50.2100,49.0500,49.7300,45.2095,9046900
2019-05-30,50.2700,50.7200,50.2000,50.5600,45.9641,6509200
2019-05-31,50.1400,50.4300,49.8700,50.2900,45.7186,5393100
2019-06-03,50.2900,50.8500,49.6900,49.8900,45.3550,7498000
2019-06-04,50.4700,50.7000,50.1200,50.7000,46.0914,7401100
2019-06-05,50.9800,51.5000,50.8700,51.1600,46.5096,5711000
2019-06-06,50.7700,51.0800,50.5400,50.9000,46.2732,6033100
2019-06-07,51.3900,52.1500,51.0700,51.9200,47.2005,4594200
2019-06-10,52.2600,52.3900,51.5400,51.6300,46.9368,4644000
2019-06-11,51.9900,52.3900,51.7600,52.0600,47.3277,6101500
2019-06-12,52.0700,52.4300,51.8700,52.1300,47.3914,4067200
2019-06-13,52.4500,52.9100,52.2000,52.8200,48.0187,7546500
2019-06-14,52.9800,53.4600,52.8500,53.3400,48.4914,5459300
2019-06-17,53.2000,54.2100,53.1500,53.5600,48.6914,6854500
2019-06-18,54.0000,54.3800,53.5700,53.8300,48.9369,6708100
2019-06-19,53.8200,54.4600,53.3600,54.1400,49.2187,6312100
2019-06-20,54.5300,54.5600,53.6100,53.8300,48.9369,5289300
2019-06-21,53.8800,54.1200,52.9100,52.9300,48.1187,10912300
2019-06-24,52.9800,53.1100,52.6800,52.7800,47.9823,7225800
2019-06-25,53.1100,53.3000,52.8300,53.0500,48.2278,7990500
2019-06-26,53.0200,53.3300,52.5400,52.8500,48.0459,4954100
2019-06-27,52.9400,53.0300,52.3000,52.8800,48.0732,4907800
2019-06-28,52.9100,53.0500,52.6700,52.8800,48.0732,6454100
2019-07-01,53.4800,53.6000,52.5600,52.9600,48.1459,4079900
2019-07-02,53.0100,53.3100,52.5900,52.7800,47.9823,3678600
2019-07-03,52.7600,54.1200,52.7000,53.9200,49.0187,3341300
2019-07-05,53.9600,54.7100,53.7700,54.4300,49.4823,4093800
2019-07-08,54.4600,55.0400,54.2100,54.9500,49.9550,4246700
2019-07-09,54.8700,55.0600,54.4800,54.7900,49.8096,4668600
2019-07-10,54.9300,55.5200,54.6900,55.1600,50.1460,6568100
2019-07-11,55.4300,56.0600,55.2600,55.8600,50.7823,5616800
2019-07-12,56.0100,56.7500,55.8600,56.6900,51.5369,5366400
2019-07-15,56.6800,57.1500,56.1600,56.4700,51.3369,4108300
2019-07-16,56.3500,56.6900,56.0000,56.2200,51.1096,4374000
2019-07-17,56.1300,56.5300,56.0600,56.3000,51.1823,4200300
2019-07-18,55.8100,55.9700,54.9200,55.2200,50.2005,5754200
2019-07-19,55.5900,55.6500,54.6100,54.6400,49.6732,6749400
2019-07-22,54.6700,55.0200,54.0700,54.2000,49.2732,3318000
2019-07-23,54.5000,54.7300,54.1900,54.6500,49.6823,4521200
2019-07-24,54.7100,55.1300,54.4800,55.0000,50.0005,4926600
2019-07-25,54.8500,55.2400,54.5800,55.0500,50.0460,4294500
2019-07-26,55.0200,55.8600,54.8600,55.7600,50.6914,2883100
2019-07-29,55.6300,55.9000,55.3900,55.4400,50.4005,2935400
2019-07-30,55.3200,55.4000,54.9200,54.9800,49.9823,3918900
2019-07-31,54.9000,55.3400,54.0200,54.5600,49.6005,5961200
2019-08-01,54.7000,55.0600,52.4000,52.5900,47.8096,7937800
2019-08-02,52.5600,52.9200,52.1200,52.3600,47.6005,5353000
2019-08-05,51.7600,51.8300,50.1300,50.7000,46.0914,7504500
2019-08-06,50.8700,52.4900,50.7300,52.3500,47.5914,8014200
2019-08-07,51.7800,52.4900,51.4000,52.1700,47.4278,5364600
2019-08-08,52.5600,53.6000,52.3800,53.5300,48.6641,5850200
2019-08-09,53.5600,53.6400,52.7900,52.9600,48.1459,5654100
2019-08-12,52.7000,52.7900,51.5400,51.7200,47.0187,4679400
2019-08-13,51.5900,54.0300,51.3900,53.5400,48.6732,6367400
2019-08-14,51.8500,52.2200,51.3900,51.4300,46.9567,8708700
2019-08-15,51.4000,51.6200,49.8000,50.2000,45.8337,7416400
2019-08-16,50.9700,51.5800,50.3800,51.3900,46.9202,9015100
2019-08-19,52.0300,52.1400,51.0200,51.5500,47.0663,8093800
2019-08-20,50.0300,51.8200,49.3600,51.5100,47.0298,16460800
2019-08-21,52.2700,53.5200,51.6200,53.5000,48.8467,15877800
2019-08-22,53.6400,54.9700,53.5800,54.8800,50.1067,10671600
2019-08-23,54.2500,54.4500,52.8100,53.0900,48.4724,9037900
2019-08-26,53.3800,53.8400,53.0500,53.4500,48.8010,6056700
2019-08-27,53.8400,53.8900,53.2500,53.4100,48.7645,6653400
2019-08-28,53.2800,54.7700,53.1600,54.6100,49.8601,5327700
2019-08-29,54.9800,55.6900,54.6600,55.4000,50.5814,5956200
2019-08-30,55.8500,56.1400,54.9400,54.9700,50.1888,5841200
2019-09-03,54.6600,54.9900,53.9500,54.2700,49.5497,5049200
2019-09-04,54.4000,54.6800,54.2700,54.4000,49.6684,5254200
2019-09-05,55.0900,56.0800,54.9700,55.7700,50.9193,4950600
2019-09-06,55.7900,56.7500,55.7900,56.1400,51.2571,5746200
2019-09-09,56.2200,56.8600,55.9600,56.7900,51.8505,4461600
2019-09-10,56.9100,56.9900,55.9700,56.9200,51.9692,6133400
2019-09-11,56.8300,57.3100,56.3700,56.7000,51.7684,4451500
2019-09-12,56.7100,57.1500,56.4500,56.7500,51.8140,4761800
2019-09-13,56.9000,57.3000,56.5700,56.5800,51.6588,3583500
2019-09-16,55.2300,56.4400,55.0800,55.4300,50.6088,6358300
2019-09-17,55.9400,56.1900,55.4100,55.8900,51.0288,5961900
2019-09-18,55.8400,56.3800,55.6100,56.2700,51.3758,6090800
2019-09-19,56.5000,56.8400,56.2000,56.4600,51.5492,4110800
2019-09-20,56.6400,56.6800,54.7300,54.8100,50.0428,9441900
2019-09-23,54.6000,55.4500,54.2600,55.1900,50.3897,5170800
2019-09-24,55.5600,56.1700,55.0200,55.3000,50.4901,6113600
2019-09-25,55.5100,55.8800,55.2800,55.5200,50.6910,3411500
2019-09-26,55.5800,55.7700,54.8600,55.2200,50.4171,3515100
2019-09-27,55.3600,55.5500,54.5400,54.8300,50.0610,5689600
2019-09-30,55.2800,55.8700,55.1700,55.7400,50.8919,4416500
2019-10-01,55.9500,56.2900,55.2700,55.3900,50.5723,3854600
2019-10-02,54.9500,55.2200,54.1700,54.1900,49.4767,4873000
2019-10-03,54.0500,54.3000,53.0700,53.9800,49.2849,3643000
2019-10-04,54.3300,55.3600,54.1400,55.2900,50.4810,4160500
2019-10-07,55.0700,55.8900,54.9400,55.7300,50.8827,3809000
2019-10-08,55.3200,56.1500,55.0300,55.4200,50.5997,5418300
2019-10-09,55.7500,56.2800,55.5700,56.1100,51.2297,3745800
2019-10-10,56.0900,57.4600,56.0900,57.4300,52.4349,5858500
2019-10-11,58.0000,59.1500,57.8400,58.5700,53.4757,5040500
2019-10-14,58.5400,58.6600,58.1000,58.1200,53.0649,3201600
2019-10-15,58.2800,58.8000,58.1300,58.4800,53.3935,4914200
2019-10-16,58.5400,59.3800,58.3400,59.2900,54.1331,4725200
2019-10-17,59.5700,60.5400,59.4500,60.4900,55.2287,6368000
2019-10-18,60.4100,60.8900,60.1800,60.3600,55.1100,6026100
2019-10-21,60.6900,60.8400,59.3000,59.9100,54.6992,6152500
2019-10-22,60.0300,60.8600,59.8900,60.3600,55.1100,3321600
2019-10-23,60.1100,60.3200,59.4000,59.6800,54.4892,3898700
2019-10-24,59.9700,59.9700,58.9000,59.1100,53.9688,4238000
2019-10-25,58.8200,59.6700,58.6200,59.1000,53.9596,2829800
2019-10-28,59.0800,59.2300,58.3100,58.3400,53.2657,5101400
2019-10-29,58.5200,58.6500,57.5000,57.5100,52.5079,5309300
2019-10-30,57.5300,58.6200,57.3600,58.5600,53.4666,4665500
2019-10-31,58.4900,58.6900,57.5600,57.6500,52.6357,6221800
2019-11-01,58.0500,58.5900,57.9100,58.0100,52.9644,3486300
2019-11-04,58.4800,58.7700,58.2100,58.6500,53.5488,3033400
2019-11-05,59.2400,59.2400,58.3300,59.2200,54.0692,5906000
2019-11-06,59.1500,59.2200,58.6600,58.8300,53.7131,4052200
2019-11-07,59.1300,59.9300,59.0400,59.3000,54.1422,3935400
2019-11-08,59.3000,59.5400,58.8400,59.2300,54.0783,2340300
2019-11-11,58.8400,59.0000,58.3000,58.5500,53.4575,2978300
2019-11-12,58.4000,58.8400,58.1600,58.4000,53.3205,3496100
2019-11-13,58.2600,58.6500,57.6300,58.4400,53.5680,3978300
2019-11-14,58.5500,59.2400,58.3100,59.1800,54.2463,3323400
2019-11-15,59.7200,59.9600,59.0000,59.8200,54.8329,4752400
2019-11-18,59.7000,59.8800,59.1200,59.5500,54.5854,7015500
2019-11-19,60.2800,61.6900,59.8100,60.6400,55.5846,11468200
2019-11-20,60.5600,60.7800,58.7000,59.3200,54.3746,8673900
2019-11-21,59.1300,59.8700,59.0000,59.1200,54.1913,6924300
2019-11-22,59.2300,59.4900,58.6100,59.1800,54.2463,6193800
2019-11-25,59.3000,59.8300,58.9800,59.3500,54.4021,5297800
2019-11-26,59.1500,60.7000,59.1000,60.3500,55.3187,15894600
2019-11-27,60.6200,61.2300,60.4000,60.9700,55.8871,5236000
2019-11-29,61.1100,61.5000,60.8700,61.1300,56.0337,2425500
2019-12-02,61.2100,61.4100,60.3400,60.4000,55.3646,4831900
2019-12-03,59.8800,60.1700,59.3700,59.5000,54.5396,4781300
2019-12-04,59.7500,60.1600,59.5000,59.8800,54.8879,4481400
2019-12-05,60.0500,60.0600,59.1800,59.5700,54.6038,5160500
2019-12-06,60.0600,60.4900,59.7500,59.8400,54.8513,4901700
2019-12-09,60.0200,60.5900,60.0200,60.3600,55.3279,5364900
2019-12-10,60.4000,60.5100,59.9900,60.2400,55.2179,4117700
2019-12-11,60.2100,60.4400,59.9000,60.3900,55.3554,4059800
2019-12-12,60.5500,61.0800,60.1400,60.8600,55.7862,3981100
2019-12-13,60.8300,60.8300,59.8500,60.3700,55.3371,3525100
2019-12-16,60.7200,61.2600,60.5300,60.6000,55.5479,6259400
2019-12-17,60.7100,60.9600,60.5000,60.7500,55.6854,4755600
2019-12-18,60.9200,61.0400,60.4400,60.5000,55.4563,6273600
2019-12-19,60.3300,60.5100,59.9400,60.2500,55.2271,4318900
2019-12-20,61.0400,61.1500,59.9500,59.9800,54.9796,8193200
2019-12-23,59.9900,60.2400,59.8300,60.0400,55.0346,3907700
2019-12-24,60.0800,60.4100,59.9100,60.3800,55.3463,1166500
2019-12-26,60.5000,60.8700,60.3600,60.8200,55.7496,2584700
2019-12-27,61.0100,61.3000,60.5900,60.8500,55.7771,2943800
2019-12-30,60.7800,61.4700,60.3100,61.1700,56.0704,3493700
2019-12-31,61.1000,61.2300,60.6600,61.0600,55.9696,3631000
2020-01-02,61.3300,61.7000,61.0600,61.7000,56.5562,5190200
2020-01-03,61.0500,61.5700,60.7700,61.2400,56.1346,3229200
2020-01-06,61.2000,61.6400,60.9100,61.6300,56.4920,5223000
2020-01-07,61.2300,61.6700,61.1400,61.5900,56.4554,4586700
2020-01-08,61.7300,62.3900,61.7300,61.9200,56.7579,3658100
2020-01-09,62.0700,62.8400,62.0100,62.6400,57.4179,5584400
2020-01-10,62.6600,63.0300,62.2000,62.3400,57.1429,3853400
2020-01-13,62.3200,62.6600,62.0300,62.5200,57.3079,3486500
2020-01-14,62.5000,62.8000,62.0500,62.7200,57.4912,5316800
2020-01-15,62.5700,62.8500,61.7100,61.8000,56.6479,5020500
2020-01-16,62.2000,62.8300,62.1500,62.8100,57.5737,4114600
2020-01-17,62.8200,62.9800,62.4700,62.6800,57.4545,5382300
2020-01-21,62.4400,62.7600,62.0900,62.3000,57.1062,5090600
2020-01-22,62.7800,63.0100,62.4200,62.4300,57.2253,2943100
2020-01-23,62.3400,62.5300,61.9300,62.4500,57.2437,3529600
2020-01-24,62.4500,62.5000,60.9900,61.1900,56.0887,3909500
2020-01-27,60.2600,61.2200,60.1700,60.9300,55.8504,3795700
2020-01-28,60.9200,61.6400,60.7800,61.3000,56.1896,3928500
2020-01-29,61.6900,61.7800,61.0800,61.0900,55.9971,3449200
2020-01-30,60.6800,61.0100,60.0000,60.5000,55.4563,5375600
2020-01-31,60.3800,60.4600,58.8400,59.0400,54.1180,6151900
2020-02-03,59.6200,60.7700,59.4600,60.2400,55.2179,6333100
2020-02-04,61.2000,61.8700,61.0800,61.2800,56.1712,4266700
2020-02-05,62.0000,62.4500,61.8600,62.2200,57.0329,4353200
2020-02-06,62.4700,62.5000,61.8100,61.8200,56.6662,4588900
2020-02-07,61.6000,61.8500,61.1400,61.3800,56.2629,3727200
2020-02-10,61.4500,61.8700,61.1900,61.6500,56.5104,3449700
2020-02-11,62.2600,62.5600,61.8400,62.4600,57.2529,4490100
2020-02-12,62.7900,63.3700,62.3900,63.2900,58.2281,4304700
2020-02-13,63.0500,63.5100,62.8000,63.3600,58.2925,5195300
2020-02-14,63.6300,63.8900,63.1500,63.3800,58.3109,5472300
2020-02-18,63.3600,63.8600,63.0500,63.4600,58.3845,3498200
2020-02-19,63.5800,63.9200,63.3900,63.8100,58.7065,3384500
2020-02-20,64.0000,64.3000,63.1600,63.8700,58.7617,3015200
2020-02-21,63.5200,63.9200,63.0500,63.3100,58.2465,4681000
2020-02-24,61.6800,62.2300,61.2900,61.7500,56.8113,5638500
2020-02-25,61.9700,62.1200,59.6200,59.7200,54.9436,8317600
2020-02-26,64.1200,64.9500,63.2200,63.9900,58.8721,14677500
2020-02-27,61.7600,63.7000,60.0600,60.1200,55.3116,12640100
2020-02-28,58.8400,60.7200,58.1400,59.8000,55.0172,12935400
2020-03-02,60.2200,62.3200,59.3700,62.1900,57.2161,10155000
2020-03-03,62.1900,63.5900,59.7900,60.6100,55.7624,10092900
2020-03-04,61.0900,62.4400,60.1400,62.2700,57.2897,6853500
2020-03-05,60.5000,61.5400,59.1900,59.5700,54.8056,9162300
2020-03-06,57.2600,59.2600,57.0200,58.5600,53.8764,10401300
2020-03-09,55.3400,57.7200,54.8000,57.2000,52.6252,11188700
2020-03-10,58.5600,59.1300,55.6800,57.9700,53.3336,12575500
2020-03-11,56.7300,57.3500,55.3000,55.6100,51.1623,12107500
2020-03-12,51.9500,52.1200,48.0000,49.3600,45.4122,13572800
2020-03-13,51.8800,52.1300,47.6000,51.5700,47.4454,11254400
2020-03-16,45.9200,45.9300,40.8100,41.0500,37.7668,13684100
2020-03-17,41.6400,43.7100,39.0000,42.5100,39.1101,18604500
2020-03-18,39.2700,41.0500,36.9600,40.8500,37.5828,18300900
2020-03-19,40.4400,43.0000,34.3600,41.6500,38.3188,22567100
2020-03-20,42.7300,42.7500,37.0000,37.3700,34.3811,13402000
2020-03-23,35.9000,37.2400,32.7200,36.7600,33.8199,21303700
2020-03-24,39.4500,41.7500,38.8600,41.0400,37.7576,14467600
2020-03-25,42.4100,47.0200,42.2500,44.0800,40.5545,14331800
2020-03-26,44.6200,48.7600,44.2200,47.9600,44.1242,17080100
2020-03-27,46.1600,48.2800,44.6200,46.8000,43.0569,12743200
2020-03-30,47.1700,48.1800,45.4000,47.5500,43.7470,12442400
2020-03-31,47.3000,48.6900,46.4600,47.8100,43.9862,18375300
2020-04-01,44.2800,46.6500,43.9300,44.6200,41.0513,8810000
2020-04-02,44.4900,45.5400,41.9200,43.7900,40.2877,9665200
2020-04-03,43.2500,43.3400,40.7200,40.9600,37.6840,12141200
2020-04-06,43.0200,46.8500,42.5300,46.1100,42.4221,12722100
2020-04-07,49.6500,50.4300,46.2100,46.6800,42.9465,14116000
2020-04-08,47.3400,50.0500,47.0400,49.1100,45.1822,9146300
2020-04-09,50.0800,51.2400,48.3700,48.8100,44.9062,11108600
2020-04-13,48.6100,48.7700,47.2700,47.8500,44.0230,10381300
2020-04-14,48.5800,50.3800,48.4300,50.2200,46.2034,8871200
2020-04-15,47.8000,48.9600,47.2900,48.2900,44.4278,10240300
2020-04-16,48.2600,48.2600,46.2900,46.4500,42.7349,13209900
2020-04-17,47.6400,49.9800,47.6000,49.7300,45.7526,15547100
2020-04-20,48.9800,48.9900,47.7100,47.7900,43.9678,8325500
2020-04-21,46.1600,46.9600,45.6400,46.0500,42.3669,9508600
2020-04-22,46.9900,47.1700,46.0200,46.3800,42.6705,7715700
2020-04-23,46.8700,46.9700,45.7100,45.7400,42.0817,8092400
2020-04-24,46.1800,46.5500,44.8700,46.0500,42.3669,9493400
2020-04-27,46.5200,48.2300,45.9600,47.8400,44.0138,10028200
2020-04-28,49.5700,50.8100,48.8800,49.0900,45.1638,14079500
2020-04-29,52.2400,52.8100,50.5100,51.5400,47.4178,10941200
2020-04-30,50.5200,50.8200,48.8700,49.0500,45.1270,14765400
2020-05-01,48.0000,48.4400,47.4700,48.2500,44.3910,5910300
2020-05-04,47.4300,48.2200,46.7200,47.7000,43.8850,10082700
2020-05-05,48.2700,48.9500,47.9600,48.1700,44.3174,7951000
2020-05-06,48.5200,48.9400,47.4800,47.6800,43.8666,5804100
2020-05-07,48.6400,49.4600,48.4700,48.5000,44.6210,9375000
2020-05-08,49.1900,49.4200,48.2500,48.5100,44.6302,5586500
2020-05-11,47.8600,48.9800,47.3600,48.3500,44.4830,6726100
2020-05-12,48.6900,48.8200,45.9200,45.9600,42.2841,6713700
2020-05-13,45.7700,45.9700,43.7100,44.0300,40.5085,14312400
2020-05-14,43.3300,44.7600,42.5200,44.7400,41.1617,11424800
2020-05-15,43.7300,47.1700,43.5300,47.1700,43.3973,20593600
2020-05-18,49.7900,51.0700,49.2600,49.7600,45.7802,13385100
2020-05-19,49.8800,51.3200,48.4700,50.2600,46.2402,11220300
2020-05-20,50.7400,51.6300,50.4000,50.8500,46.7830,9771600
2020-05-21,53.6000,55.2900,52.7400,54.3000,49.9571,23101500
2020-05-22,53.8400,54.8400,53.0500,53.4100,49.1383,13446900
2020-05-26,55.0000,55.6800,54.5100,55.3000,50.8771,12240600
2020-05-27,56.3300,56.6800,54.7600,55.2900,50.8679,10793000
2020-05-28,55.5200,55.8500,53.9300,54.0800,49.7547,10447400
2020-05-29,53.3500,54.1000,52.4600,52.7600,48.5403,13006100
2020-06-01,52.9900,53.5900,52.3600,53.3300,49.0647,6906200
2020-06-02,53.7000,54.4100,53.1000,54.3400,49.9939,9785500
2020-06-03,54.6600,55.8200,54.5000,55.2400,50.8219,7033800
2020-06-04,54.4300,55.8700,54.4300,54.8300,50.4447,14901700
2020-06-05,56.4800,58.3600,56.2400,57.2600,52.6804,11740000
2020-06-08,57.8800,58.5400,56.2500,57.4200,52.8276,8700200
2020-06-09,56.5000,57.0200,55.8900,56.2400,51.7419,7887900
2020-06-10,56.2900,56.3500,54.5300,54.8100,50.4263,10910300
2020-06-11,52.7600,53.5400,52.3900,52.6600,48.4483,10704800
2020-06-12,54.2100,54.2200,51.2600,52.4600,48.2643,7368400
2020-06-15,50.3300,52.6700,50.1100,52.6000,48.3931,8299000
2020-06-16,56.5000,56.8600,54.3500,55.5500,51.1071,12468500
2020-06-17,55.6500,55.9900,54.2100,54.5400,50.1779,6118500
2020-06-18,53.6800,54.6300,53.2100,53.4500,49.1751,9619300
2020-06-19,55.0000,55.2100,52.6300,52.6400,48.4299,13545400
2020-06-22,52.3100,53.2600,51.8200,52.8200,48.5955,8051400
2020-06-23,53.3500,53.7500,52.9600,53.2500,48.9911,5141600
2020-06-24,52.5000,52.8800,50.6500,51.5300,47.4086,7230700
2020-06-25,51.0300,51.1900,49.6600,50.8700,46.8014,7174300
2020-06-26,50.7300,51.4800,49.4000,49.5400,45.5778,8298000
2020-06-29,49.6900,50.7700,48.7300,50.7700,46.7094,6555300
2020-06-30,50.3200,50.8100,49.7700,50.5600,46.5162,6909200
2020-07-01,50.5300,52.2900,50.4300,51.1800,47.0866,8205700
2020-07-02,51.9600,52.5800,51.3700,51.7500,47.6110,6770600
2020-07-06,52.4200,52.9900,52.1300,52.6400,48.4299,7239100
2020-07-07,51.9300,52.0800,50.6700,50.8000,46.7370,6414300
2020-07-08,50.8200,51.0900,50.0300,50.8700,46.8014,6327300
2020-07-09,50.7000,50.9300,49.1800,49.9900,45.9918,6078400
2020-07-10,50.1700,51.2600,49.6800,51.0700,46.9854,5057900
2020-07-13,51.3100,51.9500,50.1200,50.3700,46.3414,6180900
2020-07-14,49.8700,50.3900,49.2100,49.8600,45.8722,7368900
2020-07-15,51.7100,52.7800,51.4500,52.6300,48.4207,7332400
2020-07-16,52.1900,53.6500,52.0600,53.5100,49.2303,7335700
2020-07-17,53.7300,53.7500,52.7300,52.9100,48.6783,4899600
2020-07-20,52.6200,52.8900,51.4400,51.7400,47.6019,5158200
2020-07-21,51.8000,53.4900,51.7100,53.0700,48.8255,5111900
2020-07-22,52.5700,53.5500,52.2400,53.4400,49.1659,5132300
2020-07-23,53.6500,53.9400,52.9000,53.3900,49.1199,4905100
2020-07-24,53.2500,53.6800,52.6800,52.8900,48.6599,3482100
2020-07-27,52.6000,52.6700,51.6900,52.0800,47.9147,3439300
2020-07-28,52.0000,52.4800,51.7400,51.7800,47.6386,3837300
2020-07-29,51.9300,52.9800,51.8000,52.6000,48.3931,3927700
2020-07-30,51.8900,52.0100,51.0200,51.6000,47.4730,4473200
2020-07-31,51.5400,52.0400,50.9200,51.9900,47.8319,5125600
2020-08-03,52.0200,52.1700,51.0400,51.8900,47.7398,5617000
2020-08-04,51.7600,53.2800,51.7500,53.2800,49.0187,6781900
2020-08-05,53.4800,53.6700,52.8300,53.5400,49.2579,7296200
2020-08-06,53.2100,53.9900,53.0800,53.4100,49.1383,6582300
2020-08-07,53.5800,55.7600,53.3000,55.4500,51.0151,7407300
2020-08-10,55.7400,56.5700,55.5500,56.5200,51.9995,5072300
2020-08-11,57.3200,58.4400,56.6700,57.5100,52.9104,7566400
2020-08-12,57.7800,58.0900,56.5800,57.7300,53.1128,5132600
2020-08-13,57.3700,57.6100,56.6700,57.1100,52.5424,4584300
2020-08-14,57.0500,58.3500,56.6800,57.8700,53.2416,4926600
2020-08-17,59.0000,59.5400,57.7100,59.4100,54.6584,8039400
2020-08-18,59.0100,59.0100,57.3700,57.4500,52.8552,7841000
2020-08-19,54.0100,54.8100,52.2400,54.3600,50.0123,31932000
2020-08-20,53.3700,53.6600,51.5300,51.6500,47.5190,17300400
2020-08-21,51.9800,53.2400,51.6500,51.6800,47.5466,13732800
2020-08-24,51.5200,53.4900,51.5200,53.4100,49.1383,11757000
2020-08-25,53.1800,53.9600,53.0500,53.1600,48.9083,7907200
2020-08-26,53.0200,53.8000,52.8200,53.2600,49.0003,8857500
2020-08-27,53.7100,54.4600,53.4900,53.6700,49.3775,7639700
2020-08-28,53.7900,55.2300,53.5200,55.0900,50.6839,6161900
2020-08-31,55.1400,55.8300,54.7600,54.7900,50.4079,7453800
2020-09-01,54.5900,55.2800,53.9100,55.2700,50.8495,5863300
2020-09-02,55.4000,56.9100,55.2600,56.7300,52.1928,9769000
2020-09-03,57.0100,57.0500,55.1800,55.5200,51.0795,7709000
2020-09-04,55.8900,56.0700,54.2100,55.1800,50.7667,6807100
2020-09-08,54.6500,55.7000,54.3900,55.3000,50.8771,7827400
2020-09-09,55.0800,55.3200,54.4600,54.7600,50.3803,6996100
2020-09-10,55.0400,55.5700,53.9200,54.1100,49.7823,9039900
2020-09-11,54.5200,54.7600,53.5500,54.1500,49.8191,4841100
2020-09-14,54.7100,55.6700,54.5300,55.4700,51.0335,4484100
2020-09-15,56.2600,57.2500,55.8200,56.8600,52.3123,7179500
2020-09-16,57.2300,58.1500,56.9200,57.3200,52.7356,5704000
2020-09-17,56.5900,57.1900,55.5100,55.9400,51.4659,4683700
2020-09-18,55.7200,56.7400,55.4700,56.0200,51.5395,6571800
2020-09-21,55.1600,55.1600,53.3500,54.1700,49.8375,7933000
2020-09-22,54.1700,54.6100,53.2400,53.8800,49.5707,5915000
2020-09-23,54.4400,54.9100,52.7100,52.8700,48.6415,5962200
2020-09-24,52.5700,53.5400,51.8000,52.8300,48.6047,4563400
2020-09-25,52.4600,53.4000,52.1100,53.1800,48.9267,5954200
2020-09-28,54.0600,55.8800,54.0100,55.6000,51.1531,7808200
2020-09-29,55.0100,55.1900,53.6200,54.1600,49.8283,6444500
2020-09-30,54.6200,56.5800,54.5800,55.6500,51.1991,6344500
2020-10-01,56.0200,57.3900,55.8900,57.0800,52.5148,6196900
2020-10-02,55.6200,57.8100,55.5800,57.6300,53.0208,4566300
2020-10-05,58.0400,58.4600,57.0700,57.5200,52.9196,3485600
2020-10-06,57.8000,58.4600,56.5000,56.6100,52.0823,5522200
2020-10-07,57.4800,58.8300,57.3600,58.3600,53.6924,4602500
2020-10-08,58.2500,58.6000,57.6300,58.3000,53.6372,4445800
2020-10-09,58.8500,59.1600,57.9000,58.1900,53.5360,5708400
2020-10-12,58.3400,58.4800,57.8300,57.9700,53.3336,5535700
2020-10-13,57.9700,58.1700,57.2000,57.3900,52.8000,3970900
2020-10-14,57.6300,58.3400,57.3700,57.4100,52.8184,3426300
2020-10-15,56.9600,57.5700,56.6800,57.4100,52.8184,4833800
2020-10-16,57.4200,57.8400,56.6000,56.6500,52.1191,6839100
2020-10-19,56.9900,57.2900,54.9400,55.1300,50.7207,4883500
2020-10-20,55.4500,55.9400,54.8700,54.9300,50.5367,5672200
2020-10-21,54.9500,55.3900,54.5700,54.9800,50.5827,4171000
2020-10-22,55.1700,56.2400,55.0600,56.0200,51.5395,3190000
2020-10-23,56.4100,57.0300,55.7800,57.0200,52.4595,4750300
2020-10-26,56.2500,56.4100,54.4100,55.0000,50.6011,4156700
2020-10-27,55.1600,55.1600,53.9500,54.1300,49.8007,3621500
2020-10-28,52.9000,53.2000,51.2400,51.3500,47.2430,9431700
2020-10-29,51.3100,52.3200,51.1400,51.7300,47.5926,5040500
2020-10-30,51.4000,51.5400,50.0600,50.8000,46.7370,8293400
2020-11-02,51.6000,52.2800,51.1100,51.7400,47.6019,6244500
2020-11-03,52.5000,54.3100,52.1100,53.9900,49.6719,6085500
2020-11-04,53.9100,54.5200,53.2000,53.2500,48.9911,5937200
2020-11-05,53.8500,54.9100,53.6200,54.6100,50.2423,5886400
2020-11-06,54.6400,54.7500,53.5300,53.9400,49.6259,4544300
2020-11-09,60.8200,62.9500,59.7800,60.9000,56.0292,17552700
2020-11-10,61.8100,62.7800,60.6600,62.2600,57.2805,11527600
2020-11-11,61.8100,62.1100,59.4800,60.1200,55.3116,8292800
2020-11-12,59.5500,60.2200,58.7400,59.4000,54.6492,5177300
2020-11-13,59.7700,59.9900,58.2300,59.6300,54.8608,9557100
2020-11-16,61.3300,61.6200,59.4300,61.0900,56.2040,7357000
2020-11-17,60.0300,61.5200,59.1200,61.1400,56.2500,10970600
2020-11-18,62.6300,65.1400,61.4100,62.2800,57.2989,16395900
2020-11-19,60.7200,62.5600,60.4000,61.5600,56.6364,11004400
2020-11-20,61.5500,62.0600,60.5200,60.6800,55.8268,11048000
2020-11-23,61.1300,61.8500,60.6100,61.8000,56.8573,8273500
2020-11-24,62.3900,64.7300,62.2500,64.3300,59.1849,11804200
2020-11-25,63.4000,63.4600,62.2100,62.8000,57.7773,6905600
2020-11-27,63.2500,63.2500,62.4200,63.2200,58.1637,5435200
2020-11-30,62.6300,63.6900,61.8000,63.5100,58.4305,25960400
2020-12-01,64.0000,65.1600,63.2900,64.8800,59.6909,10487600
2020-12-02,64.5200,65.0400,64.2000,65.0000,59.8013,6283500
2020-12-03,65.2300,66.0000,64.9600,65.9100,60.6385,7399800
2020-12-04,66.0300,66.7600,65.9200,66.6300,61.3010,6593800
2020-12-07,65.9500,66.4100,65.3600,65.8800,60.6109,4979900
2020-12-08,65.1800,65.7800,65.0000,65.4200,60.1877,4290800
2020-12-09,66.1300,66.8900,65.6700,66.7200,61.3837,6692000
2020-12-10,65.9600,66.9000,65.5700,66.5200,61.1997,5662000
2020-12-11,66.0500,66.3300,65.4900,66.0600,60.7765,7478000
2020-12-14,66.9200,66.9500,65.3100,65.3400,60.1141,8653000
2020-12-15,66.4200,66.7600,65.6100,66.7400,61.4022,5923400
2020-12-16,67.1300,67.1900,66.3300,66.6200,61.2917,6656100
2020-12-17,67.1300,67.6800,66.8000,67.5100,62.1106,7665100
2020-12-18,67.6500,68.1000,66.7800,67.7000,62.2854,17358700
2020-12-21,66.4200,67.5600,66.1400,67.2400,61.8622,9790700
2020-12-22,67.1300,67.7300,66.6700,66.9700,61.6138,4909000
2020-12-23,67.4200,68.0800,67.3100,67.3400,61.9542,2829900
2020-12-24,66.8500,67.1300,66.5900,66.9800,61.6230,1656800
2020-12-28,67.5300,68.6700,67.0400,68.4000,62.9294,3696100
2020-12-29,68.6500,68.8900,67.9400,67.9900,62.5522,3563900
2020-12-30,67.9900,68.7700,67.9900,68.3000,62.8374,4476100
2020-12-31,68.4800,68.5900,68.0700,68.2900,62.8282,4563800
2021-01-04,68.3000,68.4000,66.5000,66.8100,61.4665,6330500
2021-01-05,66.4800,66.8800,66.1700,66.7200,61.3837,4878700
2021-01-06,67.1600,70.3400,67.1600,69.6500,64.0794,6499100
2021-01-07,70.1400,70.4500,69.5900,69.9000,64.3094,4631000
2021-01-08,70.1100,70.9600,69.5000,70.2200,64.6038,6306800
2021-01-11,69.5800,69.8800,68.1600,68.3700,62.9018,5863300
2021-01-12,67.9600,69.0500,67.5500,68.4000,62.9294,5918900
2021-01-13,68.2700,68.5900,67.3700,68.1300,62.6810,5724800
2021-01-14,68.4200,68.9000,67.9100,68.0200,62.5798,4167200
2021-01-15,67.5100,68.5800,67.0400,68.4600,62.9846,6382900
2021-01-19,68.5000,68.8700,67.0800,67.1800,61.8070,4990600
2021-01-20,67.5300,68.7200,67.3600,68.2900,62.8282,4558500
2021-01-21,68.3500,68.7700,67.9700,68.0600,62.6166,4314100
2021-01-22,67.8800,68.2000,66.8500,66.9100,61.5586,5598500
2021-01-25,66.8500,66.8500,64.4300,65.6800,60.4269,6892400
2021-01-26,65.8700,65.8700,64.4200,64.4700,59.3137,7106200
2021-01-27,63.4300,64.8200,62.2400,63.9300,58.8169,10471200
2021-01-28,64.7600,66.3300,64.2000,65.4900,60.2521,8267400
2021-01-29,65.1500,66.0400,63.7700,64.0400,58.9181,5763400
2021-02-01,64.4400,64.5300,63.4000,64.0700,58.9457,6122700
2021-02-02,64.6800,66.4400,64.4500,65.8300,60.5649,5548000
2021-02-03,65.9600,67.1400,65.5200,66.7300,61.3930,5477500
2021-02-04,66.9400,69.8200,66.4600,68.5800,63.0950,9747500
2021-02-05,69.3300,69.6900,68.1600,68.3300,62.8650,3762300
2021-02-08,68.5400,70.0100,68.0200,69.9700,64.3738,4532700
2021-02-09,69.8400,70.0500,68.9600,69.0000,63.4814,5492600
2021-02-10,68.7400,69.1700,68.3000,68.6000,63.3521,4632900
2021-02-11,68.6300,70.2500,68.3300,69.0200,63.7400,5796300
2021-02-12,68.3200,68.8300,67.7100,68.0000,62.7980,5801500
2021-02-16,67.8600,68.0900,67.2600,67.5000,62.3363,6293600
2021-02-17,67.1100,67.1600,66.1000,66.8300,61.7175,7946400
2021-02-18,66.9900,68.7600,66.5200,68.3000,63.0751,7690300
2021-02-19,68.4000,68.7200,67.3900,67.6900,62.5117,4383600
2021-02-22,67.2900,70.0600,67.2900,69.5500,64.2294,10511900
2021-02-23,70.3500,71.0600,69.1800,70.2300,64.8574,10455900
2021-02-24,69.4900,70.8600,68.8800,69.8600,64.5157,13387100
2021-02-25,68.0800,69.1500,66.1800,67.6800,62.5025,13410300
2021-02-26,68.3100,68.3100,65.4000,65.9900,60.9418,9964400
2021-03-01,66.6600,67.8500,66.6600,67.2500,62.1054,7006800
2021-03-02,67.3700,67.6700,65.7600,66.2100,61.1449,8988400
2021-03-03,65.7000,66.0200,63.5500,63.6600,58.7900,10689400
2021-03-04,63.9300,64.4500,61.1500,62.5500,57.7649,11092400
2021-03-05,63.0300,63.2100,61.3600,62.7200,57.9219,9185000
2021-03-08,63.6800,65.8500,63.2700,65.1800,60.1937,13576800
2021-03-09,65.9900,67.0400,64.9300,66.0800,61.0249,8975500
2021-03-10,66.2400,66.3600,64.4800,65.6000,60.5816,7127800
2021-03-11,65.7900,66.7100,65.7300,66.0800,61.0249,5645700
2021-03-12,66.2700,67.3000,66.1600,66.8400,61.7267,5480700
2021-03-15,67.0000,68.0500,66.3900,68.0200,62.8165,5256400
2021-03-16,67.8100,67.8100,66.4200,66.7200,61.6159,5425500
2021-03-17,66.8200,67.8400,66.6800,67.3400,62.1885,5138500
2021-03-18,67.1400,67.8300,66.3000,66.5200,61.4312,4726700
2021-03-19,65.7600,67.1400,65.1600,66.6100,61.5143,21044300
2021-03-22,66.9400,67.2900,65.8800,66.5000,61.4128,5303900
2021-03-23,66.2900,66.3700,64.2400,64.5300,59.5935,6030100
2021-03-24,64.5000,65.4800,64.3300,64.3300,59.4088,4936600
2021-03-25,64.0000,65.2900,63.4100,65.0800,60.1014,5505300
2021-03-26,65.7200,66.3400,65.1300,66.0400,60.9879,6021900
2021-03-29,65.9800,66.6900,65.0600,65.5300,60.5170,5319700
2021-03-30,65.2700,66.7300,65.0400,66.5200,61.4312,6649700
2021-03-31,66.7300,67.5100,66.1000,66.1500,61.0895,5763000
2021-04-01,66.9400,67.1600,65.5700,65.9800,60.9325,5032000
2021-04-05,66.2700,67.9300,66.2700,67.7600,62.5764,5534600
2021-04-06,67.7300,68.3300,67.4600,67.6400,62.4656,4331300
2021-04-07,67.5800,68.3200,67.5500,67.7800,62.5948,4800800
2021-04-08,68.0200,69.1300,67.7100,69.0300,63.7492,5324100
2021-04-09,69.1400,69.5000,68.2900,69.4500,64.1371,5124600
2021-04-12,69.3500,69.6800,68.5300,69.5200,64.2017,4771300
2021-04-13,68.8400,69.2800,67.9100,68.4600,63.2228,5035900
2021-04-14,68.6200,69.2700,68.4400,68.6100,63.3613,3561700
2021-04-15,69.2300,69.9300,69.1100,69.2400,63.9431,3799600
2021-04-16,69.7400,70.0800,69.3100,69.9900,64.6358,5702900
2021-04-19,69.9400,69.9400,68.9600,69.0000,63.7215,3556200
2021-04-20,68.5200,68.7000,67.0400,67.7500,62.5671,4180100
2021-04-21,67.8300,68.9100,67.5600,68.4800,63.2413,4644100
2021-04-22,68.7400,69.8200,68.4300,69.1700,63.8785,4319200
2021-04-23,69.3100,70.6900,68.9300,70.3900,65.0051,5302500
2021-04-26,70.5300,70.9500,69.0600,69.2800,63.9801,3679700
2021-04-27,69.4800,70.2000,69.1300,69.8000,64.4603,3551400
2021-04-28,69.7300,70.3400,69.4200,69.9500,64.5988,3067300
2021-04-29,70.5000,71.4900,70.1500,71.4200,65.9564,4121300
2021-04-30,71.1900,71.8700,70.5500,71.0000,65.5685,5017600
2021-05-03,71.4900,72.4800,71.1600,72.0800,66.5659,6706900
2021-05-04,71.6300,71.6300,70.3400,70.8200,65.4023,5773800
2021-05-05,71.3300,71.4000,70.5300,71.0300,65.5962,5769600
2021-05-06,71.4800,72.1100,71.2500,71.7600,66.2704,5838700
2021-05-07,71.6300,74.0200,71.3900,73.7800,68.1358,6347400
2021-05-10,74.1800,74.6500,72.9700,72.9900,67.4063,5207500
2021-05-11,72.2100,72.3600,70.7400,72.0100,66.5012,5567700
2021-05-12,71.3000,71.5900,69.5100,69.5300,64.4436,5811500
2021-05-13,69.8300,71.5100,69.7300,70.9000,65.7134,5671800
2021-05-14,71.3200,72.8400,71.2800,72.4300,67.1315,6542400
2021-05-17,71.9300,72.4000,71.3300,72.0100,66.7422,6668800
2021-05-18,72.2000,72.8100,70.9600,71.1400,65.9359,7720300
2021-05-19,70.1200,70.1200,66.4300,67.3800,62.4509,16703100
2021-05-20,68.0000,68.7500,66.8700,67.3700,62.4417,11980800
2021-05-21,68.0300,68.3400,66.7800,67.0400,62.1358,6933800
2021-05-24,67.2600,67.5400,66.3200,66.3600,61.5055,8965500
2021-05-25,66.9200,67.5800,66.5300,67.2700,62.3490,6173600
2021-05-26,67.7800,67.9000,67.1700,67.8600,62.8958,6769500
2021-05-27,68.0000,68.0600,67.1200,67.2400,62.3212,8648800
2021-05-28,67.7700,68.2300,67.1900,67.5400,62.5992,7523200
2021-06-01,68.2600,68.4900,66.6100,67.1900,62.2748,5844000
2021-06-02,67.0400,67.1900,65.9100,65.9800,61.1533,9170100
2021-06-03,65.9700,66.1800,64.7600,65.8400,61.0236,7450600
2021-06-04,66.1500,66.1500,65.0300,65.6400,60.8382,5671900
2021-06-07,65.6400,65.9200,65.0600,65.3200,60.5416,6071200
2021-06-08,65.5800,66.1500,65.3200,65.7500,60.9401,7058500
2021-06-09,65.7300,66.0000,64.9900,65.0300,60.2728,5490900
2021-06-10,64.8700,65.3900,64.6000,64.7700,60.0319,6684200
2021-06-11,64.8300,65.8600,64.8300,65.7600,60.9494,7654000
2021-06-14,65.6100,66.1100,64.9500,65.1300,60.3655,5101900
2021-06-15,65.1800,65.4800,64.7700,65.4000,60.6158,7296400
2021-06-16,65.9800,66.1600,64.8300,65.2000,60.4304,7932700
2021-06-17,65.1800,65.1900,63.8000,64.7000,59.9670,7570600
2021-06-18,64.1400,64.3700,63.2500,63.3700,58.7343,11745700
2021-06-21,63.8700,64.9900,63.6200,64.9100,60.1616,8811100
2021-06-22,64.7500,66.0500,64.6500,65.9100,61.0885,5880300
2021-06-23,65.7500,66.3700,65.6000,65.8600,61.0421,5415400
2021-06-24,66.5100,67.0700,66.0500,66.9700,62.0709,6526300
2021-06-25,67.1900,67.8100,67.0500,67.5300,62.5899,13165300
2021-06-28,67.2700,67.4900,66.0400,66.4900,61.6260,6361800
2021-06-29,66.8600,67.2000,66.5900,66.7000,61.8207,3272000
2021-06-30,66.5700,67.6000,66.4900,67.4200,62.4880,5013700
2021-07-01,67.5600,68.1200,67.4300,67.8800,62.9143,4418100
2021-07-02,67.9800,68.3600,67.8000,68.2500,63.2573,3058700
2021-07-06,68.5200,68.6200,67.2000,68.1300,63.1460,4133200
2021-07-07,68.3500,68.5800,67.4200,67.6500,62.7012,4981300
2021-07-08,66.4200,67.1900,65.6700,66.8700,61.9782,5686000
2021-07-09,67.5100,68.4600,67.4400,68.3600,63.3592,4407400
2021-07-12,67.6700,68.3400,67.4500,68.2200,63.2295,6072800
2021-07-13,68.0000,68.3300,67.4700,67.6400,62.6919,3775000
2021-07-14,68.0300,69.2200,67.9500,68.6400,63.6187,8748800
2021-07-15,68.3800,68.4700,67.7500,68.0700,63.0904,4905700
2021-07-16,68.4200,68.6000,67.1800,67.4100,62.4787,7819900
2021-07-19,66.1700,66.6300,64.6300,65.0300,60.2728,8043800
2021-07-20,64.8000,66.8600,64.4300,66.5000,61.6353,5312000
2021-07-21,67.0700,67.9100,66.8000,67.4800,62.5436,3499500
2021-07-22,67.6200,67.7300,66.7800,67.2700,62.3490,2884500
2021-07-23,67.7500,68.4200,67.3100,68.1800,63.1924,4816900
2021-07-26,67.9500,68.9200,67.8200,68.7200,63.6929,4861200
2021-07-27,68.4200,68.9800,68.0300,68.4500,63.4426,3789300
2021-07-28,68.4500,68.7500,67.6900,67.8800,62.9143,3123800
2021-07-29,68.3800,69.2700,68.1600,68.8400,63.8041,4318600
2021-07-30,68.2700,69.7800,68.2700,68.8100,63.7763,3668600
2021-08-02,69.1900,69.1900,67.7500,67.9500,62.9792,5747600
2021-08-03,68.4200,69.0000,67.3500,68.9800,63.9339,3832000
2021-08-04,68.3400,68.8600,67.2300,67.2500,62.3304,6909000
2021-08-05,67.3900,68.6500,67.2500,68.5800,63.5631,4340400
2021-08-06,69.0800,69.6000,68.7800,69.3100,64.2397,3456900
2021-08-09,69.0100,69.3200,68.3600,68.9300,63.8875,3190100
2021-08-10,69.1200,71.8400,69.1200,71.4300,66.2047,7078200
2021-08-11,71.5100,71.7900,70.8800,71.7100,66.7070,4264900
2021-08-12,71.8000,71.9400,70.8000,71.5500,66.5581,4273300
2021-08-13,71.2700,71.5000,70.2900,70.4900,65.5721,5389000
2021-08-16,70.3200,70.4100,69.3100,70.3500,65.4418,4055600
2021-08-17,70.0400,70.0400,68.4800,69.1500,64.3256,8008300
2021-08-18,68.6900,73.6700,67.9000,73.0000,67.9070,14316300
2021-08-19,71.3300,73.8700,71.3000,73.5900,68.4558,11723200
2021-08-20,73.1100,74.4100,72.6300,74.0400,68.8744,7835600
2021-08-23,74.3200,76.1100,74.3200,75.1300,69.8884,9979400
2021-08-24,75.2700,76.1600,75.1000,75.3100,70.0558,7444800
2021-08-25,74.8900,76.0700,74.7400,75.8100,70.5209,5365200
2021-08-26,75.2000,75.2000,73.3800,73.8400,68.6884,6277300
2021-08-27,74.1100,74.3400,73.4000,73.6400,68.5023,5087100
2021-08-30,73.6800,73.8300,72.7000,72.8000,67.7209,4496600
2021-08-31,72.5600,72.9100,72.0500,72.7200,67.6465,5829800
2021-09-01,73.1600,73.3900,71.9500,72.0800,67.0512,4103200
2021-09-02,71.9600,72.5900,71.6700,71.8700,66.8558,3813400
2021-09-03,71.4200,71.8400,70.9600,71.0700,66.1116,5397900
2021-09-07,70.5500,71.0000,69.5700,69.8500,64.9767,7085000
2021-09-08,70.1100,70.1300,69.0600,69.8200,64.9488,7124900
2021-09-09,69.8500,70.4800,69.4100,69.4500,64.6046,7613100
2021-09-10,69.9500,70.1500,68.8200,68.8700,64.0651,6709400
2021-09-13,69.3100,69.4700,68.2600,68.7000,63.9070,5820200
2021-09-14,69.3800,69.7200,68.6700,69.4800,64.6325,7322800
2021-09-15,69.2000,69.9200,68.8800,69.4800,64.6325,5031800
2021-09-16,69.6400,70.7600,69.5800,70.4800,65.5628,5629800
2021-09-17,70.0000,71.1200,69.7700,70.4100,65.4977,9208800
2021-09-20,69.4700,70.0900,68.4900,69.1100,64.2884,5759800
2021-09-21,69.8300,70.4100,69.2400,69.2900,64.4558,6901300
2021-09-22,69.8000,70.1900,69.3900,69.5300,64.6791,8418600
2021-09-23,69.9700,71.9400,69.9600,70.7000,65.7674,6595300
2021-09-24,70.3900,71.3600,70.2000,71.1000,66.1395,4802100
2021-09-27,71.5000,72.6100,71.0800,71.1400,66.1767,5228400
2021-09-28,70.5300,71.0600,69.4900,70.0800,65.1907,5431400
2021-09-29,70.4900,70.9900,69.8200,69.9000,65.0232,3671300
2021-09-30,69.1900,69.3500,65.7900,65.9800,61.3768,10900200
2021-10-01,66.3000,67.0600,65.5100,66.6100,61.9628,6787000
2021-10-04,66.3400,67.0000,65.6400,65.8600,61.2651,6503500
2021-10-05,65.9100,66.3100,64.8100,65.1100,60.5674,9136300
2021-10-06,64.5000,65.0500,63.5200,64.3300,59.8419,10030200
2021-10-07,64.8000,66.2900,64.7700,64.9800,60.4465,6213800
2021-10-08,64.9300,65.3100,64.6500,64.7400,60.2232,5352100
2021-10-11,64.5700,64.7600,62.9500,63.0200,58.6232,8466100
2021-10-12,63.4000,63.5900,62.8400,62.9700,58.5767,5157400
2021-10-13,63.5300,64.1900,63.3600,63.5000,59.0698,7218100
2021-10-14,62.9200,64.5600,62.7200,64.1400,59.6651,7946100
2021-10-15,64.6500,64.9700,64.2600,64.3500,59.8605,5633900
2021-10-18,63.9800,64.7900,63.6900,64.6400,60.1302,4244600
2021-10-19,64.6700,64.8400,63.4700,63.9000,59.4419,6146000
2021-10-20,64.1100,65.0300,63.6900,63.8600,59.4046,5953900
2021-10-21,63.9000,64.7200,63.9000,64.6800,60.1674,3970700
2021-10-22,64.6100,64.7600,63.5500,64.1600,59.6837,4272500
2021-10-25,64.3400,65.6500,64.3400,65.2600,60.7070,5969400
2021-10-26,65.6700,66.1400,65.2600,65.3300,60.7721,6075800
2021-10-27,65.4900,65.4900,64.2300,64.5600,60.0558,4573000
2021-10-28,64.8200,65.4000,64.7600,65.2000,60.6512,3829700
2021-10-29,65.0000,65.9900,64.7400,65.4900,60.9209,8269300
2021-11-01,65.5300,67.0300,65.4500,66.6500,62.0000,7424400
2021-11-02,66.8700,67.8800,66.2700,67.3200,62.6232,7510200
2021-11-03,66.9500,68.7100,66.9500,68.4300,63.6558,6308700
2021-11-04,68.6300,69.9600,68.4100,69.7400,64.8744,8238700
2021-11-05,70.9500,71.8800,70.8500,71.2000,66.2325,8726100
2021-11-08,70.9000,71.2500,69.5600,69.8900,65.0139,6713700
2021-11-09,69.8100,70.2600,69.2700,69.6800,65.0606,4298800
2021-11-10,69.7800,70.5100,68.9000,68.9600,64.3884,5950600
2021-11-11,69.0800,69.5200,68.1100,68.2200,63.6974,6047500
2021-11-12,68.7000,69.0300,68.1800,68.8000,64.2390,8504700
2021-11-15,69.3100,70.4800,69.1600,69.3200,64.7245,6333200
2021-11-16,69.3700,70.3400,68.3400,69.5000,64.8926,9819300
2021-11-17,76.8000,76.9400,73.2000,73.5500,68.6741,21456600
2021-11-18,73.6000,73.7800,71.7900,73.1000,68.2539,9466400
2021-11-19,72.7900,72.8200,70.1900,71.0200,66.3118,8162000
2021-11-22,71.6500,71.9700,69.2400,69.8800,65.2474,7021300
2021-11-23,69.3900,71.2700,69.0000,70.9500,66.2464,7110200
2021-11-24,69.6900,71.5500,69.6100,71.4800,66.7413,4960400
2021-11-26,69.9200,70.4600,69.0400,69.3600,64.7618,4737200
2021-11-29,71.8100,72.3000,70.2500,70.6700,65.9850,5813500
2021-11-30,70.2900,70.5800,68.4400,69.4000,64.7992,9925200
2021-12-01,70.8800,71.6800,67.9700,68.0100,63.5013,8014400
2021-12-02,68.0200,70.4800,67.9800,70.2500,65.5928,6050400
2021-12-03,70.5200,70.9200,69.7900,70.6900,66.0037,7970100
2021-12-06,71.5000,73.5000,71.2200,72.6400,67.8244,7782500
2021-12-07,72.8900,74.6300,72.3900,74.1200,69.2063,7976000
2021-12-08,74.2200,74.7900,73.8500,74.3400,69.4117,8158900
2021-12-09,74.0700,74.6900,73.9000,74.0200,69.1129,4901400
2021-12-10,74.2100,74.8200,73.9500,74.7300,69.7758,5123800
2021-12-13,74.3400,74.8200,72.8600,73.1300,68.2819,6883900
2021-12-14,72.6800,73.6900,72.5900,72.9400,68.1045,6972700
2021-12-15,72.8200,73.2000,71.3300,73.0600,68.2165,5940800
2021-12-16,74.2000,74.7200,73.4500,73.4700,68.5994,9558000
2021-12-17,73.4700,74.5700,72.3500,74.0200,69.1129,11378800
2021-12-20,72.9500,73.2000,71.3300,72.4800,67.6750,7263300
2021-12-21,73.0700,74.4300,72.7800,74.1200,69.2063,6644300
2021-12-22,74.0200,74.4300,73.4600,74.0000,69.0943,4852400
2021-12-23,74.0900,74.3900,73.5000,73.7500,68.8608,4625900
2021-12-27,73.7400,74.5300,73.7300,74.2900,69.3650,3165300
2021-12-28,74.1700,75.3000,74.1700,74.7700,69.8132,2982500
2021-12-29,74.7400,75.9200,74.7000,75.4600,70.4575,2884100
2021-12-30,75.3500,76.1300,75.3500,75.5300,70.5228,2799100
2021-12-31,75.6500,76.3300,75.3800,75.9200,70.8870,3193200
2022-01-03,75.8300,76.5900,75.4900,75.5500,70.5415,4814900
2022-01-04,75.7100,77.3500,75.7100,76.7200,71.6339,5905700
2022-01-05,76.9700,77.3300,75.0900,75.1400,70.1586,5101900
2022-01-06,75.5600,75.9900,74.7400,75.4700,70.4668,4059900
2022-01-07,74.9300,75.4200,74.1900,74.3800,69.4490,5497700
2022-01-10,73.6300,73.8600,70.1200,72.4900,67.6843,7964500
2022-01-11,72.4900,74.6400,72.0800,74.2100,69.2903,5682300
2022-01-12,74.4100,75.4200,73.2200,73.4100,68.5434,5654100
2022-01-13,74.0500,74.1400,72.3600,72.6100,67.7964,6149400
2022-01-14,71.8300,71.9700,70.2800,71.1800,66.4612,6631100
2022-01-18,70.2400,70.6700,68.7600,68.9100,64.3417,9601600
2022-01-19,69.3500,70.3400,68.4400,68.5100,63.9682,6621100
2022-01-20,68.6800,69.5700,67.2600,67.3300,62.8664,6669000
2022-01-21,67.0700,68.7200,66.5900,67.4600,62.9878,8652900
2022-01-24,66.4600,69.1400,65.8500,69.0600,64.4817,10903800
2022-01-25,68.0000,69.2800,66.8800,68.6800,64.1269,8265700
2022-01-26,69.2100,70.9600,68.3700,69.1000,64.5191,7358200
2022-01-27,70.4300,71.2800,69.2500,69.6200,65.0046,6184700
2022-01-28,69.5200,71.4000,68.6400,71.3800,66.6479,7180600
2022-01-31,71.0800,72.1000,70.8000,71.9700,67.1988,4543000
2022-02-01,72.1900,72.9400,71.7800,72.8000,67.9738,4461700
2022-02-02,72.7100,73.1400,71.3700,72.0300,67.2548,5400500
2022-02-03,71.5000,71.8300,69.6600,69.8100,65.1820,5802300
2022-02-04,69.2600,69.7800,68.1700,69.1800,64.5938,4991100
2022-02-07,69.5900,70.1100,68.5900,69.3500,64.7525,4750800
2022-02-08,69.3100,70.7200,68.9800,70.4400,65.7702,4464500
2022-02-09,71.0000,72.1100,70.8600,71.4700,66.9792,4041800
2022-02-10,70.1300,71.7200,70.0400,70.6400,66.2013,3856000
2022-02-11,70.4500,70.6900,68.4900,68.7000,64.3832,4807400
2022-02-14,68.7900,69.0100,67.6000,67.9900,63.7179,6472000
2022-02-15,68.4600,69.1100,68.2500,68.8900,64.5613,6474200
2022-02-16,68.4000,68.8400,66.2500,67.1000,62.8838,5802000
2022-02-17,66.2600,66.8500,64.8600,65.1700,61.0751,6591000
2022-02-18,65.1200,66.5100,64.9600,66.1500,61.9935,6050800
2022-02-22,66.0600,66.9100,64.9700,65.2500,61.1500,8055300
2022-02-23,60.9200,65.8400,59.8500,62.5000,58.5728,25852500
2022-02-24,61.5100,64.8000,60.9900,64.6900,60.6252,9786500
2022-02-25,64.6400,66.8500,64.3100,66.7800,62.5839,6400700
2022-02-28,65.4000,66.3600,65.0100,66.1000,61.9466,7647800
2022-03-01,66.1600,66.3400,63.5200,63.9000,59.8849,6279400
2022-03-02,64.4400,67.5800,64.4100,66.1200,61.9654,8125200
2022-03-03,66.0300,66.1200,65.0000,65.7100,61.5811,5186300
2022-03-04,64.9200,65.1900,62.1900,62.5400,58.6103,8971500
2022-03-07,62.4400,63.0100,58.0700,58.3300,54.6648,11448700
2022-03-08,58.1700,61.0900,57.9200,60.0000,56.2299,11952400
2022-03-09,61.7000,62.6500,61.1500,61.1900,57.3451,5773800
2022-03-10,59.8200,62.0800,59.5700,62.0500,58.1511,5809100
2022-03-11,62.3000,62.5100,61.2600,61.4300,57.5701,5300600
2022-03-14,61.5400,62.0900,60.9500,61.2500,57.4014,4889200
2022-03-15,61.7600,62.8300,61.3700,61.7200,57.8418,6422200
2022-03-16,62.4300,63.6500,61.5500,62.5400,58.6103,8278000
2022-03-17,61.8700,62.7300,61.4500,62.2500,58.3385,8139200
2022-03-18,62.0000,62.6200,61.2400,62.4400,58.5166,11728300
2022-03-21,62.8300,62.8300,60.4800,60.9900,57.1577,7342900
2022-03-22,61.4300,62.3000,60.9800,61.1300,57.2889,13372400
2022-03-23,60.6400,60.7300,59.4200,59.4800,55.7426,8240700
2022-03-24,59.7300,60.3300,58.9800,60.0700,56.2955,8633000
2022-03-25,60.7400,61.4400,60.0400,61.2900,57.4389,10110400
2022-03-28,60.4000,62.0100,60.3600,62.0000,58.1042,10417000
2022-03-29,62.6400,64.4900,62.6300,64.3100,60.2691,9812500
2022-03-30,63.3800,63.7600,61.8300,62.0000,58.1042,7937100
2022-03-31,61.6000,62.2100,60.4900,60.5800,56.7735,10282200
2022-04-01,60.7200,61.0400,60.0300,60.8900,57.0640,5762000
2022-04-04,60.8100,62.3000,60.4400,62.0700,58.1698,5855000
2022-04-05,60.3900,62.0800,60.1700,61.7100,57.8325,6130300
2022-04-06,60.9100,61.0900,59.7800,60.5300,56.7266,8641500
2022-04-07,59.9600,61.7400,59.4700,61.3300,57.4763,7628300
2022-04-08,61.2600,62.3100,60.8800,61.5600,57.6919,7604400
2022-04-11,61.9800,63.3600,61.7700,61.8600,57.9730,6230000
2022-04-12,62.4000,64.0400,62.3400,62.8300,58.8821,5873900
2022-04-13,63.0700,64.0100,62.7600,63.7000,59.6974,6107600
2022-04-14,63.8600,64.3900,62.5700,62.7100,58.7696,6511000
2022-04-18,62.4200,63.1100,62.1000,62.4400,58.5166,4521800
2022-04-19,62.5700,65.6300,62.4300,65.4300,61.3187,9021100
2022-04-20,66.2500,67.4300,66.1800,66.7800,62.5839,7942800
2022-04-21,67.6000,68.2900,65.7400,65.9400,61.7967,7815200
2022-04-22,64.3300,65.3700,62.6300,62.7100,58.7696,5424600
2022-04-25,62.2900,63.4400,61.2700,63.3900,59.4069,6331700
2022-04-26,62.6500,63.2500,61.4200,61.4200,57.5607,5744200
2022-04-27,61.4100,62.0100,60.7300,61.4700,57.6075,7501700
2022-04-28,62.3500,63.7100,61.6900,63.3400,59.3600,4236400
2022-04-29,62.7600,63.0300,61.0600,61.2800,57.4295,6981400
2022-05-02,61.6800,62.3400,60.5400,62.3000,58.3854,8136500
2022-05-03,62.6600,62.6800,61.3200,62.0200,58.1230,4447700
2022-05-04,61.9800,64.1400,61.2600,64.0700,60.0442,4747200
2022-05-05,62.9700,63.5400,60.9200,61.7100,57.8325,5940400
2022-05-06,61.2200,61.2200,59.0200,60.4100,56.6141,6099000
2022-05-09,59.7800,61.1200,58.8300,59.1400,55.4239,8264800
2022-05-10,59.5800,59.9100,55.4700,56.2000,52.6687,9331900
2022-05-11,56.4200,56.6800,54.8600,54.9900,51.8066,8399600
2022-05-12,54.6200,56.2900,54.4900,56.0000,52.7582,8510600
2022-05-13,56.7200,57.5700,56.0700,57.1900,53.8793,8036400
2022-05-16,56.6400,56.8500,55.5600,56.1200,52.8712,7952300
2022-05-17,55.8400,56.2100,53.6900,56.1900,52.9372,13982300
2022-05-18,61.4500,63.0400,59.0100,60.1900,56.7056,26649700
2022-05-19,59.6200,62.9000,59.0000,61.4100,57.8550,13905700
2022-05-20,58.6100,59.8500,55.7200,57.8700,54.5199,15719000
2022-05-23,58.1100,61.1200,57.7500,60.3100,56.8187,9251700
2022-05-24,59.2000,59.8700,58.4800,59.6800,56.2251,6998800
2022-05-25,59.4500,61.7700,59.0000,61.2200,57.6760,6851700
2022-05-26,62.8300,64.3000,61.8400,64.1100,60.3987,10821900
2022-05-27,63.7800,64.8400,63.3700,64.5900,60.8509,6524400
2022-05-31,64.2400,64.2400,62.6300,63.5700,59.8899,7561200
2022-06-01,64.3600,64.4300,62.2600,62.5000,58.8819,4158800
2022-06-02,62.9400,63.8900,62.6800,63.7700,60.0784,3436900
2022-06-03,63.6000,63.8700,61.9100,62.0300,58.4391,4894200
2022-06-06,62.4200,62.5400,61.3800,61.7300,58.1565,3905100
2022-06-07,59.9100,61.2800,59.2700,61.0500,57.5158,6706100
2022-06-08,61.0900,62.3800,60.5200,61.4300,57.8738,4250000
2022-06-09,61.1700,61.6600,60.6500,60.6500,57.1390,3852300
2022-06-10,59.3900,60.3000,58.7600,58.9700,55.5562,4862700
2022-06-13,57.2900,58.0800,57.0300,57.3300,54.0112,7137400
2022-06-14,57.3700,58.3200,57.1700,57.3300,54.0112,5863800
2022-06-15,57.5500,58.1900,56.8400,57.6300,54.2938,7151900
2022-06-16,56.5300,56.9800,55.9600,56.7400,53.4553,9118900
2022-06-17,56.4600,57.3600,56.0200,56.6200,53.3423,12330100
2022-06-21,57.7700,58.2800,57.0300,57.4900,54.1619,6140000
2022-06-22,56.9100,57.7400,56.7300,57.0700,53.7662,6373500
2022-06-23,57.3800,57.7800,56.3500,57.3000,53.9829,4435500
2022-06-24,57.8200,60.3100,57.5800,60.2400,56.7527,7373800
2022-06-27,60.7400,60.9000,59.5200,59.8100,56.3476,5093800
2022-06-28,60.1300,60.5900,57.4400,57.4800,54.1525,5850400
2022-06-29,57.3300,57.5300,56.7400,57.0900,53.7851,3741100
2022-06-30,56.0700,56.6700,55.5500,55.8500,52.6169,5708300
2022-07-01,55.6000,56.1200,54.5500,56.0400,52.7959,5391800
2022-07-05,55.4400,58.3100,55.3300,57.5800,54.2467,8365000
2022-07-06,57.8600,58.6700,57.0700,57.9700,54.6141,5698600
2022-07-07,58.1900,59.9600,58.0500,59.4900,56.0461,6823900
2022-07-08,59.3800,59.7800,58.8800,58.9400,55.5280,5960500
2022-07-11,58.6600,59.0700,58.1300,58.4000,55.0192,4086300
2022-07-12,58.3200,59.5900,58.2700,58.9800,55.5657,5367300
2022-07-13,58.0300,59.4400,57.7600,59.0800,55.6599,5630600
2022-07-14,58.0300,58.9900,57.9900,58.7500,55.3490,4195900
2022-07-15,59.5600,60.5800,59.3900,60.5600,57.0542,7248800
2022-07-18,61.0100,61.7400,60.4500,60.4900,56.9883,7520700
2022-07-19,61.3000,62.7600,60.9900,62.6500,59.0232,5848000
2022-07-20,62.5400,63.2700,62.3300,63.0400,59.3906,4128900
2022-07-21,62.9500,63.7900,62.6900,63.7400,60.0501,2966200
2022-07-22,64.0000,64.6600,63.1900,63.7600,60.0690,5040100
2022-07-25,63.6000,63.7600,62.7400,63.2900,59.6262,5311500
2022-07-26,60.9700,61.3000,60.3600,60.6600,57.1484,7473500
2022-07-27,60.3100,61.3000,59.8100,60.8000,57.2803,5908600
2022-07-28,61.0200,61.5700,60.4500,61.1900,57.6477,5588900
2022-07-29,61.3400,61.7600,60.0900,61.1600,57.6195,6669200
2022-08-01,60.8300,62.8400,60.7500,62.6500,59.0232,6196900
2022-08-02,62.3100,62.4900,61.0800,61.6400,58.0717,5947300
2022-08-03,62.2400,63.5700,61.9200,63.2200,59.5602,3711800
2022-08-04,63.7100,63.9500,63.0100,63.2800,59.6167,3445700
2022-08-05,62.4900,63.1000,62.2300,62.8200,59.1834,2640400
2022-08-08,63.4000,64.2700,63.3700,63.6800,59.9936,4694100
2022-08-09,63.5100,63.5600,62.2300,62.7000,59.0703,5572400
2022-08-10,63.6600,64.2500,62.9000,63.0300,59.6619,5284900
2022-08-11,63.9200,65.2800,63.7700,64.4100,60.9682,4339900
2022-08-12,64.4700,65.5000,63.9900,65.4700,61.9715,5058400
2022-08-15,65.2500,66.3900,65.0800,65.3700,61.8769,5306500
2022-08-16,65.2300,67.7800,65.2300,66.6500,63.0885,7562200
2022-08-17,65.9700,69.7700,65.4700,68.5400,64.8775,12745900
2022-08-18,67.7800,68.3000,66.9500,68.0100,64.3758,6770700
2022-08-19,67.6200,67.8300,66.2300,66.4000,62.8518,6078500
2022-08-22,66.0000,66.0000,63.8000,64.3900,60.9492,4734900
2022-08-23,64.3100,64.6900,63.6900,63.8900,60.4760,4163700
2022-08-24,63.6400,64.9500,63.2600,64.3700,60.9303,5563000
2022-08-25,63.8000,65.4800,63.4700,65.0900,61.6118,6919000
2022-08-26,65.2800,65.7400,62.8800,62.8900,59.5294,4409900
2022-08-29,62.5500,63.7300,62.4500,63.1200,59.7471,4351400
2022-08-30,63.4900,63.7100,62.0100,62.5600,59.2170,4707400
2022-08-31,62.1300,62.8300,61.8600,62.3500,59.0183,6310100
2022-09-01,62.4400,63.9100,62.0600,63.8400,60.4286,4530800
2022-09-02,64.1800,64.5700,63.1300,63.5200,60.1257,4055300
2022-09-06,63.5300,63.8600,62.2100,62.8900,59.5294,4359200
2022-09-07,62.8500,65.9700,62.8000,65.8400,62.3218,4732800
2022-09-08,65.0200,66.5000,64.6700,66.4700,62.9181,4956800
2022-09-09,66.2500,66.9900,66.1200,66.6200,63.0601,4376300
2022-09-12,66.9900,67.8000,66.4900,66.9800,63.4009,3635000
2022-09-13,65.3400,66.0100,64.3700,64.5600,61.1102,5416900
2022-09-14,64.9000,65.1100,63.7100,64.3600,60.9208,4648100
2022-09-15,64.6700,65.8200,64.5000,64.8800,61.4131,4366100
2022-09-16,64.2800,65.2500,64.0100,64.6600,61.2048,6657200
2022-09-19,64.2500,65.5900,64.1700,65.5400,62.0378,4047700
2022-09-20,64.9500,65.0000,62.7600,63.7200,60.3150,4707100
2022-09-21,64.0200,65.0000,62.9600,62.9600,59.5957,3093300
2022-09-22,63.0100,63.3400,61.9800,62.0100,58.6964,5146200
2022-09-23,61.6400,61.8800,60.7100,61.2700,57.9960,4677700
2022-09-26,61.3900,62.0100,60.1600,60.3100,57.0873,5108300
2022-09-27,60.9400,61.6900,59.8100,60.5700,57.3334,4400200
2022-09-28,61.0600,62.6900,60.7400,62.3100,58.9804,6416700
2022-09-29,61.8600,61.9700,60.7800,61.3400,58.0622,4500700
2022-09-30,60.8000,63.3700,59.7800,62.1200,58.8005,8322100
2022-10-03,63.0300,63.5900,61.8100,62.9000,59.5389,5927700
2022-10-04,64.2900,65.5500,64.1500,65.4200,61.9242,5831300
2022-10-05,64.8100,66.1600,64.6900,65.8000,62.2839,4066900
2022-10-06,66.0500,66.6300,64.9000,65.0900,61.6118,5122500
2022-10-07,64.5100,64.8500,63.9400,64.5900,61.1386,5153100
2022-10-10,65.0000,65.3600,63.6400,64.3300,60.8925,3169400
2022-10-11,63.9100,65.3200,63.6700,64.3600,60.9208,4251400
2022-10-12,64.4200,64.6400,63.6200,63.8800,60.4665,4700900
2022-10-13,62.5000,65.7600,62.2500,65.1800,61.6970,5318500
2022-10-14,65.8400,66.4900,63.4500,63.5500,60.1541,4234800
2022-10-17,65.2100,66.4000,65.0200,65.8900,62.3691,5570900
2022-10-18,67.4100,67.8300,66.3000,66.8300,63.2589,4674600
2022-10-19,66.6800,67.3400,65.4000,66.1000,62.5679,3190500
2022-10-20,66.2900,66.8300,65.2000,65.3600,61.8674,3985200
2022-10-21,65.3100,68.0600,65.2700,67.6100,63.9972,5865200
2022-10-24,67.9300,69.3000,67.6900,69.1800,65.4833,5044200
2022-10-25,69.9100,71.3400,69.3900,70.4600,66.6949,6383500
2022-10-26,70.7600,71.8700,70.4100,70.9100,67.1208,4420100
2022-10-27,71.1100,72.5000,71.0500,71.9100,68.0674,5216700
2022-10-28,71.8500,72.9900,71.2500,72.5000,68.6259,6658900
2022-10-31,72.1700,73.0100,71.9700,72.1000,68.2473,5887400
2022-11-01,72.5600,72.9200,70.4800,71.7600,67.9254,5222500
2022-11-02,71.6600,72.6900,70.2700,70.2900,66.5340,4432400
2022-11-03,70.2000,71.7400,69.9500,71.2000,67.3954,3886500
2022-11-04,71.7600,72.3200,70.0700,71.1900,67.3859,4970400
2022-11-07,71.4900,72.3200,70.1000,72.1200,68.2662,5189900
2022-11-08,72.6000,72.6500,70.4600,71.4900,67.6698,4279400
2022-11-09,71.5900,72.1600,69.9300,70.0800,66.6101,3797900
2022-11-10,72.9600,74.2600,72.5500,74.0000,70.3360,5848100
2022-11-11,74.4700,75.0000,73.1900,73.9000,70.2409,5988600
2022-11-14,73.4600,74.1700,72.9400,73.0600,69.4425,6371000
2022-11-15,74.4500,76.1000,74.2400,75.1200,71.4005,9634900
2022-11-16,74.3800,79.4000,74.3500,79.0200,75.1074,12943900
2022-11-17,76.9500,78.1900,75.8200,77.9900,74.1284,9709100
2022-11-18,78.9700,79.9900,77.7400,78.1600,74.2900,6860200
2022-11-21,77.3900,79.0600,77.3900,79.0000,75.0884,5493300
2022-11-22,79.5000,80.4500,78.6900,80.1100,76.1434,8887400
2022-11-23,80.0000,80.8600,79.8800,80.5400,76.5522,6499000
2022-11-25,81.0000,81.1700,80.1900,81.0300,77.0179,2454100
2022-11-28,79.9900,80.9200,79.8400,80.0300,76.0674,5328900
2022-11-29,80.3400,80.4900,79.4200,80.1600,76.1909,4771300
2022-11-30,80.0000,80.1600,78.9100,80.0500,76.0864,10392200
2022-12-01,80.3900,80.3900,78.7700,79.7400,75.7917,6758800
2022-12-02,79.3000,80.6900,78.8500,80.1900,76.2195,4776700
2022-12-05,78.8100,79.8700,78.3500,79.4600,75.5256,4443500
2022-12-06,80.3400,81.1500,78.8800,79.3600,75.4306,4864100
2022-12-07,79.1900,79.9100,78.9100,79.4000,75.4686,5222800
2022-12-08,80.0000,80.4000,78.4900,78.6800,74.7842,6358500
2022-12-09,77.6300,78.4100,76.7700,78.0600,74.1949,6594700
2022-12-12,78.5700,78.7800,77.8000,78.7600,74.8603,5570200
2022-12-13,80.6900,80.6900,78.5500,79.1600,75.2405,5808900
2022-12-14,79.3800,79.9000,78.5600,79.2900,75.3640,4749300
2022-12-15,78.4800,79.4900,77.8300,78.6600,74.7652,5929500
2022-12-16,78.1800,78.7000,77.4400,77.6500,73.8053,12375900
2022-12-19,78.0000,78.6800,77.6300,78.0900,74.2234,3914200
2022-12-20,78.2400,78.3900,77.4700,77.5900,73.7482,3953200
2022-12-21,78.5700,79.2200,78.2900,78.8400,74.9363,4109900
2022-12-22,78.1500,78.4200,77.3100,78.4200,74.5371,3962100
2022-12-23,78.3600,79.5000,78.0100,79.5000,75.5637,2318300
2022-12-27,79.6500,80.0000,78.9200,79.0300,75.1169,3351500
2022-12-28,78.9600,79.3300,78.2500,78.6900,74.7937,3052500
2022-12-29,79.1300,79.8900,78.9500,79.3400,75.4116,2569600
2022-12-30,78.9200,79.7200,78.6300,79.6000,75.6587,3074100
2023-01-03,79.7300,79.9800,78.5500,79.0100,75.0979,4264700
2023-01-04,79.8600,80.5900,79.2400,79.8600,75.9058,4262700
2023-01-05,80.0800,80.9400,79.5800,80.6500,76.6567,4762600
2023-01-06,81.1300,83.0800,80.8700,82.7200,78.6242,4673100
2023-01-09,82.4700,83.1300,81.4200,81.5100,77.4741,5960800
2023-01-10,81.5000,82.5000,81.4000,82.4400,78.3581,3914400
2023-01-11,82.9200,83.0300,81.9000,82.2700,78.1965,6035000
2023-01-12,82.1700,82.3100,81.0500,81.9200,77.8638,5268800
2023-01-13,81.8300,82.5400,81.2600,81.5300,77.4931,4649900
2023-01-17,81.5600,82.0700,81.2900,81.5500,77.5121,5283100
2023-01-18,81.6700,81.9900,79.6700,79.8100,75.8583,4448800
2023-01-19,79.7300,80.1300,79.3300,79.4100,75.4781,5280800
2023-01-20,79.1500,79.5400,78.5200,79.5400,75.6017,10633100
2023-01-23,79.6600,79.9800,78.9300,79.1700,75.2500,6463900
2023-01-24,79.3900,81.3200,79.0500,81.3000,77.2745,7853700
2023-01-25,80.8500,82.6500,80.3900,82.6500,78.5577,5111900
2023-01-26,82.8000,83.0600,81.8100,82.4600,78.3771,5161200
2023-01-27,82.7000,82.9900,81.7100,81.8900,77.8353,3920800
2023-01-30,81.9000,82.2000,81.2200,81.5100,77.4741,4289000
2023-01-31,81.5100,82.0000,81.3000,81.8600,77.8068,4795500
2023-02-01,81.9900,82.7700,81.0300,82.4200,78.3391,5355400
2023-02-02,82.3200,82.5400,80.2600,80.3900,76.4096,9315300
2023-02-03,80.2100,81.0800,79.8100,80.5200,76.5331,9091000
2023-02-06,80.5100,81.8300,80.0400,80.1500,76.1814,4855100
2023-02-07,79.2800,79.9200,78.2100,79.8600,75.9058,5448400
2023-02-08,79.4200,81.0100,78.8400,80.3100,76.6165,6417800
2023-02-09,80.7000,81.6800,80.7000,80.7600,77.0459,4560900
2023-02-10,80.0600,80.4000,79.7900,80.2500,76.5593,3547300
2023-02-13,80.3800,80.9900,80.2300,80.5600,76.8551,5669600
2023-02-14,80.4200,81.1300,80.1300,80.7200,77.0077,3736300
2023-02-15,80.3600,80.8800,80.0600,80.6500,76.9409,3389300
2023-02-16,79.6800,80.3600,79.4300,79.6200,75.9583,4739800
2023-02-17,79.6300,80.1200,79.4100,79.8300,76.1586,4926200
2023-02-21,79.0900,79.6300,78.6000,78.8200,75.1951,7122600
2023-02-22,78.2000,78.5800,76.8200,77.4600,73.8976,10844400
2023-02-23,77.8600,77.9800,76.2000,77.7500,74.1743,6463800
2023-02-24,77.1800,77.7000,76.4900,77.1900,73.6400,6312100
2023-02-27,78.0200,78.0200,76.4800,76.9000,73.3634,5270000
2023-02-28,77.0000,77.2800,76.4300,76.6000,73.0772,5626300
2023-03-01,76.1100,76.9100,75.7400,76.8600,73.3252,5512900
2023-03-02,77.2000,77.5000,76.0700,76.7100,73.1821,4878500
2023-03-03,77.0700,77.9300,76.8000,77.9100,74.3269,3864100
2023-03-06,77.6600,78.7900,77.5000,78.2500,74.6513,5819900
2023-03-07,78.5800,78.6400,76.8400,76.9800,73.4397,5224700
2023-03-08,77.4400,77.7800,76.5600,77.1800,73.6305,3811600
2023-03-09,76.7400,77.0000,74.5200,74.9700,71.5221,7948600
2023-03-10,75.0300,75.8200,74.1900,74.3000,70.8830,4880200
2023-03-13,73.4800,74.5200,72.9200,73.5400,70.1579,5484600
2023-03-14,74.6000,75.0200,73.9900,74.7600,71.3218,4303800
2023-03-15,73.6800,74.5000,73.2400,74.1600,70.7494,6420700
2023-03-16,73.7700,74.9100,73.5700,74.6000,71.1691,5314400
2023-03-17,74.0400,74.7700,73.5900,74.4800,71.0547,7790200
2023-03-20,74.5900,75.7500,74.5600,75.4000,71.9324,4368400
2023-03-21,76.2200,77.1300,76.0000,76.3600,72.8482,4539400
2023-03-22,76.8200,76.9100,75.1100,75.1300,71.6748,3820700
2023-03-23,75.2400,75.8300,74.1500,74.6300,71.1978,5003700
2023-03-24,74.4400,74.9600,73.6500,74.8700,71.4267,4643500
2023-03-27,75.3500,75.7200,74.7700,75.3800,71.9133,3873900
2023-03-28,75.8500,76.2300,75.4000,76.2100,72.7051,3209800
2023-03-29,76.3900,76.8300,76.1200,76.5500,73.0295,3766400
2023-03-30,77.2900,77.8600,76.6000,76.9100,73.3729,3034000
2023-03-31,77.4200,78.4100,77.1500,78.3600,74.7562,5104800
2023-04-03,78.0900,78.8800,78.0000,78.8600,75.2332,4464500
2023-04-04,79.2000,79.3900,78.5600,78.6400,75.0233,3102800
2023-04-05,78.7000,78.7600,77.8600,78.0400,74.4509,3893900
2023-04-06,77.8900,78.1800,77.3800,78.0500,74.4605,3085900
2023-04-10,77.4400,78.5900,77.4400,78.3800,74.7753,3899100
2023-04-11,78.7300,78.9100,77.9500,78.3400,74.7372,4367200
2023-04-12,78.2500,78.5100,76.4600,76.7000,73.1726,4828400
2023-04-13,77.0100,77.4300,76.5400,77.2000,73.6496,5033000
2023-04-14,77.2200,78.1000,76.6000,77.1900,73.6400,3927000
2023-04-17,77.4500,77.6300,76.9700,77.6100,74.0407,4362200
2023-04-18,77.6900,78.0500,77.4300,77.7600,74.1838,3087100
2023-04-19,77.6100,78.0400,77.4700,78.0100,74.4223,2476900
2023-04-20,77.9900,79.2100,77.7500,79.0700,75.4336,4634400
2023-04-21,79.4300,79.7100,78.3600,78.4300,74.8230,4009600
2023-04-24,78.8000,78.8900,78.1400,78.5300,74.9184,4041900
2023-04-25,78.3100,78.4600,76.7600,76.8400,73.3061,4275800
2023-04-26,76.4400,77.9000,76.2300,77.4600,73.8976,5043300
2023-04-27,77.8500,78.9900,77.8500,78.9400,75.3095,5084000
2023-04-28,78.8900,79.0400,78.1400,78.8200,75.1951,3448000
2023-05-01,79.0400,79.1300,77.9700,78.3200,74.7181,3607500
2023-05-02,77.8300,78.3000,76.5700,78.2400,74.6417,3652300
2023-05-03,78.4700,78.7900,77.7800,77.8400,74.2601,4199200
2023-05-04,77.7500,77.8000,76.6600,77.0700,73.5256,2657900
2023-05-05,77.6400,78.6500,77.4000,78.5000,74.8898,3987900
2023-05-08,78.8900,78.8900,78.0300,78.3600,74.7562,3066600
2023-05-09,78.3000,78.7900,77.7900,78.5900,74.9756,3278100
2023-05-10,78.8900,78.9600,77.1300,77.9800,74.7103,3830500
2023-05-11,78.1700,78.3500,77.4400,78.0600,74.7869,3981500
2023-05-12,78.2800,79.2600,78.0000,78.9900,75.6779,6158400
2023-05-15,78.8900,79.3100,78.4500,79.2500,75.9270,6987400
2023-05-16,78.8200,79.4400,78.2100,78.2200,74.9402,8043500
2023-05-17,78.7200,81.3200,77.3600,78.9500,75.6396,11852400
2023-05-18,78.7100,79.7400,78.0900,79.2700,75.9462,5139300
2023-05-19,79.0300,79.6400,78.3600,79.3500,76.0228,6441200
2023-05-22,79.2700,79.7400,78.3900,78.4300,75.1414,5500900
2023-05-23,78.0000,78.3000,77.3300,77.4900,74.2408,5433600
2023-05-24,77.8200,78.0000,76.7400,76.8200,73.5989,4693000
2023-05-25,77.0000,77.6800,75.7700,75.9400,72.7558,7042200
2023-05-26,75.9400,77.1900,75.7900,77.0000,73.7713,4419300
2023-05-30,76.9600,77.1800,76.4600,76.7600,73.5414,4517400
2023-05-31,76.2500,77.0600,75.6500,76.7900,73.5702,7077200
2023-06-01,76.4400,77.1200,76.2900,76.6500,73.4360,5223600
2023-06-02,77.3500,78.4900,77.2000,78.1100,74.8348,4910200
2023-06-05,77.9100,78.8900,77.9100,78.8600,75.5534,4988400
2023-06-06,78.8400,79.3800,78.5800,78.6700,75.3713,5110600
2023-06-07,78.6600,78.9100,77.2600,78.1100,74.8348,5521300
2023-06-08,78.1200,78.3500,77.4400,77.7600,74.4995,4746800
2023-06-09,78.2900,79.6600,78.0800,79.3600,76.0324,4629800
2023-06-12,79.6700,80.2400,79.3400,80.0300,76.6743,4553400
2023-06-13,80.7000,81.8500,80.5700,81.0300,77.6324,5186300
2023-06-14,80.8600,81.0500,79.6300,79.9000,76.5498,4902500
2023-06-15,79.9600,81.5900,79.8600,81.4800,78.0635,5003400
2023-06-16,82.0000,82.1700,80.9400,81.2600,77.8527,8394200
2023-06-20,80.9300,81.5100,80.3200,80.3900,77.0192,6513600
2023-06-21,80.6500,81.1700,80.1600,80.8700,77.4791,4920500
2023-06-22,81.7700,81.8200,80.9400,81.4800,78.0635,3763900
2023-06-23,81.1700,82.2900,81.0600,82.0600,78.6192,4912100
2023-06-26,82.0400,82.2800,81.6500,81.7200,78.2934,3650300
2023-06-27,82.3200,83.2800,82.3200,82.8000,79.3282,4318600
2023-06-28,82.7800,83.3400,82.3000,82.6600,79.1940,3972600
2023-06-29,83.3400,83.8300,83.0900,83.7400,80.2287,4138700
2023-06-30,84.0000,85.2300,83.8900,84.7900,81.2347,4579900
2023-07-03,84.4100,84.9000,84.2400,84.2400,80.7078,2181800
2023-07-05,84.0300,84.7500,83.8800,84.7000,81.1485,4912900
2023-07-06,84.3900,84.7300,83.3500,83.4400,79.9413,4677100
2023-07-07,83.0000,83.2500,82.5400,82.7000,79.2324,4533100
2023-07-10,82.2500,83.6600,82.2500,83.5700,80.0659,3807000
2023-07-11,83.9600,84.8300,83.6000,84.7400,81.1868,3722600
2023-07-12,86.1500,86.4300,85.1500,85.2500,81.6754,6298800
2023-07-13,85.3400,85.6900,84.7500,84.9400,81.3784,6468300
2023-07-14,84.6600,84.9400,83.9900,84.9200,81.3593,3865200
2023-07-17,85.1700,85.8600,84.7800,85.1000,81.5317,3126500
2023-07-18,85.1200,85.6700,84.5600,85.1600,81.5892,4254000
2023-07-19,84.9600,85.7400,84.8300,85.5900,82.0012,3002300
2023-07-20,85.8400,86.2000,85.3600,85.4300,81.8479,2904100
2023-07-21,85.7700,86.1100,85.3600,85.5800,81.9916,3575500
2023-07-24,85.5000,86.6800,85.4200,86.5900,82.9592,2827400
2023-07-25,86.4100,87.4600,85.8200,87.2800,83.6203,4648600
2023-07-26,87.2100,87.6300,86.6500,87.4200,83.7544,3505400
2023-07-27,87.5000,87.6000,86.3800,86.4500,82.8251,3708200
2023-07-28,86.7400,87.4300,86.4200,86.8500,83.2083,3105500
2023-07-31,86.8700,87.0000,86.0600,86.5300,82.9018,3202500
2023-08-01,86.5300,87.2400,86.2200,86.3700,82.7485,3963500
2023-08-02,86.3200,86.8800,85.5500,85.6100,82.0203,3552500
2023-08-03,85.6300,86.6700,85.5200,86.0200,82.4131,3361300
2023-08-04,86.5600,86.6200,85.2700,85.4500,81.8670,2470700
2023-08-07,86.0000,86.6000,85.8900,86.2900,82.6718,2694800
2023-08-08,86.2900,86.6100,85.3500,86.5800,82.9497,3020000
2023-08-09,87.0000,87.2400,86.1700,86.2200,82.9237,6829500
2023-08-10,86.7500,87.8100,86.1500,86.2000,82.9045,4797800
2023-08-11,85.9200,86.7000,85.6600,85.8900,82.6063,4656100
2023-08-14,86.3200,87.2100,86.1100,86.2100,82.9141,6871700
2023-08-15,86.0300,86.6200,85.4400,85.7700,82.4909,6082000
2023-08-16,88.7500,90.1900,87.8400,89.3100,85.8956,15063200
2023-08-17,89.0600,89.8400,87.9800,88.2900,84.9146,8543100
2023-08-18,88.5000,89.6300,88.3200,89.5200,86.0975,7777700
2023-08-21,89.4900,89.8800,88.5600,89.6200,86.1937,5617200
2023-08-22,89.0000,89.2900,88.4300,89.1000,85.6936,4343500
2023-08-23,89.0200,90.1900,88.5900,90.0100,86.5688,4478900
2023-08-24,90.0000,90.3000,88.2600,88.3100,84.9338,4747400
2023-08-25,88.8100,89.1800,87.8100,88.8200,85.4243,4277800
2023-08-28,88.7500,90.4000,88.5800,90.2800,86.8285,5083700
2023-08-29,90.0000,91.2200,89.9700,90.9700,87.4921,4700000
2023-08-30,91.2000,92.3300,90.9100,92.1400,88.6174,5520800
2023-08-31,91.9900,92.8700,91.8900,92.4800,88.9444,6427600
2023-09-01,92.5000,92.8000,92.0400,92.6400,89.0983,4450700
2023-09-05,92.5000,92.5000,91.5500,91.6200,88.1172,4171000
2023-09-06,91.4900,91.5900,90.4900,90.7600,87.2901,6003400
2023-09-07,90.8900,91.7300,90.7900,91.4500,87.9537,4940900
2023-09-08,91.6500,92.1400,91.3800,91.4500,87.9537,4720600
2023-09-11,91.8200,92.0300,91.2400,91.5800,88.0788,4042200
2023-09-12,91.4600,92.3200,91.4200,92.1800,88.6558,3678300
2023-09-13,92.5600,93.0000,92.1900,92.9200,89.3675,5481900
2023-09-14,92.6000,93.7800,92.4200,93.5900,90.0119,5182500
2023-09-15,93.2300,93.4000,92.3300,92.4400,88.9059,7606900
2023-09-18,92.3700,92.9700,91.7900,91.9400,88.4250,4274100
2023-09-19,91.8100,92.1100,90.4700,91.0000,87.5210,6972400
2023-09-20,91.1500,91.5600,90.5700,90.6600,87.1940,5076200
2023-09-21,90.3800,90.6000,88.9500,89.1700,85.7609,4975600
2023-09-22,89.1100,89.9000,88.9400,89.1600,85.7513,4352200
2023-09-25,88.8900,89.2100,88.0600,88.2600,84.8857,4273300
2023-09-26,88.4000,88.7800,87.8200,87.8700,84.5106,3867300
2023-09-27,88.1000,88.8600,87.4700,88.1100,84.7414,4913600
2023-09-28,88.5900,89.6400,88.5900,89.5800,86.1552,6608600
2023-09-29,89.8500,90.0800,88.8000,88.8800,85.4820,5420900
2023-10-02,88.5500,89.6100,88.3500,88.6800,85.2896,4685600
2023-10-03,88.8300,89.3400,87.2900,87.8500,84.4914,5094600
2023-10-04,87.9000,88.3700,87.0200,88.0400,84.6741,4349200
2023-10-05,88.1800,88.4700,87.4700,87.8300,84.4721,3649500
2023-10-06,87.7600,89.0600,86.7100,88.5600,85.1742,3947300
2023-10-09,87.8700,88.7300,87.3400,88.7100,85.3185,3487100
2023-10-10,88.8900,89.6400,88.4400,88.6500,85.2608,5786000
2023-10-11,89.2000,89.5700,88.5900,89.2500,85.8378,3916100
2023-10-12,89.3800,89.5600,88.2300,88.9200,85.5205,2808300
2023-10-13,88.9300,89.1600,88.2300,88.6000,85.2127,2846000
2023-10-16,89.0000,90.3100,88.8900,89.6800,86.2514,6125100
2023-10-17,89.5700,90.9600,89.3400,90.6100,87.1459,4373500
2023-10-18,90.3300,91.1800,90.2600,90.4500,86.9920,3701100
2023-10-19,90.5300,90.9400,89.0800,89.8300,86.3957,4276200
2023-10-20,89.9600,90.0000,88.8700,89.1000,85.6936,4166200
2023-10-23,88.8900,89.2000,87.9100,88.3300,84.9530,3395000
2023-10-24,88.8100,90.0800,88.8100,89.4600,86.0398,4186400
2023-10-25,89.3600,89.6300,88.3900,88.9500,85.5493,3951300
2023-10-26,88.8300,89.5800,87.8600,87.9300,84.5683,4031600
2023-10-27,87.9100,88.4700,86.9200,87.1900,83.8566,3553200
2023-10-30,87.4300,88.5400,87.0500,88.2700,84.8953,3453300
2023-10-31,88.3800,88.4500,87.3100,88.0700,84.7030,6610000
2023-11-01,88.5500,88.7000,87.2200,88.0600,84.6933,5079600
2023-11-02,88.3100,90.2800,88.0900,89.9200,86.4822,8158100
2023-11-03,90.6800,91.5200,90.6100,91.0000,87.5210,3978400
2023-11-06,90.9900,91.4200,90.6800,90.8500,87.3767,4686800
2023-11-07,91.0500,91.4200,90.6200,90.7700,87.2997,4438400
2023-11-08,90.5300,91.1700,90.3200,90.4200,87.2833,8107400
2023-11-09,90.6200,91.6400,90.0600,91.0600,87.9011,7382800
2023-11-10,91.4400,91.5200,89.7300,91.2000,88.0363,6767300
2023-11-13,91.0900,91.6400,90.5600,91.1400,87.9783,5520700
2023-11-14,92.0400,93.2500,91.9100,92.5000,89.2912,7076000
2023-11-15,89.8000,90.9100,88.5200,89.4300,86.3277,11607300
2023-11-16,88.7600,89.6900,87.2600,88.3700,85.3044,9584200
2023-11-17,89.1300,90.1500,88.7900,88.8400,85.7581,9344700
2023-11-20,88.6600,89.8000,88.3500,89.5400,86.4339,7061600
2023-11-21,89.7800,90.0000,88.4400,89.0700,85.9801,6659800
2023-11-22,89.6700,90.4000,89.2200,89.9500,86.8296,4982200
2023-11-24,90.3600,90.6000,89.5500,89.9700,86.8489,2066400
2023-11-27,89.7100,89.9100,89.0100,89.1000,86.0091,6165500
2023-11-28,88.9100,89.4800,88.7500,89.1400,86.0477,3865000
2023-11-29,89.4400,89.6000,87.8500,88.1000,85.0438,5014600
2023-11-30,88.3700,88.6600,87.7900,88.1100,85.0535,11206300
2023-12-01,88.3100,89.3900,87.9200,89.0400,85.9512,4964500
2023-12-04,88.5400,89.6800,88.3000,88.5700,85.4975,5884400
2023-12-05,88.2400,88.4000,87.4400,88.0000,84.9473,3840200
2023-12-06,87.9700,89.0400,87.9700,88.5600,85.4879,5102500
2023-12-07,88.7700,89.2900,88.5000,88.8900,85.8064,4210200
2023-12-08,89.0300,89.3000,88.4300,89.1300,86.0381,5124900
2023-12-11,89.6600,90.8800,89.6600,90.7700,87.6212,4891000
2023-12-12,90.6800,91.4000,90.4000,91.1700,88.0073,4237200
2023-12-13,91.5400,91.8900,90.8700,91.8900,88.7023,5567000
2023-12-14,92.1300,92.3100,89.8600,89.9500,86.8296,7156000
2023-12-15,89.4100,90.1200,88.5800,89.2900,86.1925,9827600
2023-12-18,89.7400,90.3100,89.3700,89.8200,86.7041,4367300
2023-12-19,89.5200,91.3800,89.5200,91.2800,88.1135,4429400
2023-12-20,90.9200,91.2000,90.0400,90.0600,86.9358,4783100
2023-12-21,90.4000,91.4900,90.2700,91.3800,88.2100,5376200
2023-12-22,91.5700,91.9700,91.3000,91.8500,88.6637,3463200
2023-12-26,91.9200,92.8700,91.8300,92.7900,89.5711,3275600
2023-12-27,92.7700,93.1500,92.3700,92.7700,89.5518,3525300
2023-12-28,92.9800,93.6800,92.6900,93.2400,90.0055,3249100
2023-12-29,93.5900,94.2900,93.3800,93.8100,90.5557,5342500
2024-01-02,93.0900,94.2300,92.8300,93.2800,90.0441,5273500
2024-01-03,93.0600,93.2500,91.6600,91.7000,88.5189,5337800
2024-01-04,91.8200,93.0800,91.3100,92.7800,89.5615,5328000
2024-01-05,92.6500,93.2200,91.5600,91.7100,88.5286,4533700
2024-01-08,91.5900,92.9500,91.5900,92.8200,89.6001,4716100
2024-01-09,92.5000,93.2100,92.2000,93.0800,89.8511,3609400
2024-01-10,93.0800,94.4600,93.0800,94.1400,90.8743,4653800
2024-01-11,94.3400,95.3400,93.9100,95.2500,91.9458,4287900
2024-01-12,95.6500,95.6500,94.8000,95.0300,91.7334,2958900
2024-01-16,95.0800,95.9200,95.0800,95.8700,92.5443,5972000
2024-01-17,95.4300,95.5900,94.3100,94.3900,91.1156,5530800
2024-01-18,94.3100,94.9800,94.0600,94.7500,91.4631,4390100
2024-01-19,95.1600,95.7000,94.2700,95.5000,92.1871,4138600
2024-01-22,95.5200,95.6500,94.7800,95.1300,91.8299,3974100
2024-01-23,95.1500,95.6600,94.9800,95.0600,91.7624,3387500
2024-01-24,95.2300,95.6400,94.8900,94.9500,91.6562,3438900
2024-01-25,95.3600,95.9100,95.0400,95.5100,92.1968,4326700
2024-01-26,95.6900,96.4500,95.5400,96.3800,93.0366,4163600
2024-01-29,96.3800,96.8500,95.6300,96.4100,93.0655,3636500
2024-01-30,96.1600,96.8500,95.6200,96.8200,93.4613,4112800
2024-01-31,97.0000,97.0000,94.6600,94.9100,91.6176,4967000
2024-02-01,94.9600,97.0800,94.7100,97.0600,93.6930,4608900
2024-02-02,96.9400,98.0500,96.2500,97.5100,94.1274,3973400
2024-02-05,96.5000,96.7400,95.1600,96.6500,93.2972,5466200
2024-02-06,96.5000,97.2300,96.0400,97.1000,93.7316,4410700
2024-02-07,97.5400,98.2900,97.4000,97.8300,94.4363,4641900
2024-02-08,98.5000,99.4500,98.1300,98.3600,94.9479,6246100
2024-02-09,98.2400,99.0700,98.0100,98.7500,95.3244,3488200
2024-02-12,98.6600,98.8600,97.7800,98.0800,94.6776,4062500
2024-02-13,97.1800,98.0400,97.1400,97.9600,94.5618,4190200
2024-02-14,97.9100,98.2200,96.6500,97.1700,94.1191,4765700
2024-02-15,97.4200,98.3300,97.2100,97.9400,94.8650,4802900
2024-02-16,97.9900,98.4900,97.0400,98.0400,94.9618,4470000
2024-02-20,97.8000,98.4100,97.2700,97.3600,94.3032,5591600
2024-02-21,97.7300,98.4200,97.1100,98.1700,95.0877,5690400
2024-02-22,98.7700,99.1300,98.3500,99.1100,95.9982,5463200
2024-02-23,99.1700,99.6400,98.7600,99.3800,96.2597,4581400
2024-02-26,99.5300,99.6900,98.4300,99.2300,96.1144,4688600
2024-02-27,99.1400,100.7400,99.0200,100.5200,97.3639,5436200
2024-02-28,100.8800,102.8400,99.9700,101.1000,97.9257,7555500
2024-02-29,100.0400,100.1600,98.5700,99.1400,96.0273,10568000
2024-03-01,99.3800,99.5600,97.9100,98.5100,95.4171,7110400
2024-03-04,98.1600,98.6400,97.7700,97.9400,94.8650,5319400
2024-03-05,97.7000,98.3900,97.2900,97.3900,94.3322,5982700
2024-03-06,97.2500,97.6700,96.2200,96.4000,93.3733,6421400
2024-03-07,96.9500,97.5400,95.6200,95.7600,92.7534,6760100
2024-03-08,95.8200,96.6400,95.7700,95.9100,92.8987,5372600
2024-03-11,96.3300,96.8300,95.5600,96.4700,93.4411,4185200
2024-03-12,96.4700,97.4500,96.2600,97.2200,94.1675,4130900
2024-03-13,97.3300,98.1000,97.1600,98.0600,94.9812,3919000
2024-03-14,98.5000,98.6500,97.6800,98.6300,95.5333,5858300
2024-03-15,98.3200,98.6300,97.2100,97.5500,94.4872,7609900
2024-03-18,97.5500,97.5500,96.1600,96.2200,93.1989,4780400
2024-03-19,96.4500,98.4700,96.2800,98.4200,95.3299,5573300
2024-03-20,98.4800,98.8800,97.7300,98.8800,95.7754,5825800
2024-03-21,98.8000,99.6000,98.5400,99.1800,96.0660,4962000
2024-03-22,98.8300,99.6300,98.4800,99.4800,96.3566,5138400
2024-03-25,99.5300,99.5900,98.1400,98.1800,95.0974,6915400
2024-03-26,98.2500,99.3900,98.2100,99.3000,96.1822,5256900
2024-03-27,100.0800,101.6100,100.0800,101.0800,97.9064,5461600
2024-03-28,101.2200,102.0400,100.8900,101.4200,98.2357,4778100
2024-04-01,101.0500,101.1600,99.3600,99.7000,96.5697,3731300
2024-04-02,99.3700,99.5200,98.5900,99.4700,96.3469,4350100
2024-04-03,99.4100,99.7100,97.1500,97.2800,94.2257,5036200
2024-04-04,97.8600,98.2500,95.5800,95.7500,92.7437,5660700
2024-04-05,96.1600,97.2800,95.9300,96.8100,93.7704,5866100
2024-04-08,96.4700,96.9700,96.2200,96.2300,93.2086,5390200
2024-04-09,96.9800,97.2900,96.3000,97.1000,94.0513,7992300
2024-04-10,96.6100,97.1000,96.1100,96.2800,93.2571,3910700
2024-04-11,96.1800,96.5100,94.8400,95.8600,92.8503,4845100
2024-04-12,94.9200,95.3400,93.9200,94.4200,91.4555,3951600
2024-04-15,95.3300,95.4300,92.9500,92.9800,90.0607,5194900
2024-04-16,93.0100,93.8900,92.9900,93.3800,90.4481,4063500
2024-04-17,94.2600,94.2600,92.8100,93.1300,90.2060,4768400
2024-04-18,93.6500,93.7000,92.5200,92.6600,89.7507,3290800
2024-04-19,93.0200,93.3900,92.3500,93.3600,90.4287,6043900
2024-04-22,94.1300,94.6100,93.3200,94.0800,91.1262,4114500
2024-04-23,94.4700,94.6700,93.4900,94.5000,91.5329,5843600
2024-04-24,94.0800,95.4900,93.8300,95.2800,92.2885,6897000
2024-04-25,97.3500,97.4800,94.4700,96.4200,93.3927,6248700
2024-04-26,96.6400,97.8800,96.2900,96.3600,93.3345,3748400
2024-04-29,96.0700,96.2900,94.6200,94.8700,91.8913,4631000
2024-04-30,94.6100,94.9100,94.0500,94.0900,91.1358,5117000
2024-05-01,93.5600,94.4200,93.3900,93.8200,90.8743,5363900
2024-05-02,95.5000,95.5800,94.3200,94.9100,91.9301,6314400
2024-05-03,95.2700,95.5000,94.5100,95.1100,92.1238,5893900
2024-05-06,95.4200,97.6600,95.3800,97.4500,94.3903,6229600
2024-05-07,97.6000,98.2700,97.4800,97.9200,94.8456,4749300
2024-05-08,97.8000,98.5600,97.4700,98.5000,95.4074,5814400
2024-05-09,98.7000,99.2900,98.5500,98.9100,95.8045,6000600
2024-05-10,99.2700,99.5800,98.5600,98.8100,95.7076,2906000
2024-05-13,99.0700,99.6100,98.5700,98.7500,95.6495,4146600
2024-05-14,99.0200,99.3100,98.0800,99.0400,95.9304,5709600
2024-05-15,98.5000,99.3500,98.2000,98.4800,95.7505,4246800
2024-05-16,98.8200,99.4600,98.7400,98.9200,96.1783,3592000
2024-05-17,99.2100,100.3800,98.7100,100.2900,97.5104,6467500
2024-05-20,99.5500,99.8900,97.7200,97.7900,95.0797,7054100
2024-05-21,98.4000,98.7400,97.5300,97.7000,94.9922,7664700
2024-05-22,102.1000,104.9800,100.7900,101.1200,98.3174,14857300
2024-05-23,99.6600,100.9900,99.2200,100.1600,97.3840,7430400
2024-05-24,100.8900,102.5700,100.7000,102.1400,99.3091,5625200
2024-05-28,102.0000,102.9800,101.3300,101.4200,98.6091,5090300
2024-05-29,101.0700,101.9900,101.0100,101.4400,98.6285,5367100
2024-05-30,101.9900,104.3000,101.8000,103.3700,100.5050,9088700
2024-05-31,103.4500,104.2700,102.9000,103.1000,100.2425,26987100
2024-06-03,103.7000,105.6700,103.7000,105.4400,102.5176,7160100
2024-06-04,105.0700,105.9500,104.2500,105.8700,102.9357,5068200
2024-06-05,106.0600,107.8200,105.5300,107.7900,104.8025,5377000
2024-06-06,107.8000,107.9500,106.5100,106.9300,103.9663,9229900
2024-06-07,107.4000,108.5800,107.1200,107.4400,104.4622,8043300
2024-06-10,107.2600,107.5200,106.3700,107.3200,104.3455,4502700
2024-06-11,107.3000,107.4000,106.8200,107.0800,104.1122,4010400
2024-06-12,107.1300,107.6600,106.1800,107.0900,104.1219,4297700
2024-06-13,107.1400,108.4600,106.8900,108.2600,105.2595,5636600
2024-06-14,107.9400,108.8200,107.8400,108.5000,105.4928,3698700
2024-06-17,108.1000,110.5800,108.1000,110.2200,107.1651,5444900
2024-06-18,110.2000,110.7100,109.7300,110.2600,107.2040,4869000
2024-06-20,110.0700,111.3400,109.7300,110.3800,107.3207,7622200
2024-06-21,110.1700,111.1100,109.9000,111.0100,107.9333,9206200
2024-06-24,111.1100,111.5700,110.7800,111.0500,107.9722,4657500
2024-06-25,111.1200,111.3700,109.9500,110.6700,107.6027,3931100
2024-06-26,110.2700,111.7900,110.1300,110.5400,107.4763,5966800
2024-06-27,110.5100,110.8300,109.8300,110.5500,107.4860,3377500
2024-06-28,110.3400,110.7500,109.7900,110.1000,107.0485,12781400
2024-07-01,110.6600,111.2600,109.5600,110.5800,107.5152,4546500
2024-07-02,110.3600,110.9000,109.8900,110.2000,107.1457,4955600
2024-07-03,110.3100,111.1200,110.2100,110.3900,107.3304,2277500
2024-07-05,110.4100,111.7200,110.4100,111.6400,108.5458,4408800
2024-07-08,111.8800,112.2800,111.1500,112.2100,109.1000,5074700
2024-07-09,112.2900,112.6100,111.7600,112.1500,109.0417,4328600
2024-07-10,112.7400,112.9700,111.6400,112.9700,109.8389,4240700
2024-07-11,112.9300,114.0200,112.4300,113.9400,110.7820,3520800
2024-07-12,114.3100,115.3500,114.0200,114.3000,111.1321,3866000
2024-07-15,114.2900,114.4400,113.2800,113.8100,110.6556,5555500
2024-07-16,113.9700,115.2400,113.9200,115.0200,111.8321,3660000
2024-07-17,114.8500,115.1500,113.8800,113.9700,110.8112,5012600
2024-07-18,113.8200,114.2900,112.0000,113.0300,109.8973,7285200
2024-07-19,113.4600,113.5200,111.5900,111.7500,108.6527,5721900
2024-07-22,112.3000,113.5900,112.1000,113.2100,110.0723,4764600
2024-07-23,113.3100,113.9900,113.1000,113.4200,110.2765,3203100
2024-07-24,113.0600,113.1400,111.1500,111.2500,108.1666,4755500
2024-07-25,111.6300,112.6000,111.1900,111.2700,108.1861,3570800
2024-07-26,111.7600,112.5200,111.5100,111.8300,108.7305,4958700
2024-07-29,111.8100,112.9800,111.1800,112.5600,109.4403,2579800
2024-07-30,112.7600,113.3600,112.6500,113.2400,110.1014,3104600
2024-07-31,113.7000,113.8300,112.9400,113.0200,109.8875,4360400
2024-08-01,113.7900,113.9600,112.7000,113.6600,110.5098,3131400
2024-08-02,113.0700,114.1900,111.6200,113.1400,110.0042,3369800
2024-08-05,111.5600,112.4900,107.8300,108.8900,105.8720,8563600
2024-08-06,109.2800,110.5500,108.5600,109.4100,106.3776,5045200
2024-08-07,109.9000,111.0300,107.7600,107.9300,104.9386,4856500
2024-08-08,108.5100,110.0300,108.2700,109.9200,106.8735,5158700
2024-08-09,109.6800,111.0000,109.4800,110.7000,107.6318,7202100
2024-08-12,111.0700,111.5500,110.1600,111.3900,108.3027,4437100
2024-08-13,111.3500,111.7200,110.4300,111.0400,107.9624,4675500
2024-08-14,108.2300,110.3200,107.7100,109.0800,106.0567,7077800
2024-08-15,110.5700,111.7100,110.2400,111.4800,108.7641,5625500
2024-08-16,111.4400,111.9600,110.9600,111.4500,108.7349,4656300
2024-08-19,111.8700,112.7000,111.8100,112.4900,109.7495,7163100
2024-08-20,113.0400,113.4900,112.3600,113.3100,110.5496,6750600
2024-08-21,119.8900,120.8900,117.9100,120.2300,117.3010,11343400
2024-08-22,119.0200,121.0600,118.7400,119.0000,116.1009,7843800
2024-08-23,120.1300,120.5400,118.4700,119.4700,116.5595,4523900
2024-08-26,119.6700,120.6500,119.6700,120.1300,117.2034,3939600
2024-08-27,119.4900,120.5300,119.1900,120.0600,117.1351,4680000
2024-08-28,120.5000,121.1300,119.1300,119.2800,116.3741,3906100
2024-08-29,119.3000,119.9400,117.2300,117.3700,114.5107,5055000
2024-08-30,117.5000,117.6900,116.2500,117.2700,114.4131,6369600
2024-09-03,117.8600,118.2300,116.6600,117.5400,114.6765,5657500
2024-09-04,117.0900,117.8200,116.5800,117.5200,114.6570,5540400
2024-09-05,117.6200,118.1400,116.4600,118.0100,115.1351,5387800
2024-09-06,117.6900,118.1400,115.4100,115.6200,112.8033,4827100
2024-09-09,116.0000,117.7300,115.9000,117.0700,114.2179,5752200
2024-09-10,117.4500,118.4100,116.8500,117.8300,114.9594,5160200
2024-09-11,117.9300,117.9300,116.3800,117.8500,114.9789,3561200
2024-09-12,117.8200,118.5300,117.6400,118.2200,115.3400,3287300
2024-09-13,118.8100,120.0100,118.3700,119.8100,116.8912,3961000
2024-09-16,120.3600,120.7500,119.4800,119.6100,116.6961,3392200
2024-09-17,119.5300,120.2400,117.4700,117.8400,114.9692,3880100
2024-09-18,117.5600,118.4200,117.0600,117.2500,114.3936,3183300
2024-09-19,118.5200,118.7400,117.7500,118.2900,115.4082,3186800
2024-09-20,117.7600,118.5000,117.5500,117.9300,115.0570,7024800
2024-09-23,118.5300,118.5600,116.4400,117.1300,114.2765,3511600
2024-09-24,117.2300,117.7600,116.2900,117.6500,114.7838,3354400
2024-09-25,117.9000,118.1600,117.1100,118.1300,115.2521,3743100
2024-09-26,118.5000,118.8500,117.5100,118.0800,115.2034,3797900
2024-09-27,117.8000,118.0400,117.3000,117.5000,114.6375,2998100
2024-09-30,117.5600,117.8600,116.5400,117.5400,114.6765,5350400
2024-10-01,117.5000,117.5300,115.7200,116.6400,113.7984,7888700
2024-10-02,116.0000,116.6300,115.4100,116.4500,113.6131,4315500
2024-10-03,115.5000,115.8500,114.2400,115.0600,112.2569,4851700
2024-10-04,115.1100,115.5400,113.8900,114.6900,111.8959,6480000
2024-10-07,114.3100,114.6400,111.2200,112.1300,109.3983,6345200
2024-10-08,112.8000,113.5600,111.8900,113.4500,110.6861,6289400
2024-10-09,113.4200,114.2300,113.1900,113.9800,111.2032,3970800
2024-10-10,113.7300,113.8200,112.2200,112.5900,109.8471,3453100
2024-10-11,112.6300,113.8800,112.3500,113.7300,110.9593,3865500
2024-10-14,114.0200,115.3600,113.6500,115.2400,112.4325,4697500
2024-10-15,115.8300,117.6700,115.5400,116.7600,113.9155,7378400
2024-10-16,116.3000,117.5000,116.0400,117.4000,114.5399,4688700
2024-10-17,118.0700,118.5600,117.2100,117.4800,114.6180,2934400
2024-10-18,117.8600,118.1400,117.1400,117.7100,114.8424,3478100
2024-10-21,117.5600,117.6200,114.8700,115.6600,112.8423,4495600
2024-10-22,115.8400,115.9600,114.6900,115.1900,112.3837,3900300
2024-10-23,114.6200,115.2000,114.1300,114.2200,111.4374,4156400
2024-10-24,114.8400,115.3900,114.0900,114.2000,111.4179,2847600
2024-10-25,114.5700,114.8100,113.5700,113.8200,111.0471,2686900
2024-10-28,114.6600,115.0000,113.6600,114.1700,111.3886,2798900
2024-10-29,113.1600,114.9700,112.7800,114.1100,111.3301,3576500
2024-10-30,114.1000,114.1400,112.4900,112.9500,110.1983,3763700
2024-10-31,112.3500,113.5600,112.0400,113.0300,110.2764,3874200
2024-11-01,113.3100,113.8800,112.3800,112.3900,109.6520,5067400
2024-11-04,112.7400,113.5300,111.7300,112.6900,109.9447,4006800
2024-11-05,112.5600,113.8200,112.4500,113.7500,110.9788,2962800
2024-11-06,116.1400,116.9500,114.0800,115.6300,112.8130,11891300
2024-11-07,115.7900,117.5800,115.5200,116.8500,114.0033,6897600
2024-11-08,116.5100,118.6100,116.4700,117.8300,114.9594,5785700
2024-11-11,118.2100,118.9800,117.6900,118.0600,115.1838,3537200
2024-11-12,118.6700,120.0200,117.7800,119.8500,116.9302,3943200
2024-11-13,119.9100,121.9200,119.8900,121.1300,118.1790,4511000
2024-11-14,120.1800,122.1000,119.9100,119.9100,117.3521,5581000
2024-11-15,119.7300,120.6100,119.3400,119.9700,117.4108,5103300
2024-11-18,120.0100,120.9700,119.4600,119.6700,117.1172,5134500
2024-11-19,119.3700,119.9000,118.0300,119.5600,117.0095,5794500
2024-11-20,119.4400,120.7000,116.7500,119.7400,117.1857,8991000
2024-11-21,119.8700,119.9100,117.7800,119.7700,117.2151,5204300
2024-11-22,120.2500,121.7100,119.0600,121.4700,118.8788,6398500
2024-11-25,121.9400,125.4300,121.8600,124.7900,122.1280,8925200
2024-11-26,125.0400,126.4400,124.4300,126.2000,123.5079,4725000
2024-11-27,126.3000,128.0000,126.1700,126.3600,123.6645,4491100
2024-11-29,126.1400,126.5600,125.6900,125.6900,123.0088,2846700
2024-12-02,126.3900,127.6200,126.0700,126.1900,123.4981,4818800
2024-12-03,126.5900,126.8000,124.2500,124.7500,122.0888,3916000
2024-12-04,124.7600,125.7400,124.1500,125.5000,122.8228,4785500
2024-12-05,125.5700,126.8100,125.2500,125.9200,123.2339,4768000
2024-12-06,126.4400,127.1400,125.6800,126.0900,123.4002,4064400
2024-12-09,126.4000,126.7300,125.5200,125.9000,123.2143,6245800
2024-12-10,126.1600,127.4000,124.9400,127.2000,124.4866,6186000
2024-12-11,127.3100,127.9100,126.5700,126.8100,124.1049,5440600
2024-12-12,126.9400,127.0500,125.8500,126.4200,123.7232,4727700
2024-12-13,126.4300,126.8500,124.8300,124.8500,122.1867,4595400
2024-12-16,125.2100,125.4100,123.3700,123.7200,121.0808,6990500
2024-12-17,124.2300,124.9800,122.9000,123.0600,120.4349,6813000
2024-12-18,123.2700,124.3200,121.1600,121.2400,118.6537,5808500
2024-12-19,122.4100,123.2800,121.0100,121.2000,118.6146,7979800
2024-12-20,121.1000,123.5400,121.0000,122.0000,119.3975,11714000
2024-12-23,121.5400,122.1300,120.3000,121.7700,119.1724,5436900
2024-12-24,121.9900,123.4900,121.7600,123.4900,120.8557,1476100
2024-12-26,123.4500,125.2300,123.4000,125.0100,122.3433,2892800
2024-12-27,123.9200,124.7600,123.6900,123.9400,121.2961,3471500
2024-12-30,122.2100,122.6400,120.6100,121.0900,118.5069,3976600
2024-12-31,121.8900,121.8900,120.3500,120.8100,118.2329,3600100
2025-01-02,121.7100,122.1400,120.7500,121.1500,118.5656,3424400
2025-01-03,121.5500,121.7900,120.0200,120.7300,118.1546,3897200
2025-01-06,120.7400,121.7200,120.3600,120.8800,118.3014,5963400
2025-01-07,121.0900,121.7700,120.0300,120.1400,117.5772,4500100
2025-01-08,120.1700,122.0100,119.5100,121.6500,119.0549,5219200
2025-01-10,121.4800,122.2900,119.7500,120.0600,117.4989,4355200
2025-01-13,120.0600,120.2000,117.8900,119.8900,117.3325,4603700
2025-01-14,120.5000,120.6000,118.6900,119.2400,116.6964,4652500
2025-01-15,120.3400,120.4200,118.4700,119.1100,116.5691,4906300
2025-01-16,119.5500,121.6900,119.2300,121.3800,118.7907,3840100
2025-01-17,122.5800,122.8400,121.4700,121.8500,119.2507,4752400
2025-01-21,123.6800,124.4900,122.7100,123.3000,120.6698,4859700
2025-01-22,123.4100,123.4900,121.3500,122.5700,119.9553,4256800
2025-01-23,122.5000,123.0700,122.2100,122.6000,119.9847,3821400
2025-01-24,122.5700,123.4800,122.3100,122.7300,120.1119,4470300
2025-01-27,123.1000,125.3200,123.0400,124.9000,122.2356,4734000
2025-01-28,124.6100,125.4500,123.7000,124.3400,121.6876,3350800
2025-01-29,124.2800,125.3000,124.0000,124.2100,121.5603,3930500
2025-01-30,124.8300,126.4800,124.6100,126.0900,123.4002,4334300
2025-01-31,125.9200,126.2200,124.6200,124.7900,122.1280,3268400
2025-02-03,123.9600,125.3100,123.1000,124.3100,121.6582,5635800
2025-02-04,124.3100,125.3900,124.2600,125.1400,122.4705,5804900
2025-02-05,125.1400,125.5600,123.9300,125.5100,122.8326,4381500
2025-02-06,125.9400,127.4800,125.8000,126.1600,123.4687,4769200
2025-02-07,126.1000,126.8000,124.4500,124.6900,122.0301,3216700
2025-02-10,125.1200,125.6600,123.5800,124.9700,122.3041,3765000
2025-02-11,124.4700,124.8200,123.9200,124.6800,122.0203,2571300
2025-02-12,123.8300,124.5500,123.6000,124.4100,121.7561,3453300
2025-02-13,124.5000,126.1200,124.2300,125.8500,123.5377,2885700
2025-02-14,126.5500,126.7500,123.3500,124.3400,122.0555,4192900
2025-02-18,124.0200,124.3500,122.2300,123.8300,121.5548,5121300
2025-02-19,123.9200,124.0000,123.0000,123.4200,121.1524,3678700
2025-02-20,123.0900,123.3800,121.9500,122.9800,120.7205,4662900
2025-02-21,122.9300,123.0700,120.6700,121.1100,118.8848,5692800
2025-02-24,121.5400,122.5100,121.2800,121.4700,119.2382,5293000
2025-02-25,121.5200,123.3800,121.5000,122.7000,120.4456,6373500
2025-02-26,125.8800,127.5800,123.0000,124.8900,122.5954,7545100
2025-02-27,126.0000,126.4600,123.1500,123.4900,121.2211,5259600
2025-02-28,123.6000,124.9000,123.3500,124.7600,122.4678,6043200
2025-03-03,124.4300,125.9900,123.0600,123.5400,121.2702,4817500
2025-03-04,122.7900,123.2000,121.2400,121.7400,119.5032,6264200
2025-03-05,121.3400,123.2300,121.2000,123.0400,120.7794,6704900
2025-03-06,121.5600,122.8200,120.1500,120.6500,118.4333,4834100
2025-03-07,120.0100,120.5800,117.2500,119.2700,117.0786,6230100
2025-03-10,118.7800,119.7900,116.9900,117.6100,115.4491,5952200
2025-03-11,117.4600,117.6100,115.7300,116.1200,113.9865,6518900
2025-03-12,117.4000,117.4000,114.8600,115.3400,113.2208,4063700
2025-03-13,114.9700,114.9700,112.1000,112.8100,110.7373,6018600
2025-03-14,113.5600,114.0000,112.3000,113.2600,111.1790,6411000
2025-03-17,113.8900,115.0800,113.3800,114.5200,112.4159,4358400
2025-03-18,114.5600,115.5200,114.1400,115.2600,113.1423,5874100
2025-03-19,115.7300,118.2700,115.3100,117.8600,115.6945,6838200
2025-03-20,117.3000,117.9800,116.0000,116.2500,114.1141,6841300
2025-03-21,115.3400,116.3000,113.9800,116.1200,113.9865,7150700
2025-03-24,117.0000,119.7000,116.9800,119.6000,117.4026,4315200
2025-03-25,119.6000,120.7300,119.4100,119.8800,117.6774,4134700
2025-03-26,119.8700,120.5300,119.3300,119.7000,117.5007,3004700
2025-03-27,119.8100,121.3400,119.3900,120.5700,118.3547,4003400
2025-03-28,120.0200,120.2700,117.2100,118.2100,116.0381,3742300
2025-03-31,117.6400,122.1500,117.4600,121.8000,119.5621,6828800
2025-04-01,121.4400,122.8800,121.2500,122.7200,120.4652,4781900
2025-04-02,122.0000,125.4600,121.8100,124.9300,122.6346,5002000
2025-04-03,123.7900,128.0000,123.1300,125.4300,123.1255,11388100
2025-04-04,125.3700,128.3300,121.8000,122.1600,119.9155,12964000
2025-04-07,120.0400,123.9900,116.3700,119.1300,116.9412,12898300
2025-04-08,122.3600,124.8700,118.5900,120.0300,117.8247,10926000
2025-04-09,119.7500,128.9900,119.7500,126.0500,123.7341,12134400
2025-04-10,125.9700,128.4300,123.8100,127.4700,125.1280,7583200
2025-04-11,126.5300,129.0200,125.9000,128.1500,125.7955,6935500
2025-04-14,129.2600,131.2000,128.6300,130.6000,128.2005,7093500
2025-04-15,130.5100,131.3000,128.2900,128.5000,126.1390,5020900
2025-04-16,128.7300,129.2700,125.5300,126.3100,123.9893,5569600
2025-04-17,126.7700,127.9800,126.1800,127.6200,125.2752,5555200
2025-04-21,127.2300,127.5300,122.2500,123.9800,121.7021,4946600
2025-04-22,124.6000,126.7600,124.0000,125.7100,123.4003,4989300
2025-04-23,127.1900,128.1100,124.8100,125.5000,123.1942,5612900
2025-04-24,124.6900,127.0300,123.9200,126.5000,124.1758,4626200
2025-04-25,126.0900,126.7700,125.1200,126.5600,124.2347,4205800
2025-04-28,126.7700,127.7900,126.1100,127.1300,124.7942,3573200
2025-04-29,126.9000,128.2100,126.1300,128.0300,125.6777,3886700
2025-04-30,127.9800,128.8700,126.5200,128.6800,126.3157,5685800
2025-05-01,127.8600,128.7800,127.3400,127.6300,125.2850,4585300
2025-05-02,129.0000,129.7800,128.2300,129.2100,126.8360,4720700
2025-05-05,129.2100,129.8900,128.8000,128.9400,126.5710,4869600
2025-05-06,127.6300,128.8700,127.4800,128.4600,126.0998,3472100
2025-05-07,128.1000,129.9000,128.1000,128.6500,126.2863,5967700
2025-05-08,129.0700,130.2700,127.7300,128.0900,125.7366,4443600
2025-05-09,127.5600,128.3500,126.9600,128.1000,125.7464,4131100
2025-05-12,130.3100,131.5400,128.6300,131.4900,129.0741,4810500
2025-05-13,131.6800,132.4700,130.3700,130.8200,128.4164,5471800
2025-05-14,130.5000,131.5200,130.0000,131.2500,128.8385,5763100
2025-05-15,131.1400,133.1800,130.9100,133.0400,131.0199,4846400
2025-05-16,133.0000,133.9000,132.4800,133.3400,131.3153,4874400
2025-05-19,133.0800,135.2900,132.5500,135.0300,132.9797,5118900
2025-05-20,134.8700,135.8500,134.2600,134.9300,132.8812,7061100
2025-05-21,131.1500,133.0000,129.9600,131.0300,129.0404,12025600
2025-05-22,130.3900,131.3600,129.1200,129.5800,127.6124,5341800
2025-05-23,128.0000,128.1200,124.9200,125.7000,123.7913,8787100
2025-05-27,126.6400,128.2400,126.3600,127.9600,126.0170,7198200
2025-05-28,127.5900,128.4300,126.0700,126.2200,124.3034,4344800
2025-05-29,127.3500,127.9300,126.7000,127.0700,125.1405,6410900
2025-05-30,127.1500,127.2900,126.2000,126.9000,124.9731,9364900
2025-06-02,126.2500,128.4600,125.8800,128.4300,126.4799,6271000
2025-06-03,128.2400,128.4000,126.8300,128.1200,126.1746,5132600
2025-06-04,128.2200,129.0700,127.5500,128.0700,126.1253,4437200
2025-06-05,128.0600,128.1900,126.5300,127.3700,125.4360,4693600
2025-06-06,127.9400,128.7900,127.3000,128.4500,126.4996,4612900
2025-06-09,128.0100,128.0800,125.7400,126.3500,124.4315,4754800
2025-06-10,125.7000,126.5800,125.4600,126.0400,124.1262,4684800
2025-06-11,126.2100,126.2100,124.3000,124.5300,122.6391,4145800
2025-06-12,124.4700,124.9400,123.5600,124.4600,122.5702,4087600
2025-06-13,123.5000,124.9700,123.2500,123.9100,122.0285,3786600
2025-06-16,124.5600,125.3200,124.0800,124.2700,122.3830,4930200
2025-06-17,123.4700,124.6000,122.7200,123.0100,121.1422,4264600
2025-06-18,123.4500,123.5000,122.4100,122.5400,120.6793,4924800
2025-06-20,123.0500,123.7800,122.5000,123.5000,121.6247,6729700
2025-06-23,123.4500,124.9700,122.7200,124.7600,122.8656,4072700
2025-06-24,124.9500,125.5500,124.1800,124.6000,122.7080,4546200
2025-06-25,124.4900,124.7500,122.4500,122.4800,120.6202,4669700
2025-06-26,122.7700,122.7700,119.9000,122.1400,120.2854,8415100
2025-06-27,121.9800,123.7900,121.6400,123.3800,121.5066,9786300
2025-06-30,123.9900,123.9900,122.2600,123.4900,121.6149,6228000
2025-07-01,123.6700,125.6500,123.1600,125.1600,123.2595,5126200
2025-07-02,125.3900,125.6300,124.3100,125.3100,123.4072,4790200
2025-07-03,125.3500,126.1100,124.7700,125.8600,123.9489,2986600
2025-07-07,125.9500,126.2000,124.7200,125.1700,123.2694,3945000
2025-07-08,125.0200,125.6500,124.1500,125.2600,123.3580,5683300
2025-07-09,125.5200,125.9500,124.3500,125.4500,123.5451,3818100
2025-07-10,125.0200,125.3700,123.9900,124.1600,122.2747,5051100
2025-07-11,123.7300,124.1700,123.3700,123.7100,121.8315,4145900
2025-07-14,123.1500,123.6900,122.5200,123.5600,121.6838,4651200
2025-07-15,123.1900,123.7900,121.7200,121.7400,119.8915,4720500
2025-07-16,122.1300,122.2900,119.8400,121.3500,119.5074,6151800
2025-07-17,121.0500,122.3900,121.0000,122.1700,120.3149,3828200
2025-07-18,122.3000,122.8200,122.0000,122.1700,120.3149,3464300
2025-07-21,122.4900,125.1700,122.3000,124.9400,123.0429,4721900
2025-07-22,125.0800,126.4300,124.2300,125.6000,123.6928,4284900
2025-07-23,126.1900,127.0400,125.9300,126.3600,124.4413,4367500
2025-07-24,126.0700,126.7200,125.4000,126.2600,124.3428,4722800
2025-07-25,126.7600,127.0200,125.9600,126.4400,124.5201,5143200
2025-07-28,126.3400,127.1300,124.8500,125.3900,123.4860,6114400
2025-07-29,126.1000,127.0000,125.5000,126.3700,124.4512,5543300
2025-07-30,126.6300,127.0800,125.2800,125.8100,123.8997,3193300
2025-07-31,124.9400,125.7700,124.3800,124.5300,122.6391,4653000
2025-08-01,124.1100,126.2300,123.7800,126.0000,124.0868,4855400
2025-08-04,126.4200,129.2200,126.3000,129.2200,127.2579,4807800
2025-08-05,129.2300,129.8500,128.4800,128.7700,126.8147,5178400
2025-08-06,128.9100,132.1600,128.6300,132.1000,130.0942,4839400
2025-08-07,132.7100,132.8900,130.9800,131.9800,129.9760,6154800
2025-08-08,132.0800,132.7500,131.3600,131.3700,129.3752,4629700
2025-08-11,131.7900,132.4500,130.8800,132.4000,130.3896,3304200
2025-08-12,132.8100,133.6600,132.3300,133.3900,131.3646,4284500
2025-08-13,133.3500,134.2300,133.1600,134.1000,132.0638,5593800
2025-08-14,133.0200,134.0100,132.7100,132.9500,131.3475,3763200
2025-08-15,133.1300,133.6100,132.0100,132.6200,131.0215,4796100
2025-08-18,132.9300,134.1300,132.6300,133.0600,131.4562,6225500
2025-08-19,133.3400,134.9700,133.3400,134.6200,132.9974,6727300
2025-08-20,143.5400,145.5800,137.7600,138.2700,136.6034,13223200
2025-08-21,136.4600,138.7600,136.3200,137.5100,135.8526,7054300
2025-08-22,137.9700,139.3800,135.9200,136.5400,134.8942,5776700
2025-08-25,136.1100,137.0700,135.3600,135.5000,133.8668,4734400
2025-08-26,135.6700,136.7400,134.7500,136.6800,135.0326,6531600
2025-08-27,136.6800,137.5000,136.2200,137.2300,135.5759,4522000
2025-08-28,137.5500,137.9000,136.3000,137.1200,135.4673,5138900
2025-08-29,137.2700,137.4800,135.9000,136.6100,134.9634,4118600
2025-09-02,136.2000,138.6000,136.2000,138.5700,136.8998,5282500
2025-09-03,138.5700,139.5800,138.3900,139.4700,137.7889,4798900
2025-09-04,139.8700,141.1000,139.7100,141.0200,139.3203,4172500
2025-09-05,141.4200,141.5000,138.9300,139.2600,137.5815,6735800
2025-09-08,139.2300,141.0000,139.1500,140.8400,139.1424,4801400
2025-09-09,139.7800,140.5300,139.0600,139.9700,138.2829,3453300
2025-09-10,139.5600,140.0400,138.7100,139.8600,138.1743,3573600
2025-09-11,140.3800,141.2500,139.7900,140.8300,139.1326,5197900
2025-09-12,140.5200,141.3500,138.9000,139.4800,137.7988,5173200
2025-09-15,139.8000,141.2400,139.4700,141.1700,139.4684,4186600
2025-09-16,140.6700,141.1100,138.8300,139.5500,137.8680,3786300
2025-09-17,139.9900,140.8900,139.2200,140.0400,138.3521,4617100
2025-09-18,139.9700,141.0200,139.3700,139.9300,138.2434,4794700
2025-09-19,140.1900,140.4200,139.1000,139.7800,138.0952,7503900
2025-09-22,139.7900,139.7900,138.6700,139.4100,137.7297,3683200
2025-09-23,139.4500,139.8600,138.9000,139.7200,138.0359,3308500
2025-09-24,139.5100,141.4500,139.0000,140.4400,138.7472,5027700
2025-09-25,140.8700,141.5700,140.3000,141.4600,139.7550,4120000
2025-09-26,141.8700,143.2200,141.4500,143.0900,141.3653,4224400
2025-09-29,143.1900,143.6500,142.0400,143.5200,141.7901,4260400
2025-09-30,143.3100,144.8300,143.3100,144.5400,142.7978,6435800
2025-10-01,144.0800,145.1200,143.5400,144.3200,142.5805,6703800
2025-10-02,143.6700,144.4900,142.2000,142.4900,140.7725,4449400
2025-10-03,142.4900,143.2500,141.1500,141.3300,139.6265,2993800
2025-10-06,141.2400,143.6400,141.2400,143.1100,141.3851,6309600
2025-10-07,142.7400,143.6500,140.1100,142.6600,140.9405,6700900
2025-10-08,142.7200,142.9500,140.3800,140.7100,139.0140,5158400
2025-10-09,140.7300,141.4700,138.4500,138.5600,136.8899,3750700
2025-10-10,138.7100,141.0700,138.2300,140.3800,138.6880,4261200
2025-10-13,140.2300,141.9100,139.7800,141.3900,139.6858,4144300
2025-10-14,141.4100,144.3600,141.1600,144.1000,142.3631,4431800
2025-10-15,144.0100,146.4600,144.0100,145.1600,143.4104,5397600
2025-10-16,145.2600,145.2600,142.0600,142.5500,140.8318,3400100
2025-10-17,143.0000,144.4600,142.6500,143.8400,142.1063,4003100
2025-10-20,143.9500,144.3800,142.5500,143.3300,141.6024,3321600
2025-10-21,143.1800,144.3000,142.6700,143.9100,142.1754,3886900
2025-10-22,144.4000,144.6200,142.9300,143.0600,141.3357,3800000
2025-10-23,143.0600,143.3900,142.0900,142.4000,140.6836,5072500
2025-10-24,142.7700,142.9900,141.8400,141.9100,140.1995,3442600
2025-10-27,142.5500,143.5400,142.0900,143.2700,141.5431,3775400
2025-10-28,142.8200,144.0500,142.2700,144.0300,142.2940,3628100
2025-10-29,143.5700,143.8400,140.8600,141.6900,139.9822,4383300
2025-10-30,141.6100,143.4900,141.4000,142.2900,140.5750,4168600
2025-10-31,141.6700,142.0600,139.7100,140.1400,138.4509,4877300
2025-11-03,140.3800,140.7300,138.8200,140.4100,138.7176,5195700
2025-11-04,139.8100,142.1000,139.7600,142.0500,140.3378,4473300
2025-11-05,141.7400,145.5500,141.3600,143.7000,141.9680,6335900
2025-11-06,143.3900,144.0300,141.8500,143.7700,142.0371,5554600
2025-11-07,143.9700,145.1100,143.3400,144.6100,142.8670,5638000
2025-11-10,144.1100,146.9300,143.7600,146.7200,144.9516,4056300
2025-11-11,147.1900,147.5900,145.6200,146.1600,144.3983,2980000
2025-11-12,146.6600,148.1100,144.9300,147.6300,145.8506,5826500
2025-11-13,146.9700,147.9200,146.2500,146.4000,145.0530,3879200
2025-11-14,146.1600,147.7000,145.4300,146.0800,144.7359,4774300
2025-11-17,146.1600,147.0000,144.7600,145.1800,143.8442,10612400
2025-11-18,144.2500,146.8500,143.8200,145.5800,144.2406,10007700
2025-11-19,150.5000,151.0000,144.6600,145.8100,144.4684,8563300
2025-11-20,146.2500,149.2300,145.9400,148.0700,146.7076,9023900
2025-11-21,149.0600,152.5800,148.8200,151.4300,150.0367,10087100
2025-11-24,151.5000,151.7200,148.5000,148.8600,147.4904,13003600
2025-11-25,148.8700,153.0200,148.4100,152.3900,150.9879,5639100
2025-11-26,152.9900,154.6600,151.9500,153.1300,151.7211,4373600
2025-11-28,152.9000,153.0600,151.5200,151.9200,150.5222,2496200
2025-12-01,151.5000,152.7400,150.7100,151.1300,149.7395,4598200
2025-12-02,151.6900,151.7400,149.4100,150.0200,148.6397,5336400
2025-12-03,150.3700,150.9800,149.6600,150.0600,148.6793,4517000
2025-12-04,150.0900,151.3100,150.0600,150.3000,148.9171,4075400
2025-12-05,150.0800,153.3400,149.9500,153.2800,151.8697,6075200
2025-12-08,153.2500,154.4400,152.8000,153.7200,152.3056,5633500
2025-12-09,153.5300,154.0600,153.0200,153.6800,152.2660,5108800
2025-12-10,155.0800,156.4000,154.8700,155.6700,154.2377,6249200
2025-12-11,156.2800,157.7200,155.2100,155.5800,154.1485,4444400
2025-12-12,156.0900,157.1400,155.6000,156.1400,154.7034,4431100
2025-12-15,156.2100,157.3400,155.9300,156.7100,155.2681,5709900
2025-12-16,157.0400,157.8300,155.0100,155.0900,153.6630,4658900
2025-12-17,155.5600,155.8700,154.6100,155.6600,154.2278,3845900
2025-12-18,155.6600,156.9200,154.6600,154.8800,153.4550,5513100
2025-12-19,155.1400,155.4300,154.1500,154.6000,153.1776,9330800
2025-12-22,154.5200,156.6300,154.1500,156.5800,155.1393,3603000
2025-12-23,156.8800,157.1600,155.6100,155.9200,154.4854,2793900
2025-12-24,155.9300,157.4700,155.9200,157.2900,155.8428,1402700
2025-12-26,157.0000,157.7600,156.6900,157.1100,155.6645,1688200
2025-12-29,156.8400,157.5700,156.0300,156.4700,155.0303,3214800
2025-12-30,155.8000,156.5000,155.0400,155.3500,153.9206,2848000
2025-12-31,155.1500,155.9100,153.5600,153.6100,152.1967,3040400
2026-01-02,153.2500,154.3500,152.0500,154.2800,152.8605,4064700
2026-01-05,154.0000,155.0200,152.8800,153.8400,152.4245,5027200
2026-01-06,153.0000,154.8200,152.1300,153.9200,152.5038,5327900
2026-01-07,154.3700,155.5400,153.3300,154.0400,152.6227,5681800
2026-01-08,154.4000,158.5500,153.4200,158.2500,156.7940,5950300
2026-01-09,157.9200,159.4800,157.3000,157.8100,156.3580,4487900
2026-01-12,157.7100,158.7600,156.8000,157.1000,155.6546,5529800
2026-01-13,156.8800,158.1600,156.2900,158.1400,156.6850,4104000
2026-01-14,157.7500,158.1100,154.5400,155.1300,153.7027,5371200
2026-01-15,155.7500,156.7900,154.8100,156.1600,154.7232,4105700
2026-01-16,155.9700,157.7900,155.7100,157.3800,155.9320,6270000
2026-01-20,157.2000,157.6000,155.3500,156.0800,154.6439,5887600
2026-01-21,156.3400,157.0000,155.0100,155.8500,154.4160,5511800
2026-01-22,155.9400,156.6900,152.7400,153.4200,152.0084,5808100
2026-01-23,153.0500,153.7300,152.4700,153.2400,151.8301,5651500
2026-01-26,152.7300,153.7900,148.8900,150.0800,148.6991,8152500
2026-01-27,150.5000,150.9100,147.5500,148.0100,146.6482,7093800
2026-01-28,147.3800,148.2300,146.7500,147.7900,146.4302,6424300
2026-01-29,147.7400,148.8300,145.8300,147.4700,146.1131,5950400
2026-01-30,147.7100,149.9400,147.0900,149.8100,148.4316,6015900
2026-02-02,150.3000,150.4900,148.7500,150.1700,148.7883,8782100
2026-02-03,149.6900,152.6100,149.5100,152.0700,150.6708,5637600
2026-02-04,152.8800,155.1900,152.6300,153.9400,152.5236,6879000
2026-02-05,154.5400,156.3900,153.5900,155.4000,153.9702,7474700
2026-02-06,155.3800,156.3400,154.7300,155.8600,154.4259,4708100
2026-02-09,155.4000,156.3300,154.0200,156.2400,154.8025,4337600
2026-02-10,156.6100,157.1600,153.0600,153.2900,151.8796,4519400
2026-02-11,153.1800,154.2600,150.2700,150.7500,149.3630,5469400
2026-02-12,153.1100,155.5900,151.9800,154.1800,153.1933,6172400
2026-02-13,153.9200,155.8200,152.6700,154.4600,153.4715,3754700
2026-02-17,155.3600,156.9900,153.4100,156.9700,155.9655,5506700
2026-02-18,156.3400,157.3200,155.9600,157.2300,156.2238,2944200
2026-02-19,156.9700,157.3200,155.2700,156.5100,155.5084,3933200
2026-02-20,156.0600,158.5000,155.6600,158.2300,157.2174,5643200
2026-02-23,159.0000,160.4600,155.7500,157.6900,156.6808,5710000
2026-02-24,158.0700,158.9500,157.0200,157.6600,156.6510,5280900
2026-02-25,157.5500,162.6800,154.8000,155.8200,154.8228,8042000
2026-02-26,157.8200,159.3300,156.4200,158.6900,157.6744,5987700
2026-02-27,158.4300,161.6600,158.4000,161.6600,160.6254,7099900
2026-03-02,160.2200,161.5000,158.7500,159.9400,158.9164,4924400
2026-03-03,158.6600,159.7200,155.7500,159.7100,158.6879,5060100
2026-03-04,160.0100,161.9000,158.2000,161.7300,160.6950,4741100
2026-03-05,160.2700,161.2000,158.9700,160.9300,159.9001,6532400
2026-03-06,159.6800,160.1100,157.6200,159.3300,158.3103,5923100
2026-03-09,158.4800,158.9300,155.1100,158.1400,157.1279,4620600
2026-03-10,157.2700,162.5900,156.3800,159.5300,158.5091,5804700
2026-03-11,158.6100,159.0000,157.1500,157.8800,156.8696,3977100
2026-03-12,157.2500,158.1800,155.6900,155.7900,154.7930,3664300
2026-03-13,156.4600,157.8700,155.0300,155.4300,154.4353,3123500
2026-03-16,156.5800,157.7800,155.3300,156.0200,155.0215,4384700
2026-03-17,156.6000,156.7700,154.3900,155.3800,154.3856,3861600
2026-03-18,154.7200,155.7500,152.7500,152.8700,151.8917,3103400
2026-03-19,152.9400,155.5900,152.1800,154.6800,153.6901,3889100
2026-03-20,154.2700,156.6800,154.2700,154.9800,153.9882,7321800
2026-03-23,157.3000,157.8200,155.6000,156.5000,155.4984,4577100
2026-03-24,156.7300,159.4600,155.4700,158.3800,157.3664,4380000
2026-03-25,157.5500,159.9100,156.7700,159.7400,158.7177,3606700
2026-03-26,159.5800,159.9300,157.0300,157.5700,156.5616,4156600
2026-03-27,157.3100,158.0000,154.4600,155.1200,154.1273,4319100
2026-03-30,157.0700,157.6600,155.2500,155.7900,154.7930,3868100
2026-03-31,157.3400,160.3300,156.8200,159.7000,158.6780,4199500
2026-04-01,160.4600,162.3700,160.0000,162.0300,160.9931,4003900
2026-04-02,161.5000,162.3400,160.1600,161.2900,160.2578,3856700
2026-04-06,160.8200,162.1500,159.9000,161.8200,160.7844,3698100
2026-04-07,161.2800,161.4600,157.4300,157.5800,156.5715,4308600
2026-04-08,158.4300,161.8900,158.0500,161.6400,160.6056,4938000
2026-04-09,160.8300,165.8200,160.5400,165.0000,163.9441,5593300
2026-04-10,164.4300,164.9500,160.4200,161.6000,160.5658,3559400
2026-04-13,160.9700,161.2500,157.3300,159.3300,158.3103,5208400
2026-04-14,158.4900,160.3700,157.9000,160.2800,159.2543,4537600
2026-04-15,159.7000,161.2700,158.9500,160.2300,159.2046,3366700
2026-04-16,160.4000,161.1600,156.4200,157.4800,156.4722,3956100
2026-04-17,158.5800,161.4000,158.5100,160.6800,159.6517,5190300
2026-04-20,161.0300,161.5000,159.3700,159.6900,158.6680,4062200
2026-04-21,160.0700,160.6900,158.4800,159.2500,158.2309,3236600
2026-04-22,159.4000,160.2300,158.2000,158.4700,157.4558,2582000
2026-04-23,158.7400,160.5300,157.5000,158.3500,157.3366,3179100
2026-04-24,157.6900,158.5600,155.7200,157.0300,156.0251,3981400
2026-04-27,156.4700,158.7700,156.4700,157.4800,156.4722,3799500
2026-04-28,158.4600,158.7500,155.8500,157.2000,156.1940,2841000
2026-04-29,156.0100,156.6400,155.1500,156.0700,155.0712,3545800
2026-04-30,156.1000,157.5800,155.4300,156.7500,155.7469,4613200
2026-05-01,157.1100,158.2800,156.0000,156.8300,155.8263,4125500
2026-05-04,155.8900,156.8100,153.5000,154.6400,153.6503,4047000
2026-05-05,155.0100,157.1300,154.7000,154.9600,153.9683,6108700
2026-05-06,155.8500,156.1500,153.2200,155.4500,154.4552,7664700
2026-05-07,156.0400,157.4300,153.4200,154.4800,153.4914,4674100
2026-05-08,155.0200,155.3000,152.5200,153.3600,152.3785,4908200
2026-05-11,152.8400,153.8800,147.2700,148.9100,147.9570,5770500
2026-05-12,149.0000,151.0500,147.1100,150.2600,149.2984,5317800
2026-05-13,149.1800,149.8000,146.1400,147.0300,146.0891,6416100
2026-05-14,146.7600,148.1200,146.4000,147.3500,146.8866,7764800
2026-05-15,147.8200,148.3700,147.1000,147.4300,146.9663,8988100
2026-05-18,148.1900,151.6600,147.8000,150.2500,149.7774,6911700
2026-05-19,149.1000,152.5600,148.7100,150.6800,150.2061,8732600
2026-05-20,152.8900,160.5900,152.4500,159.2100,158.7092,9371800
2026-05-21,159.5000,159.9800,156.5100,157.4600,156.9648,5855000
2026-05-22,157.5000,158.4600,155.8800,158.2700,157.7722,4844800
2026-05-26,158.3000,159.8100,157.0000,158.9700,158.4700,4721700
2026-05-27,160.0000,160.8900,156.5600,157.0100,156.5162,5631000
2026-05-28,156.0200,157.6300,153.7700,154.8900,154.4028,7647200
2026-05-29,155.1500,156.5200,154.2600,154.7500,154.2633,12110000
2026-06-01,153.3800,154.3300,152.4300,152.7500,152.2696,5892800
2026-06-02,152.8600,154.2000,152.3400,153.6900,153.2066,5004200
2026-06-03,153.0600,158.0700,153.0000,157.9000,157.4034,5865100
2026-06-04,160.0000,160.8700,157.9300,158.6300,158.1311,5847400
2026-06-05,159.2900,161.7800,158.6500,160.7100,160.2045,4867000
2026-06-08,159.2300,162.1900,159.1200,159.7500,159.2475,7123800
2026-06-09,161.1100,164.8700,160.6500,164.8700,164.3514,5663300
2026-06-10,165.6500,167.9200,163.8500,167.6600,167.1327,7141900
2026-06-11,167.7500,170.0000,167.3300,168.3400,167.8105,6983900
2026-06-12,169.5000,169.8500,166.9900,168.4100,167.8803,4875300
2026-06-15,168.3900,168.7400,164.5100,167.3300,166.8037,5819300
2026-06-16,167.5700,168.0500,165.7500,166.3200,165.7969,5174900
2026-06-17,165.7400,167.1000,163.4400,164.1300,163.6138,4496800
2026-06-18,164.9200,166.8800,163.1300,163.8100,163.2948,9069800
2026-06-22,166.0800,167.2900,164.0600,164.1700,163.6536,5211600
2026-06-23,164.8700,166.5300,163.4300,164.3500,163.8331,4903200
2026-06-24,164.7300,166.2600,164.0700,165.1700,164.6505,4662400
2026-06-25,163.1400,166.5400,154.6500,155.1900,154.7019,8558600
2026-06-26,156.0300,157.1300,153.5100,155.4300,154.9411,13745400
2026-06-29,154.7100,155.0600,150.6400,151.2300,150.7543,7585600
2026-06-30,150.9300,152.3000,149.6100,151.5000,151.0235,6785800
2026-07-01,152.0500,152.3600,149.7100,151.3500,150.8740,5047700
2026-07-02,151.8000,154.2600,150.5200,154.2600,153.7748,4918800
2026-07-06,152.9900,154.0000,149.9500,151.3100,150.8341,5758000
2026-07-07,153.8400,155.7400,152.4700,154.1100,153.6253,5301900
2026-07-08,154.0000,154.1200,152.2500,152.7900,152.3094,4624800
2026-07-09,152.7500,153.9300,150.2500,150.9000,150.4254,6048800
2026-07-10,151.1400,151.8700,150.2500,151.3400,150.8640,4169000
2026-07-13,152.8200,153.9400,150.2500,150.5300,150.0565,3644900
2026-07-14,150.2500,151.1700,148.8800,150.3400,149.8671,4990200
2026-07-15,148.8000,151.8300,148.2700,150.9700,150.4952,6550100
2026-07-16,152.0800,155.2700,151.4500,154.7900,154.3031,4557500
2026-07-17,155.0000,158.1500,153.8700,154.4600,153.9742,6184900
2026-07-20,154.5300,156.0400,153.8200,155.7000,155.2103,4979100
2026-07-21,155.2000,155.3700,152.7700,155.0500,154.5623,4737200
2026-07-22,155.7900,158.0000,154.0400,155.4100,154.9212,4887800
2026-07-23,154.1800,155.0800,152.4000,153.4800,152.9973,3339700
2026-07-24,152.8700,155.3500,152.1200,154.2200,153.7349,4249500
2026-07-27,155.9700,157.6200,155.1500,156.3800,155.8882,4309200
2026-07-28,159.8200,161.4500,158.3500,160.8000,160.2942,5851600
2026-07-29,159.9900,163.0400,159.3000,161.6300,161.1216,3961300
2026-07-30,159.9900,160.1500,157.5200,159.2600,158.7591,6297700
2026-07-31,159.0500,159.0600,157.1000,157.3400,156.8451,3766700
2026-08-03,159.2900,160.4900,155.7300,157.5000,157.0046,4549800
2026-08-04,157.1300,158.4900,155.3000,157.5500,157.0545,7351600
2026-08-05,158.1200,160.5000,157.8300,159.9200,159.4170,6044900
2026-08-06,161.8500,162.1200,159.6900,162.0600,161.5503,6853800
2026-08-07,160.4600,162.5000,159.2300,161.3600,160.8525,4722500
2026-08-10,160.7900,160.8500,158.2300,158.8200,158.3205,4045800
2026-08-11,157.9100,159.0000,155.4900,155.7400,155.2502,3900400
2026-08-12,153.6400,155.3100,152.1300,152.6100,152.1300,4344500
2026-08-13,153.0000,154.0400,151.4300,153.8100,153.8100,5377000
2026-08-14,153.2100,153.5700,151.7100,152.1100,152.1100,3929800
2026-08-17,151.0000,153.3100,150.4100,150.8500,150.8500,6908500
2026-08-18,153.0600,153.4300,150.8500,150.8500,150.8500,6574600
2026-08-19,144.1400,150.5400,141.9400,144.5000,144.5000,12890700
