Date,Open,High,Low,Close,AdjClose,Volume
2010-02-11,0.2034,0.2174,0.2028,0.2163,0.2061,6912000
2010-02-12,0.2104,0.2190,0.2092,0.2172,0.2069,17203200
2010-02-16,0.2223,0.2261,0.2188,0.2256,0.2149,19238400
2010-02-17,0.2286,0.2295,0.2252,0.2294,0.2186,38361600
2010-02-18,0.2292,0.2351,0.2278,0.2338,0.2227,77721600
2010-02-19,0.2322,0.2368,0.2304,0.2338,0.2227,92966400
2010-02-22,0.2365,0.2365,0.2295,0.2321,0.2211,50995200
2010-02-23,0.2308,0.2321,0.2200,0.2230,0.2125,82252800
2010-02-24,0.2270,0.2324,0.2258,0.2298,0.2189,70617600
2010-02-25,0.2224,0.2312,0.2180,0.2297,0.2188,91238400
2010-02-26,0.2290,0.2335,0.2267,0.2325,0.2215,57600000
2010-03-01,0.2355,0.2435,0.2355,0.2425,0.2310,28454400
2010-03-02,0.2446,0.2492,0.2433,0.2440,0.2324,48422400
2010-03-03,0.2467,0.2488,0.2429,0.2453,0.2337,47961600
2010-03-04,0.2462,0.2484,0.2423,0.2480,0.2363,29452800
2010-03-05,0.2533,0.2601,0.2520,0.2590,0.2467,26880000
2010-03-08,0.2592,0.2622,0.2592,0.2604,0.2481,25344000
2010-03-09,0.2589,0.2690,0.2587,0.2650,0.2525,46425600
2010-03-10,0.2653,0.2731,0.2652,0.2715,0.2586,40089600
2010-03-11,0.2698,0.2743,0.2680,0.2740,0.2610,53913600
2010-03-12,0.2770,0.2770,0.2714,0.2746,0.2616,36134400
2010-03-15,0.2728,0.2746,0.2669,0.2727,0.2598,42393600
2010-03-16,0.2754,0.2787,0.2726,0.2779,0.2648,46579200
2010-03-17,0.2787,0.2838,0.2775,0.2798,0.2666,39820800
2010-03-18,0.2808,0.2835,0.2789,0.2827,0.2693,52185600
2010-03-19,0.2777,0.2858,0.2747,0.2777,0.2645,40051200
2010-03-22,0.2744,0.2885,0.2734,0.2852,0.2717,58790400
2010-03-23,0.2871,0.2917,0.2827,0.2911,0.2774,55334400
2010-03-24,0.2891,0.2897,0.2852,0.2870,0.2734,89241600
2010-03-25,0.2940,0.2971,0.2849,0.2852,0.2717,93926400
2010-03-26,0.2892,0.2922,0.2822,0.2867,0.2731,84288000
2010-03-29,0.2910,0.2936,0.2885,0.2906,0.2769,38054400
2010-03-30,0.2930,0.2962,0.2877,0.2936,0.2798,39897600
2010-03-31,0.2904,0.2943,0.2877,0.2897,0.2760,59558400
2010-04-01,0.2929,0.2985,0.2826,0.2891,0.2755,116620800
2010-04-05,0.2912,0.2992,0.2891,0.2975,0.2834,67584000
2010-04-06,0.2952,0.3024,0.2933,0.2997,0.2856,58713600
2010-04-07,0.2987,0.3020,0.2928,0.2980,0.2840,106252800
2010-04-08,0.2950,0.3009,0.2905,0.2991,0.2850,69657600
2010-04-09,0.3001,0.3052,0.2978,0.3045,0.2901,58099200
2010-04-12,0.3055,0.3081,0.3035,0.3057,0.2913,48806400
2010-04-13,0.3047,0.3108,0.3020,0.3103,0.2957,67238400
2010-04-14,0.3148,0.3215,0.3141,0.3213,0.3061,61094400
2010-04-15,0.3209,0.3268,0.3207,0.3256,0.3102,45772800
2010-04-16,0.3221,0.3253,0.3079,0.3140,0.2991,129484800
2010-04-19,0.3110,0.3164,0.3021,0.3135,0.2987,112742400
2010-04-20,0.3184,0.3203,0.3124,0.3181,0.3031,56102400
2010-04-21,0.3246,0.3265,0.3177,0.3237,0.3084,83980800
2010-04-22,0.3143,0.3296,0.3089,0.3285,0.3130,122841600
2010-04-23,0.3288,0.3339,0.3249,0.3329,0.3171,82368000
2010-04-26,0.3331,0.3356,0.3288,0.3304,0.3148,80524800
2010-04-27,0.3272,0.3307,0.3073,0.3100,0.2954,133747200
2010-04-28,0.3148,0.3151,0.3032,0.3107,0.2960,125068800
2010-04-29,0.3151,0.3282,0.3150,0.3266,0.3112,84748800
2010-04-30,0.3261,0.3276,0.3065,0.3073,0.2928,88512000
2010-05-03,0.3109,0.3245,0.3109,0.3199,0.3048,52608000
2010-05-04,0.3078,0.3078,0.2847,0.2916,0.2778,137241600
2010-05-05,0.2825,0.2920,0.2771,0.2868,0.2733,138508800
2010-05-06,0.2809,0.2890,0.1771,0.2587,0.2465,217804800
2010-05-07,0.2519,0.2613,0.2232,0.2399,0.2286,248256000
2010-05-10,0.2702,0.2765,0.2687,0.2757,0.2626,189273600
2010-05-11,0.2679,0.2865,0.2663,0.2755,0.2625,147033600
2010-05-12,0.2793,0.2909,0.2782,0.2903,0.2766,108556800
2010-05-13,0.2876,0.2936,0.2755,0.2772,0.2641,105561600
2010-05-14,0.2704,0.2708,0.2513,0.2602,0.2479,154176000
2010-05-17,0.2627,0.2666,0.2469,0.2637,0.2512,136857600
2010-05-18,0.2701,0.2716,0.2490,0.2536,0.2416,190617600
2010-05-19,0.2492,0.2552,0.2381,0.2469,0.2352,237772800
2010-05-20,0.2320,0.2336,0.2173,0.2219,0.2114,272985600
2010-05-21,0.2084,0.2305,0.2062,0.2236,0.2131,234316800
2010-05-24,0.2249,0.2332,0.2229,0.2255,0.2148,155020800
2010-05-25,0.2087,0.2246,0.2021,0.2239,0.2133,172646400
2010-05-26,0.2274,0.2367,0.2153,0.2170,0.2067,208320000
2010-05-27,0.2314,0.2411,0.2296,0.2405,0.2291,173222400
2010-05-28,0.2421,0.2427,0.2305,0.2371,0.2259,166694400
2010-06-01,0.2346,0.2467,0.2292,0.2305,0.2197,202713600
2010-06-02,0.2344,0.2468,0.2294,0.2468,0.2351,113433600
2010-06-03,0.2486,0.2546,0.2439,0.2532,0.2412,114854400
2010-06-04,0.2373,0.2467,0.2248,0.2282,0.2174,245952000
2010-06-07,0.2304,0.2329,0.2146,0.2149,0.2048,168729600
2010-06-08,0.2165,0.2179,0.2052,0.2138,0.2036,265920000
2010-06-09,0.2181,0.2242,0.2066,0.2090,0.1992,229440000
2010-06-10,0.2163,0.2268,0.2146,0.2264,0.2157,155520000
2010-06-11,0.2193,0.2332,0.2193,0.2323,0.2213,125337600
2010-06-14,0.2392,0.2438,0.2315,0.2324,0.2214,227404800
2010-06-15,0.2363,0.2521,0.2356,0.2494,0.2376,200102400
2010-06-16,0.2492,0.2578,0.2480,0.2544,0.2424,158361600
2010-06-17,0.2584,0.2588,0.2504,0.2570,0.2448,163046400
2010-06-18,0.2583,0.2629,0.2551,0.2577,0.2455,139584000
2010-06-21,0.2671,0.2682,0.2467,0.2509,0.2391,219916800
2010-06-22,0.2538,0.2593,0.2437,0.2450,0.2334,179596800
2010-06-23,0.2459,0.2484,0.2362,0.2417,0.2303,224716800
2010-06-24,0.2388,0.2409,0.2286,0.2300,0.2191,239424000
2010-06-25,0.2330,0.2356,0.2249,0.2298,0.2190,177561600
2010-06-28,0.2300,0.2334,0.2228,0.2278,0.2170,164160000
2010-06-29,0.2171,0.2174,0.1964,0.2023,0.1928,438220800
2010-06-30,0.1993,0.2050,0.1908,0.1923,0.1833,183667200
2010-07-01,0.1934,0.1950,0.1793,0.1905,0.1815,252326400
2010-07-02,0.1910,0.1932,0.1836,0.1894,0.1805,147379200
2010-07-06,0.1967,0.2003,0.1856,0.1904,0.1814,156556800
2010-07-07,0.1921,0.2090,0.1916,0.2084,0.1986,160780800
2010-07-08,0.2134,0.2142,0.2046,0.2119,0.2019,207360000
2010-07-09,0.2114,0.2188,0.2103,0.2179,0.2076,142656000
2010-07-12,0.2171,0.2236,0.2157,0.2203,0.2099,98918400
2010-07-13,0.2255,0.2308,0.2206,0.2279,0.2171,174144000
2010-07-14,0.2298,0.2354,0.2268,0.2315,0.2206,109516800
2010-07-15,0.2305,0.2343,0.2230,0.2323,0.2213,114201600
2010-07-16,0.2303,0.2306,0.2126,0.2136,0.2035,181363200
2010-07-19,0.2148,0.2198,0.2097,0.2184,0.2081,124224000
2010-07-20,0.2076,0.2262,0.2059,0.2253,0.2147,127948800
2010-07-21,0.2339,0.2339,0.2160,0.2174,0.2072,172492800
2010-07-22,0.2259,0.2366,0.2259,0.2321,0.2211,126451200
2010-07-23,0.2289,0.2384,0.2276,0.2382,0.2269,138854400
2010-07-26,0.2392,0.2441,0.2359,0.2434,0.2319,100761600
2010-07-27,0.2470,0.2481,0.2403,0.2433,0.2318,119692800
2010-07-28,0.2428,0.2459,0.2352,0.2384,0.2271,77568000
2010-07-29,0.2417,0.2432,0.2253,0.2327,0.2217,152755200
2010-07-30,0.2268,0.2381,0.2227,0.2343,0.2232,129830400
2010-08-02,0.2429,0.2487,0.2403,0.2469,0.2352,90163200
2010-08-03,0.2464,0.2472,0.2405,0.2443,0.2328,64012800
2010-08-04,0.2475,0.2521,0.2443,0.2514,0.2395,80908800
2010-08-05,0.2476,0.2508,0.2446,0.2499,0.2381,66470400
2010-08-06,0.2409,0.2498,0.2373,0.2487,0.2370,152755200
2010-08-09,0.2521,0.2552,0.2489,0.2531,0.2411,85632000
2010-08-10,0.2474,0.2512,0.2409,0.2477,0.2360,158016000
2010-08-11,0.2346,0.2347,0.2237,0.2273,0.2166,154905600
2010-08-12,0.2137,0.2240,0.2124,0.2209,0.2105,145920000
2010-08-13,0.2191,0.2216,0.2165,0.2165,0.2063,57945600
2010-08-16,0.2133,0.2221,0.2105,0.2177,0.2074,95424000
2010-08-17,0.2226,0.2318,0.2213,0.2260,0.2153,120076800
2010-08-18,0.2249,0.2326,0.2223,0.2280,0.2173,71155200
2010-08-19,0.2248,0.2271,0.2138,0.2197,0.2093,102412800
2010-08-20,0.2174,0.2206,0.2136,0.2189,0.2086,88588800
2010-08-23,0.2238,0.2251,0.2126,0.2129,0.2028,108211200
2010-08-24,0.2059,0.2074,0.1982,0.2007,0.1912,144806400
2010-08-25,0.1967,0.2091,0.1958,0.2067,0.1969,144153600
2010-08-26,0.2093,0.2097,0.1986,0.1999,0.1905,132979200
2010-08-27,0.2034,0.2074,0.1911,0.2065,0.1968,192460800
2010-08-30,0.2034,0.2088,0.1998,0.1998,0.1904,105139200
2010-08-31,0.1969,0.2030,0.1940,0.1989,0.1895,156441600
2010-09-01,0.2065,0.2175,0.2062,0.2155,0.2053,129638400
2010-09-02,0.2168,0.2229,0.2152,0.2229,0.2124,54297600
2010-09-03,0.2297,0.2343,0.2273,0.2343,0.2232,135283200
2010-09-07,0.2311,0.2339,0.2281,0.2286,0.2178,97382400
2010-09-08,0.2311,0.2404,0.2311,0.2366,0.2255,113894400
2010-09-09,0.2440,0.2444,0.2386,0.2396,0.2283,90355200
2010-09-10,0.2414,0.2435,0.2374,0.2422,0.2308,63936000
2010-09-13,0.2485,0.2547,0.2483,0.2529,0.2409,83712000
2010-09-14,0.2518,0.2600,0.2504,0.2561,0.2440,84748800
2010-09-15,0.2541,0.2617,0.2520,0.2604,0.2481,67660800
2010-09-16,0.2603,0.2646,0.2575,0.2641,0.2516,93772800
2010-09-17,0.2695,0.2695,0.2629,0.2669,0.2543,114816000
2010-09-20,0.2699,0.2823,0.2690,0.2808,0.2676,105561600
2010-09-21,0.2811,0.2865,0.2770,0.2799,0.2667,173875200
2010-09-22,0.2768,0.2841,0.2740,0.2786,0.2655,96576000
2010-09-23,0.2729,0.2862,0.2721,0.2778,0.2647,137088000
2010-09-24,0.2877,0.2953,0.2863,0.2935,0.2796,126528000
2010-09-27,0.2949,0.2964,0.2893,0.2902,0.2764,97113600
2010-09-28,0.2929,0.2929,0.2763,0.2909,0.2771,146227200
2010-09-29,0.2886,0.2925,0.2853,0.2885,0.2749,63859200
2010-09-30,0.2929,0.2981,0.2790,0.2846,0.2712,177484800
2010-10-01,0.2913,0.2925,0.2796,0.2837,0.2703,117043200
2010-10-04,0.2809,0.2838,0.2695,0.2739,0.2610,123840000
2010-10-05,0.2836,0.2957,0.2832,0.2943,0.2804,109785600
2010-10-06,0.2931,0.2949,0.2810,0.2868,0.2732,88512000
2010-10-07,0.2917,0.2919,0.2827,0.2896,0.2759,78950400
2010-10-08,0.2901,0.2976,0.2842,0.2954,0.2815,68544000
2010-10-11,0.2963,0.3002,0.2934,0.2960,0.2821,38131200
2010-10-12,0.2941,0.3038,0.2872,0.3022,0.2879,97728000
2010-10-13,0.3078,0.3133,0.3052,0.3095,0.2949,96844800
2010-10-14,0.3099,0.3117,0.3031,0.3078,0.2933,79756800
2010-10-15,0.3188,0.3274,0.3117,0.3274,0.3120,119577600
2010-10-18,0.3280,0.3308,0.3239,0.3274,0.3120,86976000
2010-10-19,0.3145,0.3220,0.3068,0.3144,0.2996,127296000
2010-10-20,0.3175,0.3280,0.3155,0.3210,0.3058,93465600
2010-10-21,0.3274,0.3310,0.3138,0.3232,0.3079,109708800
2010-10-22,0.3236,0.3302,0.3219,0.3295,0.3139,58713600
2010-10-25,0.3335,0.3402,0.3335,0.3345,0.3187,77184000
2010-10-26,0.3292,0.3389,0.3254,0.3365,0.3206,74841600
2010-10-27,0.3322,0.3408,0.3304,0.3400,0.3239,112857600
2010-10-28,0.3447,0.3449,0.3338,0.3419,0.3258,107788800
2010-10-29,0.3418,0.3458,0.3398,0.3403,0.3242,80755200
2010-11-01,0.3438,0.3507,0.3362,0.3411,0.3249,85209600
2010-11-02,0.3493,0.3542,0.3477,0.3514,0.3348,68121600
2010-11-03,0.3532,0.3566,0.3435,0.3565,0.3396,115161600
2010-11-04,0.3689,0.3735,0.3663,0.3691,0.3517,111859200
2010-11-05,0.3700,0.3718,0.3664,0.3696,0.3521,113971200
2010-11-08,0.3677,0.3724,0.3650,0.3705,0.3530,103449600
2010-11-09,0.3758,0.3771,0.3600,0.3645,0.3473,121881600
2010-11-10,0.3664,0.3714,0.3578,0.3701,0.3526,91968000
2010-11-11,0.3529,0.3651,0.3486,0.3639,0.3467,121843200
2010-11-12,0.3578,0.3621,0.3374,0.3453,0.3290,218265600
2010-11-15,0.3512,0.3527,0.3412,0.3416,0.3255,119193600
2010-11-16,0.3343,0.3402,0.3208,0.3247,0.3093,181632000
2010-11-17,0.3253,0.3326,0.3229,0.3278,0.3123,111168000
2010-11-18,0.3383,0.3498,0.3380,0.3430,0.3268,138739200
2010-11-19,0.3419,0.3464,0.3380,0.3438,0.3276,93427200
2010-11-22,0.3397,0.3529,0.3383,0.3529,0.3362,147456000
2010-11-23,0.3424,0.3434,0.3302,0.3362,0.3203,185856000
2010-11-24,0.3458,0.3586,0.3453,0.3558,0.3390,129484800
2010-11-26,0.3496,0.3563,0.3476,0.3536,0.3369,59673600
2010-11-29,0.3477,0.3516,0.3357,0.3487,0.3322,176524800
2010-11-30,0.3376,0.3420,0.3316,0.3354,0.3196,200716800
2010-12-01,0.3508,0.3621,0.3503,0.3567,0.3399,206860800
2010-12-02,0.3583,0.3691,0.3574,0.3676,0.3502,132134400
2010-12-03,0.3632,0.3718,0.3630,0.3707,0.3531,175449600
2010-12-06,0.3707,0.3722,0.3670,0.3700,0.3525,99072000
2010-12-07,0.3837,0.3837,0.3697,0.3703,0.3528,164428800
2010-12-08,0.3740,0.3764,0.3667,0.3755,0.3577,93427200
2010-12-09,0.3817,0.3818,0.3724,0.3759,0.3581,99878400
2010-12-10,0.3784,0.3845,0.3753,0.3837,0.3656,88204800
2010-12-13,0.3886,0.3886,0.3789,0.3792,0.3613,80755200
2010-12-14,0.3822,0.3860,0.3780,0.3808,0.3628,76876800
2010-12-15,0.3805,0.3876,0.3737,0.3770,0.3591,95577600
2010-12-16,0.3773,0.3868,0.3750,0.3848,0.3666,86131200
2010-12-17,0.3860,0.3893,0.3839,0.3860,0.3677,61209600
2010-12-20,0.3880,0.3911,0.3786,0.3870,0.3687,126144000
2010-12-21,0.3915,0.3936,0.3885,0.3934,0.3748,33600000
2010-12-22,0.3935,0.3954,0.3918,0.3938,0.3752,43200000
2010-12-23,0.3918,0.3934,0.3883,0.3908,0.3724,36864000
2010-12-27,0.3877,0.3932,0.3794,0.3910,0.3725,64166400
2010-12-28,0.3939,0.3942,0.3866,0.3893,0.3709,63475200
2010-12-29,0.3927,0.3938,0.3906,0.3916,0.3731,45465600
2010-12-30,0.3918,0.3919,0.3867,0.3887,0.3703,28761600
2010-12-31,0.3878,0.3878,0.3794,0.3851,0.3669,48729600
2011-01-03,0.3953,0.4104,0.3953,0.4025,0.3835,133516800
2011-01-04,0.4076,0.4077,0.3942,0.4019,0.3829,131520000
2011-01-05,0.3979,0.4120,0.3974,0.4118,0.3924,122880000
2011-01-06,0.4133,0.4165,0.4108,0.4156,0.3959,104524800
2011-01-07,0.4177,0.4184,0.4026,0.4146,0.3950,152409600
2011-01-10,0.4115,0.4214,0.4087,0.4193,0.3995,86054400
2011-01-11,0.4244,0.4253,0.4169,0.4212,0.4013,109939200
2011-01-12,0.4270,0.4300,0.4221,0.4297,0.4094,134092800
2011-01-13,0.4313,0.4337,0.4270,0.4311,0.4107,131443200
2011-01-14,0.4309,0.4406,0.4281,0.4404,0.4196,61286400
2011-01-18,0.4292,0.4453,0.4285,0.4440,0.4230,138124800
2011-01-19,0.4462,0.4462,0.4246,0.4291,0.4088,149952000
2011-01-20,0.4240,0.4250,0.4099,0.4195,0.3996,189465600
2011-01-21,0.4256,0.4281,0.4096,0.4099,0.3905,104832000
2011-01-24,0.4122,0.4272,0.4100,0.4268,0.4066,86438400
2011-01-25,0.4210,0.4289,0.4180,0.4283,0.4080,95846400
2011-01-26,0.4310,0.4390,0.4271,0.4349,0.4144,99379200
2011-01-27,0.4400,0.4470,0.4376,0.4433,0.4224,111360000
2011-01-28,0.4435,0.4443,0.4040,0.4099,0.3905,254553600
2011-01-31,0.4115,0.4191,0.4023,0.4159,0.3963,159974400
2011-02-01,0.4255,0.4419,0.4239,0.4390,0.4183,203443200
2011-02-02,0.4367,0.4416,0.4343,0.4371,0.4164,92121600
2011-02-03,0.4346,0.4411,0.4241,0.4387,0.4180,131558400
2011-02-04,0.4399,0.4474,0.4359,0.4467,0.4256,135936000
2011-02-07,0.4495,0.4601,0.4472,0.4532,0.4317,103795200
2011-02-08,0.4533,0.4628,0.4510,0.4628,0.4409,133977600
2011-02-09,0.4597,0.4638,0.4555,0.4600,0.4383,130406400
2011-02-10,0.4523,0.4632,0.4492,0.4622,0.4404,142080000
2011-02-11,0.4580,0.4720,0.4557,0.4717,0.4494,94540800
2011-02-14,0.4716,0.4769,0.4704,0.4747,0.4523,59635200
2011-02-15,0.4721,0.4745,0.4667,0.4735,0.4511,93235200
2011-02-16,0.4772,0.4860,0.4765,0.4822,0.4594,141120000
2011-02-17,0.4751,0.4844,0.4742,0.4818,0.4590,86745600
2011-02-18,0.4821,0.4840,0.4734,0.4791,0.4564,128179200
2011-02-22,0.4599,0.4635,0.4349,0.4369,0.4162,241843200
2011-02-23,0.4367,0.4414,0.4163,0.4261,0.4060,194265600
2011-02-24,0.4291,0.4365,0.4167,0.4322,0.4117,320524800
2011-02-25,0.4402,0.4526,0.4390,0.4507,0.4294,108345600
2011-02-28,0.4558,0.4603,0.4458,0.4540,0.4325,104313600
2011-03-01,0.4601,0.4601,0.4284,0.4321,0.4117,122899200
2011-03-02,0.4313,0.4471,0.4309,0.4382,0.4175,114105600
2011-03-03,0.4510,0.4668,0.4509,0.4644,0.4424,132825600
2011-03-04,0.4646,0.4646,0.4484,0.4575,0.4359,109420800
2011-03-07,0.4632,0.4640,0.4270,0.4393,0.4185,137568000
2011-03-08,0.4368,0.4502,0.4297,0.4439,0.4229,128774400
2011-03-09,0.4402,0.4408,0.4282,0.4349,0.4143,97056000
2011-03-10,0.4195,0.4232,0.4097,0.4150,0.3954,174892800
2011-03-11,0.4081,0.4255,0.4074,0.4219,0.4020,102547200
2011-03-14,0.4151,0.4245,0.4084,0.4178,0.3981,78912000
2011-03-15,0.3806,0.4076,0.3768,0.4007,0.3818,187852800
2011-03-16,0.3907,0.3968,0.3633,0.3713,0.3538,216768000
2011-03-17,0.3883,0.3932,0.3806,0.3810,0.3630,116486400
2011-03-18,0.3943,0.3945,0.3781,0.3789,0.3610,118713600
2011-03-21,0.3955,0.4062,0.3939,0.4001,0.3811,95251200
2011-03-22,0.4019,0.4031,0.3958,0.3990,0.3801,64358400
2011-03-23,0.3941,0.4085,0.3860,0.4050,0.3859,104544000
2011-03-24,0.4145,0.4296,0.4074,0.4270,0.4069,130656000
2011-03-25,0.4313,0.4385,0.4284,0.4302,0.4098,148300800
2011-03-28,0.4360,0.4360,0.4223,0.4229,0.4029,88838400
2011-03-29,0.4203,0.4351,0.4159,0.4350,0.4144,67296000
2011-03-30,0.4417,0.4431,0.4357,0.4414,0.4205,67545600
2011-03-31,0.4396,0.4444,0.4370,0.4433,0.4223,56428800
2011-04-01,0.4496,0.4540,0.4401,0.4440,0.4230,75552000
2011-04-04,0.4478,0.4489,0.4338,0.4399,0.4192,62419200
2011-04-05,0.4367,0.4437,0.4333,0.4349,0.4144,53932800
2011-04-06,0.4454,0.4497,0.4314,0.4382,0.4175,66393600
2011-04-07,0.4385,0.4465,0.4291,0.4381,0.4174,71942400
2011-04-08,0.4442,0.4457,0.4251,0.4316,0.4112,50457600
2011-04-11,0.4366,0.4395,0.4234,0.4277,0.4074,56083200
2011-04-12,0.4216,0.4248,0.4138,0.4192,0.3994,66566400
2011-04-13,0.4283,0.4328,0.4193,0.4292,0.4089,70848000
2011-04-14,0.4203,0.4289,0.4151,0.4269,0.4067,67872000
2011-04-15,0.4219,0.4297,0.4166,0.4241,0.4041,149683200
2011-04-18,0.4118,0.4161,0.3950,0.4159,0.3963,125760000
2011-04-19,0.4185,0.4234,0.4124,0.4234,0.4034,107328000
2011-04-20,0.4458,0.4533,0.4443,0.4516,0.4303,131155200
2011-04-21,0.4657,0.4659,0.4589,0.4631,0.4412,64972800
2011-04-25,0.4647,0.4672,0.4616,0.4665,0.4445,45350400
2011-04-26,0.4703,0.4792,0.4674,0.4745,0.4521,44793600
2011-04-27,0.4766,0.4856,0.4706,0.4844,0.4615,62668800
2011-04-28,0.4796,0.4839,0.4758,0.4836,0.4608,66028800
2011-04-29,0.4799,0.4848,0.4779,0.4813,0.4586,52416000
2011-05-02,0.4834,0.4865,0.4744,0.4787,0.4561,53875200
2011-05-03,0.4772,0.4785,0.4626,0.4715,0.4492,52204800
2011-05-04,0.4715,0.4755,0.4576,0.4688,0.4466,81945600
2011-05-05,0.4619,0.4781,0.4566,0.4617,0.4399,95750400
2011-05-06,0.4758,0.4833,0.4620,0.4657,0.4437,76838400
2011-05-09,0.4679,0.4765,0.4630,0.4708,0.4485,41875200
2011-05-10,0.4754,0.4849,0.4729,0.4829,0.4600,55353600
2011-05-11,0.4814,0.4860,0.4627,0.4724,0.4501,64704000
2011-05-12,0.4675,0.4828,0.4599,0.4808,0.4581,60288000
2011-05-13,0.4776,0.4797,0.4633,0.4638,0.4418,74054400
2011-05-16,0.4577,0.4613,0.4366,0.4396,0.4189,79718400
2011-05-17,0.4330,0.4435,0.4304,0.4432,0.4223,89740800
2011-05-18,0.4416,0.4566,0.4398,0.4540,0.4326,42566400
2011-05-19,0.4593,0.4610,0.4501,0.4579,0.4363,52627200
2011-05-20,0.4564,0.4581,0.4461,0.4478,0.4267,43660800
2011-05-23,0.4294,0.4331,0.4220,0.4284,0.4081,77433600
2011-05-24,0.4317,0.4317,0.4202,0.4203,0.4004,67929600
2011-05-25,0.4183,0.4309,0.4180,0.4250,0.4049,53913600
2011-05-26,0.4208,0.4365,0.4208,0.4330,0.4125,47136000
2011-05-27,0.4351,0.4407,0.4342,0.4394,0.4187,35059200
2011-05-31,0.4521,0.4606,0.4449,0.4606,0.4388,55315200
2011-06-01,0.4576,0.4605,0.4299,0.4311,0.4108,92352000
2011-06-02,0.4331,0.4378,0.4265,0.4336,0.4132,46790400
2011-06-03,0.4184,0.4280,0.4125,0.4140,0.3944,81388800
2011-06-06,0.4120,0.4173,0.4035,0.4040,0.3849,53472000
2011-06-07,0.4071,0.4118,0.4009,0.4016,0.3826,55852800
2011-06-08,0.3989,0.4009,0.3896,0.3930,0.3744,93523200
2011-06-09,0.3931,0.4003,0.3895,0.3947,0.3760,44064000
2011-06-10,0.3893,0.3920,0.3760,0.3766,0.3588,55699200
2011-06-13,0.3782,0.3826,0.3730,0.3768,0.3590,58982400
2011-06-14,0.3853,0.3941,0.3852,0.3908,0.3724,58521600
2011-06-15,0.3803,0.3870,0.3669,0.3695,0.3520,89337600
2011-06-16,0.3697,0.3732,0.3553,0.3643,0.3471,85171200
2011-06-17,0.3746,0.3760,0.3584,0.3616,0.3445,89971200
2011-06-20,0.3581,0.3701,0.3581,0.3664,0.3491,47212800
2011-06-21,0.3711,0.3916,0.3662,0.3908,0.3724,74284800
2011-06-22,0.3856,0.3924,0.3818,0.3820,0.3640,62208000
2011-06-23,0.3695,0.3931,0.3660,0.3926,0.3741,115852800
2011-06-24,0.3868,0.3880,0.3701,0.3719,0.3544,94041600
2011-06-27,0.3737,0.3951,0.3716,0.3900,0.3716,74361600
2011-06-28,0.3928,0.4077,0.3914,0.4075,0.3882,57676800
2011-06-29,0.4111,0.4146,0.4036,0.4126,0.3931,68409600
2011-06-30,0.4169,0.4295,0.4162,0.4283,0.4080,90432000
2011-07-01,0.4297,0.4498,0.4260,0.4481,0.4269,76723200
2011-07-05,0.4496,0.4560,0.4468,0.4546,0.4331,73286400
2011-07-06,0.4534,0.4614,0.4490,0.4594,0.4377,79833600
2011-07-07,0.4695,0.4820,0.4679,0.4780,0.4554,107097600
2011-07-08,0.4659,0.4742,0.4583,0.4741,0.4517,146035200
2011-07-11,0.4596,0.4663,0.4436,0.4486,0.4274,135417600
2011-07-12,0.4480,0.4509,0.4371,0.4377,0.4170,100646400
2011-07-13,0.4474,0.4569,0.4389,0.4435,0.4226,114796800
2011-07-14,0.4474,0.4532,0.4232,0.4283,0.4080,123436800
2011-07-15,0.4430,0.4453,0.4339,0.4453,0.4243,96403200
2011-07-18,0.4386,0.4436,0.4255,0.4380,0.4173,84691200
2011-07-19,0.4511,0.4695,0.4510,0.4689,0.4467,144864000
2011-07-20,0.4763,0.4766,0.4604,0.4623,0.4404,107078400
2011-07-21,0.4637,0.4792,0.4563,0.4717,0.4494,131212800
2011-07-22,0.4712,0.4882,0.4699,0.4863,0.4633,91468800
2011-07-25,0.4743,0.4911,0.4719,0.4834,0.4606,80102400
2011-07-26,0.4818,0.4920,0.4795,0.4861,0.4631,103353600
2011-07-27,0.4772,0.4781,0.4458,0.4492,0.4280,144057600
2011-07-28,0.4501,0.4684,0.4447,0.4516,0.4303,123398400
2011-07-29,0.4405,0.4611,0.4342,0.4472,0.4261,149740800
2011-08-01,0.4634,0.4658,0.4250,0.4412,0.4203,197337600
2011-08-02,0.4345,0.4404,0.4060,0.4077,0.3884,177004800
2011-08-03,0.4087,0.4204,0.3878,0.4183,0.3985,175584000
2011-08-04,0.4010,0.4030,0.3613,0.3614,0.3443,292108800
2011-08-05,0.3733,0.3780,0.3238,0.3534,0.3367,317836800
2011-08-08,0.3222,0.3397,0.2906,0.2913,0.2775,385459200
2011-08-09,0.3028,0.3322,0.2791,0.3312,0.3155,425856000
2011-08-10,0.3090,0.3234,0.2904,0.2921,0.2783,323577600
2011-08-11,0.3035,0.3396,0.2998,0.3296,0.3141,286348800
2011-08-12,0.3371,0.3440,0.3254,0.3380,0.3220,250291200
2011-08-15,0.3422,0.3527,0.3376,0.3526,0.3359,151488000
2011-08-16,0.3430,0.3527,0.3301,0.3435,0.3273,150643200
2011-08-17,0.3456,0.3539,0.3275,0.3380,0.3220,212236800
2011-08-18,0.3104,0.3105,0.2796,0.2890,0.2753,328723200
2011-08-19,0.2791,0.3001,0.2719,0.2728,0.2599,287328000
2011-08-22,0.2919,0.2926,0.2730,0.2752,0.2622,216460800
2011-08-23,0.2811,0.3095,0.2779,0.3093,0.2947,286137600
2011-08-24,0.3077,0.3183,0.2994,0.3166,0.3016,197164800
2011-08-25,0.3159,0.3204,0.2980,0.3014,0.2871,152582400
2011-08-26,0.2986,0.3268,0.2894,0.3231,0.3079,222412800
2011-08-29,0.3333,0.3518,0.3333,0.3506,0.3341,226464000
2011-08-30,0.3469,0.3640,0.3411,0.3578,0.3409,228940800
2011-08-31,0.3644,0.3729,0.3505,0.3598,0.3428,256454400
2011-09-01,0.3622,0.3706,0.3477,0.3497,0.3332,197836800
2011-09-02,0.3300,0.3352,0.3196,0.3252,0.3098,154137600
2011-09-06,0.3022,0.3266,0.3000,0.3252,0.3098,170054400
2011-09-07,0.3393,0.3500,0.3365,0.3497,0.3332,160089600
2011-09-08,0.3442,0.3596,0.3418,0.3449,0.3286,199046400
2011-09-09,0.3385,0.3422,0.3157,0.3222,0.3070,207648000
2011-09-12,0.3116,0.3350,0.3109,0.3343,0.3185,239712000
2011-09-13,0.3381,0.3498,0.3334,0.3472,0.3308,280243200
2011-09-14,0.3533,0.3745,0.3425,0.3622,0.3451,233625600
2011-09-15,0.3748,0.3805,0.3634,0.3787,0.3608,235372800
2011-09-16,0.3817,0.3902,0.3791,0.3886,0.3702,246220800
2011-09-19,0.3748,0.3956,0.3650,0.3896,0.3712,247449600
2011-09-20,0.3952,0.4046,0.3816,0.3841,0.3659,239155200
2011-09-21,0.3901,0.3959,0.3642,0.3645,0.3473,234451200
2011-09-22,0.3368,0.3460,0.3130,0.3291,0.3135,335462400
2011-09-23,0.3207,0.3435,0.3200,0.3393,0.3233,261504000
2011-09-26,0.3446,0.3527,0.3219,0.3508,0.3343,246988800
2011-09-27,0.3693,0.3781,0.3547,0.3616,0.3445,259027200
2011-09-28,0.3667,0.3738,0.3435,0.3445,0.3282,269184000
2011-09-29,0.3619,0.3628,0.3165,0.3343,0.3185,336556800
2011-09-30,0.3211,0.3284,0.3073,0.3083,0.2938,287462400
2011-10-03,0.2996,0.3142,0.2837,0.2842,0.2707,410649600
2011-10-04,0.2753,0.3033,0.2669,0.3015,0.2872,689280000
2011-10-05,0.2994,0.3273,0.2924,0.3244,0.3090,520569600
2011-10-06,0.3240,0.3410,0.3192,0.3410,0.3249,456460800
2011-10-07,0.3401,0.3451,0.3276,0.3340,0.3182,288364800
2011-10-10,0.3510,0.3683,0.3496,0.3683,0.3509,216960000
2011-10-11,0.3657,0.3787,0.3640,0.3761,0.3584,200947200
2011-10-12,0.3873,0.3945,0.3809,0.3822,0.3641,258950400
2011-10-13,0.3799,0.3939,0.3786,0.3924,0.3739,187161600
2011-10-14,0.4073,0.4141,0.4006,0.4141,0.3945,191481600
2011-10-17,0.4082,0.4120,0.3883,0.3949,0.3762,1094342400
2011-10-18,0.3935,0.4159,0.3821,0.4092,0.3899,285792000
2011-10-19,0.4040,0.4066,0.3820,0.3856,0.3674,242246400
2011-10-20,0.3847,0.3867,0.3638,0.3807,0.3627,203174400
2011-10-21,0.3922,0.4017,0.3839,0.3943,0.3756,188428800
2011-10-24,0.3989,0.4221,0.3976,0.4189,0.3991,197356800
2011-10-25,0.4144,0.4152,0.3916,0.3952,0.3765,200755200
2011-10-26,0.4010,0.4034,0.3711,0.3936,0.3750,383692800
2011-10-27,0.4210,0.4323,0.4087,0.4253,0.4052,330528000
2011-10-28,0.4175,0.4284,0.4175,0.4267,0.4066,127161600
2011-10-31,0.4153,0.4204,0.4047,0.4056,0.3864,157977600
2011-11-01,0.3763,0.3849,0.3676,0.3742,0.3565,392870400
2011-11-02,0.3849,0.3881,0.3729,0.3834,0.3653,243648000
2011-11-03,0.3928,0.4086,0.3792,0.4067,0.3875,285561600
2011-11-04,0.4007,0.4058,0.3886,0.4004,0.3815,158323200
2011-11-07,0.4005,0.4101,0.3880,0.4093,0.3900,223084800
2011-11-08,0.4180,0.4254,0.4042,0.4230,0.4030,205900800
2011-11-09,0.3984,0.4005,0.3761,0.3792,0.3613,222144000
2011-11-10,0.3903,0.3911,0.3672,0.3777,0.3598,177945600
2011-11-11,0.3884,0.4028,0.3866,0.3989,0.3800,171532800
2011-11-14,0.3965,0.4029,0.3876,0.3921,0.3736,113126400
2011-11-15,0.3891,0.4097,0.3875,0.4047,0.3856,220108800
2011-11-16,0.3960,0.4053,0.3828,0.3847,0.3666,242092800
2011-11-17,0.3820,0.3823,0.3510,0.3583,0.3413,445920000
2011-11-18,0.3582,0.3594,0.3478,0.3497,0.3332,236198400
2011-11-21,0.3361,0.3368,0.3191,0.3294,0.3138,272352000
2011-11-22,0.3265,0.3359,0.3212,0.3322,0.3165,320659200
2011-11-23,0.3254,0.3264,0.3099,0.3102,0.2955,310272000
2011-11-25,0.3068,0.3171,0.3031,0.3031,0.2888,123552000
2011-11-28,0.3253,0.3359,0.3251,0.3344,0.3186,262752000
2011-11-29,0.3334,0.3417,0.3258,0.3284,0.3129,234432000
2011-11-30,0.3553,0.3657,0.3522,0.3644,0.3472,242457600
2011-12-01,0.3648,0.3752,0.3639,0.3722,0.3546,183475200
2011-12-02,0.3832,0.3835,0.3683,0.3687,0.3513,129081600
2011-12-05,0.3864,0.3889,0.3750,0.3808,0.3628,189158400
2011-12-06,0.3826,0.3854,0.3745,0.3779,0.3600,140025600
2011-12-07,0.3750,0.3833,0.3634,0.3784,0.3606,154080000
2011-12-08,0.3708,0.3794,0.3569,0.3592,0.3422,259795200
2011-12-09,0.3623,0.3795,0.3614,0.3762,0.3584,196243200
2011-12-12,0.3646,0.3649,0.3542,0.3639,0.3467,214579200
2011-12-13,0.3708,0.3752,0.3470,0.3516,0.3349,231590400
2011-12-14,0.3473,0.3484,0.3293,0.3352,0.3194,409939200
2011-12-15,0.3447,0.3448,0.3309,0.3326,0.3169,306950400
2011-12-16,0.3381,0.3510,0.3358,0.3368,0.3209,280934400
2011-12-19,0.3414,0.3435,0.3249,0.3274,0.3120,199296000
2011-12-20,0.3430,0.3576,0.3430,0.3565,0.3397,267705600
2011-12-21,0.3504,0.3504,0.3292,0.3417,0.3255,343718400
2011-12-22,0.3430,0.3505,0.3421,0.3500,0.3335,200947200
2011-12-23,0.3520,0.3591,0.3499,0.3591,0.3421,110918400
2011-12-27,0.3577,0.3656,0.3562,0.3618,0.3447,139776000
2011-12-28,0.3609,0.3622,0.3468,0.3502,0.3337,200294400
2011-12-29,0.3512,0.3579,0.3482,0.3570,0.3402,135436800
2011-12-30,0.3549,0.3596,0.3539,0.3541,0.3374,115622400
2012-01-03,0.3741,0.3799,0.3718,0.3743,0.3566,202732800
2012-01-04,0.3725,0.3806,0.3677,0.3787,0.3609,119692800
2012-01-05,0.3768,0.3893,0.3724,0.3881,0.3697,138796800
2012-01-06,0.3891,0.3949,0.3843,0.3921,0.3736,207494400
2012-01-09,0.3953,0.3959,0.3849,0.3888,0.3704,153945600
2012-01-10,0.4014,0.4045,0.3941,0.3968,0.3780,157305600
2012-01-11,0.3968,0.4021,0.3925,0.3995,0.3807,137241600
2012-01-12,0.4027,0.4057,0.3936,0.4043,0.3852,154329600
2012-01-13,0.3980,0.4002,0.3895,0.3996,0.3807,155155200
2012-01-17,0.4108,0.4158,0.4062,0.4104,0.3910,129024000
2012-01-18,0.4133,0.4271,0.4110,0.4267,0.4065,213830400
2012-01-19,0.4327,0.4373,0.4308,0.4352,0.4146,226790400
2012-01-20,0.4294,0.4336,0.4286,0.4333,0.4128,80179200
2012-01-23,0.4332,0.4426,0.4260,0.4332,0.4128,137664000
2012-01-24,0.4277,0.4345,0.4254,0.4308,0.4105,95596800
2012-01-25,0.4444,0.4505,0.4345,0.4473,0.4262,202521600
2012-01-26,0.4530,0.4555,0.4363,0.4426,0.4216,187084800
2012-01-27,0.4400,0.4489,0.4393,0.4469,0.4258,168844800
2012-01-30,0.4355,0.4495,0.4304,0.4477,0.4265,168672000
2012-01-31,0.4541,0.4567,0.4409,0.4492,0.4280,198201600
2012-02-01,0.4569,0.4653,0.4526,0.4603,0.4385,175737600
2012-02-02,0.4648,0.4692,0.4593,0.4650,0.4430,145190400
2012-02-03,0.4779,0.4852,0.4754,0.4835,0.4606,155040000
2012-02-06,0.4780,0.4831,0.4747,0.4830,0.4602,130828800
2012-02-07,0.4818,0.4884,0.4752,0.4851,0.4622,130176000
2012-02-08,0.4858,0.4932,0.4806,0.4932,0.4699,154886400
2012-02-09,0.4985,0.5057,0.4902,0.5041,0.4803,152544000
2012-02-10,0.4934,0.4975,0.4882,0.4933,0.4700,194803200
2012-02-13,0.5044,0.5089,0.4980,0.5066,0.4827,159206400
2012-02-14,0.5038,0.5110,0.4986,0.5110,0.4869,173875200
2012-02-15,0.5184,0.5267,0.4980,0.4996,0.4760,383865600
2012-02-16,0.5011,0.5226,0.4970,0.5205,0.4959,252268800
2012-02-17,0.5210,0.5222,0.5094,0.5161,0.4917,161932800
2012-02-21,0.5181,0.5271,0.5106,0.5205,0.4959,164371200
2012-02-22,0.5173,0.5218,0.5111,0.5136,0.4893,125376000
2012-02-23,0.5154,0.5249,0.5078,0.5233,0.4986,210144000
2012-02-24,0.5277,0.5315,0.5249,0.5284,0.5035,134572800
2012-02-27,0.5194,0.5360,0.5133,0.5310,0.5059,184819200
2012-02-28,0.5321,0.5469,0.5305,0.5469,0.5210,191980800
2012-02-29,0.5485,0.5536,0.5347,0.5397,0.5142,266092800
2012-03-01,0.5460,0.5541,0.5412,0.5528,0.5267,234643200
2012-03-02,0.5509,0.5567,0.5461,0.5511,0.5251,166252800
2012-03-05,0.5506,0.5523,0.5289,0.5340,0.5087,244454400
2012-03-06,0.5190,0.5219,0.5101,0.5186,0.4941,215558400
2012-03-07,0.5258,0.5339,0.5235,0.5304,0.5054,187238400
2012-03-08,0.5394,0.5521,0.5365,0.5472,0.5214,124761600
2012-03-09,0.5505,0.5572,0.5492,0.5539,0.5277,154944000
2012-03-12,0.5532,0.5567,0.5467,0.5547,0.5285,151507200
2012-03-13,0.5645,0.5861,0.5608,0.5860,0.5583,191462400
2012-03-14,0.5877,0.5987,0.5815,0.5926,0.5645,243052800
2012-03-15,0.5974,0.6008,0.5887,0.5971,0.5689,196819200
2012-03-16,0.6000,0.6001,0.5918,0.5958,0.5676,138297600
2012-03-19,0.5987,0.6128,0.5945,0.6087,0.5800,191961600
2012-03-20,0.5994,0.6140,0.5945,0.6121,0.5832,184396800
2012-03-21,0.6127,0.6222,0.6096,0.6119,0.5830,156576000
2012-03-22,0.6010,0.6124,0.6006,0.6082,0.5794,213216000
2012-03-23,0.6106,0.6110,0.5969,0.6073,0.5786,157497600
2012-03-26,0.6186,0.6391,0.6180,0.6391,0.6089,158553600
2012-03-27,0.6397,0.6496,0.6395,0.6415,0.6112,179251200
2012-03-28,0.6427,0.6501,0.6227,0.6340,0.6040,190368000
2012-03-29,0.6251,0.6338,0.6134,0.6275,0.5978,172300800
2012-03-30,0.6354,0.6361,0.6157,0.6231,0.5937,126451200
2012-04-02,0.6214,0.6450,0.6182,0.6421,0.6118,125452800
2012-04-03,0.6449,0.6509,0.6312,0.6422,0.6118,167500800
2012-04-04,0.6271,0.6285,0.6049,0.6160,0.5869,205152000
2012-04-05,0.6126,0.6288,0.6110,0.6272,0.5976,154656000
2012-04-09,0.6034,0.6206,0.6006,0.6128,0.5839,143904000
2012-04-10,0.6117,0.6192,0.5776,0.5832,0.5557,293433600
2012-04-11,0.5994,0.6034,0.5873,0.5917,0.5637,168806400
2012-04-12,0.5952,0.6140,0.5930,0.6115,0.5826,178291200
2012-04-13,0.6054,0.6059,0.5834,0.5839,0.5563,183321600
2012-04-16,0.5936,0.5939,0.5594,0.5655,0.5387,200486400
2012-04-17,0.5725,0.6042,0.5694,0.5988,0.5705,189254400
2012-04-18,0.5934,0.6047,0.5890,0.5944,0.5663,128294400
2012-04-19,0.5882,0.6094,0.5680,0.5752,0.5480,199200000
2012-04-20,0.5835,0.5914,0.5670,0.5690,0.5421,171033600
2012-04-23,0.5544,0.5565,0.5388,0.5547,0.5285,140140800
2012-04-24,0.5512,0.5577,0.5381,0.5449,0.5191,129696000
2012-04-25,0.5788,0.5893,0.5761,0.5882,0.5604,152409600
2012-04-26,0.5873,0.6028,0.5859,0.5987,0.5704,142483200
2012-04-27,0.6060,0.6153,0.5967,0.6090,0.5802,104928000
2012-04-30,0.6035,0.6074,0.5950,0.5963,0.5681,96172800
2012-05-01,0.5930,0.6192,0.5922,0.5997,0.5713,104678400
2012-05-02,0.5900,0.6058,0.5866,0.6036,0.5751,77184000
2012-05-03,0.6057,0.6069,0.5807,0.5849,0.5573,100550400
2012-05-04,0.5689,0.5716,0.5417,0.5420,0.5164,182169600
2012-05-07,0.5317,0.5507,0.5311,0.5428,0.5171,211046400
2012-05-08,0.5323,0.5423,0.5107,0.5368,0.5114,276480000
2012-05-09,0.5185,0.5406,0.5115,0.5338,0.5086,269529600
2012-05-10,0.5391,0.5396,0.5225,0.5283,0.5034,406137600
2012-05-11,0.5220,0.5451,0.5218,0.5278,0.5029,96172800
2012-05-14,0.5151,0.5257,0.5111,0.5132,0.4890,164400000
2012-05-15,0.5191,0.5302,0.5058,0.5088,0.4847,151276800
2012-05-16,0.5142,0.5183,0.4951,0.4977,0.4742,148598400
2012-05-17,0.4985,0.5007,0.4669,0.4671,0.4450,260640000
2012-05-18,0.4715,0.4746,0.4472,0.4483,0.4271,281923200
2012-05-21,0.4509,0.4872,0.4495,0.4860,0.4631,206409600
2012-05-22,0.4897,0.4961,0.4735,0.4843,0.4614,193238400
2012-05-23,0.4723,0.4907,0.4597,0.4870,0.4640,161952000
2012-05-24,0.4896,0.4907,0.4667,0.4782,0.4556,154800000
2012-05-25,0.4791,0.4814,0.4714,0.4755,0.4530,62496000
2012-05-29,0.4891,0.5004,0.4807,0.4932,0.4699,141360000
2012-05-30,0.4802,0.4865,0.4722,0.4812,0.4585,124617600
2012-05-31,0.4796,0.4831,0.4641,0.4744,0.4520,166080000
2012-06-01,0.4498,0.4579,0.4367,0.4371,0.4164,224342400
2012-06-04,0.4409,0.4490,0.4291,0.4465,0.4254,228345600
2012-06-05,0.4424,0.4550,0.4418,0.4526,0.4312,196483200
2012-06-06,0.4631,0.4846,0.4615,0.4835,0.4607,171724800
2012-06-07,0.4980,0.4985,0.4765,0.4781,0.4555,171408000
2012-06-08,0.4751,0.4935,0.4706,0.4922,0.4689,126384000
2012-06-11,0.5024,0.5038,0.4659,0.4686,0.4465,181795200
2012-06-12,0.4725,0.4843,0.4641,0.4834,0.4606,134995200
2012-06-13,0.4797,0.4905,0.4686,0.4740,0.4516,96998400
2012-06-14,0.4734,0.4844,0.4659,0.4793,0.4566,131414400
2012-06-15,0.4826,0.4986,0.4823,0.4970,0.4735,168758400
2012-06-18,0.4915,0.5143,0.4884,0.5098,0.4857,176668800
2012-06-19,0.5183,0.5329,0.5176,0.5266,0.5017,162518400
2012-06-20,0.5295,0.5345,0.5157,0.5284,0.5035,194428800
2012-06-21,0.5264,0.5284,0.4868,0.4889,0.4658,155788800
2012-06-22,0.4928,0.5057,0.4895,0.5041,0.4802,140044800
2012-06-25,0.4911,0.4917,0.4703,0.4742,0.4518,134160000
2012-06-26,0.4790,0.4874,0.4727,0.4833,0.4605,136684800
2012-06-27,0.4889,0.4985,0.4874,0.4922,0.4689,116985600
2012-06-28,0.4808,0.4821,0.4604,0.4745,0.4521,209184000
2012-06-29,0.5031,0.5208,0.4984,0.5208,0.4962,246595200
2012-07-02,0.5224,0.5260,0.5135,0.5250,0.5002,125107200
2012-07-03,0.5259,0.5383,0.5235,0.5375,0.5121,92947200
2012-07-05,0.5371,0.5473,0.5283,0.5394,0.5139,118560000
2012-07-06,0.5322,0.5331,0.5080,0.5181,0.4936,145248000
2012-07-09,0.5175,0.5228,0.5089,0.5164,0.4920,96124800
2012-07-10,0.5249,0.5286,0.4953,0.5005,0.4769,172665600
2012-07-11,0.4996,0.5033,0.4806,0.4936,0.4703,221088000
2012-07-12,0.4816,0.4849,0.4657,0.4794,0.4567,215356800
2012-07-13,0.4830,0.5040,0.4821,0.5002,0.4766,141120000
2012-07-16,0.4975,0.5039,0.4906,0.4965,0.4730,108739200
2012-07-17,0.5055,0.5092,0.4829,0.5041,0.4802,173606400
2012-07-18,0.5009,0.5292,0.5008,0.5246,0.4998,187440000
2012-07-19,0.5358,0.5469,0.5328,0.5417,0.5161,216249600
2012-07-20,0.5421,0.5421,0.5198,0.5208,0.4962,164726400
2012-07-23,0.4902,0.5071,0.4787,0.5016,0.4779,221788800
2012-07-24,0.5044,0.5064,0.4803,0.4901,0.4669,252192000
2012-07-25,0.4789,0.4894,0.4710,0.4792,0.4565,196675200
2012-07-26,0.5007,0.5073,0.4899,0.4979,0.4744,231024000
2012-07-27,0.5096,0.5368,0.5052,0.5356,0.5103,271305600
2012-07-30,0.5384,0.5452,0.5276,0.5324,0.5072,183235200
2012-07-31,0.5356,0.5417,0.5310,0.5327,0.5075,132748800
2012-08-01,0.5437,0.5441,0.5219,0.5275,0.5026,150921600
2012-08-02,0.5151,0.5378,0.5105,0.5220,0.4973,165830400
2012-08-03,0.5475,0.5629,0.5418,0.5517,0.5256,195081600
2012-08-06,0.5607,0.5716,0.5571,0.5641,0.5374,127612800
2012-08-07,0.5725,0.5852,0.5692,0.5780,0.5507,140601600
2012-08-08,0.5738,0.5814,0.5711,0.5771,0.5498,85929600
2012-08-09,0.5773,0.5849,0.5743,0.5820,0.5545,77500800
2012-08-10,0.5772,0.5844,0.5722,0.5844,0.5568,93350400
2012-08-13,0.5840,0.5879,0.5745,0.5879,0.5601,71904000
2012-08-14,0.5946,0.5981,0.5839,0.5888,0.5609,110160000
2012-08-15,0.5873,0.5956,0.5869,0.5929,0.5649,71654400
2012-08-16,0.6001,0.6185,0.5976,0.6142,0.5851,139017600
2012-08-17,0.6182,0.6226,0.6143,0.6226,0.5932,113606400
2012-08-20,0.6215,0.6254,0.6140,0.6250,0.5955,91910400
2012-08-21,0.6310,0.6378,0.6104,0.6178,0.5886,218227200
2012-08-22,0.6131,0.6291,0.6085,0.6245,0.5950,113750400
2012-08-23,0.6175,0.6227,0.6052,0.6106,0.5818,109641600
2012-08-24,0.6054,0.6258,0.6028,0.6215,0.5921,104236800
2012-08-27,0.6296,0.6318,0.6202,0.6245,0.5950,75379200
2012-08-28,0.6225,0.6294,0.6165,0.6244,0.5949,87657600
2012-08-29,0.6251,0.6292,0.6166,0.6246,0.5951,73737600
2012-08-30,0.6162,0.6169,0.6025,0.6055,0.5769,124272000
2012-08-31,0.6187,0.6252,0.5993,0.6184,0.5892,168816000
2012-09-04,0.6147,0.6224,0.5974,0.6158,0.5867,149625600
2012-09-05,0.6145,0.6225,0.6086,0.6130,0.5841,100828800
2012-09-06,0.6249,0.6548,0.6246,0.6535,0.6227,154656000
2012-09-07,0.6502,0.6549,0.6461,0.6507,0.6200,109670400
2012-09-10,0.6468,0.6505,0.6253,0.6268,0.5972,150604800
2012-09-11,0.6265,0.6340,0.6206,0.6241,0.5946,140352000
2012-09-12,0.6301,0.6341,0.6176,0.6295,0.5997,153888000
2012-09-13,0.6311,0.6628,0.6285,0.6546,0.6236,233616000
2012-09-14,0.6625,0.6792,0.6610,0.6714,0.6396,286377600
2012-09-17,0.6735,0.6735,0.6656,0.6726,0.6408,152323200
2012-09-18,0.6675,0.6753,0.6675,0.6739,0.6420,100742400
2012-09-19,0.6746,0.6834,0.6685,0.6783,0.6463,137520000
2012-09-20,0.6684,0.6780,0.6632,0.6768,0.6448,144921600
2012-09-21,0.6867,0.6880,0.6750,0.6768,0.6448,145056000
2012-09-24,0.6598,0.6683,0.6557,0.6643,0.6329,139872000
2012-09-25,0.6703,0.6745,0.6359,0.6376,0.6075,153148800
2012-09-26,0.6340,0.6353,0.6117,0.6208,0.5915,244800000
2012-09-27,0.6255,0.6513,0.6227,0.6472,0.6166,183244800
2012-09-28,0.6402,0.6464,0.6292,0.6317,0.6018,157977600
2012-10-01,0.6406,0.6518,0.6221,0.6290,0.5992,156499200
2012-10-02,0.6367,0.6421,0.6190,0.6330,0.6031,165043200
2012-10-03,0.6388,0.6486,0.6310,0.6450,0.6145,159820800
2012-10-04,0.6495,0.6576,0.6426,0.6525,0.6217,152342400
2012-10-05,0.6621,0.6646,0.6369,0.6413,0.6109,116534400
2012-10-08,0.6307,0.6345,0.6197,0.6243,0.5948,104841600
2012-10-09,0.6186,0.6193,0.5900,0.5922,0.5642,182188800
2012-10-10,0.5942,0.5987,0.5823,0.5850,0.5574,155808000
2012-10-11,0.5992,0.5995,0.5788,0.5798,0.5524,142396800
2012-10-12,0.5804,0.5889,0.5758,0.5797,0.5523,109180800
2012-10-15,0.5857,0.5939,0.5752,0.5913,0.5633,116332800
2012-10-16,0.5945,0.6187,0.5939,0.6170,0.5878,142742400
2012-10-17,0.6073,0.6214,0.6048,0.6151,0.5860,133401600
2012-10-18,0.6097,0.6155,0.5875,0.5941,0.5660,173520000
2012-10-19,0.5921,0.5930,0.5495,0.5511,0.5251,285312000
2012-10-22,0.5500,0.5643,0.5471,0.5598,0.5333,211132800
2012-10-23,0.5467,0.5583,0.5389,0.5432,0.5176,282038400
2012-10-24,0.5532,0.5559,0.5358,0.5378,0.5124,207052800
2012-10-25,0.5496,0.5519,0.5332,0.5378,0.5124,233625600
2012-10-26,0.5385,0.5494,0.5256,0.5434,0.5178,192192000
2012-10-31,0.5411,0.5435,0.5271,0.5329,0.5077,148204800
2012-11-01,0.5426,0.5586,0.5384,0.5555,0.5293,183724800
2012-11-02,0.5630,0.5639,0.5352,0.5352,0.5099,183427200
2012-11-05,0.5382,0.5512,0.5344,0.5483,0.5224,150355200
2012-11-06,0.5507,0.5624,0.5450,0.5517,0.5256,182582400
2012-11-07,0.5340,0.5354,0.5053,0.5121,0.4879,383731200
2012-11-08,0.5156,0.5199,0.4881,0.4881,0.4651,310473600
2012-11-09,0.4889,0.5099,0.4879,0.4934,0.4701,436598400
2012-11-12,0.5028,0.5043,0.4897,0.4942,0.4708,164419200
2012-11-13,0.4826,0.4976,0.4790,0.4834,0.4606,345734400
2012-11-14,0.4903,0.4921,0.4642,0.4661,0.4441,294950400
2012-11-15,0.4672,0.4722,0.4566,0.4620,0.4401,310396800
2012-11-16,0.4625,0.4715,0.4456,0.4672,0.4451,372614400
2012-11-19,0.4828,0.5021,0.4825,0.5008,0.4772,345580800
2012-11-20,0.5007,0.5034,0.4870,0.5009,0.4773,218467200
2012-11-21,0.5023,0.5067,0.4968,0.5045,0.4806,160761600
2012-11-23,0.5136,0.5276,0.5123,0.5276,0.5027,129321600
2012-11-26,0.5240,0.5349,0.5188,0.5344,0.5091,196944000
2012-11-27,0.5333,0.5396,0.5263,0.5283,0.5034,359788800
2012-11-28,0.5210,0.5435,0.5114,0.5425,0.5169,281001600
2012-11-29,0.5510,0.5577,0.5441,0.5519,0.5258,249177600
2012-11-30,0.5521,0.5535,0.5445,0.5499,0.5239,228470400
2012-12-03,0.5624,0.5636,0.5455,0.5472,0.5213,336825600
2012-12-04,0.5474,0.5484,0.5344,0.5436,0.5180,336748800
2012-12-05,0.5429,0.5430,0.5181,0.5269,0.5020,436617600
2012-12-06,0.5221,0.5412,0.5177,0.5366,0.5112,306249600
2012-12-07,0.5454,0.5468,0.5222,0.5274,0.5025,240748800
2012-12-10,0.5234,0.5402,0.5231,0.5321,0.5069,210441600
2012-12-11,0.5441,0.5619,0.5419,0.5526,0.5265,344976000
2012-12-12,0.5612,0.5615,0.5448,0.5489,0.5229,301238400
2012-12-13,0.5462,0.5576,0.5293,0.5365,0.5111,338515200
2012-12-14,0.5263,0.5305,0.5156,0.5213,0.4966,274128000
2012-12-17,0.5221,0.5421,0.5202,0.5416,0.5160,193219200
2012-12-18,0.5499,0.5691,0.5455,0.5667,0.5399,456326400
2012-12-19,0.5713,0.5719,0.5581,0.5585,0.5321,361286400
2012-12-20,0.5621,0.5629,0.5507,0.5590,0.5325,291580800
2012-12-21,0.5332,0.5434,0.5260,0.5416,0.5160,336624000
2012-12-24,0.5387,0.5397,0.5345,0.5370,0.5116,52425600
2012-12-26,0.5386,0.5407,0.5190,0.5243,0.4995,158563200
2012-12-27,0.5251,0.5273,0.5020,0.5214,0.4967,308150400
2012-12-28,0.5106,0.5219,0.5063,0.5063,0.4823,164284800
2012-12-31,0.5039,0.5419,0.5017,0.5393,0.5138,423052800
2013-01-02,0.5781,0.5904,0.5721,0.5896,0.5617,354720000
2013-01-03,0.5895,0.5934,0.5753,0.5810,0.5536,310732800
2013-01-04,0.5815,0.5815,0.5710,0.5753,0.5481,152208000
2013-01-07,0.5703,0.5781,0.5652,0.5759,0.5487,182822400
2013-01-08,0.5752,0.5796,0.5631,0.5726,0.5455,175036800
2013-01-09,0.5745,0.5830,0.5732,0.5784,0.5511,153993600
2013-01-10,0.5899,0.5917,0.5729,0.5886,0.5608,235555200
2013-01-11,0.5880,0.5920,0.5847,0.5908,0.5629,106060800
2013-01-14,0.5815,0.5881,0.5758,0.5832,0.5557,147369600
2013-01-15,0.5752,0.5772,0.5671,0.5746,0.5474,216844800
2013-01-16,0.5779,0.5875,0.5743,0.5810,0.5536,152217600
2013-01-17,0.5889,0.5967,0.5858,0.5900,0.5621,230620800
2013-01-18,0.5843,0.5877,0.5780,0.5867,0.5589,206044800
2013-01-22,0.5882,0.5898,0.5772,0.5891,0.5612,252566400
2013-01-23,0.5985,0.6047,0.5960,0.5986,0.5704,225081600
2013-01-24,0.5752,0.5913,0.5722,0.5748,0.5476,246124800
2013-01-25,0.5807,0.5885,0.5771,0.5833,0.5558,170409600
2013-01-28,0.5841,0.5933,0.5817,0.5875,0.5597,249590400
2013-01-29,0.5851,0.5915,0.5735,0.5875,0.5597,213888000
2013-01-30,0.5914,0.5958,0.5799,0.5843,0.5567,159158400
2013-01-31,0.5833,0.5924,0.5784,0.5805,0.5531,203433600
2013-02-01,0.5923,0.6035,0.5852,0.5996,0.5712,286070400
2013-02-04,0.5895,0.5951,0.5688,0.5691,0.5422,274224000
2013-02-05,0.5761,0.5994,0.5726,0.5941,0.5660,280089600
2013-02-06,0.5880,0.5964,0.5832,0.5885,0.5607,250972800
2013-02-07,0.5903,0.5920,0.5707,0.5900,0.5621,218572800
2013-02-08,0.5995,0.6118,0.5981,0.6079,0.5792,203913600
2013-02-11,0.6093,0.6100,0.6026,0.6077,0.5790,111062400
2013-02-12,0.6067,0.6098,0.5994,0.6006,0.5722,129542400
2013-02-13,0.6060,0.6142,0.6019,0.6076,0.5789,186806400
2013-02-14,0.5993,0.6096,0.5980,0.6064,0.5777,137001600
2013-02-15,0.6072,0.6111,0.5965,0.6011,0.5727,118598400
2013-02-19,0.6054,0.6149,0.6045,0.6143,0.5852,127296000
2013-02-20,0.6142,0.6146,0.5863,0.5863,0.5585,163958400
2013-02-21,0.5799,0.5813,0.5609,0.5672,0.5404,265286400
2013-02-22,0.5770,0.5843,0.5708,0.5839,0.5563,132364800
2013-02-25,0.5957,0.6016,0.5611,0.5621,0.5355,240604800
2013-02-26,0.5655,0.5722,0.5537,0.5689,0.5420,168460800
2013-02-27,0.5696,0.5968,0.5669,0.5861,0.5584,171072000
2013-02-28,0.5861,0.5993,0.5835,0.5840,0.5564,163516800
2013-03-01,0.5768,0.5927,0.5681,0.5900,0.5621,123216000
2013-03-04,0.5842,0.5979,0.5820,0.5976,0.5694,150969600
2013-03-05,0.6092,0.6266,0.6085,0.6239,0.5944,228086400
2013-03-06,0.6302,0.6307,0.6173,0.6199,0.5906,207619200
2013-03-07,0.6217,0.6275,0.6184,0.6253,0.5958,110284800
2013-03-08,0.6310,0.6335,0.6195,0.6260,0.5965,169718400
2013-03-11,0.6249,0.6327,0.6187,0.6325,0.6026,123878400
2013-03-12,0.6269,0.6309,0.6165,0.6248,0.5953,178108800
2013-03-13,0.6271,0.6301,0.6165,0.6228,0.5934,160838400
2013-03-14,0.6295,0.6330,0.6250,0.6292,0.5994,154339200
2013-03-15,0.6302,0.6317,0.6191,0.6232,0.5938,159888000
2013-03-18,0.6070,0.6270,0.6026,0.6190,0.5897,214742400
2013-03-19,0.6249,0.6286,0.5995,0.6165,0.5873,287500800
2013-03-20,0.6291,0.6328,0.6204,0.6282,0.5985,153484800
2013-03-21,0.6125,0.6165,0.6033,0.6081,0.5794,214742400
2013-03-22,0.6150,0.6265,0.6131,0.6249,0.5954,142761600
2013-03-25,0.6310,0.6350,0.6095,0.6185,0.5893,228931200
2013-03-26,0.6258,0.6289,0.6214,0.6280,0.5983,123830400
2013-03-27,0.6161,0.6322,0.6130,0.6314,0.6015,191798400
2013-03-28,0.6309,0.6375,0.6266,0.6350,0.6050,266697600
2013-04-01,0.6370,0.6385,0.6175,0.6227,0.5933,249628800
2013-04-02,0.6309,0.6431,0.6299,0.6368,0.6067,337776000
2013-04-03,0.6381,0.6406,0.6151,0.6199,0.5906,177206400
2013-04-04,0.6193,0.6247,0.6102,0.6202,0.5909,189936000
2013-04-05,0.5909,0.6074,0.5866,0.6050,0.5764,338284800
2013-04-08,0.6055,0.6147,0.6001,0.6143,0.5852,223603200
2013-04-09,0.6194,0.6340,0.6106,0.6264,0.5968,332620800
2013-04-10,0.6329,0.6658,0.6322,0.6630,0.6317,182448000
2013-04-11,0.6585,0.6670,0.6562,0.6619,0.6306,167558400
2013-04-12,0.6576,0.6624,0.6459,0.6611,0.6299,218592000
2013-04-15,0.6529,0.6568,0.6198,0.6209,0.5916,203846400
2013-04-16,0.6332,0.6485,0.6288,0.6469,0.6163,193718400
2013-04-17,0.6295,0.6299,0.5976,0.6091,0.5803,315619200
2013-04-18,0.6142,0.6142,0.5756,0.5827,0.5552,253670400
2013-04-19,0.5874,0.6110,0.5841,0.6069,0.5782,183014400
2013-04-22,0.6135,0.6323,0.6070,0.6255,0.5960,161088000
2013-04-23,0.6370,0.6503,0.6269,0.6440,0.6135,272966400
2013-04-24,0.6390,0.6498,0.6347,0.6424,0.6120,224179200
2013-04-25,0.6486,0.6604,0.6475,0.6528,0.6220,192508800
2013-04-26,0.6488,0.6527,0.6389,0.6473,0.6167,91881600
2013-04-29,0.6528,0.6722,0.6528,0.6645,0.6331,137097600
2013-04-30,0.6675,0.6797,0.6599,0.6791,0.6470,123897600
2013-05-01,0.6791,0.6829,0.6658,0.6704,0.6387,128688000
2013-05-02,0.6730,0.6994,0.6715,0.6947,0.6619,97516800
2013-05-03,0.7152,0.7259,0.7141,0.7190,0.6850,133996800
2013-05-06,0.7231,0.7314,0.7216,0.7282,0.6938,97008000
2013-05-07,0.7317,0.7332,0.7190,0.7265,0.6921,104275200
2013-05-08,0.7247,0.7390,0.7223,0.7378,0.7029,85305600
2013-05-09,0.7324,0.7490,0.7299,0.7352,0.7005,110918400
2013-05-10,0.7384,0.7484,0.7351,0.7477,0.7124,127027200
2013-05-13,0.7441,0.7556,0.7417,0.7506,0.7152,133286400
2013-05-14,0.7505,0.7686,0.7503,0.7617,0.7257,133920000
2013-05-15,0.7582,0.7686,0.7520,0.7673,0.7310,131366400
2013-05-16,0.7689,0.7799,0.7627,0.7645,0.7284,155404800
2013-05-17,0.7754,0.7869,0.7684,0.7860,0.7489,150000000
2013-05-20,0.7799,0.7901,0.7731,0.7825,0.7455,151363200
2013-05-21,0.7820,0.7935,0.7732,0.7854,0.7483,160915200
2013-05-22,0.7879,0.8065,0.7524,0.7663,0.7300,316982400
2013-05-23,0.7443,0.7663,0.7396,0.7579,0.7221,145737600
2013-05-24,0.7437,0.7580,0.7375,0.7575,0.7217,67747200
2013-05-28,0.7840,0.7927,0.7656,0.7731,0.7366,161817600
2013-05-29,0.7635,0.7698,0.7484,0.7615,0.7255,159638400
2013-05-30,0.7617,0.7840,0.7617,0.7739,0.7373,86121600
2013-05-31,0.7643,0.7822,0.7502,0.7518,0.7162,123331200
2013-06-03,0.7534,0.7566,0.7271,0.7561,0.7204,222633600
2013-06-04,0.7604,0.7698,0.7352,0.7448,0.7096,138556800
2013-06-05,0.7370,0.7454,0.7138,0.7163,0.6824,190560000
2013-06-06,0.7182,0.7256,0.6979,0.7250,0.6907,190944000
2013-06-07,0.7355,0.7576,0.7292,0.7553,0.7196,233088000
2013-06-10,0.7601,0.7665,0.7516,0.7556,0.7199,135331200
2013-06-11,0.7332,0.7539,0.7261,0.7337,0.6991,222105600
2013-06-12,0.7472,0.7473,0.7049,0.7083,0.6749,223488000
2013-06-13,0.7052,0.7393,0.6995,0.7337,0.6991,151699200
2013-06-14,0.7348,0.7373,0.7171,0.7208,0.6868,124339200
2013-06-17,0.7375,0.7536,0.7299,0.7408,0.7058,158851200
2013-06-18,0.7442,0.7636,0.7439,0.7583,0.7225,101404800
2013-06-19,0.7595,0.7622,0.7315,0.7345,0.6998,175708800
2013-06-20,0.7086,0.7161,0.6746,0.6803,0.6482,241257600
2013-06-21,0.6808,0.6868,0.6539,0.6707,0.6390,236985600
2013-06-24,0.6545,0.6661,0.6340,0.6500,0.6193,221136000
2013-06-25,0.6692,0.6727,0.6534,0.6639,0.6325,132422400
2013-06-26,0.6817,0.6860,0.6748,0.6820,0.6498,119865600
2013-06-27,0.6926,0.7038,0.6896,0.6896,0.6570,113683200
2013-06-28,0.6842,0.7061,0.6798,0.6915,0.6588,156076800
2013-07-01,0.7082,0.7234,0.7045,0.7063,0.6729,103891200
2013-07-02,0.7058,0.7202,0.6963,0.7066,0.6732,124377600
2013-07-03,0.6998,0.7257,0.6980,0.7161,0.6823,53769600
2013-07-05,0.7279,0.7328,0.7110,0.7320,0.6974,114441600
2013-07-08,0.7435,0.7444,0.7266,0.7344,0.6997,88281600
2013-07-09,0.7445,0.7525,0.7347,0.7478,0.7125,84316800
2013-07-10,0.7451,0.7640,0.7451,0.7604,0.7245,100867200
2013-07-11,0.7847,0.8078,0.7835,0.8078,0.7696,153024000
2013-07-12,0.8080,0.8180,0.8014,0.8163,0.7777,83510400
2013-07-15,0.8189,0.8235,0.8122,0.8226,0.7837,91622400
2013-07-16,0.8241,0.8260,0.8127,0.8194,0.7807,85219200
2013-07-17,0.8264,0.8305,0.8182,0.8252,0.7862,79104000
2013-07-18,0.8248,0.8308,0.8151,0.8192,0.7805,101136000
2013-07-19,0.7979,0.7982,0.7861,0.7943,0.7567,108595200
2013-07-22,0.8027,0.8057,0.7930,0.8000,0.7622,85852800
2013-07-23,0.8047,0.8047,0.7809,0.7822,0.7452,86428800
2013-07-24,0.8054,0.8064,0.7848,0.7896,0.7523,105744000
2013-07-25,0.8012,0.8076,0.7887,0.8039,0.7659,81110400
2013-07-26,0.7952,0.8178,0.7917,0.8172,0.7786,77654400
2013-07-29,0.8130,0.8231,0.8065,0.8134,0.7750,72345600
2013-07-30,0.8224,0.8363,0.8171,0.8255,0.7865,120960000
2013-07-31,0.8307,0.8445,0.8258,0.8307,0.7915,110179200
2013-08-01,0.8476,0.8594,0.8449,0.8560,0.8156,77596800
2013-08-02,0.8567,0.8706,0.8506,0.8703,0.8292,97104000
2013-08-05,0.8673,0.8739,0.8640,0.8722,0.8310,79440000
2013-08-06,0.8683,0.8708,0.8458,0.8567,0.8162,93820800
2013-08-07,0.8486,0.8560,0.8330,0.8518,0.8115,120585600
2013-08-08,0.8659,0.8699,0.8475,0.8631,0.8223,130598400
2013-08-09,0.8605,0.8689,0.8464,0.8539,0.8135,98534400
2013-08-12,0.8436,0.8640,0.8435,0.8592,0.8186,68822400
2013-08-13,0.8627,0.8798,0.8445,0.8734,0.8322,154483200
2013-08-14,0.8729,0.8767,0.8604,0.8637,0.8229,94368000
2013-08-15,0.8353,0.8355,0.8132,0.8204,0.7816,132883200
2013-08-16,0.8206,0.8315,0.8148,0.8175,0.7789,70176000
2013-08-19,0.8204,0.8398,0.8142,0.8143,0.7758,90115200
2013-08-20,0.8199,0.8367,0.8173,0.8254,0.7864,88752000
2013-08-21,0.8182,0.8386,0.8082,0.8172,0.7786,159686400
2013-08-22,0.8268,0.8423,0.8260,0.8405,0.8008,71260800
2013-08-23,0.8591,0.8606,0.8494,0.8582,0.8177,76512000
2013-08-26,0.8594,0.8781,0.8535,0.8590,0.8184,74918400
2013-08-27,0.8286,0.8407,0.8005,0.8049,0.7669,200131200
2013-08-28,0.8044,0.8256,0.8034,0.8153,0.7768,102038400
2013-08-29,0.8150,0.8446,0.8116,0.8322,0.7929,129465600
2013-08-30,0.8346,0.8351,0.8078,0.8167,0.7781,121996800
2013-09-03,0.8365,0.8476,0.8197,0.8301,0.7909,85699200
2013-09-04,0.8380,0.8605,0.8318,0.8572,0.8167,83078400
2013-09-05,0.8584,0.8682,0.8574,0.8609,0.8203,48451200
2013-09-06,0.8694,0.8775,0.8351,0.8641,0.8232,122121600
2013-09-09,0.8743,0.8986,0.8743,0.8945,0.8522,94281600
2013-09-10,0.9102,0.9112,0.8980,0.9080,0.8651,151929600
2013-09-11,0.8901,0.9039,0.8860,0.9034,0.8607,106118400
2013-09-12,0.9030,0.9089,0.8951,0.8994,0.8569,66921600
2013-09-13,0.9038,0.9053,0.8878,0.9023,0.8597,80860800
2013-09-16,0.9245,0.9248,0.8888,0.8947,0.8524,132374400
2013-09-17,0.8998,0.9158,0.8998,0.9126,0.8695,66940800
2013-09-18,0.9165,0.9507,0.9111,0.9461,0.9014,127507200
2013-09-19,0.9536,0.9589,0.9474,0.9520,0.9070,71404800
2013-09-20,0.9593,0.9617,0.9405,0.9416,0.8971,108153600
2013-09-23,0.9548,0.9571,0.9229,0.9362,0.8920,134889600
2013-09-24,0.9427,0.9514,0.9271,0.9365,0.8922,82003200
2013-09-25,0.9378,0.9422,0.9211,0.9276,0.8838,108662400
2013-09-26,0.9385,0.9547,0.9369,0.9489,0.9040,89020800
2013-09-27,0.9331,0.9496,0.9278,0.9444,0.8997,73200000
2013-09-30,0.9154,0.9448,0.9061,0.9384,0.8941,123292800
2013-10-01,0.9380,0.9678,0.9371,0.9666,0.9209,87888000
2013-10-02,0.9459,0.9692,0.9441,0.9648,0.9192,86313600
2013-10-03,0.9614,0.9673,0.9159,0.9312,0.8872,161577600
2013-10-04,0.9307,0.9591,0.9292,0.9552,0.9101,92112000
2013-10-07,0.9309,0.9535,0.9293,0.9316,0.8875,99340800
2013-10-08,0.9312,0.9335,0.8768,0.8789,0.8373,234777600
2013-10-09,0.8836,0.8849,0.8478,0.8692,0.8281,218448000
2013-10-10,0.8970,0.9301,0.8965,0.9244,0.8807,144720000
2013-10-11,0.9174,0.9479,0.9170,0.9452,0.9005,130147200
2013-10-14,0.9284,0.9656,0.9260,0.9648,0.9192,140956800
2013-10-15,0.9629,0.9776,0.9510,0.9545,0.9094,162076800
2013-10-16,0.9673,0.9885,0.9657,0.9871,0.9404,129302400
2013-10-17,0.9730,1.0049,0.9714,1.0030,0.9556,166368000
2013-10-18,1.0309,1.0538,1.0228,1.0526,1.0029,135110400
2013-10-21,1.0586,1.0674,1.0496,1.0586,1.0086,99369600
2013-10-22,1.0703,1.0815,1.0443,1.0623,1.0121,157660800
2013-10-23,1.0485,1.0545,1.0296,1.0452,0.9958,161184000
2013-10-24,1.0459,1.0650,1.0419,1.0582,1.0082,108547200
2013-10-25,1.0885,1.0953,1.0659,1.0794,1.0284,140467200
2013-10-28,1.0809,1.0864,1.0674,1.0816,1.0305,83251200
2013-10-29,1.0920,1.0952,1.0729,1.0868,1.0354,84105600
2013-10-30,1.0985,1.1033,1.0689,1.0833,1.0321,198662400
2013-10-31,1.0760,1.0963,1.0646,1.0764,1.0255,141782400
2013-11-01,1.0857,1.0906,1.0612,1.0758,1.0250,163132800
2013-11-04,1.0875,1.0875,1.0702,1.0810,1.0300,91641600
2013-11-05,1.0689,1.0927,1.0599,1.0856,1.0343,132124800
2013-11-06,1.0982,1.0996,1.0740,1.0838,1.0325,163910400
2013-11-07,1.0844,1.0891,1.0205,1.0236,0.9753,232934400
2013-11-08,1.0344,1.0651,1.0257,1.0641,1.0138,118080000
2013-11-11,1.0574,1.0681,1.0488,1.0590,1.0089,63494400
2013-11-12,1.0497,1.0689,1.0479,1.0642,1.0139,108777600
2013-11-13,1.0440,1.1026,1.0432,1.1023,1.0502,126470400
2013-11-14,1.0934,1.1152,1.0874,1.1108,1.0583,118819200
2013-11-15,1.1146,1.1196,1.1058,1.1185,1.0657,89203200
2013-11-18,1.1179,1.1253,1.0805,1.0876,1.0362,143846400
2013-11-19,1.0847,1.1000,1.0719,1.0769,1.0260,102192000
2013-11-20,1.0862,1.0978,1.0599,1.0694,1.0188,125865600
2013-11-21,1.0820,1.1045,1.0800,1.1021,1.0500,86592000
2013-11-22,1.1079,1.1205,1.1049,1.1195,1.0666,87014400
2013-11-25,1.1306,1.1352,1.1192,1.1269,1.0736,92582400
2013-11-26,1.1290,1.1534,1.1208,1.1455,1.0914,106713600
2013-11-27,1.1522,1.1699,1.1493,1.1684,1.1132,137894400
2013-11-29,1.1825,1.1946,1.1796,1.1876,1.1315,91622400
2013-12-02,1.1944,1.1995,1.1746,1.1802,1.1244,165936000
2013-12-03,1.1770,1.1860,1.1631,1.1768,1.1212,134544000
2013-12-04,1.1620,1.1915,1.1505,1.1798,1.1240,133996800
2013-12-05,1.1836,1.1866,1.1662,1.1761,1.1206,126480000
2013-12-06,1.2045,1.2082,1.1838,1.2004,1.1437,142588800
2013-12-09,1.2146,1.2229,1.2091,1.2148,1.1574,112608000
2013-12-10,1.2086,1.2195,1.2058,1.2126,1.1553,93004800
2013-12-11,1.2119,1.2176,1.1610,1.1673,1.1121,148464000
2013-12-12,1.1677,1.1758,1.1542,1.1578,1.1031,107347200
2013-12-13,1.1731,1.1749,1.1463,1.1523,1.0978,81206400
2013-12-16,1.1690,1.1912,1.1670,1.1721,1.1167,74966400
2013-12-17,1.1721,1.1796,1.1578,1.1647,1.1096,72960000
2013-12-18,1.1677,1.2078,1.1172,1.2049,1.1480,161596800
2013-12-19,1.1982,1.1991,1.1788,1.1941,1.1376,117177600
2013-12-20,1.2000,1.2385,1.1990,1.2300,1.1719,113750400
2013-12-23,1.2605,1.2698,1.2502,1.2698,1.2098,112502400
2013-12-24,1.2699,1.2736,1.2637,1.2716,1.2115,38006400
2013-12-26,1.2776,1.2869,1.2709,1.2840,1.2233,55814400
2013-12-27,1.2883,1.2906,1.2696,1.2746,1.2143,73939200
2013-12-30,1.2679,1.2734,1.2578,1.2679,1.2080,53078400
2013-12-31,1.2753,1.2928,1.2740,1.2928,1.2317,64176000
2014-01-02,1.2751,1.2760,1.2515,1.2626,1.2029,98976000
2014-01-03,1.2624,1.2659,1.2344,1.2351,1.1767,97545600
2014-01-06,1.2361,1.2400,1.2077,1.2220,1.1642,125923200
2014-01-07,1.2378,1.2604,1.2316,1.2536,1.1944,92313600
2014-01-08,1.2555,1.2736,1.2475,1.2630,1.2033,93264000
2014-01-09,1.2764,1.2777,1.2377,1.2500,1.1909,105561600
2014-01-10,1.2602,1.2668,1.2321,1.2625,1.2028,119942400
2014-01-13,1.2574,1.2704,1.1922,1.2064,1.1493,173107200
2014-01-14,1.2191,1.2779,1.2188,1.2754,1.2151,138076800
2014-01-15,1.2905,1.3142,1.2875,1.3052,1.2435,120528000
2014-01-16,1.3034,1.3128,1.2970,1.3079,1.2461,70512000
2014-01-17,1.2955,1.3062,1.2755,1.2847,1.2240,84460800
2014-01-21,1.3092,1.3156,1.2815,1.3134,1.2514,88022400
2014-01-22,1.3236,1.3333,1.3125,1.3256,1.2630,78432000
2014-01-23,1.3119,1.3125,1.2833,1.3097,1.2478,129052800
2014-01-24,1.2902,1.2971,1.2319,1.2321,1.1739,141648000
2014-01-27,1.2335,1.2394,1.1708,1.1962,1.1397,177729600
2014-01-28,1.1777,1.1990,1.1729,1.1958,1.1393,109497600
2014-01-29,1.1642,1.1902,1.1496,1.1581,1.1034,136497600
2014-01-30,1.1998,1.2327,1.1956,1.2192,1.1616,116438400
2014-01-31,1.1796,1.2281,1.1762,1.2106,1.1534,84532800
2014-02-03,1.2040,1.2213,1.1181,1.1304,1.0770,183926400
2014-02-04,1.1444,1.1652,1.1344,1.1525,1.0980,90672000
2014-02-05,1.1406,1.1552,1.1042,1.1419,1.0879,108513600
2014-02-06,1.1535,1.1906,1.1517,1.1856,1.1296,73977600
2014-02-07,1.2065,1.2523,1.1962,1.2485,1.1895,111456000
2014-02-10,1.2492,1.2731,1.2465,1.2715,1.2114,83284800
2014-02-11,1.2787,1.3223,1.2756,1.3150,1.2529,117504000
2014-02-12,1.3229,1.3312,1.3108,1.3212,1.2588,108451200
2014-02-13,1.2929,1.3552,1.2925,1.3552,1.2912,106507200
2014-02-14,1.3533,1.3692,1.3390,1.3592,1.2949,94876800
2014-02-18,1.3660,1.3877,1.3567,1.3804,1.3152,69292800
2014-02-19,1.3723,1.3815,1.3429,1.3502,1.2864,136531200
2014-02-20,1.3533,1.3779,1.3371,1.3698,1.3051,102643200
2014-02-21,1.3827,1.3890,1.3600,1.3627,1.2983,83976000
2014-02-24,1.3710,1.4050,1.3667,1.3867,1.3211,99422400
2014-02-25,1.3923,1.4004,1.3685,1.3817,1.3164,92985600
2014-02-26,1.3937,1.4052,1.3617,1.3771,1.3120,82929600
2014-02-27,1.3785,1.4085,1.3721,1.4042,1.3378,87964800
2014-02-28,1.4044,1.4288,1.3631,1.3971,1.3311,136718400
2014-03-03,1.3592,1.3792,1.3319,1.3665,1.3019,158558400
2014-03-04,1.4127,1.4283,1.4096,1.4215,1.3543,108993600
2014-03-05,1.4281,1.4398,1.4188,1.4331,1.3654,77064000
2014-03-06,1.4417,1.4454,1.4131,1.4277,1.3602,92803200
2014-03-07,1.4431,1.4460,1.3863,1.4073,1.3408,132518400
2014-03-10,1.4050,1.4131,1.3837,1.4102,1.3436,75580800
2014-03-11,1.4215,1.4317,1.3804,1.3927,1.3269,119774400
2014-03-12,1.3744,1.4104,1.3583,1.4083,1.3418,109612800
2014-03-13,1.4240,1.4256,1.3296,1.3485,1.2848,188414400
2014-03-14,1.3340,1.3527,1.3192,1.3208,1.2584,107318400
2014-03-17,1.3454,1.3758,1.3440,1.3560,1.2920,116942400
2014-03-18,1.3602,1.4090,1.3594,1.4048,1.3384,113006400
2014-03-19,1.4060,1.4100,1.3542,1.3817,1.3164,136444800
2014-03-20,1.3687,1.4052,1.3600,1.3925,1.3267,87638400
2014-03-21,1.4154,1.4188,1.3352,1.3415,1.2781,198307200
2014-03-24,1.3581,1.3606,1.2710,1.3077,1.2459,266145600
2014-03-25,1.3288,1.3527,1.2877,1.3198,1.2574,172516800
2014-03-26,1.3402,1.3481,1.2685,1.2696,1.2096,201331200
2014-03-27,1.2646,1.2808,1.2267,1.2471,1.1881,201993600
2014-03-28,1.2594,1.2958,1.2448,1.2552,1.1959,166440000
2014-03-31,1.2838,1.3065,1.2796,1.2802,1.2197,162441600
2014-04-01,1.3008,1.3513,1.2994,1.3496,1.2858,178041600
2014-04-02,1.3669,1.3702,1.3412,1.3602,1.2959,163224000
2014-04-03,1.3644,1.3700,1.3042,1.3281,1.2654,159619200
2014-04-04,1.3517,1.3575,1.2108,1.2227,1.1649,371011200
2014-04-07,1.1983,1.2310,1.1610,1.1860,1.1300,312662400
2014-04-08,1.1904,1.2233,1.1773,1.2192,1.1616,243240000
2014-04-09,1.2321,1.2833,1.2227,1.2817,1.2211,221961600
2014-04-10,1.2842,1.2844,1.1525,1.1633,1.1084,322276800
2014-04-11,1.1315,1.1756,1.1146,1.1227,1.0697,211876800
2014-04-14,1.1504,1.1656,1.1165,1.1479,1.0937,281275200
2014-04-15,1.1592,1.1785,1.0871,1.1594,1.1046,562051200
2014-04-16,1.1892,1.2050,1.1608,1.2044,1.1475,251414400
2014-04-17,1.1925,1.2235,1.1823,1.2050,1.1481,176625600
2014-04-21,1.2146,1.2325,1.1973,1.2323,1.1741,144249600
2014-04-22,1.2440,1.2708,1.2392,1.2625,1.2028,150321600
2014-04-23,1.2617,1.2627,1.2265,1.2281,1.1701,131366400
2014-04-24,1.2898,1.2900,1.2237,1.2644,1.2046,250776000
2014-04-25,1.2410,1.2454,1.1946,1.2033,1.1465,244747200
2014-04-28,1.2194,1.2410,1.1581,1.2162,1.1588,482083200
2014-04-29,1.2258,1.2502,1.2081,1.2431,1.1844,243633600
2014-04-30,1.2277,1.2571,1.2167,1.2542,1.1949,184075200
2014-05-01,1.2598,1.2858,1.2500,1.2654,1.2056,143750400
2014-05-02,1.2765,1.2844,1.2490,1.2592,1.1997,151905600
2014-05-05,1.2354,1.2779,1.2263,1.2771,1.2167,115790400
2014-05-06,1.2715,1.2733,1.2265,1.2277,1.1697,161644800
2014-05-07,1.2371,1.2390,1.1738,1.2167,1.1592,261907200
2014-05-08,1.2046,1.2571,1.1958,1.2125,1.1552,219216000
2014-05-09,1.2112,1.2292,1.1873,1.2267,1.1687,156475200
2014-05-12,1.2490,1.2881,1.2454,1.2865,1.2257,127684800
2014-05-13,1.2910,1.3044,1.2821,1.2892,1.2282,117729600
2014-05-14,1.2785,1.2929,1.2608,1.2700,1.2100,98640000
2014-05-15,1.2685,1.2754,1.2158,1.2406,1.1820,201480000
2014-05-16,1.2433,1.2663,1.2192,1.2637,1.2040,142910400
2014-05-19,1.2525,1.2960,1.2465,1.2908,1.2298,120528000
2014-05-20,1.2892,1.3025,1.2604,1.2767,1.2163,162331200
2014-05-21,1.2825,1.3144,1.2808,1.3127,1.2507,123619200
2014-05-22,1.3162,1.3408,1.3110,1.3290,1.2662,126480000
2014-05-23,1.3346,1.3594,1.3256,1.3587,1.2945,95136000
2014-05-27,1.3777,1.4102,1.3735,1.4098,1.3432,118387200
2014-05-28,1.4085,1.4146,1.3933,1.3965,1.3305,118435200
2014-05-29,1.4121,1.4248,1.4033,1.4248,1.3575,87302400
2014-05-30,1.4248,1.4308,1.4017,1.4235,1.3563,113347200
2014-06-02,1.4292,1.4300,1.3925,1.4200,1.3529,101270400
2014-06-03,1.4054,1.4246,1.4004,1.4179,1.3509,95102400
2014-06-04,1.4067,1.4400,1.4002,1.4329,1.3652,105355200
2014-06-05,1.4375,1.4777,1.4227,1.4702,1.4007,176107200
2014-06-06,1.4875,1.4954,1.4773,1.4940,1.4234,79219200
2014-06-09,1.4971,1.5025,1.4794,1.4913,1.4208,124171200
2014-06-10,1.4869,1.5010,1.4823,1.4998,1.4289,72796800
2014-06-11,1.4829,1.5044,1.4798,1.4975,1.4267,96979200
2014-06-12,1.4885,1.4933,1.4417,1.4583,1.3894,120974400
2014-06-13,1.4771,1.4810,1.4515,1.4683,1.3989,72019200
2014-06-16,1.4638,1.4865,1.4529,1.4737,1.4041,89956800
2014-06-17,1.4715,1.4881,1.4633,1.4758,1.4061,95640000
2014-06-18,1.4819,1.5071,1.4546,1.5027,1.4317,114801600
2014-06-19,1.5081,1.5108,1.4781,1.4969,1.4261,105950400
2014-06-20,1.5002,1.5079,1.4917,1.5023,1.4313,56592000
2014-06-23,1.5019,1.5054,1.4913,1.5040,1.4329,69408000
2014-06-24,1.5040,1.5415,1.4869,1.4998,1.4289,160248000
2014-06-25,1.4887,1.5352,1.4885,1.5271,1.4552,84523200
2014-06-26,1.5312,1.5312,1.4948,1.5312,1.4591,87580800
2014-06-27,1.5252,1.5508,1.5244,1.5465,1.4736,73857600
2014-06-30,1.5492,1.5700,1.5454,1.5579,1.4845,54451200
2014-07-01,1.5735,1.6219,1.5725,1.6102,1.5344,66057600
2014-07-02,1.6123,1.6248,1.6079,1.6165,1.5403,81801600
2014-07-03,1.6327,1.6475,1.6200,1.6475,1.5699,64636800
2014-07-07,1.6415,1.6483,1.6240,1.6317,1.5548,87950400
2014-07-08,1.6240,1.6269,1.5540,1.5748,1.5006,151752000
2014-07-09,1.5865,1.6135,1.5729,1.6104,1.5346,136963200
2014-07-10,1.5483,1.6129,1.5415,1.5952,1.5201,123244800
2014-07-11,1.6046,1.6237,1.5910,1.6229,1.5465,121689600
2014-07-14,1.6448,1.6640,1.6373,1.6540,1.5761,107059200
2014-07-15,1.6608,1.6679,1.6006,1.6367,1.5596,148536000
2014-07-16,1.6717,1.6765,1.6502,1.6552,1.5772,106608000
2014-07-17,1.6413,1.6594,1.5735,1.5892,1.5143,160924800
2014-07-18,1.6163,1.6669,1.6083,1.6644,1.5860,116976000
2014-07-21,1.6527,1.6662,1.6356,1.6583,1.5802,94900800
2014-07-22,1.6825,1.6975,1.6762,1.6912,1.6116,107457600
2014-07-23,1.7067,1.7281,1.6988,1.7229,1.6418,102460800
2014-07-24,1.7315,1.7373,1.7094,1.7169,1.6360,87460800
2014-07-25,1.6921,1.7033,1.6698,1.6958,1.6160,92856000
2014-07-28,1.7004,1.7104,1.6588,1.6979,1.6179,91963200
2014-07-29,1.7085,1.7198,1.6848,1.6894,1.6098,79252800
2014-07-30,1.7167,1.7265,1.6892,1.7096,1.6291,107611200
2014-07-31,1.6667,1.6746,1.5975,1.6054,1.5298,138916800
2014-08-01,1.5954,1.6213,1.5552,1.5869,1.5121,172324800
2014-08-04,1.5975,1.6381,1.5796,1.6194,1.5431,144182400
2014-08-05,1.6010,1.6135,1.5600,1.5815,1.5070,167539200
2014-08-06,1.5521,1.6071,1.5481,1.5788,1.5044,119299200
2014-08-07,1.5992,1.6092,1.5467,1.5635,1.4899,153604800
2014-08-08,1.5717,1.6021,1.5504,1.5969,1.5217,124464000
2014-08-11,1.6146,1.6402,1.6123,1.6258,1.5493,74352000
2014-08-12,1.6202,1.6358,1.5983,1.6221,1.5457,90931200
2014-08-13,1.6440,1.6760,1.6404,1.6748,1.5959,81278400
2014-08-14,1.6804,1.7012,1.6748,1.7006,1.6205,103089600
2014-08-15,1.7275,1.7371,1.6765,1.7237,1.6426,155956800
2014-08-18,1.7504,1.7698,1.7448,1.7654,1.6823,79348800
2014-08-19,1.7777,1.7975,1.7746,1.7958,1.7113,78628800
2014-08-20,1.7898,1.8052,1.7856,1.7958,1.7113,70651200
2014-08-21,1.7985,1.8073,1.7890,1.8060,1.7210,67900800
2014-08-22,1.8067,1.8271,1.7956,1.8131,1.7277,76814400
2014-08-25,1.8400,1.8481,1.8200,1.8333,1.7470,67977600
2014-08-26,1.8408,1.8444,1.8260,1.8396,1.7529,41716800
2014-08-27,1.8408,1.8456,1.8275,1.8398,1.7531,36715200
2014-08-28,1.8215,1.8392,1.8142,1.8323,1.7460,64838400
2014-08-29,1.8460,1.8537,1.8254,1.8537,1.7664,52272000
2014-09-02,1.8679,1.8706,1.8467,1.8692,1.7811,64300800
2014-09-03,1.8827,1.8840,1.8262,1.8371,1.7506,82636800
2014-09-04,1.8494,1.8771,1.8173,1.8312,1.7450,82084800
2014-09-05,1.8400,1.8613,1.8110,1.8596,1.7720,83227200
2014-09-08,1.8592,1.8829,1.8431,1.8690,1.7809,70872000
2014-09-09,1.8687,1.8902,1.8119,1.8235,1.7377,129393600
2014-09-10,1.8300,1.8692,1.8142,1.8658,1.7780,72417600
2014-09-11,1.8429,1.8654,1.8217,1.8644,1.7766,119318400
2014-09-12,1.8583,1.8594,1.8169,1.8350,1.7486,113740800
2014-09-15,1.8400,1.8410,1.7644,1.7798,1.6960,128486400
2014-09-16,1.7610,1.8371,1.7552,1.8279,1.7418,126892800
2014-09-17,1.8260,1.8604,1.8038,1.8369,1.7504,113553600
2014-09-18,1.8525,1.8771,1.8467,1.8765,1.7881,79512000
2014-09-19,1.9019,1.9019,1.8508,1.8723,1.7841,110217600
2014-09-22,1.8596,1.8596,1.7971,1.8215,1.7357,108177600
2014-09-23,1.7988,1.8304,1.7942,1.8056,1.7206,100800000
2014-09-24,1.8098,1.8656,1.7931,1.8642,1.7764,116582400
2014-09-25,1.8448,1.8523,1.7442,1.7458,1.6636,212798400
2014-09-26,1.7637,1.8104,1.7548,1.8017,1.7168,148252800
2014-09-29,1.7475,1.8090,1.7446,1.7956,1.7111,114537600
2014-09-30,1.8104,1.8300,1.7771,1.8023,1.7174,154094400
2014-10-01,1.7881,1.7917,1.6992,1.7160,1.6352,213480000
2014-10-02,1.7142,1.7310,1.6500,1.7152,1.6344,217972800
2014-10-03,1.7450,1.7871,1.7275,1.7669,1.6837,153676800
2014-10-06,1.7804,1.7950,1.7385,1.7548,1.6721,147307200
2014-10-07,1.7294,1.7444,1.6792,1.6806,1.6015,163651200
2014-10-08,1.6840,1.7931,1.6525,1.7777,1.6940,213129600
2014-10-09,1.7708,1.7833,1.6821,1.6892,1.6096,223022400
2014-10-10,1.6596,1.6894,1.5627,1.5627,1.4891,296428800
2014-10-13,1.5562,1.5912,1.4867,1.4896,1.4194,273302400
2014-10-14,1.5202,1.5477,1.4779,1.4923,1.4220,370809600
2014-10-15,1.4229,1.4802,1.3594,1.4604,1.3916,485097600
2014-10-16,1.3692,1.4715,1.3677,1.4377,1.3700,335961600
2014-10-17,1.4915,1.5319,1.4660,1.4940,1.4236,264350400
2014-10-20,1.4885,1.5610,1.4817,1.5583,1.4849,154464000
2014-10-21,1.6144,1.6802,1.6042,1.6802,1.6011,211699200
2014-10-22,1.6960,1.7023,1.6508,1.6542,1.5763,187920000
2014-10-23,1.7042,1.7560,1.6952,1.7298,1.6483,169886400
2014-10-24,1.7371,1.7737,1.7188,1.7696,1.6862,170563200
2014-10-27,1.7602,1.7838,1.7383,1.7763,1.6926,138244800
2014-10-28,1.7979,1.8556,1.7950,1.8556,1.7682,159686400
2014-10-29,1.8365,1.8506,1.7948,1.8333,1.7470,179404800
2014-10-30,1.8090,1.8577,1.7969,1.8448,1.7579,161985600
2014-10-31,1.9377,1.9404,1.9027,1.9208,1.8304,176371200
2014-11-03,1.9306,1.9540,1.9233,1.9406,1.8492,140961600
2014-11-04,1.9190,1.9342,1.8796,1.9200,1.8296,138648000
2014-11-05,1.9554,1.9575,1.8996,1.9198,1.8294,138744000
2014-11-06,1.9169,1.9388,1.8944,1.9362,1.8451,97272000
2014-11-07,1.9479,1.9500,1.9025,1.9315,1.8405,110812800
2014-11-10,1.9342,1.9600,1.9192,1.9512,1.8593,103372800
2014-11-11,1.9542,1.9700,1.9379,1.9698,1.8770,105619200
2014-11-12,1.9467,1.9869,1.9467,1.9806,1.8873,96201600
2014-11-13,1.9915,2.0285,1.9787,2.0060,1.9116,182164800
2014-11-14,2.0050,2.0246,1.9850,2.0246,1.9292,114816000
2014-11-17,2.0102,2.0242,1.9781,2.0056,1.9112,141355200
2014-11-18,2.0119,2.0594,2.0117,2.0506,1.9540,111820800
2014-11-19,2.0448,2.0448,1.9958,2.0246,1.9292,148809600
2014-11-20,1.9977,2.0556,1.9927,2.0515,1.9548,99556800
2014-11-21,2.1058,2.1108,2.0433,2.0663,1.9689,152947200
2014-11-24,2.0800,2.1137,2.0742,2.1129,2.0134,126206400
2014-11-25,2.1204,2.1394,2.1044,2.1198,2.0200,151536000
2014-11-26,2.1267,2.1654,2.1198,2.1631,2.0612,105633600
2014-11-28,2.1806,2.2067,2.1752,2.1954,2.0920,72571200
2014-12-01,2.1752,2.1858,2.0925,2.1144,2.0148,156187200
2014-12-02,2.1248,2.1531,2.1098,2.1371,2.0364,129892800
2014-12-03,2.1523,2.1623,2.1140,2.1565,2.0549,131942400
2014-12-04,2.1469,2.1758,2.1240,2.1500,2.0487,154036800
2014-12-05,2.1627,2.1710,2.1373,2.1515,2.0501,113630400
2014-12-08,2.1337,2.1623,2.0712,2.1050,2.0059,169281600
2014-12-09,2.0302,2.1285,2.0087,2.1254,2.0253,170688000
2014-12-10,2.1129,2.1283,2.0131,2.0225,1.9272,134529600
2014-12-11,2.0417,2.1250,2.0402,2.0542,1.9574,136032000
2014-12-12,1.9940,2.0638,1.9856,1.9863,1.8927,153787200
2014-12-15,2.0158,2.0379,1.9069,1.9267,1.8359,235948800
2014-12-16,1.8883,1.9727,1.8302,1.8310,1.7448,212856000
2014-12-17,1.8346,1.9467,1.8281,1.9294,1.8385,182726400
2014-12-18,2.0142,2.0708,1.9979,2.0708,1.9733,186744000
2014-12-19,2.0771,2.1225,2.0625,2.0940,1.9953,154828800
2014-12-22,2.0873,2.1146,2.0835,2.1129,2.0137,110457600
2014-12-23,2.1363,2.1365,2.0825,2.0927,1.9945,115920000
2014-12-24,2.0994,2.1190,2.0933,2.0971,1.9987,43982400
2014-12-26,2.1125,2.1525,2.1123,2.1396,2.0392,86088000
2014-12-29,2.1337,2.1517,2.1292,2.1400,2.0396,62328000
2014-12-30,2.1190,2.1342,2.0863,2.0958,1.9975,123859200
2014-12-31,2.1044,2.1302,2.0210,2.0302,1.9349,117091200
2015-01-02,2.0594,2.0860,1.9825,2.0135,1.9190,122227200
2015-01-05,1.9844,1.9917,1.9062,1.9229,1.8327,127017600
2015-01-06,1.9298,1.9410,1.8202,1.8467,1.7600,168643200
2015-01-07,1.8819,1.9300,1.8692,1.9177,1.8277,137467200
2015-01-08,1.9671,2.0385,1.9604,2.0271,1.9319,144936000
2015-01-09,2.0460,2.0483,1.9523,1.9860,1.8928,181420800
2015-01-12,1.9994,2.0046,1.9092,1.9250,1.8346,165254400
2015-01-13,1.9794,2.0412,1.8771,1.9233,1.8331,199708800
2015-01-14,1.8623,1.9194,1.8404,1.8937,1.8049,216148800
2015-01-15,1.9154,1.9260,1.8106,1.8185,1.7332,196012800
2015-01-16,1.8096,1.8879,1.8006,1.8833,1.7949,141796800
2015-01-20,1.9150,1.9390,1.8508,1.9250,1.8346,141892800
2015-01-21,1.9075,1.9808,1.8883,1.9546,1.8628,133531200
2015-01-22,1.9792,2.0687,1.9267,2.0633,1.9665,162657600
2015-01-23,2.0633,2.0956,2.0446,2.0771,1.9796,142358400
2015-01-26,2.0708,2.0812,2.0379,2.0725,1.9752,100804800
2015-01-27,1.9740,1.9752,1.8883,1.9121,1.8223,223987200
2015-01-28,1.9998,2.0062,1.8779,1.8792,1.7910,188928000
2015-01-29,1.8727,1.9429,1.8250,1.9335,1.8428,176558400
2015-01-30,1.9269,1.9719,1.8804,1.8892,1.8005,218222400
2015-02-02,1.8994,1.9417,1.8121,1.9388,1.8477,198844800
2015-02-03,1.9550,1.9965,1.9204,1.9917,1.8982,182332800
2015-02-04,1.9667,2.0267,1.9546,1.9865,1.8932,124632000
2015-02-05,2.0006,2.0419,1.9883,2.0392,1.9435,100324800
2015-02-06,2.0479,2.0615,1.9798,2.0021,1.9081,123528000
2015-02-09,1.9781,2.0096,1.9677,1.9800,1.8871,95793600
2015-02-10,2.0165,2.0823,2.0054,2.0748,1.9774,119256000
2015-02-11,2.0823,2.1108,2.0696,2.0981,1.9996,121852800
2015-02-12,2.1358,2.1723,2.1285,2.1715,2.0695,153100800
2015-02-13,2.1888,2.2267,2.1771,2.2262,2.1218,120897600
2015-02-17,2.2258,2.2360,2.2098,2.2323,2.1275,82728000
2015-02-18,2.2248,2.2446,2.2146,2.2419,2.1366,70478400
2015-02-19,2.2365,2.2790,2.2354,2.2756,2.1688,75590400
2015-02-20,2.2702,2.3240,2.2487,2.3194,2.2105,90772800
2015-02-23,2.3179,2.3287,2.3015,2.3285,2.2192,78974400
2015-02-24,2.3183,2.3402,2.2973,2.3333,2.2238,104601600
2015-02-25,2.3210,2.3485,2.2994,2.3146,2.2059,112550400
2015-02-26,2.3212,2.3527,2.3021,2.3498,2.2395,116337600
2015-02-27,2.3471,2.3512,2.3075,2.3187,2.2099,88790400
2015-03-02,2.3312,2.3831,2.3302,2.3812,2.2695,89044800
2015-03-03,2.3604,2.3669,2.3029,2.3471,2.2369,128390400
2015-03-04,2.3248,2.3344,2.2819,2.3210,2.2121,116640000
2015-03-05,2.3387,2.3531,2.3042,2.3312,2.2218,92347200
2015-03-06,2.3246,2.3373,2.2352,2.2510,2.1454,149726400
2015-03-09,2.2671,2.2887,2.2385,2.2727,2.1660,113270400
2015-03-10,2.2227,2.2240,2.1458,2.1469,2.0461,191966400
2015-03-11,2.1527,2.1627,2.1063,2.1092,2.0102,223152000
2015-03-12,2.1031,2.1573,2.0994,2.1496,2.0487,122390400
2015-03-13,2.1440,2.1694,2.0817,2.1219,2.0223,198115200
2015-03-16,2.1454,2.2042,2.1383,2.2031,2.0997,114960000
2015-03-17,2.1842,2.2240,2.1698,2.2154,2.1114,97363200
2015-03-18,2.1965,2.3087,2.1615,2.2792,2.1722,167822400
2015-03-19,2.2871,2.3073,2.2760,2.2902,2.1827,111384000
2015-03-20,2.3448,2.3673,2.3327,2.3377,2.2280,104812800
2015-03-23,2.3304,2.3490,2.3179,2.3181,2.2093,99235200
2015-03-24,2.3177,2.3508,2.2933,2.2946,2.1869,92980800
2015-03-25,2.3065,2.3102,2.1344,2.1344,2.0344,175886400
2015-03-26,2.0842,2.1506,2.0627,2.1169,2.0177,196560000
2015-03-27,2.1127,2.1546,2.1040,2.1373,2.0372,98544000
2015-03-30,2.1804,2.2183,2.1790,2.2142,2.1105,151214400
2015-03-31,2.1940,2.2081,2.1415,2.1456,2.0451,124507200
2015-04-01,2.1427,2.1427,2.0677,2.1094,2.0106,175876800
2015-04-02,2.1135,2.1333,2.0927,2.1129,2.0139,110577600
2015-04-06,2.0748,2.1821,2.0660,2.1637,2.0624,150945600
2015-04-07,2.1610,2.2083,2.1535,2.1537,2.0529,114691200
2015-04-08,2.1554,2.2135,2.1546,2.2050,2.1017,169142400
2015-04-09,2.2029,2.2477,2.1790,2.2460,2.1408,110928000
2015-04-10,2.2456,2.2738,2.2290,2.2729,2.1664,113385600
2015-04-13,2.2790,2.3129,2.2481,2.2560,2.1504,115200000
2015-04-14,2.2510,2.2679,2.1985,2.2367,2.1319,168974400
2015-04-15,2.2558,2.2925,2.2458,2.2762,2.1696,95356800
2015-04-16,2.2608,2.2804,2.2502,2.2683,2.1621,90888000
2015-04-17,2.2037,2.2223,2.1337,2.1623,2.0610,186427200
2015-04-20,2.1956,2.2706,2.1921,2.2590,2.1531,142195200
2015-04-21,2.2992,2.3100,2.2804,2.2879,2.1807,127387200
2015-04-22,2.3056,2.3365,2.2619,2.3250,2.2161,121915200
2015-04-23,2.3029,2.3829,2.3006,2.3529,2.2427,131001600
2015-04-24,2.4254,2.4569,2.4150,2.4450,2.3305,142416000
2015-04-27,2.4750,2.4881,2.4131,2.4294,2.3156,161160000
2015-04-28,2.4342,2.4479,2.3531,2.4135,2.3005,171753600
2015-04-29,2.3731,2.4154,2.3294,2.3675,2.2566,193953600
2015-04-30,2.3281,2.3573,2.2210,2.2562,2.1506,308169600
2015-05-01,2.2821,2.3496,2.2812,2.3475,2.2375,190012800
2015-05-04,2.3669,2.4006,2.3531,2.3558,2.2455,131971200
2015-05-05,2.3294,2.3423,2.2385,2.2442,2.1390,280694400
2015-05-06,2.2535,2.2729,2.1502,2.1962,2.0934,213398400
2015-05-07,2.1940,2.2525,2.1883,2.2340,2.1293,168619200
2015-05-08,2.3033,2.3323,2.2929,2.3158,2.2074,178377600
2015-05-11,2.3223,2.3367,2.2858,2.2904,2.1831,139027200
2015-05-12,2.2494,2.2940,2.1981,2.2608,2.1549,190334400
2015-05-13,2.2902,2.3242,2.2631,2.2725,2.1661,132499200
2015-05-14,2.3294,2.3779,2.3033,2.3731,2.2620,176832000
2015-05-15,2.3919,2.4004,2.3550,2.3729,2.2618,146505600
2015-05-18,2.3612,2.4169,2.3554,2.4021,2.2896,110587200
2015-05-19,2.4115,2.4217,2.3840,2.3952,2.2830,98577600
2015-05-20,2.4006,2.4423,2.3619,2.3992,2.2868,111264000
2015-05-21,2.3875,2.4460,2.3767,2.4369,2.3227,92222400
2015-05-22,2.4285,2.4556,2.4237,2.4302,2.3164,79819200
2015-05-26,2.4129,2.4229,2.3171,2.3460,2.2361,140457600
2015-05-27,2.3665,2.4662,2.3519,2.4590,2.3438,134289600
2015-05-28,2.4440,2.4613,2.4194,2.4408,2.3265,90643200
2015-05-29,2.4367,2.4473,2.3817,2.3996,2.2872,106060800
2015-06-01,2.4373,2.4415,2.3633,2.4206,2.3072,137160000
2015-06-02,2.3952,2.4344,2.3598,2.3985,2.2862,131462400
2015-06-03,2.4327,2.4475,2.4029,2.4196,2.3062,117067200
2015-06-04,2.3800,2.4254,2.3429,2.3669,2.2560,185702400
2015-06-05,2.3565,2.3731,2.3056,2.3490,2.2389,138590400
2015-06-08,2.3444,2.3500,2.2627,2.2771,2.1704,144422400
2015-06-09,2.2604,2.2896,2.2140,2.2658,2.1597,153000000
2015-06-10,2.2879,2.3775,2.2808,2.3556,2.2453,154766400
2015-06-11,2.3808,2.4006,2.3556,2.3685,2.2576,117081600
2015-06-12,2.3298,2.3448,2.3006,2.3083,2.2002,120897600
2015-06-15,2.2579,2.2860,2.2183,2.2765,2.1698,200884800
2015-06-16,2.2662,2.3231,2.2646,2.3112,2.2030,101265600
2015-06-17,2.3240,2.3535,2.2865,2.3306,2.2215,168388800
2015-06-18,2.3502,2.4442,2.3488,2.4292,2.3154,162628800
2015-06-19,2.4360,2.4425,2.3921,2.3921,2.2800,84628800
2015-06-22,2.4498,2.4715,2.4335,2.4498,2.3350,131716800
2015-06-23,2.4583,2.4625,2.4248,2.4558,2.3408,114907200
2015-06-24,2.4465,2.4775,2.4158,2.4181,2.3049,84902400
2015-06-25,2.4452,2.4527,2.3910,2.4023,2.2898,85204800
2015-06-26,2.4002,2.4177,2.3283,2.3577,2.2473,131904000
2015-06-29,2.2746,2.3167,2.1865,2.1910,2.0884,273744000
2015-06-30,2.2367,2.2510,2.1915,2.2160,2.1122,176793600
2015-07-01,2.2760,2.2904,2.2333,2.2615,2.1555,141624000
2015-07-02,2.2819,2.2892,2.2452,2.2700,2.1637,105523200
2015-07-06,2.2231,2.2885,2.2083,2.2508,2.1454,131808000
2015-07-07,2.2573,2.2729,2.1335,2.2623,2.1563,250329600
2015-07-08,2.2173,2.2258,2.1358,2.1490,2.0483,184881600
2015-07-09,2.2356,2.2379,2.1427,2.1427,2.0423,125260800
2015-07-10,2.2250,2.2667,2.2058,2.2423,2.1373,123259200
2015-07-13,2.2990,2.3658,2.2985,2.3569,2.2465,104860800
2015-07-14,2.3702,2.4252,2.3665,2.4042,2.2915,102201600
2015-07-15,2.4179,2.4417,2.3933,2.4156,2.3025,119140800
2015-07-16,2.4740,2.5167,2.4592,2.5100,2.3924,139680000
2015-07-17,2.5760,2.6250,2.5644,2.6248,2.5018,143328000
2015-07-20,2.6467,2.6829,2.6196,2.6542,2.5298,95889600
2015-07-21,2.6583,2.6690,2.6258,2.6469,2.5229,87408000
2015-07-22,2.5279,2.5969,2.5275,2.5600,2.4401,108388800
2015-07-23,2.5675,2.5912,2.5104,2.5294,2.4109,96782400
2015-07-24,2.5690,2.5748,2.4454,2.4575,2.3424,106473600
2015-07-27,2.4137,2.4456,2.3792,2.3944,2.2822,120624000
2015-07-28,2.4285,2.4710,2.3694,2.4575,2.3424,155596800
2015-07-29,2.4719,2.5006,2.4442,2.4850,2.3686,121737600
2015-07-30,2.4673,2.5317,2.4229,2.5196,2.4016,137044800
2015-07-31,2.5427,2.5469,2.4946,2.5119,2.3942,109036800
2015-08-03,2.5133,2.5325,2.4375,2.4887,2.3722,147734400
2015-08-04,2.4817,2.4962,2.4413,2.4727,2.3569,141350400
2015-08-05,2.5138,2.5787,2.5056,2.5306,2.4121,127411200
2015-08-06,2.5356,2.5467,2.3744,2.4092,2.2963,175296000
2015-08-07,2.3906,2.4160,2.3392,2.3996,2.2872,160176000
2015-08-10,2.4448,2.4967,2.4448,2.4806,2.3644,133804800
2015-08-11,2.4406,2.4702,2.3454,2.3860,2.2743,173289600
2015-08-12,2.3379,2.4244,2.2602,2.4071,2.2943,224347200
2015-08-13,2.4167,2.4510,2.3825,2.3963,2.2840,140659200
2015-08-14,2.3802,2.4188,2.3671,2.4092,2.2963,145982400
2015-08-17,2.3906,2.4702,2.3729,2.4683,2.3527,125356800
2015-08-18,2.4544,2.4646,2.4213,2.4290,2.3152,108998400
2015-08-19,2.4062,2.4467,2.3408,2.3833,2.2717,235516800
2015-08-20,2.3167,2.3390,2.1835,2.1871,2.0846,300019200
2015-08-21,2.0938,2.1469,1.9150,1.9150,1.8253,380289600
2015-08-24,1.5635,1.9058,1.3604,1.6881,1.6090,392716800
2015-08-25,1.8646,1.8985,1.6583,1.6658,1.5878,289665600
2015-08-26,1.8081,1.9202,1.7015,1.9062,1.8170,285019200
2015-08-27,1.9958,2.0594,1.9235,2.0552,1.9589,485952000
2015-08-28,2.0225,2.0750,2.0092,2.0535,1.9573,214094400
2015-08-31,2.0198,2.0531,1.9625,1.9773,1.8847,206870400
2015-09-01,1.8288,1.9194,1.7673,1.7979,1.7137,313862400
2015-09-02,1.8892,1.9442,1.8269,1.9442,1.8531,180278400
2015-09-03,1.9679,2.0058,1.8983,1.9121,1.8225,223224000
2015-09-04,1.8354,1.8842,1.8144,1.8481,1.7616,279643200
2015-09-08,1.9529,2.0094,1.9298,2.0050,1.9111,225350400
2015-09-09,2.0738,2.0748,1.9192,1.9352,1.8446,281284800
2015-09-10,1.9273,2.0360,1.9204,1.9971,1.9035,247161600
2015-09-11,1.9704,2.0294,1.9531,2.0294,1.9343,189720000
2015-09-14,2.0521,2.0527,1.9892,2.0113,1.9170,176664000
2015-09-15,2.0262,2.1019,2.0042,2.0815,1.9840,152654400
2015-09-16,2.0856,2.1240,2.0625,2.1163,2.0171,140414400
2015-09-17,2.1140,2.2156,2.0938,2.1221,2.0227,242361600
2015-09-18,2.0248,2.1046,2.0202,2.0323,1.9371,272342400
2015-09-21,2.0633,2.0992,1.9948,2.0496,1.9536,200313600
2015-09-22,1.9548,1.9771,1.9017,1.9592,1.8674,283795200
2015-09-23,1.9729,1.9883,1.9312,1.9623,1.8704,223761600
2015-09-24,1.9044,1.9621,1.8542,1.9396,1.8487,293836800
2015-09-25,2.0054,2.0081,1.8548,1.8925,1.8039,283824000
2015-09-28,1.8663,1.8696,1.7127,1.7294,1.6484,360057600
2015-09-29,1.7419,1.7948,1.6650,1.7038,1.6239,365750400
2015-09-30,1.7746,1.8250,1.7542,1.8165,1.7314,333864000
2015-10-01,1.8279,1.8431,1.7558,1.8419,1.7556,219264000
2015-10-02,1.7679,1.9398,1.7500,1.9375,1.8467,317404800
2015-10-05,1.9827,2.0383,1.9700,2.0258,1.9309,208152000
2015-10-06,2.0110,2.0287,1.9465,1.9969,1.9033,230121600
2015-10-07,2.0325,2.0431,1.9533,2.0290,1.9339,253108800
2015-10-08,2.0073,2.0646,1.9481,2.0538,1.9575,291873600
2015-10-09,2.0565,2.0938,2.0402,2.0787,1.9814,175224000
2015-10-12,2.0946,2.1085,2.0715,2.0963,1.9981,152539200
2015-10-13,2.0604,2.1244,2.0500,2.0552,1.9589,212966400
2015-10-14,2.0558,2.0869,2.0200,2.0465,1.9506,183331200
2015-10-15,2.0685,2.1469,2.0606,2.1465,2.0459,214569600
2015-10-16,2.1606,2.1771,2.1292,2.1731,2.0713,132643200
2015-10-19,2.1631,2.2156,2.1510,2.2121,2.1085,163622400
2015-10-20,2.1988,2.2135,2.1546,2.1754,2.0735,145252800
2015-10-21,2.2096,2.2158,2.1342,2.1404,2.0402,176496000
2015-10-22,2.1940,2.2727,2.1756,2.2673,2.1611,259752000
2015-10-23,2.4502,2.4856,2.4135,2.4558,2.3408,204057600
2015-10-26,2.4527,2.4767,2.4250,2.4631,2.3477,119889600
2015-10-27,2.4431,2.4879,2.4410,2.4792,2.3630,104462400
2015-10-28,2.4904,2.5383,2.4290,2.5367,2.4178,208958400
2015-10-29,2.5038,2.5396,2.4965,2.5273,2.4089,99825600
2015-10-30,2.5306,2.5438,2.4925,2.4927,2.3759,120072000
2015-11-02,2.5113,2.5860,2.4973,2.5777,2.4570,110601600
2015-11-03,2.5619,2.6321,2.5500,2.6023,2.4804,123624000
2015-11-04,2.6281,2.6354,2.5723,2.6033,2.4814,145833600
2015-11-05,2.6112,2.6304,2.5429,2.5804,2.4595,142252800
2015-11-06,2.5696,2.5973,2.5185,2.5890,2.4677,136248000
2015-11-09,2.5590,2.5694,2.4579,2.5056,2.3883,151315200
2015-11-10,2.4656,2.4931,2.4437,2.4879,2.3714,98721600
2015-11-11,2.5069,2.5427,2.4646,2.4769,2.3609,100828800
2015-11-12,2.4450,2.4823,2.3996,2.4050,2.2923,137928000
2015-11-13,2.3748,2.3819,2.2596,2.2635,2.1575,197697600
2015-11-16,2.2560,2.3615,2.2402,2.3579,2.2475,185544000
2015-11-17,2.3723,2.4158,2.3469,2.3660,2.2552,221414400
2015-11-18,2.3927,2.5083,2.3865,2.5017,2.3845,196276800
2015-11-19,2.5058,2.5404,2.4925,2.5054,2.3881,103958400
2015-11-20,2.5404,2.5625,2.5342,2.5552,2.4355,101995200
2015-11-23,2.5583,2.5875,2.5023,2.5346,2.4159,112876800
2015-11-24,2.4854,2.5456,2.4465,2.5267,2.4083,132494400
2015-11-25,2.5365,2.5483,2.5187,2.5323,2.4137,55977600
2015-11-27,2.5504,2.5600,2.5187,2.5415,2.4224,27206400
2015-11-30,2.5669,2.5673,2.5004,2.5254,2.4071,93273600
2015-12-01,2.5538,2.6004,2.5456,2.6004,2.4786,117043200
2015-12-02,2.6054,2.6404,2.5398,2.5531,2.4335,122092800
2015-12-03,2.5733,2.5848,2.3783,2.4229,2.3094,225912000
2015-12-04,2.4435,2.6042,2.4292,2.5894,2.4681,173289600
2015-12-07,2.5971,2.6019,2.5198,2.5577,2.4379,138451200
2015-12-08,2.4767,2.5815,2.4735,2.5579,2.4381,162600000
2015-12-09,2.5217,2.5650,2.3952,2.4388,2.3245,289732800
2015-12-10,2.4565,2.5217,2.4350,2.4733,2.3575,162926400
2015-12-11,2.3877,2.4069,2.2983,2.3038,2.1958,294873600
2015-12-14,2.3138,2.3575,2.2142,2.3554,2.2451,232344000
2015-12-15,2.4158,2.4581,2.3888,2.3954,2.2832,191558400
2015-12-16,2.4460,2.5160,2.3729,2.5013,2.3841,196512000
2015-12-17,2.5346,2.5367,2.3940,2.3971,2.2848,189513600
2015-12-18,2.3712,2.3881,2.2604,2.2654,2.1593,204955200
2015-12-21,2.3215,2.3329,2.2706,2.3327,2.2234,128059200
2015-12-22,2.3692,2.3873,2.3319,2.3769,2.2655,134044800
2015-12-23,2.4142,2.4350,2.4010,2.4313,2.3174,109896000
2015-12-24,2.4292,2.4488,2.4250,2.4262,2.3126,48480000
2015-12-28,2.4092,2.4256,2.3581,2.4256,2.3120,102672000
2015-12-29,2.4677,2.5546,2.4627,2.5363,2.4174,145305600
2015-12-30,2.5317,2.5348,2.4696,2.4715,2.3557,89592000
2015-12-31,2.4446,2.4577,2.3771,2.3798,2.2683,175905600
2016-01-04,2.2213,2.2344,2.1404,2.2344,2.1297,265867200
2016-01-05,2.2604,2.2694,2.1842,2.2144,2.1106,132326400
2016-01-06,2.1037,2.1885,2.1008,2.1550,2.0541,243787200
2016-01-07,2.0146,2.0938,1.9471,1.9500,1.8587,340348800
2016-01-08,1.9923,2.0285,1.8952,1.9040,1.8148,331819200
2016-01-11,1.9435,1.9590,1.8312,1.9206,1.8307,336177600
2016-01-12,1.9723,2.0152,1.9042,1.9854,1.8924,317520000
2016-01-13,2.0094,2.0233,1.7708,1.7777,1.6944,413400000
2016-01-14,1.8002,1.9406,1.7146,1.8927,1.8040,363417600
2016-01-15,1.7038,1.7771,1.6444,1.7188,1.6382,564715200
2016-01-19,1.7860,1.7942,1.6669,1.7260,1.6452,259228800
2016-01-20,1.6450,1.7663,1.5321,1.7104,1.6303,554697600
2016-01-21,1.7319,1.7919,1.6638,1.7167,1.6363,338112000
2016-01-22,1.8177,1.8675,1.8023,1.8646,1.7772,286881600
2016-01-25,1.8479,1.8769,1.7771,1.7806,1.6972,277084800
2016-01-26,1.8042,1.8531,1.7579,1.8315,1.7457,243038400
2016-01-27,1.7981,1.8210,1.6708,1.6952,1.6158,358315200
2016-01-28,1.7748,1.7792,1.6773,1.7621,1.6795,315571200
2016-01-29,1.7660,1.8769,1.7615,1.8769,1.7890,257716800
2016-02-01,1.8463,1.9112,1.8260,1.8875,1.7991,228240000
2016-02-02,1.8652,1.8652,1.7504,1.7677,1.6849,256867200
2016-02-03,1.8010,1.8015,1.6487,1.7427,1.6611,471302400
2016-02-04,1.7254,1.7823,1.6802,1.7396,1.6581,284035200
2016-02-05,1.7229,1.7246,1.5412,1.5606,1.4875,429777600
2016-02-08,1.4735,1.5079,1.4029,1.4894,1.4196,514963200
2016-02-09,1.4279,1.5415,1.4212,1.4721,1.4031,459494400
2016-02-10,1.5260,1.5817,1.4873,1.4896,1.4198,375528000
2016-02-11,1.4333,1.5190,1.4204,1.4860,1.4164,477076800
2016-02-12,1.5325,1.5558,1.4921,1.5494,1.4768,316430400
2016-02-16,1.6213,1.6525,1.5910,1.6525,1.5751,299313600
2016-02-17,1.6944,1.7756,1.6792,1.7667,1.6839,365232000
2016-02-18,1.7854,1.7860,1.7010,1.7067,1.6267,257899200
2016-02-19,1.6873,1.7387,1.6712,1.7244,1.6436,238934400
2016-02-22,1.7713,1.8119,1.7663,1.8058,1.7212,248265600
2016-02-23,1.7740,1.7894,1.7142,1.7158,1.6355,267825600
2016-02-24,1.6577,1.7729,1.6258,1.7669,1.6841,350558400
2016-02-25,1.7785,1.8177,1.7302,1.8156,1.7306,259598400
2016-02-26,1.8571,1.8615,1.7992,1.8115,1.7266,248577600
2016-02-29,1.8073,1.8477,1.7635,1.7635,1.6809,229968000
2016-03-01,1.8119,1.9327,1.7975,1.9323,1.8418,311136000
2016-03-02,1.9250,1.9365,1.8898,1.9344,1.8438,193972800
2016-03-03,1.9294,1.9310,1.8827,1.9235,1.8334,206596800
2016-03-04,1.9308,1.9638,1.8881,1.9269,1.8366,237844800
2016-03-07,1.8969,1.9306,1.8494,1.8910,1.8025,189124800
2016-03-08,1.8508,1.9010,1.8338,1.8410,1.7548,212563200
2016-03-09,1.8658,1.8796,1.8333,1.8763,1.7884,208344000
2016-03-10,1.9062,1.9346,1.7973,1.8692,1.7816,343454400
2016-03-11,1.9296,1.9681,1.9131,1.9660,1.8739,169660800
2016-03-14,1.9462,1.9921,1.9440,1.9775,1.8849,157166400
2016-03-15,1.9575,1.9817,1.9377,1.9763,1.8837,193118400
2016-03-16,1.9588,2.0435,1.9588,2.0267,1.9317,176457600
2016-03-17,2.0113,2.0390,1.9877,2.0208,1.9262,127507200
2016-03-18,2.0375,2.0496,2.0023,2.0325,1.9373,147537600
2016-03-21,2.0238,2.0635,2.0198,2.0567,1.9603,136008000
2016-03-22,2.0233,2.0906,2.0215,2.0750,1.9778,127214400
2016-03-23,2.0640,2.0685,2.0115,2.0256,1.9307,154454400
2016-03-24,1.9927,2.0287,1.9854,2.0250,1.9301,127022400
2016-03-28,2.0454,2.0458,2.0079,2.0177,1.9232,129384000
2016-03-29,2.0067,2.1188,1.9969,2.1142,2.0151,179793600
2016-03-30,2.1527,2.1856,2.1321,2.1458,2.0453,209884800
2016-03-31,2.1410,2.1650,2.1265,2.1333,2.0334,118521600
2016-04-01,2.1008,2.2069,2.0890,2.2044,2.1011,163022400
2016-04-04,2.2010,2.2083,2.1640,2.1771,2.0751,136632000
2016-04-05,2.1273,2.1525,2.1075,2.1185,2.0193,146841600
2016-04-06,2.1250,2.2217,2.1229,2.2200,2.1160,182088000
2016-04-07,2.1823,2.1931,2.0965,2.1242,2.0247,252225600
2016-04-08,2.1627,2.1777,2.0971,2.1192,2.0199,166243200
2016-04-11,2.1467,2.1781,2.0948,2.0965,1.9983,137059200
2016-04-12,2.1004,2.1600,2.0612,2.1454,2.0449,182424000
2016-04-13,2.1977,2.2398,2.1890,2.2292,2.1247,162182400
2016-04-14,2.2298,2.2552,2.2131,2.2306,2.1261,111240000
2016-04-15,2.2233,2.2392,2.1967,2.2135,2.1099,83092800
2016-04-18,2.1952,2.2508,2.1908,2.2462,2.1410,101462400
2016-04-19,2.2687,2.2708,2.1719,2.2075,2.1041,158582400
2016-04-20,2.2046,2.2427,2.1842,2.2129,2.1093,107769600
2016-04-21,2.2117,2.2367,2.1835,2.2135,2.1099,133473600
2016-04-22,2.1285,2.1573,2.0621,2.1133,2.0143,201321600
2016-04-25,2.0902,2.1129,2.0819,2.1117,2.0128,96950400
2016-04-26,2.1240,2.1369,2.0629,2.0827,1.9851,109315200
2016-04-27,2.0196,2.0456,1.9804,2.0327,1.9375,183004800
2016-04-28,2.0394,2.0744,1.9467,1.9606,1.8688,160771200
2016-04-29,1.9540,1.9700,1.8813,1.9294,1.8390,191260800
2016-05-02,1.9415,1.9894,1.9177,1.9804,1.8876,118017600
2016-05-03,1.9390,1.9650,1.9100,1.9277,1.8374,145963200
2016-05-04,1.8923,1.9119,1.8746,1.8896,1.8011,155145600
2016-05-05,1.9075,1.9217,1.8752,1.8885,1.8001,143976000
2016-05-06,1.8583,1.9175,1.8531,1.9158,1.8261,156849600
2016-05-09,1.9177,1.9590,1.9150,1.9327,1.8422,118540800
2016-05-10,1.9533,2.0150,1.9433,2.0138,1.9194,116481600
2016-05-11,2.0040,2.0217,1.9558,1.9588,1.8670,127065600
2016-05-12,1.9742,1.9777,1.8908,1.9312,1.8408,184742400
2016-05-13,1.9300,1.9617,1.8990,1.9079,1.8185,155966400
2016-05-16,1.9156,2.0025,1.9135,1.9815,1.8886,117292800
2016-05-17,1.9792,1.9931,1.8915,1.9054,1.8162,187228800
2016-05-18,1.8948,1.9581,1.8817,1.9271,1.8368,237969600
2016-05-19,1.9035,1.9196,1.8552,1.8967,1.8078,254097600
2016-05-20,1.9198,1.9825,1.9165,1.9600,1.8682,125352000
2016-05-23,1.9650,1.9871,1.9465,1.9504,1.8591,86928000
2016-05-24,1.9840,2.0760,1.9825,2.0698,1.9728,150004800
2016-05-25,2.0935,2.1323,2.0819,2.1144,2.0153,140846400
2016-05-26,2.1215,2.1398,2.1046,2.1321,2.0322,95270400
2016-05-27,2.1356,2.1658,2.1354,2.1642,2.0628,107140800
2016-05-31,2.1760,2.1873,2.1448,2.1771,2.0751,112948800
2016-06-01,2.1573,2.1919,2.1515,2.1779,2.0759,100536000
2016-06-02,2.1631,2.1915,2.1292,2.1902,2.0876,104659200
2016-06-03,2.1777,2.1817,2.1179,2.1602,2.0590,155529600
2016-06-06,2.1700,2.2006,2.1608,2.1833,2.0811,85996800
2016-06-07,2.1904,2.1937,2.1637,2.1679,2.0664,77107200
2016-06-08,2.1798,2.1913,2.1542,2.1775,2.0755,82262400
2016-06-09,2.1515,2.1744,2.1390,2.1679,2.0664,99729600
2016-06-10,2.1096,2.1204,2.0715,2.0950,1.9969,161760000
2016-06-13,2.0598,2.0927,2.0333,2.0412,1.9456,119049600
2016-06-14,2.0246,2.0623,1.9958,2.0423,1.9466,141729600
2016-06-15,2.0556,2.0623,2.0127,2.0240,1.9292,106377600
2016-06-16,1.9942,2.0465,1.9538,2.0385,1.9431,164361600
2016-06-17,2.0302,2.0302,1.9552,1.9688,1.8765,167020800
2016-06-20,2.0394,2.0652,2.0013,2.0042,1.9103,139243200
2016-06-21,2.0165,2.0369,2.0023,2.0242,1.9293,86414400
2016-06-22,2.0300,2.0635,2.0052,2.0110,1.9168,103296000
2016-06-23,2.0577,2.0967,2.0323,2.0958,1.9977,128558400
2016-06-24,1.8750,1.9656,1.8250,1.8392,1.7530,325502400
2016-06-27,1.7973,1.7998,1.7042,1.7321,1.6509,235963200
2016-06-28,1.7848,1.8431,1.7831,1.8406,1.7544,199468800
2016-06-29,1.8856,1.9498,1.8821,1.9362,1.8456,208464000
2016-06-30,1.9479,2.0090,1.9292,2.0067,1.9127,165811200
2016-07-01,2.0031,2.0585,2.0008,2.0342,1.9389,131424000
2016-07-05,2.0079,2.0117,1.9658,1.9981,1.9045,130939200
2016-07-06,1.9708,2.0496,1.9515,2.0452,1.9494,173476800
2016-07-07,2.0544,2.0792,2.0365,2.0646,1.9679,126230400
2016-07-08,2.0952,2.1650,2.0896,2.1600,2.0588,150043200
2016-07-11,2.1846,2.2221,2.1825,2.1969,2.0940,142646400
2016-07-12,2.2377,2.2492,2.2227,2.2315,2.1269,115790400
2016-07-13,2.2496,2.2508,2.2144,2.2158,2.1120,126412800
2016-07-14,2.2598,2.2729,2.2440,2.2608,2.1549,109905600
2016-07-15,2.2754,2.2794,2.2344,2.2481,2.1428,85416000
2016-07-18,2.2542,2.3058,2.2523,2.2929,2.1855,83860800
2016-07-19,2.2708,2.2900,2.2571,2.2692,2.1629,78667200
2016-07-20,2.3040,2.3608,2.2973,2.3469,2.2369,90724800
2016-07-21,2.3540,2.3663,2.3129,2.3329,2.2236,112804800
2016-07-22,2.3383,2.3688,2.3154,2.3600,2.2495,86803200
2016-07-25,2.3548,2.3623,2.3375,2.3621,2.2514,76243200
2016-07-26,2.3598,2.3950,2.3333,2.3700,2.2590,136353600
2016-07-27,2.4281,2.4369,2.3877,2.4162,2.3031,130564800
2016-07-28,2.4296,2.4517,2.4067,2.4425,2.3281,87120000
2016-07-29,2.4600,2.4787,2.4362,2.4585,2.3434,102633600
2016-08-01,2.4646,2.5160,2.4554,2.4971,2.3801,105316800
2016-08-02,2.4865,2.4935,2.3931,2.4408,2.3265,161107200
2016-08-03,2.4354,2.4652,2.4306,2.4640,2.3485,85334400
2016-08-04,2.4633,2.4931,2.4452,2.4860,2.3696,84028800
2016-08-05,2.5262,2.5740,2.5156,2.5579,2.4381,123480000
2016-08-08,2.5623,2.5638,2.5244,2.5498,2.4304,75902400
2016-08-09,2.5542,2.5902,2.5500,2.5667,2.4464,79819200
2016-08-10,2.5685,2.5725,2.5260,2.5469,2.4276,87720000
2016-08-11,2.5708,2.5958,2.5569,2.5798,2.4589,68649600
2016-08-12,2.5646,2.5846,2.5571,2.5846,2.4635,68275200
2016-08-15,2.5938,2.6344,2.5912,2.6171,2.4945,57254400
2016-08-16,2.6019,2.6042,2.5723,2.5758,2.4552,62596800
2016-08-17,2.5758,2.5898,2.5329,2.5879,2.4667,89836800
2016-08-18,2.5798,2.6004,2.5667,2.5904,2.4691,56755200
2016-08-19,2.5763,2.6035,2.5546,2.5869,2.4657,73617600
2016-08-22,2.5746,2.6060,2.5612,2.5894,2.4681,73243200
2016-08-23,2.6208,2.6358,2.6029,2.6048,2.4828,62654400
2016-08-24,2.6010,2.6123,2.5302,2.5546,2.4349,71198400
2016-08-25,2.5344,2.5658,2.5256,2.5425,2.4234,58444800
2016-08-26,2.5458,2.6033,2.5083,2.5548,2.4351,107313600
2016-08-29,2.5563,2.5848,2.5548,2.5619,2.4419,49833600
2016-08-30,2.5525,2.5740,2.5129,2.5387,2.4198,65750400
2016-08-31,2.5277,2.5392,2.4990,2.5321,2.4135,71616000
2016-09-01,2.5338,2.5587,2.4962,2.5433,2.4242,85953600
2016-09-02,2.5885,2.6040,2.5460,2.5731,2.4526,90739200
2016-09-06,2.5885,2.6229,2.5708,2.6208,2.4981,65985600
2016-09-07,2.6290,2.6404,2.5977,2.6256,2.5026,58075200
2016-09-08,2.6042,2.6056,2.5606,2.5806,2.4597,70065600
2016-09-09,2.5177,2.5333,2.3850,2.3850,2.2733,160915200
2016-09-12,2.3492,2.5238,2.3448,2.5073,2.3898,130651200
2016-09-13,2.4738,2.4975,2.4102,2.4481,2.3334,125308800
2016-09-14,2.4544,2.5208,2.4519,2.4796,2.3634,111528000
2016-09-15,2.4833,2.6069,2.4813,2.5946,2.4730,131860800
2016-09-16,2.5881,2.6004,2.5542,2.5917,2.4703,81523200
2016-09-19,2.6115,2.6360,2.5440,2.5577,2.4379,91670400
2016-09-20,2.5833,2.6042,2.5600,2.5719,2.4514,75782400
2016-09-21,2.6042,2.6585,2.5602,2.6467,2.5227,138600000
2016-09-22,2.6962,2.7200,2.6867,2.7085,2.5817,78100800
2016-09-23,2.7000,2.7015,2.6475,2.6598,2.5352,73065600
2016-09-26,2.6140,2.6233,2.5808,2.5938,2.4723,81883200
2016-09-27,2.5908,2.6721,2.5808,2.6673,2.5423,82900800
2016-09-28,2.6769,2.6867,2.6412,2.6819,2.5562,75696000
2016-09-29,2.6704,2.6835,2.5898,2.6250,2.5020,114830400
2016-09-30,2.6492,2.7056,2.6360,2.6790,2.5535,79987200
2016-10-03,2.6698,2.6808,2.6385,2.6729,2.5477,81758400
2016-10-04,2.6919,2.7115,2.6285,2.6577,2.5332,112204800
2016-10-05,2.6819,2.7115,2.6781,2.6854,2.5596,68856000
2016-10-06,2.6754,2.6985,2.6431,2.6813,2.5557,74529600
2016-10-07,2.6898,2.6998,2.6254,2.6637,2.5390,90561600
2016-10-10,2.7031,2.7327,2.7017,2.7115,2.5844,59889600
2016-10-11,2.7058,2.7092,2.5635,2.5994,2.4776,129643200
2016-10-12,2.6021,2.6181,2.5675,2.5940,2.4725,82056000
2016-10-13,2.5398,2.5846,2.4931,2.5635,2.4435,104428800
2016-10-14,2.5981,2.6317,2.5671,2.5694,2.4490,81811200
2016-10-17,2.5687,2.5821,2.5415,2.5517,2.4321,55862400
2016-10-18,2.6406,2.6548,2.6146,2.6171,2.4945,76968000
2016-10-19,2.6123,2.6285,2.6040,2.6181,2.4955,47054400
2016-10-20,2.6060,2.6254,2.5629,2.6071,2.4850,69950400
2016-10-21,2.6127,2.6415,2.5881,2.6354,2.5120,58632000
2016-10-24,2.6888,2.7369,2.6867,2.7315,2.6035,68649600
2016-10-25,2.7340,2.7379,2.6935,2.7042,2.5775,59712000
2016-10-26,2.6521,2.6950,2.6271,2.6523,2.5281,95308800
2016-10-27,2.6848,2.6913,2.6033,2.6152,2.4927,103041600
2016-10-28,2.5904,2.6321,2.5417,2.5700,2.4496,142958400
2016-10-31,2.5950,2.5950,2.5542,2.5554,2.4357,56904000
2016-11-01,2.5719,2.5719,2.4337,2.5029,2.3857,101923200
2016-11-02,2.4946,2.5115,2.4210,2.4377,2.3235,81763200
2016-11-03,2.4277,2.4506,2.3585,2.3675,2.2566,87014400
2016-11-04,2.3456,2.3973,2.3287,2.3406,2.2310,84921600
2016-11-07,2.4540,2.5162,2.4444,2.5083,2.3908,100963200
2016-11-08,2.5000,2.5912,2.4833,2.5575,2.4377,110587200
2016-11-09,2.4669,2.6048,2.4598,2.5933,2.4719,183292800
2016-11-10,2.6248,2.6396,2.3640,2.4700,2.3543,247968000
2016-11-11,2.4319,2.4858,2.4083,2.4679,2.3523,113563200
2016-11-14,2.4725,2.4779,2.3575,2.3846,2.2729,177552000
2016-11-15,2.4450,2.5177,2.4381,2.4950,2.3781,105571200
2016-11-16,2.4573,2.5435,2.4573,2.5356,2.4168,86337600
2016-11-17,2.5340,2.5944,2.5181,2.5944,2.4728,75537600
2016-11-18,2.5992,2.6160,2.5573,2.5652,2.4450,63057600
2016-11-21,2.5815,2.6504,2.5804,2.6423,2.5185,83625600
2016-11-22,2.6744,2.6875,2.6475,2.6660,2.5412,76680000
2016-11-23,2.6404,2.6494,2.6000,2.6340,2.5106,73824000
2016-11-25,2.6465,2.6633,2.6356,2.6594,2.5348,38280000
2016-11-28,2.6473,2.6792,2.6337,2.6446,2.5207,71467200
2016-11-29,2.6469,2.7067,2.6275,2.6700,2.5449,74582400
2016-11-30,2.6754,2.6819,2.5694,2.5835,2.4625,151296000
2016-12-01,2.5704,2.5706,2.4265,2.4417,2.3273,186384000
2016-12-02,2.4440,2.4825,2.4223,2.4515,2.3366,102984000
2016-12-05,2.4910,2.5392,2.4567,2.5081,2.3906,89942400
2016-12-06,2.5275,2.5406,2.4967,2.5262,2.4079,69254400
2016-12-07,2.5115,2.6325,2.4896,2.6200,2.4973,148867200
2016-12-08,2.6267,2.6573,2.6115,2.6360,2.5126,113016000
2016-12-09,2.6658,2.7023,2.6658,2.6977,2.5713,102672000
2016-12-12,2.6608,2.6779,2.6296,2.6602,2.5356,95150400
2016-12-13,2.6892,2.8069,2.6854,2.7642,2.6347,169195200
2016-12-14,2.7696,2.7996,2.7204,2.7440,2.6154,142377600
2016-12-15,2.7515,2.8063,2.7367,2.7606,2.6313,106425600
2016-12-16,2.7735,2.7915,2.7119,2.7271,2.5993,114753600
2016-12-19,2.7385,2.8104,2.7262,2.7604,2.6311,83572800
2016-12-20,2.7821,2.8073,2.7771,2.7938,2.6629,62784000
2016-12-21,2.7948,2.8004,2.7665,2.7840,2.6535,48288000
2016-12-22,2.7852,2.7890,2.7300,2.7598,2.6305,65520000
2016-12-23,2.7485,2.7696,2.7396,2.7683,2.6387,32251200
2016-12-27,2.7833,2.8569,2.7804,2.8087,2.6772,75643200
2016-12-28,2.8258,2.8348,2.7377,2.7438,2.6152,91339200
2016-12-29,2.7423,2.7596,2.7058,2.7304,2.6025,85728000
2016-12-30,2.7460,2.7477,2.6250,2.6506,2.5265,105384000
2017-01-03,2.7002,2.7477,2.6744,2.7148,2.5876,97646400
2017-01-04,2.7273,2.7762,2.7238,2.7610,2.6317,66513600
2017-01-05,2.7587,2.8135,2.7562,2.8100,2.6784,61372800
2017-01-06,2.8152,2.9033,2.7938,2.8812,2.7463,95798400
2017-01-09,2.8883,2.9250,2.8825,2.9104,2.7741,66172800
2017-01-10,2.9092,2.9546,2.8940,2.9271,2.7900,66336000
2017-01-11,2.9292,2.9517,2.8863,2.9496,2.8114,94104000
2017-01-12,2.9204,2.9433,2.8554,2.9346,2.7971,80517600
2017-01-13,2.9442,2.9825,2.9433,2.9683,2.8293,58612800
2017-01-17,2.9417,2.9583,2.9150,2.9404,2.8027,55531200
2017-01-18,2.9542,2.9662,2.9304,2.9604,2.8217,49329600
2017-01-19,2.9688,3.0017,2.9358,2.9525,2.8142,59731200
2017-01-20,2.9917,3.0146,2.9500,2.9717,2.8325,56846400
2017-01-23,2.9625,2.9917,2.9237,2.9783,2.8388,55250400
2017-01-24,2.9946,3.0533,2.9821,3.0404,2.8980,51691200
2017-01-25,3.0954,3.1337,3.0887,3.1292,2.9826,56148000
2017-01-26,3.1433,3.1608,3.1254,3.1421,2.9949,50856000
2017-01-27,3.1583,3.1675,3.1283,3.1571,3.0092,33249600
2017-01-30,3.1237,3.1254,3.0325,3.0854,2.9409,75043200
2017-01-31,3.0538,3.0683,3.0121,3.0683,2.9246,59616000
2017-02-01,3.1283,3.1467,3.0867,3.1267,2.9802,72511200
2017-02-02,3.1108,3.1479,3.0850,3.1188,2.9727,57895200
2017-02-03,3.1312,3.1562,3.1217,3.1458,2.9985,48192000
2017-02-06,3.1304,3.1592,3.1221,3.1575,3.0096,41707200
2017-02-07,3.1742,3.2121,3.1692,3.1900,3.0406,46634400
2017-02-08,3.1788,3.2204,3.1613,3.2079,3.0576,36967200
2017-02-09,3.2167,3.2638,3.2117,3.2413,3.0894,51525600
2017-02-10,3.2638,3.2875,3.2471,3.2733,3.1200,47872800
2017-02-13,3.3042,3.3429,3.2992,3.3308,3.1748,42988800
2017-02-14,3.3329,3.3633,3.3017,3.3621,3.2046,62664000
2017-02-15,3.3579,3.4267,3.3500,3.4200,3.2598,73564800
2017-02-16,3.4283,3.4488,3.3925,3.4171,3.2570,63950400
2017-02-17,3.4029,3.4625,3.4008,3.4600,3.2979,51607200
2017-02-21,3.4842,3.5200,3.4762,3.5150,3.3503,66729600
2017-02-22,3.5042,3.5242,3.4858,3.5154,3.3507,43056000
2017-02-23,3.5308,3.5312,3.4342,3.4775,3.3146,62676000
2017-02-24,3.4275,3.4962,3.4250,3.4962,3.3325,50731200
2017-02-27,3.4779,3.5087,3.4588,3.5067,3.3424,52437600
2017-02-28,3.5071,3.5104,3.4475,3.4792,3.3162,41904000
2017-03-01,3.5400,3.6083,3.5233,3.5917,3.4234,63254400
2017-03-02,3.5900,3.5900,3.5233,3.5350,3.3694,42919200
2017-03-03,3.5267,3.5583,3.4996,3.5533,3.3869,34646400
2017-03-06,3.5150,3.5483,3.4879,3.5287,3.3635,38774400
2017-03-07,3.5062,3.5583,3.4946,3.5113,3.3468,35428800
2017-03-08,3.5200,3.5633,3.5079,3.5292,3.3639,38652000
2017-03-09,3.5283,3.5529,3.4821,3.5400,3.3742,44172000
2017-03-10,3.5854,3.5983,3.5379,3.5787,3.4111,51456000
2017-03-13,3.5754,3.6029,3.5721,3.5996,3.4310,33883200
2017-03-14,3.5750,3.5804,3.5300,3.5729,3.4056,53020800
2017-03-15,3.5975,3.6633,3.5604,3.6354,3.4651,63813600
2017-03-16,3.6604,3.6604,3.6071,3.6333,3.4631,38875200
2017-03-17,3.6417,3.6562,3.6225,3.6246,3.4548,35320800
2017-03-20,3.6246,3.6613,3.6083,3.6354,3.4651,36696000
2017-03-21,3.6758,3.6875,3.4650,3.4733,3.3106,93568800
2017-03-22,3.4754,3.5512,3.4592,3.5417,3.3758,71373600
2017-03-23,3.5287,3.5567,3.4967,3.5133,3.3488,59064000
2017-03-24,3.5467,3.5879,3.4950,3.5325,3.3670,51686400
2017-03-27,3.4604,3.5696,3.4346,3.5512,3.3849,75259200
2017-03-28,3.5508,3.6488,3.5287,3.6179,3.4484,84000000
2017-03-29,3.6212,3.6708,3.6129,3.6658,3.4941,48170400
2017-03-30,3.6646,3.6962,3.6525,3.6842,3.5116,52927200
2017-03-31,3.6679,3.7050,3.6558,3.6754,3.5033,54146400
2017-04-03,3.6862,3.7117,3.6092,3.6675,3.4957,64521600
2017-04-04,3.6354,3.6871,3.6329,3.6842,3.5116,32424000
2017-04-05,3.7021,3.7658,3.6204,3.6421,3.4715,73360800
2017-04-06,3.6546,3.6754,3.6188,3.6450,3.4743,61651200
2017-04-07,3.6425,3.6737,3.6012,3.6408,3.4703,41575200
2017-04-10,3.6533,3.6888,3.6137,3.6450,3.4743,48376800
2017-04-11,3.6308,3.6492,3.5179,3.5992,3.4306,85346400
2017-04-12,3.5950,3.6025,3.5408,3.5517,3.3853,68095200
2017-04-13,3.5375,3.5988,3.5075,3.5096,3.3452,61370400
2017-04-17,3.5392,3.5975,3.5350,3.5929,3.4246,36333600
2017-04-18,3.5596,3.6117,3.5529,3.5825,3.4147,50755200
2017-04-19,3.6237,3.6592,3.5800,3.5950,3.4266,57568800
2017-04-20,3.6388,3.7083,3.6221,3.6821,3.5096,82492800
2017-04-21,3.6942,3.6988,3.6550,3.6804,3.5080,54026400
2017-04-24,3.8021,3.8250,3.7858,3.8142,3.6355,60072000
2017-04-25,3.8521,3.9179,3.8433,3.8988,3.7161,64113600
2017-04-26,3.9025,3.9304,3.8733,3.8817,3.6998,87660000
2017-04-27,3.9108,3.9500,3.9012,3.9496,3.7646,57676800
2017-04-28,3.9975,4.0021,3.9521,3.9721,3.7860,68500800
2017-05-01,4.0087,4.0925,4.0037,4.0721,3.8813,64634400
2017-05-02,4.0921,4.1021,4.0608,4.0963,3.9044,60412800
2017-05-03,4.0712,4.0717,4.0229,4.0558,3.8658,73586400
2017-05-04,4.0579,4.0767,4.0183,4.0600,3.8698,72607200
2017-05-05,4.0892,4.1042,4.0454,4.1042,3.9119,54506400
2017-05-08,4.1104,4.1304,4.0854,4.1287,3.9353,61267200
2017-05-09,4.1483,4.2013,4.1392,4.1742,3.9786,75717600
2017-05-10,4.1788,4.1846,4.1367,4.1808,3.9850,56193600
2017-05-11,4.1471,4.1729,4.0887,4.1708,3.9755,62433600
2017-05-12,4.1762,4.2004,4.1654,4.1979,4.0013,58538400
2017-05-15,4.2021,4.2442,4.1912,4.2371,4.0386,69340800
2017-05-16,4.2671,4.2908,4.2329,4.2904,4.0894,77066400
2017-05-17,4.1896,4.2117,3.9604,3.9658,3.7801,140236800
2017-05-18,3.9600,4.1054,3.9429,4.0662,3.8758,120384000
2017-05-19,4.1058,4.1683,4.1025,4.1154,3.9226,72844800
2017-05-22,4.1442,4.2271,4.1396,4.2221,4.0243,65354400
2017-05-23,4.2567,4.2583,4.2008,4.2325,4.0342,68858400
2017-05-24,4.2679,4.2958,4.2346,4.2908,4.0898,64941600
2017-05-25,4.3379,4.4317,4.3108,4.4037,4.1975,87504000
2017-05-26,4.4004,4.4271,4.3837,4.4225,4.2153,54856800
2017-05-30,4.4117,4.4479,4.4071,4.4317,4.2241,55192800
2017-05-31,4.4721,4.4817,4.3587,4.4262,4.2189,96902400
2017-06-01,4.4525,4.4829,4.3979,4.4792,4.2694,74092800
2017-06-02,4.5233,4.6354,4.5037,4.6321,4.4151,83244000
2017-06-05,4.6283,4.6525,4.6087,4.6283,4.4115,51477600
2017-06-06,4.6117,4.6567,4.5525,4.5758,4.3615,77733600
2017-06-07,4.6083,4.6375,4.5483,4.6258,4.4091,81410400
2017-06-08,4.6546,4.6617,4.5654,4.6383,4.4211,92563200
2017-06-09,4.6550,4.6721,4.1108,4.3029,4.1014,233138400
2017-06-12,4.1833,4.2442,4.0596,4.2250,4.0271,166449600
2017-06-13,4.2908,4.3408,4.2267,4.3238,4.1212,126492000
2017-06-14,4.3746,4.3746,4.1638,4.2658,4.0660,139012800
2017-06-15,4.1354,4.2225,4.0575,4.2083,4.0112,141158400
2017-06-16,4.2000,4.2029,4.1071,4.1579,3.9631,93856800
2017-06-19,4.2737,4.3733,4.2546,4.3592,4.1550,110944800
2017-06-20,4.3488,4.3642,4.2546,4.2604,4.0608,85939200
2017-06-21,4.2867,4.3883,4.2779,4.3842,4.1788,83589600
2017-06-22,4.4037,4.4275,4.3458,4.3792,4.1740,68445600
2017-06-23,4.3637,4.4458,4.3283,4.4283,4.2209,68786400
2017-06-26,4.5012,4.5279,4.3387,4.3696,4.1649,105681600
2017-06-27,4.3187,4.3329,4.1292,4.1292,3.9357,144088800
2017-06-28,4.1725,4.3158,4.1017,4.3025,4.1010,120861600
2017-06-29,4.2496,4.2525,3.9583,4.0833,3.8921,231564000
2017-06-30,4.1188,4.1504,4.0454,4.0692,3.8786,98616000
2017-07-03,4.1417,4.1546,3.9483,3.9583,3.7729,81684000
2017-07-05,3.9887,4.1038,3.9521,4.0712,3.8805,114033600
2017-07-06,3.9771,4.0287,3.9179,3.9637,3.7781,106324800
2017-07-07,4.0029,4.1208,4.0000,4.0825,3.8913,89623200
2017-07-10,4.0979,4.1979,4.0650,4.1679,3.9727,92114400
2017-07-11,4.1496,4.2179,4.1029,4.2021,4.0052,108571200
2017-07-12,4.3075,4.3650,4.2842,4.3517,4.1478,105307200
2017-07-13,4.3688,4.4113,4.3421,4.3804,4.1752,91476000
2017-07-14,4.4321,4.4992,4.3971,4.4833,4.2733,84636000
2017-07-17,4.4979,4.5367,4.4637,4.4858,4.2757,100663200
2017-07-18,4.4767,4.5796,4.4375,4.5750,4.3607,84182400
2017-07-19,4.6146,4.6771,4.6112,4.6588,4.4405,104234400
2017-07-20,4.6929,4.7025,4.6121,4.6762,4.4572,108460800
2017-07-21,4.6183,4.6696,4.5971,4.6692,4.4505,86916000
2017-07-24,4.6679,4.7421,4.6504,4.7300,4.5084,88732800
2017-07-25,4.6863,4.7296,4.6579,4.6983,4.4783,94180800
2017-07-26,4.7283,4.7492,4.7083,4.7404,4.5184,60607200
2017-07-27,4.8358,4.8479,4.4858,4.6558,4.4377,188956800
2017-07-28,4.5738,4.6621,4.5446,4.6408,4.4234,70022400
2017-07-31,4.6788,4.6967,4.5496,4.5804,4.3659,88716000
2017-08-01,4.6262,4.6300,4.5687,4.6104,4.3945,61156800
2017-08-02,4.6975,4.7021,4.5183,4.6442,4.4266,110366400
2017-08-03,4.6617,4.6633,4.5671,4.5958,4.3806,72640800
2017-08-04,4.6229,4.6487,4.5608,4.6137,4.3976,71488800
2017-08-07,4.6408,4.7029,4.6208,4.6954,4.4755,54837600
2017-08-08,4.6746,4.7917,4.6379,4.6779,4.4588,103886400
2017-08-09,4.5633,4.6654,4.5308,4.6596,4.4413,99081600
2017-08-10,4.5813,4.5896,4.3463,4.3571,4.1530,163382400
2017-08-11,4.3783,4.4862,4.3475,4.4567,4.2479,105271200
2017-08-14,4.5604,4.6500,4.5592,4.6300,4.4131,95488800
2017-08-15,4.6558,4.6654,4.6004,4.6383,4.4211,72297600
2017-08-16,4.6708,4.7271,4.6163,4.6625,4.4441,99052800
2017-08-17,4.6058,4.6283,4.3750,4.3758,4.1709,158582400
2017-08-18,4.3825,4.4546,4.3125,4.3604,4.1562,129852000
2017-08-21,4.3679,4.3933,4.2667,4.3525,4.1486,86481600
2017-08-22,4.4167,4.5596,4.4146,4.5462,4.3333,94264800
2017-08-23,4.4717,4.5267,4.4658,4.4954,4.2848,84076800
2017-08-24,4.5283,4.5458,4.3792,4.4579,4.2491,97180800
2017-08-25,4.5033,4.5413,4.4113,4.4279,4.2205,92620800
2017-08-28,4.4667,4.4992,4.4254,4.4667,4.2574,66242400
2017-08-29,4.3504,4.5417,4.3400,4.5217,4.3099,85123200
2017-08-30,4.5296,4.7000,4.5217,4.6783,4.4592,106248000
2017-08-31,4.7162,4.8283,4.7087,4.8113,4.5859,106176000
2017-09-01,4.8479,4.8663,4.7708,4.8079,4.5827,71001600
2017-09-05,4.7621,4.7950,4.5696,4.6792,4.4600,129235200
2017-09-06,4.7171,4.7512,4.6188,4.7196,4.4985,85557600
2017-09-07,4.7471,4.7875,4.7000,4.7488,4.5263,73970400
2017-09-08,4.7308,4.7392,4.6146,4.6317,4.4147,82646400
2017-09-11,4.7362,4.8096,4.7346,4.7792,4.5553,85279200
2017-09-12,4.8250,4.8404,4.7529,4.8196,4.5938,73418400
2017-09-13,4.7917,4.8408,4.7725,4.8396,4.6129,51604800
2017-09-14,4.7863,4.8254,4.7458,4.7579,4.5350,73576800
2017-09-15,4.7529,4.8546,4.7283,4.7962,4.5716,79264800
2017-09-18,4.8171,4.8633,4.7396,4.7846,4.5605,91509600
2017-09-19,4.8071,4.8275,4.7579,4.8050,4.5799,56942400
2017-09-20,4.8025,4.8167,4.6525,4.7650,4.5418,107306400
2017-09-21,4.7508,4.7525,4.6250,4.6733,4.4544,84890400
2017-09-22,4.6271,4.6804,4.6150,4.6617,4.4433,62167200
2017-09-25,4.6046,4.6117,4.4437,4.5154,4.3039,135520800
2017-09-26,4.5808,4.6058,4.4988,4.5462,4.3333,95090400
2017-09-27,4.6188,4.7192,4.5833,4.6696,4.4508,111348000
2017-09-28,4.6358,4.6750,4.6017,4.6617,4.4433,64536000
2017-09-29,4.6900,4.7704,4.6525,4.7604,4.5374,88248000
2017-10-02,4.7850,4.8321,4.7100,4.7737,4.5501,92205600
2017-10-03,4.7917,4.8200,4.7604,4.8038,4.5787,62738400
2017-10-04,4.7758,4.8463,4.7629,4.8162,4.5906,90153600
2017-10-05,4.8725,4.9629,4.8521,4.9550,4.7229,94291200
2017-10-06,4.9083,4.9750,4.9062,4.9729,4.7400,85960800
2017-10-09,4.9958,5.0108,4.9404,4.9604,4.7281,68851200
2017-10-10,5.0075,5.0237,4.9046,4.9708,4.7380,71757600
2017-10-11,4.9646,5.0167,4.9437,5.0142,4.7793,59788800
2017-10-12,4.9929,5.0450,4.9692,4.9871,4.7535,66180000
2017-10-13,5.0446,5.0600,5.0271,5.0429,4.8067,48873600
2017-10-16,5.0808,5.0975,5.0471,5.0950,4.8563,57079200
2017-10-17,5.0887,5.1146,5.0650,5.1129,4.8734,60189600
2017-10-18,5.1271,5.1279,5.0721,5.0933,4.8547,57900000
2017-10-19,5.0058,5.0375,4.9300,5.0371,4.8011,80680800
2017-10-20,5.0975,5.1096,5.0588,5.0738,4.8361,66554400
2017-10-23,5.1058,5.1071,4.9554,4.9792,4.7459,61456800
2017-10-24,5.0029,5.0321,4.9462,5.0046,4.7702,58872000
2017-10-25,4.9708,5.0200,4.8321,4.9437,4.7122,89191200
2017-10-26,4.9367,4.9696,4.8908,4.8979,4.6685,72768000
2017-10-27,5.1308,5.3496,5.1179,5.3200,5.0708,147818400
2017-10-30,5.3067,5.4200,5.2950,5.3579,5.1069,96556800
2017-10-31,5.4058,5.4396,5.3629,5.4146,5.1609,60196800
2017-11-01,5.4825,5.4900,5.3479,5.4075,5.1542,83064000
2017-11-02,5.3913,5.3987,5.2688,5.3800,5.1280,91780800
2017-11-03,5.4371,5.5363,5.3821,5.5300,5.2710,86700000
2017-11-06,5.5204,5.5950,5.5138,5.5862,5.3246,76096800
2017-11-07,5.5738,5.6204,5.5400,5.5954,5.3333,93321600
2017-11-08,5.5900,5.6687,5.5692,5.6654,5.4000,68863200
2017-11-09,5.5275,5.5833,5.4021,5.5746,5.3135,163195200
2017-11-10,5.5371,5.5858,5.5058,5.5729,5.3119,66436800
2017-11-13,5.5142,5.6142,5.5096,5.5896,5.3278,75144000
2017-11-14,5.5333,5.5517,5.4517,5.5333,5.2741,91000800
2017-11-15,5.4625,5.4979,5.3650,5.4521,5.1967,80668800
2017-11-16,5.5379,5.6962,5.5350,5.6562,5.3913,80853600
2017-11-17,5.6621,5.6733,5.5779,5.5929,5.3309,69352800
2017-11-20,5.6017,5.6208,5.5567,5.5792,5.3178,50059200
2017-11-21,5.6571,5.7667,5.6512,5.7550,5.4854,70742400
2017-11-22,5.7754,5.7962,5.7429,5.7779,5.5073,60117600
2017-11-24,5.8000,5.8475,5.7892,5.8429,5.5692,39952800
2017-11-27,5.8354,5.8758,5.7950,5.8333,5.5601,66837600
2017-11-28,5.8729,5.8896,5.7796,5.8762,5.6010,70305600
2017-11-29,5.8617,5.8617,5.4900,5.5742,5.3131,208288800
2017-11-30,5.6442,5.7433,5.6021,5.7125,5.4449,118780800
2017-12-01,5.6021,5.7179,5.3871,5.6363,5.3722,170294400
2017-12-04,5.7467,5.7596,5.4246,5.4417,5.1868,165444000
2017-12-05,5.4321,5.6371,5.3729,5.4496,5.1943,115480800
2017-12-06,5.3892,5.5479,5.3692,5.5217,5.2630,94759200
2017-12-07,5.5250,5.6250,5.5037,5.5763,5.3150,76156800
2017-12-08,5.7000,5.7408,5.6250,5.6500,5.3853,88401600
2017-12-11,5.6588,5.7867,5.6562,5.7796,5.5089,71568000
2017-12-12,5.7712,5.8092,5.7217,5.7579,5.4882,73377600
2017-12-13,5.8233,5.8450,5.7658,5.7867,5.5156,83342400
2017-12-14,5.8204,5.8621,5.7562,5.7783,5.5077,71246400
2017-12-15,5.8458,5.9921,5.8142,5.9662,5.6868,111669600
2017-12-18,6.0837,6.1371,6.0583,6.1196,5.8329,81081600
2017-12-19,6.0867,6.1062,5.9637,6.0200,5.7380,98868000
2017-12-20,6.0775,6.0800,5.9204,5.9950,5.7142,71150400
2017-12-21,6.0163,6.0712,5.9717,5.9921,5.7114,66518400
2017-12-22,5.9667,5.9788,5.9217,5.9721,5.6923,42492000
2017-12-26,5.8767,5.8967,5.8079,5.8754,5.6002,48866400
2017-12-27,5.8758,5.9225,5.8583,5.8754,5.6002,45196800
2017-12-28,5.9275,5.9329,5.8742,5.8913,5.6153,46730400
2017-12-29,5.9133,5.9133,5.7758,5.7800,5.5092,68558400
2018-01-02,5.8708,6.0892,5.8288,6.0767,5.7920,91735200
2018-01-03,6.1013,6.2775,6.1004,6.2546,5.9616,85224000
2018-01-04,6.3279,6.3504,6.2692,6.2913,5.9966,70024800
2018-01-05,6.3792,6.4950,6.3463,6.4812,6.1777,82380000
2018-01-08,6.4804,6.5667,6.4742,6.5533,6.2464,72252000
2018-01-09,6.5933,6.6154,6.5000,6.5583,6.2511,104169600
2018-01-10,6.4671,6.5142,6.3837,6.5117,6.2066,95853600
2018-01-11,6.5446,6.6421,6.5142,6.6421,6.3310,74839200
2018-01-12,6.6196,6.8088,6.6008,6.7829,6.4652,89560800
2018-01-16,6.9200,7.0279,6.6700,6.7304,6.4151,165021600
2018-01-17,6.8200,6.9771,6.7279,6.9425,6.6173,82624800
2018-01-18,6.9121,6.9954,6.8629,6.9492,6.6236,94394400
2018-01-19,7.0087,7.0458,6.9104,7.0158,6.6872,84948000
2018-01-22,6.9992,7.2350,6.9812,7.2350,6.8961,103862400
2018-01-23,7.3046,7.4363,7.2933,7.4183,7.0708,129343200
2018-01-24,7.4587,7.5108,7.1438,7.2679,6.9275,209073600
2018-01-25,7.4196,7.4250,7.1904,7.2587,6.9187,133300800
2018-01-26,7.3750,7.5829,7.3367,7.5829,7.2277,106437600
2018-01-29,7.5379,7.5892,7.4338,7.4825,7.1320,132348000
2018-01-30,7.2742,7.3896,7.1783,7.2913,6.9497,132506400
2018-01-31,7.4187,7.4608,7.2500,7.3812,7.0355,110997600
2018-02-01,7.2179,7.4250,7.1200,7.1967,6.8596,127968000
2018-02-02,7.1163,7.1596,6.7463,6.7571,6.4406,190185600
2018-02-05,6.5729,6.9017,5.9421,5.9771,5.6971,230628000
2018-02-06,5.7008,6.4583,5.6262,6.4379,6.1363,239383200
2018-02-07,6.3775,6.5829,6.1833,6.1833,5.8937,176112000
2018-02-08,6.2471,6.2558,5.4167,5.4171,5.1633,216405600
2018-02-09,5.6333,5.7979,5.0500,5.6721,5.4064,320344800
2018-02-12,5.8658,6.0996,5.7179,5.9896,5.7090,175056000
2018-02-13,5.8846,6.1083,5.8488,6.0625,5.7785,108055200
2018-02-14,5.9717,6.4425,5.9654,6.4175,6.1169,168115200
2018-02-15,6.5833,6.7617,6.3825,6.7529,6.4366,190375200
2018-02-16,6.7038,6.8946,6.6396,6.6775,6.3647,170553600
2018-02-20,6.6008,6.8850,6.5946,6.7108,6.3965,145869600
2018-02-21,6.8071,7.0087,6.6458,6.6504,6.3389,177477600
2018-02-22,6.7471,6.8479,6.6008,6.6517,6.3401,166603200
2018-02-23,6.8025,7.0525,6.7308,7.0479,6.7178,142768800
2018-02-26,7.1588,7.3342,7.1433,7.3308,6.9874,133951200
2018-02-27,7.3438,7.3829,7.0592,7.0683,6.7372,173308800
2018-02-28,7.1863,7.2562,6.9192,6.9262,6.6018,153014400
2018-03-01,6.9417,7.0342,6.4033,6.5929,6.2841,251916000
2018-03-02,6.3617,6.8058,6.2825,6.7742,6.4568,193399200
2018-03-05,6.6788,7.0467,6.5983,6.9867,6.6594,148881600
2018-03-06,7.0908,7.1537,6.9500,7.0750,6.7436,142060800
2018-03-07,6.9204,7.1458,6.8842,7.1279,6.7940,133764000
2018-03-08,7.2075,7.2592,7.1296,7.2342,6.8953,115168800
2018-03-09,7.3983,7.6554,7.3658,7.6554,7.2968,147348000
2018-03-12,7.7292,7.8404,7.6808,7.7700,7.4060,132679200
2018-03-13,7.7292,7.8404,7.4108,7.4879,7.1372,182292000
2018-03-14,7.5825,7.6054,7.3667,7.4625,7.1129,133622400
2018-03-15,7.4850,7.5754,7.3600,7.4292,7.0812,110896800
2018-03-16,7.4717,7.5283,7.3667,7.3800,7.0343,78268800
2018-03-19,7.1871,7.1871,6.7112,6.9167,6.5927,194232000
2018-03-20,6.9183,7.0167,6.8404,6.9675,6.6411,92193600
2018-03-21,6.9167,7.1083,6.7808,6.8667,6.5450,132496800
2018-03-22,6.6000,6.7333,6.3417,6.3650,6.0668,205879200
2018-03-23,6.3417,6.3958,5.8508,5.8508,5.5768,217598400
2018-03-26,6.2083,6.5350,5.9325,6.5092,6.2043,183504000
2018-03-27,6.6621,6.6621,5.7154,5.8850,5.6093,273614400
2018-03-28,5.7821,5.9508,5.5417,5.6821,5.4159,242289600
2018-03-29,5.7683,6.1542,5.6054,5.9967,5.7158,197073600
2018-04-02,5.8550,5.9375,5.2821,5.4642,5.2082,244953600
2018-04-03,5.6146,5.7167,5.3496,5.6475,5.3830,221805600
2018-04-04,5.3179,5.9658,5.3000,5.9146,5.6375,216729600
2018-04-05,6.0908,6.1146,5.8817,6.0075,5.7261,183355200
2018-04-06,5.8204,5.9925,5.4758,5.5592,5.2988,232291200
2018-04-09,5.7058,6.0108,5.6479,5.6704,5.4048,175891200
2018-04-10,5.9354,6.1062,5.8183,6.0450,5.7618,194875200
2018-04-11,5.9417,6.1404,5.9254,5.9433,5.6649,143440800
2018-04-12,6.0625,6.2188,6.0413,6.1517,5.8635,142766400
2018-04-13,6.2504,6.2767,5.9858,6.0604,5.7765,142485600
2018-04-16,6.1842,6.2663,6.0742,6.1942,5.9040,118298400
2018-04-17,6.3800,6.6383,6.3479,6.5904,6.2817,124147200
2018-04-18,6.6000,6.7063,6.5042,6.6363,6.3254,118089600
2018-04-19,6.5404,6.5825,6.3854,6.4558,6.1534,129019200
2018-04-20,6.4062,6.4167,6.0792,6.1462,5.8583,140812800
2018-04-23,6.2317,6.3050,6.0000,6.0979,5.8123,123333600
2018-04-24,6.1783,6.2121,5.5900,5.7092,5.4417,213019200
2018-04-25,5.7367,5.8000,5.4950,5.7317,5.4632,210816000
2018-04-26,5.9496,6.1458,5.8925,6.0871,5.8019,141993600
2018-04-27,6.3533,6.3604,5.9967,6.1013,5.8155,164858400
2018-04-30,6.1421,6.2542,5.9221,5.9713,5.6915,161124000
2018-05-01,5.9192,6.1733,5.8804,6.1654,5.8766,116978400
2018-05-02,6.2063,6.2604,6.0417,6.0579,5.7741,143652000
2018-05-03,5.9771,6.1246,5.7688,6.0583,5.7745,196072800
2018-05-04,5.9817,6.4437,5.9658,6.3992,6.0994,185932800
2018-05-07,6.4942,6.6221,6.4742,6.5512,6.2444,139063200
2018-05-08,6.5163,6.5808,6.3962,6.5296,6.2237,126715200
2018-05-09,6.5750,6.7646,6.5042,6.7483,6.4322,114996000
2018-05-10,6.8125,6.9725,6.7975,6.9583,6.6324,119006400
2018-05-11,6.9229,6.9842,6.8458,6.9375,6.6125,119697600
2018-05-14,6.9812,7.1038,6.9375,6.9683,6.6419,109183200
2018-05-15,6.8025,6.8142,6.6308,6.7429,6.4271,174520800
2018-05-16,6.7583,6.9167,6.7567,6.8671,6.5454,89712000
2018-05-17,6.7971,6.9454,6.6887,6.7896,6.4715,103219200
2018-05-18,6.7121,6.7792,6.6533,6.6808,6.3679,85466400
2018-05-21,6.8342,6.9262,6.7083,6.7975,6.4791,116892000
2018-05-22,6.8846,6.9208,6.7325,6.7621,6.4453,96943200
2018-05-23,6.6125,6.9363,6.6058,6.9321,6.6074,123045600
2018-05-24,6.9300,6.9637,6.7175,6.9262,6.6018,71110400
2018-05-25,6.9288,7.0200,6.8837,6.9437,6.6185,63081600
2018-05-29,6.8488,6.9725,6.7288,6.8550,6.5339,94451200
2018-05-30,6.9250,7.0350,6.8812,7.0012,6.6733,70806400
2018-05-31,6.9913,7.1225,6.9300,6.9862,6.6590,81056800
2018-06-01,7.0813,7.3225,7.0813,7.3113,6.9688,77171200
2018-06-04,7.3625,7.5125,7.3525,7.4988,7.1475,64049600
2018-06-05,7.5588,7.6137,7.4763,7.5763,7.2214,55900000
2018-06-06,7.6000,7.7075,7.4850,7.7013,7.3405,57628000
2018-06-07,7.7112,7.7150,7.4037,7.5225,7.1701,78452000
2018-06-08,7.4037,7.5500,7.3538,7.5175,7.1654,49320800
2018-06-11,7.4988,7.6325,7.4950,7.5763,7.2214,40836000
2018-06-12,7.6075,7.7162,7.5837,7.6962,7.3357,47848000
2018-06-13,7.7250,7.8663,7.6425,7.6875,7.3274,72247200
2018-06-14,7.7975,7.9575,7.7762,7.9212,7.5502,90452800
2018-06-15,7.8300,7.8863,7.7250,7.8425,7.4751,77689600
2018-06-18,7.6875,7.8438,7.6150,7.8250,7.4585,68726400
2018-06-19,7.5237,7.7575,7.4525,7.7550,7.3917,107633600
2018-06-20,7.8575,8.0162,7.8412,7.9175,7.5466,79644800
2018-06-21,7.9725,7.9988,7.6663,7.7125,7.3512,102280800
2018-06-22,7.7900,7.7975,7.5763,7.6350,7.2774,62227200
2018-06-25,7.4525,7.4837,6.9363,7.1475,6.8127,171306400
2018-06-26,7.2162,7.3475,7.1375,7.2263,6.8878,94165600
2018-06-27,7.3175,7.4150,6.9150,6.9363,6.6113,131838400
2018-06-28,6.9025,7.1762,6.8587,7.1062,6.7734,111300000
2018-06-29,7.2087,7.3200,7.1325,7.1388,6.8044,78536000
2018-07-02,6.9575,7.3075,6.9100,7.2987,6.9569,83296800
2018-07-03,7.3775,7.3850,7.0287,7.0475,6.7174,56425600
2018-07-05,7.1863,7.3238,7.0738,7.3063,6.9640,65622400
2018-07-06,7.3513,7.6613,7.3150,7.6350,7.2774,75012000
2018-07-09,7.7600,7.8562,7.6737,7.8475,7.4799,72377600
2018-07-10,7.8812,7.9187,7.7850,7.8663,7.4978,66784000
2018-07-11,7.6875,7.8325,7.6613,7.7512,7.3882,79829600
2018-07-12,7.8463,8.1400,7.8300,8.1337,7.7527,81352000
2018-07-13,8.1350,8.2037,8.0737,8.1575,7.7754,67876000
2018-07-16,8.1637,8.2075,8.0600,8.1025,7.7230,55560000
2018-07-17,7.8500,8.3000,7.8475,8.2525,7.8659,75593600
2018-07-18,8.2500,8.2738,8.1250,8.2000,7.8159,46537600
2018-07-19,8.1200,8.1950,8.0475,8.0787,7.7003,76874400
2018-07-20,8.1450,8.2288,8.0413,8.0675,7.6896,57396000
2018-07-23,7.9963,8.1538,7.9000,8.1375,7.7563,63027200
2018-07-24,8.3938,8.4812,8.1438,8.2413,7.8552,95066400
2018-07-25,8.2525,8.6012,8.2463,8.5850,8.1829,77241600
2018-07-26,8.2400,8.3175,8.1637,8.2100,7.8254,111888000
2018-07-27,8.3550,8.3625,7.7225,7.8675,7.4990,118098400
2018-07-30,7.8688,7.8762,7.4150,7.5287,7.1761,100805600
2018-07-31,7.6087,7.7863,7.4887,7.6788,7.3191,95712000
2018-08-01,7.7500,7.8538,7.6550,7.7838,7.4191,69301600
2018-08-02,7.6125,8.1250,7.6050,8.0938,7.7146,92242400
2018-08-03,8.1362,8.1737,8.0375,8.1663,7.7837,72133600
2018-08-06,8.1562,8.3212,8.1237,8.3162,7.9267,68068000
2018-08-07,8.3813,8.4500,8.3313,8.3975,8.0041,71970400
2018-08-08,8.3700,8.4812,8.3000,8.4200,8.0256,63434400
2018-08-09,8.4125,8.5125,8.3775,8.4125,8.0184,54530400
2018-08-10,8.2450,8.3188,8.1275,8.2163,7.8314,85626400
2018-08-13,8.2612,8.4213,8.1812,8.1925,7.8087,92674400
2018-08-14,8.2825,8.3737,8.1538,8.3438,7.9529,60727200
2018-08-15,8.1550,8.2250,7.8850,8.0400,7.6634,115857600
2018-08-16,8.2175,8.2688,8.0662,8.1138,7.7337,65142400
2018-08-17,8.0487,8.1775,7.9012,8.1125,7.7325,70262400
2018-08-20,8.1713,8.1788,8.0000,8.0962,7.7170,67461600
2018-08-21,8.1675,8.3275,8.1512,8.1800,7.7968,67069600
2018-08-22,8.1250,8.3025,8.0988,8.2750,7.8874,63313600
2018-08-23,8.2338,8.4075,8.1962,8.2338,7.8481,71133600
2018-08-24,8.3212,8.4838,8.3125,8.4625,8.0661,63956800
2018-08-27,8.5988,8.7188,8.5525,8.7175,8.3091,72851200
2018-08-28,8.7900,8.8212,8.7050,8.7563,8.3461,65224800
2018-08-29,8.8013,9.0750,8.7937,9.0625,8.6380,65735200
2018-08-30,9.0075,9.1700,8.9187,9.0112,8.5891,87863200
2018-08-31,8.9775,9.1187,8.9462,9.0375,8.6142,63180000
2018-09-04,8.9587,9.0037,8.7788,8.9300,8.5117,80209600
2018-09-05,8.8750,8.8787,8.4900,8.5750,8.1733,107729600
2018-09-06,8.5900,8.6163,8.1725,8.3413,7.9505,115504800
2018-09-07,8.1700,8.4613,8.1525,8.2587,7.8719,77009600
2018-09-10,8.3862,8.4025,8.1912,8.3313,7.9410,55448800
2018-09-11,8.2212,8.5600,8.1625,8.5162,8.1173,70522400
2018-09-12,8.4812,8.4987,8.2238,8.4425,8.0470,88261600
2018-09-13,8.5875,8.7525,8.5837,8.6925,8.2853,74676000
2018-09-14,8.7238,8.7675,8.5262,8.6263,8.2222,76688000
2018-09-17,8.5775,8.6038,8.2325,8.2625,7.8755,72823200
2018-09-18,8.2800,8.5813,8.2675,8.4587,8.0625,72758400
2018-09-19,8.4625,8.5225,8.2738,8.4400,8.0446,58962400
2018-09-20,8.6025,8.7475,8.5450,8.7050,8.2972,62683200
2018-09-21,8.7825,8.8225,8.5387,8.5662,8.1650,60281600
2018-09-24,8.3888,8.6488,8.2800,8.6400,8.2353,52875200
2018-09-25,8.6237,8.6912,8.5387,8.6750,8.2686,43259200
2018-09-26,8.6825,8.9338,8.6388,8.6663,8.2603,70920000
2018-09-27,8.7950,8.9975,8.7788,8.9062,8.4891,58525600
2018-09-28,8.8300,8.9688,8.7850,8.8925,8.4760,61857600
2018-10-01,9.0625,9.1462,8.8850,8.9438,8.5248,68232000
2018-10-02,8.9200,9.0950,8.8300,8.8925,8.4760,64787200
2018-10-03,9.0013,9.0625,8.8787,8.9187,8.5010,66569600
2018-10-04,8.8125,8.8225,8.2125,8.4100,8.0161,150889600
2018-10-05,8.4000,8.4788,7.8525,8.0938,7.7146,132924000
2018-10-08,7.9800,8.1562,7.6550,7.9488,7.5764,119353600
2018-10-09,7.9587,8.2000,7.8987,8.0100,7.6348,104289600
2018-10-10,7.8738,7.8825,6.9300,6.9713,6.6447,242856000
2018-10-11,6.8762,7.1562,6.4788,6.6887,6.3754,222432000
2018-10-12,7.2225,7.3150,6.8500,7.2537,6.9140,168488000
2018-10-15,7.1825,7.2137,6.9062,6.9800,6.6530,159735200
2018-10-16,7.2050,7.6462,7.1687,7.5813,7.2261,124466400
2018-10-17,7.7100,7.7225,7.3688,7.6062,7.2500,130120800
2018-10-18,7.5075,7.5163,6.9763,7.0788,6.7472,156348800
2018-10-19,7.2238,7.4237,6.9738,7.0500,6.7198,134836800
2018-10-22,7.1762,7.3225,6.9963,7.1562,6.8210,114926400
2018-10-23,6.7737,7.1850,6.5287,7.0775,6.7460,176781600
2018-10-24,7.0512,7.0875,6.0850,6.1150,5.8286,204842400
2018-10-25,6.3863,6.8463,6.3038,6.7425,6.4267,152073600
2018-10-26,6.0500,6.6038,5.9350,6.2188,5.9274,244761600
2018-10-29,6.4975,6.5750,5.4800,5.8863,5.6105,217961600
2018-10-30,5.7800,6.1312,5.6962,6.1137,5.8274,184865600
2018-10-31,6.4062,6.7075,6.4062,6.5262,6.2205,180157600
2018-11-01,6.5837,6.8275,6.4300,6.8113,6.4922,126066400
2018-11-02,6.7438,6.8663,6.3500,6.5062,6.2015,174357600
2018-11-05,6.5100,6.5175,6.2200,6.4425,6.1407,102600800
2018-11-06,6.4262,6.6912,6.4088,6.5788,6.2706,111461600
2018-11-07,6.8137,7.1950,6.7712,7.1838,6.8472,138552000
2018-11-08,7.0988,7.1650,6.9575,7.0613,6.7305,117524800
2018-11-09,6.8650,6.9100,6.5363,6.7025,6.3885,136739200
2018-11-12,6.5625,6.5988,6.0738,6.1137,5.8274,154367200
2018-11-13,6.1838,6.4375,6.0550,6.1112,5.8250,154454400
2018-11-14,6.2850,6.3525,5.8600,5.9563,5.6772,156124000
2018-11-15,5.9237,6.3263,5.7762,6.2750,5.9811,169816800
2018-11-16,6.0950,6.3000,6.0150,6.2063,5.9155,134324800
2018-11-19,6.1150,6.1438,5.5500,5.6112,5.3484,186492000
2018-11-20,5.2150,5.5300,5.0875,5.3000,5.0517,202991200
2018-11-21,5.5037,5.5775,5.3900,5.4187,5.1649,115115200
2018-11-23,5.2850,5.4650,5.2812,5.2987,5.0505,56880000
2018-11-26,5.5225,5.6725,5.4525,5.6625,5.3973,119964800
2018-11-27,5.5775,5.7650,5.4862,5.7213,5.4533,120163200
2018-11-28,5.8500,6.2700,5.7500,6.2638,5.9703,195064800
2018-11-29,6.1900,6.3337,6.0600,6.2063,5.9155,129044800
2018-11-30,6.2300,6.3550,6.1413,6.3362,6.0394,116635200
2018-12-03,6.7600,6.7875,6.5312,6.6613,6.3492,149343200
2018-12-04,6.5687,6.6238,5.8837,5.9288,5.6510,210096000
2018-12-06,5.5512,6.0275,5.4788,6.0150,5.7332,196156000
2018-12-07,5.9500,6.0525,5.3750,5.4262,5.1721,222987200
2018-12-10,5.3950,5.6700,5.2275,5.5963,5.3341,176468800
2018-12-11,5.8663,5.8750,5.5113,5.6562,5.3913,172163200
2018-12-12,5.9025,6.0662,5.7962,5.7987,5.5271,169451200
2018-12-13,5.9125,5.9862,5.6900,5.8000,5.5283,164724800
2018-12-14,5.6112,5.6663,5.3387,5.3625,5.1113,156177600
2018-12-17,5.3088,5.4363,4.8863,5.0163,4.7813,200592800
2018-12-18,5.1350,5.2512,4.9713,5.1000,4.8611,157893600
2018-12-19,5.0887,5.3238,4.6100,4.7312,4.5096,307862400
2018-12-20,4.6838,4.8475,4.3412,4.5413,4.3285,320818400
2018-12-21,4.5813,4.6762,4.0262,4.1025,3.9103,369034400
2018-12-24,4.0000,4.1613,3.7900,3.7987,3.6208,175600800
2018-12-26,3.9125,4.4925,3.8300,4.4825,4.2783,378235200
2018-12-27,4.3250,4.5500,4.0150,4.5462,4.3391,341834400
2018-12-28,4.6250,4.7638,4.4212,4.5275,4.3212,304842400
2018-12-31,4.6700,4.7100,4.5062,4.6300,4.4191,216966400
2019-01-02,4.3475,4.7787,4.3412,4.6962,4.4823,271665600
2019-01-03,4.4975,4.5512,4.2038,4.2413,4.0480,330510400
2019-01-04,4.4437,4.8450,4.3962,4.7838,4.5658,272964000
2019-01-07,4.8088,5.0188,4.7663,4.9363,4.7114,213106400
2019-01-08,5.0862,5.1388,4.8625,5.0788,4.8474,211622400
2019-01-09,5.1400,5.2712,5.0750,5.1988,4.9619,178098400
2019-01-10,5.0800,5.2537,4.9950,5.2488,5.0096,175131200
2019-01-11,5.1550,5.2038,5.1013,5.1863,4.9500,120804800
2019-01-14,5.0538,5.1175,4.9825,5.0512,4.8211,111383200
2019-01-15,5.1175,5.3650,5.1075,5.3313,5.0884,145125600
2019-01-16,5.3713,5.4825,5.3350,5.3387,5.0955,135892800
2019-01-17,5.2875,5.5338,5.2575,5.4637,5.2148,142040000
2019-01-18,5.5900,5.7013,5.4812,5.6137,5.3580,166908800
2019-01-22,5.5012,5.5100,5.1650,5.3038,5.0621,181734400
2019-01-23,5.3688,5.4375,5.1275,5.3088,5.0669,166093600
2019-01-24,5.3525,5.4275,5.2925,5.4025,5.1564,128115200
2019-01-25,5.5325,5.6462,5.4775,5.5950,5.3401,139513600
2019-01-28,5.3762,5.3888,5.2512,5.3888,5.1433,140359200
2019-01-29,5.3987,5.4012,5.1788,5.2362,4.9977,122530400
2019-01-30,5.4125,5.6900,5.3612,5.6287,5.3723,175824000
2019-01-31,5.7275,5.9650,5.7100,5.8762,5.6086,160575200
2019-02-01,5.7925,5.9275,5.7575,5.8012,5.5370,141561600
2019-02-04,5.8088,6.0200,5.7925,6.0138,5.7398,110976800
2019-02-05,6.0462,6.2000,6.0375,6.1725,5.8913,128916800
2019-02-06,6.1850,6.2162,6.0400,6.1238,5.8448,145420000
2019-02-07,5.9587,6.0037,5.7362,5.8738,5.6062,209793600
2019-02-08,5.7137,5.9062,5.7000,5.9037,5.6348,144722400
2019-02-11,5.9713,6.0138,5.8450,5.8900,5.6217,121196800
2019-02-12,6.0163,6.1737,5.9862,6.1450,5.8651,128226400
2019-02-13,6.2325,6.2850,6.1400,6.1575,5.8770,127609600
2019-02-14,6.0875,6.2438,6.0275,6.1800,5.8985,153369600
2019-02-15,6.3137,6.3150,6.1700,6.2537,5.9689,142496000
2019-02-19,6.1950,6.3488,6.1950,6.2913,6.0047,103572800
2019-02-20,6.3063,6.3787,6.1863,6.2863,5.9999,171065600
2019-02-21,6.2337,6.2863,6.1163,6.2150,5.9319,128493600
2019-02-22,6.2575,6.3650,6.2463,6.3500,6.0607,119637600
2019-02-25,6.5012,6.5475,6.4075,6.4200,6.1275,124102400
2019-02-26,6.3700,6.5000,6.3400,6.4400,6.1466,105356800
2019-02-27,6.3538,6.4475,6.2238,6.4200,6.1275,115844000
2019-02-28,6.3637,6.4475,6.3250,6.3800,6.0894,92063200
2019-03-01,6.5150,6.5363,6.3775,6.5075,6.2111,140156800
2019-03-04,6.6213,6.6663,6.2937,6.5087,6.2122,213088000
2019-03-05,6.5225,6.5850,6.4275,6.5250,6.2278,100348800
2019-03-06,6.5413,6.5475,6.3825,6.4125,6.1204,123468800
2019-03-07,6.3600,6.3675,6.1038,6.1788,5.8973,169306400
2019-03-08,5.9675,6.1525,5.9450,6.1438,5.8639,174936800
2019-03-11,6.2162,6.5388,6.2162,6.5275,6.2301,128468000
2019-03-12,6.5788,6.6838,6.5312,6.6337,6.3316,151606400
2019-03-13,6.7337,6.8863,6.7075,6.7775,6.4688,145129600
2019-03-14,6.7900,6.8150,6.7375,6.7475,6.4401,95443200
2019-03-15,6.8263,6.9925,6.8075,6.9150,6.6000,138845600
2019-03-18,6.9212,7.0425,6.8800,6.9775,6.6596,148994400
2019-03-19,7.0675,7.1600,6.9612,7.0475,6.7265,164380800
2019-03-20,7.0437,7.2562,6.9488,7.1262,6.8040,183522400
2019-03-21,7.0600,7.4875,7.0563,7.4563,7.1191,151957600
2019-03-22,7.3587,7.4187,6.9425,6.9688,6.6536,267601600
2019-03-25,6.8825,6.9963,6.7725,6.9250,6.6119,210369600
2019-03-26,7.0862,7.2100,6.9138,7.0200,6.7026,175872000
2019-03-27,7.0487,7.0975,6.7312,6.8825,6.5713,176810400
2019-03-28,6.9338,7.0037,6.8038,6.9262,6.6131,128437600
2019-03-29,7.0788,7.1025,6.9600,7.0825,6.7623,126980000
2019-04-01,7.2875,7.3875,7.2125,7.3612,7.0284,122364800
2019-04-02,7.3863,7.4650,7.3288,7.4425,7.1060,106728800
2019-04-03,7.5675,7.7112,7.5012,7.5712,7.2289,151384000
2019-04-04,7.5725,7.6600,7.4288,7.5600,7.2182,143620800
2019-04-05,7.6325,7.6875,7.5975,7.6737,7.3268,104654400
2019-04-08,7.6350,7.7488,7.5450,7.7337,7.3841,103460000
2019-04-09,7.6550,7.7288,7.6000,7.6487,7.3029,104121600
2019-04-10,7.6825,7.7775,7.6537,7.7725,7.4211,99244000
2019-04-11,7.8012,7.8038,7.6700,7.7137,7.3650,111770400
2019-04-12,7.8125,7.8250,7.7162,7.8088,7.4557,95228000
2019-04-15,7.8088,7.8400,7.6575,7.8150,7.4616,83369600
2019-04-16,7.8938,7.9437,7.8238,7.8913,7.5344,94287200
2019-04-17,8.0450,8.0700,7.9012,7.9700,7.6096,114422400
2019-04-18,8.0100,8.0138,7.8587,7.9950,7.6335,91903200
2019-04-22,7.8938,8.0737,7.8750,8.0625,7.6979,75756800
2019-04-23,8.1263,8.4000,8.0913,8.3687,7.9903,104954400
2019-04-24,8.3875,8.4225,8.2837,8.2875,7.9128,95075200
2019-04-25,8.4712,8.4812,8.2537,8.3800,8.0011,119690400
2019-04-26,8.3512,8.4125,8.1375,8.4100,8.0297,110516800
2019-04-29,8.4075,8.4963,8.3675,8.4550,8.0727,83797600
2019-04-30,8.2500,8.3013,8.0837,8.2612,7.8877,127595200
2019-05-01,8.4150,8.4888,8.1575,8.1663,7.7970,125916000
2019-05-02,8.1687,8.2913,7.9062,8.0662,7.7015,141288800
2019-05-03,8.2675,8.4688,8.2238,8.4462,8.0643,108889600
2019-05-06,7.9138,8.3275,7.8700,8.2950,7.9199,161715200
2019-05-07,8.0262,8.1275,7.5800,7.8125,7.4592,237529600
2019-05-08,7.7337,7.9237,7.6487,7.7438,7.3936,161237600
2019-05-09,7.4950,7.6988,7.2838,7.6213,7.2766,220417600
2019-05-10,7.5300,7.7537,7.1550,7.6425,7.2969,227858400
2019-05-13,7.0600,7.1788,6.7838,6.8525,6.5427,234920800
2019-05-14,6.9525,7.1975,6.8787,7.0675,6.7479,140192000
2019-05-15,6.9325,7.4237,6.9237,7.3612,7.0284,176160000
2019-05-16,7.3750,7.7275,7.3513,7.5912,7.2480,174026400
2019-05-17,7.3612,7.6675,7.3337,7.3550,7.0224,182510400
2019-05-20,7.0475,7.1287,6.9062,6.9862,6.6704,184368800
2019-05-21,7.1588,7.2550,7.0912,7.1962,6.8709,114487200
2019-05-22,7.0725,7.2225,7.0700,7.1025,6.7814,128912800
2019-05-23,6.8575,6.8600,6.6388,6.7675,6.4615,207680800
2019-05-24,6.8837,6.9500,6.7350,6.7575,6.4520,137225600
2019-05-28,6.8175,6.9262,6.6788,6.6850,6.3827,116903200
2019-05-29,6.5613,6.6250,6.4075,6.5175,6.2228,177921600
2019-05-30,6.5662,6.6475,6.4800,6.5950,6.2968,136428000
2019-05-31,6.3587,6.4262,6.2675,6.2775,5.9937,140600800
2019-06-03,6.2275,6.2750,5.7663,5.8762,5.6105,241812800
2019-06-04,6.0500,6.3600,5.9887,6.3525,6.0653,163869600
2019-06-05,6.5363,6.5400,6.2962,6.4925,6.1989,152316800
2019-06-06,6.5250,6.6937,6.4387,6.6425,6.3422,100302400
2019-06-07,6.7500,7.1150,6.7275,7.0212,6.7038,151548000
2019-06-10,7.1700,7.4775,7.1700,7.2775,6.9484,183272000
2019-06-11,7.5075,7.5462,7.2312,7.3050,6.9747,137447200
2019-06-12,7.2413,7.2875,7.1375,7.1813,6.8565,110176000
2019-06-13,7.2663,7.3538,7.2225,7.2987,6.9687,98559200
2019-06-14,7.1838,7.2625,7.1238,7.2038,6.8780,77144800
2019-06-17,7.2488,7.3962,7.2300,7.3350,7.0033,75050400
2019-06-18,7.5938,7.8113,7.5388,7.6525,7.3065,141829600
2019-06-19,7.6912,7.7950,7.5500,7.7425,7.3924,136979200
2019-06-20,8.0612,8.0662,7.7787,7.9550,7.5953,119355200
2019-06-21,7.9138,8.0675,7.8688,7.9187,7.5607,104646400
2019-06-24,7.9612,7.9862,7.9012,7.9163,7.5583,68938400
2019-06-25,7.8975,7.9100,7.4725,7.5113,7.1716,139623200
2019-06-26,7.6525,7.7975,7.5750,7.6062,7.2623,94115200
2019-06-27,7.6887,7.7488,7.6312,7.6887,7.3411,75270400
2019-06-28,7.7475,7.7737,7.6388,7.7213,7.3721,98932800
2019-07-01,8.1625,8.1938,7.9237,8.0288,7.6657,144820800
2019-07-02,8.0200,8.1263,7.9550,8.1263,7.7588,81248800
2019-07-03,8.1775,8.3062,8.1575,8.3062,7.9307,67127200
2019-07-05,8.1362,8.2987,8.0387,8.2525,7.8794,116844800
2019-07-08,8.0988,8.1000,7.9775,8.0787,7.7135,105787200
2019-07-09,7.9587,8.2275,7.9412,8.2000,7.8292,88595200
2019-07-10,8.3500,8.5112,8.3000,8.4425,8.0608,154109600
2019-07-11,8.4838,8.5375,8.3387,8.4200,8.0393,127849600
2019-07-12,8.4438,8.5638,8.4225,8.5612,8.1741,89192800
2019-07-15,8.6200,8.6488,8.5513,8.6337,8.2434,73394400
2019-07-16,8.6062,8.6350,8.4300,8.5112,8.1264,111992000
2019-07-17,8.5150,8.5538,8.3800,8.3850,8.0059,92508000
2019-07-18,8.2612,8.4575,8.1788,8.4213,8.0405,135568000
2019-07-19,8.5875,8.5875,8.1962,8.2175,7.8459,140779200
2019-07-22,8.2800,8.4663,8.2775,8.4113,8.0309,95506400
2019-07-23,8.5513,8.5775,8.3800,8.5737,8.1861,116049600
2019-07-24,8.4800,8.7563,8.4750,8.7563,8.3603,109244800
2019-07-25,8.6675,8.6687,8.4550,8.5063,8.1216,150075200
2019-07-26,8.6625,8.7987,8.6525,8.7587,8.3627,111478400
2019-07-29,8.7450,8.7450,8.5087,8.6775,8.2851,113275200
2019-07-30,8.4775,8.6600,8.4575,8.5612,8.1741,111504000
2019-07-31,8.6287,8.6438,7.9625,8.2000,7.8292,196340800
2019-08-01,8.2450,8.7000,7.9550,8.0850,7.7194,298384800
2019-08-02,7.9000,7.9288,7.5750,7.7150,7.3662,246920000
2019-08-05,7.2425,7.2425,6.7100,6.9050,6.5928,302484800
2019-08-06,7.0900,7.2475,6.9375,7.1887,6.8637,213540800
2019-08-07,6.9513,7.3288,6.7875,7.2937,6.9640,307908800
2019-08-08,7.4050,7.7787,7.3362,7.7762,7.4246,219056000
2019-08-09,7.6575,7.7400,7.3713,7.5462,7.2050,221366400
2019-08-12,7.4100,7.4788,7.1900,7.2937,6.9640,213311200
2019-08-13,7.2800,7.9237,7.2500,7.7725,7.4211,239259200
2019-08-14,7.3938,7.4675,7.0325,7.0763,6.7563,304930400
2019-08-15,7.1125,7.1650,6.8837,7.0462,6.7276,208939200
2019-08-16,7.2225,7.4363,7.2225,7.3713,7.0380,164405600
2019-08-19,7.6838,7.7800,7.6213,7.7162,7.3673,120044000
2019-08-20,7.6762,7.7562,7.5512,7.5575,7.2158,125264000
2019-08-21,7.7537,7.8238,7.6712,7.7500,7.3996,101481600
2019-08-22,7.7950,7.8488,7.4913,7.6750,7.3280,152629600
2019-08-23,7.5163,7.7250,6.8850,6.9725,6.6572,302350400
2019-08-26,7.1863,7.2575,7.0575,7.2550,6.9270,146585600
2019-08-27,7.4062,7.4450,7.1250,7.2112,6.8852,154579200
2019-08-28,7.1388,7.3212,7.0312,7.2838,6.9544,127824800
2019-08-29,7.5525,7.6788,7.4675,7.6150,7.2707,141523200
2019-08-30,7.7400,7.7413,7.4325,7.5613,7.2194,136103200
2019-09-03,7.4113,7.5225,7.2638,7.3412,7.0093,128785600
2019-09-04,7.5475,7.6712,7.4900,7.6500,7.3041,100464800
2019-09-05,7.9025,8.1388,7.8900,8.0725,7.7075,126744000
2019-09-06,8.1062,8.1200,7.9950,8.0500,7.6860,115038400
2019-09-09,8.1213,8.1337,7.8713,7.9988,7.6371,112312800
2019-09-10,7.8675,7.9350,7.7100,7.9325,7.5738,136765600
2019-09-11,7.9688,8.1613,7.9163,8.1462,7.7779,111400800
2019-09-12,8.2975,8.4350,8.2113,8.2475,7.8746,139931200
2019-09-13,8.2125,8.2675,8.1250,8.1600,7.7910,107610400
2019-09-16,7.9988,8.0975,7.9750,8.0475,7.6836,97124000
2019-09-17,8.0450,8.1613,7.9975,8.1538,7.7851,90796000
2019-09-18,8.1075,8.1587,7.8438,8.1488,7.7803,142063200
2019-09-19,8.1912,8.3363,8.1375,8.1850,7.8149,132770400
2019-09-20,8.2200,8.2437,7.8425,7.9275,7.5690,123512800
2019-09-23,7.9100,8.0050,7.8375,7.9350,7.5762,89409600
2019-09-24,8.0437,8.0925,7.5175,7.6213,7.2766,203765600
2019-09-25,7.5950,7.9300,7.4037,7.8650,7.5094,152304000
2019-09-26,7.8412,7.8575,7.6075,7.7863,7.4342,136214400
2019-09-27,7.8187,7.8313,7.3325,7.5037,7.1645,188492000
2019-09-30,7.5750,7.7400,7.5350,7.7038,7.3554,117103200
2019-10-01,7.7900,7.9187,7.4775,7.5175,7.1776,158454400
2019-10-02,7.3663,7.3663,7.0025,7.1325,6.8100,270824000
2019-10-03,7.1275,7.3713,6.8637,7.3675,7.0344,240521600
2019-10-04,7.4637,7.7100,7.4488,7.6775,7.3304,168977600
2019-10-07,7.6075,7.7913,7.5675,7.6062,7.2623,162530400
2019-10-08,7.4550,7.5600,7.2500,7.2600,6.9317,235405600
2019-10-09,7.4500,7.5763,7.3825,7.4800,7.1418,152269600
2019-10-10,7.4812,7.7337,7.4600,7.6438,7.2981,176239200
2019-10-11,7.9025,8.1250,7.8925,7.9300,7.5714,222509600
2019-10-14,7.9062,8.0138,7.8825,7.9387,7.5798,91493600
2019-10-15,8.0100,8.2937,7.9963,8.2400,7.8674,140721600
2019-10-16,8.1525,8.2388,8.0988,8.1788,7.8089,117193600
2019-10-17,8.3200,8.3575,8.1425,8.2350,7.8626,121839200
2019-10-18,8.2025,8.2537,7.8738,7.9988,7.6371,154444000
2019-10-21,8.1287,8.2275,8.0538,8.2100,7.8388,94176000
2019-10-22,8.2950,8.3413,8.0100,8.0200,7.6574,125023200
2019-10-23,7.9637,8.0638,7.9250,8.0575,7.6932,96905600
2019-10-24,8.2338,8.3050,8.1213,8.2887,7.9140,122484800
2019-10-25,8.1613,8.4987,8.1562,8.4775,8.0942,129177600
2019-10-28,8.6075,8.7712,8.6075,8.7362,8.3412,111596000
2019-10-29,8.6938,8.7312,8.5288,8.5350,8.1491,107028000
2019-10-30,8.5800,8.6975,8.4338,8.6550,8.2637,118984800
2019-10-31,8.7212,8.7400,8.5138,8.6613,8.2696,123296000
2019-11-01,8.7762,8.8988,8.7362,8.8962,8.4940,115052800
2019-11-04,9.0763,9.1213,9.0150,9.0550,8.6456,99926400
2019-11-05,9.0962,9.1225,8.9862,9.0662,8.6563,103229600
2019-11-06,9.0437,9.0475,8.8813,9.0087,8.6014,115329600
2019-11-07,9.1512,9.2750,9.0212,9.1000,8.6885,125719200
2019-11-08,9.0463,9.2113,8.9788,9.2075,8.7912,81607200
2019-11-11,9.0712,9.1825,9.0312,9.1687,8.7542,76092800
2019-11-12,9.1900,9.3400,9.1500,9.2437,8.8258,128692000
2019-11-13,9.1538,9.2788,9.1325,9.2300,8.8127,111758400
2019-11-14,9.1488,9.2463,9.0638,9.2275,8.8103,106651200
2019-11-15,9.3888,9.4175,9.3075,9.4012,8.9762,90586400
2019-11-18,9.3888,9.4975,9.2725,9.4500,9.0227,96696000
2019-11-19,9.5588,9.5588,9.3862,9.4888,9.0597,112120000
2019-11-20,9.4187,9.5037,9.1025,9.3225,8.9010,150380000
2019-11-21,9.2900,9.3062,9.1687,9.2500,8.8317,90659200
2019-11-22,9.3200,9.3387,9.1213,9.2750,8.8556,83668000
2019-11-25,9.3900,9.6025,9.3875,9.5962,9.1623,80078400
2019-11-26,9.6138,9.6888,9.5750,9.6538,9.2172,83690400
2019-11-27,9.7225,9.8525,9.6900,9.8488,9.4034,81556800
2019-11-29,9.7762,9.8212,9.7000,9.7175,9.2781,53796000
2019-12-02,9.7175,9.7238,9.2537,9.4050,8.9797,151815200
2019-12-03,9.0375,9.2037,8.8888,9.1938,8.7780,156052000
2019-12-04,9.3363,9.3962,9.2925,9.3300,8.9081,87659200
2019-12-05,9.4275,9.4288,9.2463,9.3787,8.9547,89080800
2019-12-06,9.5850,9.7025,9.5675,9.6687,9.2316,92941600
2019-12-09,9.6362,9.7662,9.5400,9.5500,9.1182,77928800
2019-12-10,9.5562,9.6600,9.4600,9.5288,9.0979,112048000
2019-12-11,9.5850,9.7037,9.5450,9.6725,9.2351,90596000
2019-12-12,9.6412,10.0000,9.6025,9.8938,9.4464,183164000
2019-12-13,9.8700,10.0900,9.8075,9.9825,9.5311,160996000
2019-12-16,10.1775,10.3212,10.1700,10.2688,9.8044,99388000
2019-12-17,10.3212,10.3488,10.2500,10.2825,9.8176,84548800
2019-12-18,10.3313,10.4100,10.2925,10.3062,9.8402,71408000
2019-12-19,10.3325,10.5225,10.3325,10.5162,10.0407,83384800
2019-12-20,10.6538,10.6900,10.5750,10.6412,10.1601,99548000
2019-12-23,10.7525,10.7725,10.6962,10.7200,10.2353,72427200
2019-12-24,10.7437,10.7587,10.6562,10.7300,10.2485,39898400
2019-12-26,10.7788,11.0138,10.7788,11.0087,10.5148,64258400
2019-12-27,11.1263,11.1325,10.8938,10.9762,10.4837,99750400
2019-12-30,10.9663,10.9825,10.6000,10.7575,10.2748,112905600
2019-12-31,10.6625,10.8450,10.6075,10.8188,10.3333,84380000
2020-01-02,11.0887,11.3550,11.0275,11.3550,10.8455,131072000
2020-01-03,10.9113,11.2500,10.9050,11.0463,10.5506,145180000
2020-01-06,10.7837,11.2600,10.7437,11.2563,10.7512,128095200
2020-01-07,11.2675,11.3475,11.1450,11.2425,10.7380,107699200
2020-01-08,11.2450,11.6600,11.1912,11.5013,10.9852,159164800
2020-01-09,11.7788,11.8575,11.5900,11.7913,11.2622,145423200
2020-01-10,11.9237,11.9338,11.6412,11.6950,11.1702,137604000
2020-01-13,11.8413,12.1100,11.7887,12.1038,11.5606,116558400
2020-01-14,12.0725,12.1438,11.9025,11.9625,11.4257,145737600
2020-01-15,11.9725,12.1412,11.8525,11.9700,11.4329,133003200
2020-01-16,12.1388,12.3112,12.0662,12.3038,11.7517,121100800
2020-01-17,12.4637,12.5175,12.2825,12.4875,11.9272,144402400
2020-01-21,12.3787,12.5638,12.3700,12.4812,11.9212,138882400
2020-01-22,12.6538,12.7863,12.5225,12.5662,12.0024,136148800
2020-01-23,12.5413,12.6987,12.3713,12.6825,12.1134,143588800
2020-01-24,12.8625,12.9012,12.1888,12.3538,11.7994,239374400
2020-01-27,11.5312,11.7937,11.2725,11.5900,11.0699,198626400
2020-01-28,11.8313,12.2087,11.7475,12.1287,11.5845,171862400
2020-01-29,12.3287,12.3700,12.0225,12.1725,11.6263,137877600
2020-01-30,11.9500,12.3250,11.8313,12.3100,11.7576,200249600
2020-01-31,12.4600,12.4688,11.5938,11.7050,11.1798,220384000
2020-02-03,11.8888,12.3325,11.8663,12.2425,11.6932,173688000
2020-02-04,12.7500,13.1562,12.6275,13.0787,12.4919,140248800
2020-02-05,13.5700,13.5725,12.9862,13.2300,12.6364,174612000
2020-02-06,13.3138,13.5675,13.1763,13.5525,12.9444,113132800
2020-02-07,13.3725,13.6012,13.2650,13.3775,12.7772,154052000
2020-02-10,13.2475,13.8638,13.2375,13.8600,13.2381,123248800
2020-02-11,14.0875,14.2338,13.7600,13.8700,13.2476,193770400
2020-02-12,14.1112,14.2937,14.0125,14.2762,13.6357,121608000
2020-02-13,13.9738,14.3875,13.9225,14.2212,13.5831,155282400
2020-02-14,14.2775,14.3737,14.1350,14.3175,13.6751,113969600
2020-02-18,14.1150,14.4288,14.0737,14.3425,13.6989,130167200
2020-02-19,14.6012,14.8500,14.5500,14.7575,14.0953,105627200
2020-02-20,14.6625,14.7475,13.7987,14.3375,13.6942,227657600
2020-02-21,14.1325,14.1975,13.3413,13.5175,12.9110,207107200
2020-02-24,12.0350,12.4475,11.7037,11.9600,11.4233,269674400
2020-02-25,12.2413,12.3638,10.8675,10.9925,10.4993,300793600
2020-02-26,11.1600,11.7163,10.8938,11.1438,10.6437,335736000
2020-02-27,10.2875,10.8013,9.4475,9.4775,9.0522,425116000
2020-02-28,8.5513,9.6788,8.4375,9.6250,9.1931,494222400
2020-03-02,9.9087,10.9675,9.4963,10.9388,10.4479,363518400
2020-03-03,11.0463,11.4375,9.6100,9.9087,9.4641,548126400
2020-03-04,10.4425,11.1438,10.1625,11.1112,10.6127,315827200
2020-03-05,10.2800,10.8450,9.8862,10.1362,9.6814,386972000
2020-03-06,9.0913,9.7600,8.8750,9.6050,9.1740,393519200
2020-03-09,7.6912,8.6438,7.6250,7.6537,7.3103,406964800
2020-03-10,8.4975,8.8663,7.6250,8.8450,8.4481,456252800
2020-03-11,8.2225,8.4038,7.3750,7.7075,7.3617,430928000
2020-03-12,6.1875,7.1875,5.5500,5.5950,5.3439,618225600
2020-03-13,6.5300,7.1638,5.6325,7.1050,6.7862,556290400
2020-03-16,5.0575,6.0750,4.6238,4.6562,4.4473,658290400
2020-03-17,4.9225,5.6425,4.4688,5.4150,5.1720,762020800
2020-03-18,4.5375,5.1875,4.0912,4.9138,4.6933,848999200
2020-03-19,4.8562,5.5100,4.5000,5.0275,4.8019,804808800
2020-03-20,5.3738,5.4750,4.3875,4.4387,4.2396,782255200
2020-03-23,4.4913,4.7500,4.0338,4.4525,4.2527,820073600
2020-03-24,5.1537,5.4675,5.0163,5.4450,5.2007,829824000
2020-03-25,5.5250,5.9800,5.1350,5.3187,5.0801,834874400
2020-03-26,5.4788,6.2500,5.4587,6.1850,5.9075,649240000
2020-03-27,5.7038,6.0413,5.4738,5.5425,5.2938,557143200
2020-03-30,5.6975,6.1725,5.6250,6.1250,5.8502,416621600
2020-03-31,6.0763,6.4412,5.8575,5.9550,5.6878,731904000
2020-04-01,5.4500,5.7150,5.0775,5.2162,4.9822,535589600
2020-04-02,5.1500,5.5425,5.0963,5.5250,5.2771,467531200
2020-04-03,5.4825,5.6225,5.1075,5.3025,5.0646,554484000
2020-04-06,5.8888,6.5237,5.7950,6.4125,6.1248,518616800
2020-04-07,6.9875,7.0363,6.3750,6.4000,6.1128,658009600
2020-04-08,6.5862,6.8750,6.4100,6.8088,6.5032,518180000
2020-04-09,6.9913,7.0900,6.6588,6.8337,6.5271,553297600
2020-04-13,6.7500,7.1100,6.6337,7.0712,6.7540,426961600
2020-04-14,7.5062,8.0500,7.4237,7.9887,7.6303,490049600
2020-04-15,7.6137,7.9237,7.4575,7.7238,7.3772,431688000
2020-04-16,7.9763,8.2587,7.7438,8.1375,7.7724,562920000
2020-04-17,8.4587,8.5125,8.0037,8.3413,7.9670,463564800
2020-04-20,8.1488,8.4388,8.0575,8.0712,7.7091,386998400
2020-04-21,7.8325,7.8913,7.0388,7.1788,6.8566,519489600
2020-04-22,7.6287,7.9575,7.5388,7.8137,7.4631,274185600
2020-04-23,7.9037,8.1987,7.7150,7.7625,7.4142,424868000
2020-04-24,7.8175,8.1750,7.6512,8.1375,7.7724,317981600
2020-04-27,8.3975,8.4487,8.2050,8.2963,7.9240,304741600
2020-04-28,8.5275,8.5288,7.8263,7.8475,7.4954,386247200
2020-04-29,8.3813,8.7963,8.2612,8.6637,8.2750,346104000
2020-04-30,8.8013,8.8088,8.4937,8.7212,8.3299,380544800
2020-05-01,8.1650,8.4137,7.8125,7.9387,7.5825,346245600
2020-05-04,7.8175,8.2413,7.7587,8.2188,7.8500,200756000
2020-05-05,8.4663,8.7775,8.4012,8.4812,8.1007,288714400
2020-05-06,8.6925,8.8912,8.5487,8.6488,8.2607,311880800
2020-05-07,8.9788,9.0938,8.8212,8.9862,8.5830,289489600
2020-05-08,9.1938,9.3687,9.0650,9.3488,8.9293,262202400
2020-05-11,9.1838,9.7375,9.1562,9.5813,9.1513,269384000
2020-05-12,9.6838,9.7662,9.0037,9.0112,8.6069,339363200
2020-05-13,9.0737,9.3062,8.3450,8.6700,8.2810,491119200
2020-05-14,8.5050,8.9613,8.2638,8.9575,8.5556,402999200
2020-05-15,8.5887,9.1375,8.5363,9.1112,8.7024,357806400
2020-05-18,9.5000,9.7750,9.4025,9.6388,9.2063,296474400
2020-05-19,9.6725,9.9462,9.5500,9.5650,9.1358,261430400
2020-05-20,9.9012,10.1888,9.9012,10.1250,9.6707,285416000
2020-05-21,10.1550,10.2400,9.7413,9.8138,9.3734,322693600
2020-05-22,9.7612,9.9362,9.6313,9.9025,9.4582,209664800
2020-05-26,10.3813,10.4150,9.7975,9.8612,9.4188,245202400
2020-05-27,9.7638,10.0050,9.1725,10.0000,9.5513,347291200
2020-05-28,9.8250,10.4012,9.8188,9.9362,9.4904,303992800
2020-05-29,10.0050,10.4150,9.7900,10.3462,9.8820,358492800
2020-06-01,10.2575,10.5300,10.2037,10.4738,10.0038,209881600
2020-06-02,10.5300,10.6938,10.2050,10.6825,10.2032,250714400
2020-06-03,10.7688,10.9362,10.6512,10.8275,10.3417,215033600
2020-06-04,10.7788,10.9850,10.4200,10.6075,10.1315,266408800
2020-06-05,10.7375,11.3162,10.6875,11.2362,10.7321,281394400
2020-06-08,11.1987,11.5100,10.9875,11.4862,10.9708,218544800
2020-06-09,11.3612,11.8725,11.3425,11.7425,11.2156,213179200
2020-06-10,11.9950,12.4025,11.9225,12.1663,11.6203,302911200
2020-06-11,11.5725,11.7762,10.3525,10.3750,9.9095,383332000
2020-06-12,11.0363,11.2063,10.0538,10.6000,10.1244,411876800
2020-06-15,10.1350,11.0850,10.0075,10.9738,10.4813,398184800
2020-06-16,11.6737,11.7650,11.0387,11.5538,11.0353,383217600
2020-06-17,11.7712,11.9325,11.5500,11.6663,11.1428,258858400
2020-06-18,11.6175,11.7950,11.5050,11.7563,11.2287,212785600
2020-06-19,12.1213,12.1538,11.4950,11.7400,11.2132,289950400
2020-06-22,11.7388,12.1938,11.6888,12.1575,11.6120,220133600
2020-06-23,12.4213,12.8275,12.3325,12.4750,11.9152,234898400
2020-06-24,12.3625,12.5588,11.4812,11.7400,11.2132,392821600
2020-06-25,11.7388,12.0900,11.3425,12.0513,11.5105,301703200
2020-06-26,12.0025,12.0375,11.1125,11.1850,10.6831,375940800
2020-06-29,11.1512,11.5538,10.7850,11.5425,11.0246,259609600
2020-06-30,11.5400,12.3100,11.5162,12.2063,11.6585,251388800
2020-07-01,12.2325,12.8088,12.1550,12.6425,12.0752,252137600
2020-07-02,13.0363,13.2338,12.8425,12.9113,12.3319,228152000
2020-07-06,13.4125,13.9475,13.4113,13.8600,13.2381,211984000
2020-07-07,13.8188,14.2700,13.5300,13.5875,12.9778,246099200
2020-07-08,13.8038,14.1175,13.5612,14.1100,13.4769,239931200
2020-07-09,14.4263,14.5837,13.7325,14.4625,13.8136,317596000
2020-07-10,14.4275,14.8062,13.9862,14.7688,14.1061,242789600
2020-07-13,15.2563,15.7437,13.7113,13.8562,13.2345,374584800
2020-07-14,13.4487,14.2150,12.9237,14.1500,13.5151,459751200
2020-07-15,14.3575,14.5275,13.6737,14.2200,13.5819,367544000
2020-07-16,13.7550,14.0450,13.3737,13.9150,13.2906,299972000
2020-07-17,14.0200,14.1300,13.6250,13.9800,13.3527,231003200
2020-07-20,14.1000,15.2788,13.8862,15.1700,14.4893,251621600
2020-07-21,15.4487,15.4587,14.5500,14.6850,14.0261,294313600
2020-07-22,14.7712,15.0162,14.4563,14.8550,14.1884,227788800
2020-07-23,14.7887,14.9050,13.4462,13.6912,13.0769,336648800
2020-07-24,13.0638,13.5200,12.6263,13.2863,12.6901,357218400
2020-07-27,13.5737,14.0688,13.4350,14.0000,13.3718,267624000
2020-07-28,13.8850,13.9637,13.4213,13.4738,12.8692,238702400
2020-07-29,13.7113,14.0763,13.6438,13.9325,13.3073,194280800
2020-07-30,13.6125,14.2463,13.4200,14.1587,13.5234,302200000
2020-07-31,14.9150,14.9375,14.1100,14.9225,14.2529,359815200
2020-08-03,15.2812,15.6412,15.2575,15.4788,14.7842,217868000
2020-08-04,15.4150,15.7025,15.2925,15.6800,14.9764,211008000
2020-08-05,15.7688,15.8837,15.6138,15.8050,15.0958,162381600
2020-08-06,15.7638,16.4912,15.6525,16.4100,15.6737,192064000
2020-08-07,16.3275,16.4775,15.4613,15.8737,15.1615,296708000
2020-08-10,15.9087,15.9513,15.0212,15.6600,14.9573,254311200
2020-08-11,15.4450,15.6812,14.6737,14.7712,14.1084,310273600
2020-08-12,15.1375,16.0450,15.1375,15.8763,15.1639,221247200
2020-08-13,16.0100,16.3975,15.8162,15.9875,15.2701,234281600
2020-08-14,16.0825,16.1488,15.6763,15.9412,15.2260,199737600
2020-08-17,16.2337,16.5450,16.2075,16.4675,15.7286,126664800
2020-08-18,16.6787,17.0500,16.4112,16.9513,16.1906,149313600
2020-08-19,16.9487,17.1513,16.5362,16.6200,15.8742,205847200
2020-08-20,16.4688,17.3988,16.3962,17.3037,16.5273,152774400
2020-08-21,17.3325,17.7512,17.2237,17.6650,16.8724,164280000
2020-08-24,18.2763,18.4450,17.5550,17.9925,17.1852,251384000
2020-08-25,17.8538,18.4312,17.7588,18.4125,17.5863,172556800
2020-08-26,18.6588,19.6313,18.6350,19.5912,18.7122,219663200
2020-08-27,19.8225,19.9837,18.9475,19.4137,18.5426,302602400
2020-08-28,19.6612,19.8412,19.3937,19.7138,18.8292,198145600
2020-08-31,19.8175,20.5675,19.7275,20.1700,19.2650,180398400
2020-09-01,20.7400,21.2463,20.3687,21.2175,20.2655,193147200
2020-09-02,21.9350,21.9587,20.5837,21.8162,20.8373,289369600
2020-09-03,20.8412,20.9250,17.8525,18.4662,17.6376,443024800
2020-09-04,18.1725,18.7875,15.4825,17.7050,16.9106,561480800
2020-09-08,15.6187,16.7463,15.1325,15.2025,14.5203,426824800
2020-09-09,16.1287,16.9000,15.7087,16.5088,15.7680,290352000
2020-09-10,17.0650,17.2987,15.2175,15.5538,14.8558,465936800
2020-09-11,15.8750,16.0238,14.6012,15.2137,14.5311,385797600
2020-09-14,15.8750,16.3512,15.6350,15.9975,15.2797,269032800
2020-09-15,16.6663,16.9275,16.3700,16.6775,15.9292,300889600
2020-09-16,16.8162,16.9150,15.8237,15.8763,15.1639,306141600
2020-09-17,14.6512,15.4950,14.5063,15.1450,14.4654,446844800
2020-09-18,15.3575,15.4312,13.8450,14.5600,13.9067,463042400
2020-09-21,13.9038,14.7437,13.5125,14.7325,14.0714,375314400
2020-09-22,15.1500,15.6412,14.5575,15.5375,14.8403,315066400
2020-09-23,15.4812,15.5188,13.9637,14.0988,13.4661,405507200
2020-09-24,13.7113,14.8387,13.6462,14.3050,13.6631,375036000
2020-09-25,14.3837,15.4450,14.1313,15.3075,14.6206,324478400
2020-09-28,16.1612,16.2500,15.6962,16.2150,15.4874,273331200
2020-09-29,16.1850,16.3550,15.9412,16.0450,15.3250,221805600
2020-09-30,16.0737,16.9400,16.0312,16.3625,15.6283,338768000
2020-10-01,17.0713,17.2588,16.7225,17.1287,16.3602,278676000
2020-10-02,16.0150,16.7038,15.5413,15.7163,15.0110,399553600
2020-10-05,16.0588,16.7625,16.0312,16.7075,15.9578,210790400
2020-10-06,16.5487,16.8900,15.6438,15.8100,15.1006,345648800
2020-10-07,16.2712,16.7638,16.1725,16.6413,15.8945,225088800
2020-10-08,17.0562,17.0763,16.6925,16.8862,16.1285,197893600
2020-10-09,17.1925,17.6737,17.1200,17.6375,16.8461,195271200
2020-10-12,18.5500,19.8412,18.3575,19.2825,18.4173,294116800
2020-10-13,19.6500,19.7913,19.0187,19.2850,18.4197,283861600
2020-10-14,19.4575,19.6500,18.4562,18.8088,17.9648,296589600
2020-10-15,17.8775,18.5487,17.7425,18.4200,17.5935,249076800
2020-10-16,18.7588,19.0338,18.0625,18.1375,17.3237,228096800
2020-10-19,18.5050,18.6887,17.0450,17.2362,16.4628,277555200
2020-10-20,17.3725,17.9250,17.0737,17.3475,16.5691,274710400
2020-10-21,17.3862,17.8762,17.2150,17.3025,16.5261,242572800
2020-10-22,17.4625,17.6250,16.6838,17.3113,16.5345,239163200
2020-10-23,17.4263,17.4287,16.8612,17.4125,16.6312,191088000
2020-10-26,16.9713,17.4975,15.9362,16.6187,15.8731,317113600
2020-10-27,16.7838,17.1500,16.5650,17.0112,16.2479,223860000
2020-10-28,16.1775,16.2800,14.9750,15.0150,14.3413,369440000
2020-10-29,15.2425,16.3075,15.1550,15.7788,15.0707,276374400
2020-10-30,15.4438,15.5913,14.1938,14.6812,14.0225,461622400
2020-11-02,14.9738,15.2612,14.2013,14.6862,14.0273,302272000
2020-11-03,14.9975,15.8013,14.8250,15.4250,14.7329,269938400
2020-11-04,16.9487,17.8300,16.6650,17.5100,16.7243,338375200
2020-11-05,18.7075,19.0688,18.4487,18.8612,18.0149,300264800
2020-11-06,18.7337,19.0713,18.0075,18.9250,18.0758,270302400
2020-11-09,19.4600,19.7975,17.6850,17.7700,16.9726,331731200
2020-11-10,17.1425,17.4062,16.2938,16.8113,16.0569,337333600
2020-11-11,17.2588,18.0238,17.1850,17.9412,17.1362,253661600
2020-11-12,18.1063,18.3650,17.4650,17.6787,16.8855,286687200
2020-11-13,17.9725,18.2600,17.5825,18.1425,17.3284,209495200
2020-11-16,18.0938,18.6262,17.9675,18.5600,17.7272,213748800
2020-11-17,18.6000,18.6700,18.2663,18.3888,17.5636,182704000
2020-11-18,18.2825,18.5938,17.9625,17.9625,17.1565,154341600
2020-11-19,17.8638,18.4613,17.7450,18.4075,17.5815,159341600
2020-11-20,18.3813,18.5338,18.0150,18.0338,17.2246,129993600
2020-11-23,18.2275,18.4675,17.5950,18.0375,17.2281,179060800
2020-11-24,18.2275,18.8787,17.8838,18.7750,17.9325,156015200
2020-11-25,18.9650,19.2512,18.8062,19.1287,18.2704,128677600
2020-11-27,19.5050,19.8838,19.4412,19.6513,18.7695,92927200
2020-11-30,19.7150,19.8475,18.8225,19.7525,18.8662,184622400
2020-12-01,20.2237,20.8687,20.0125,20.5287,19.6076,169989600
2020-12-02,20.2763,20.6800,19.8975,20.6112,19.6864,146129600
2020-12-03,20.6612,21.0238,20.5438,20.6950,19.7664,157461600
2020-12-04,20.7000,20.9800,20.5637,20.9487,20.0088,127088000
2020-12-07,20.9875,21.3775,20.9500,21.3037,20.3478,124028000
2020-12-08,21.2062,21.5850,20.8263,21.4988,20.5341,133925600
2020-12-09,21.4800,21.5325,19.8275,20.0588,19.1587,244878400
2020-12-10,19.6300,20.5338,19.4075,20.3050,19.3939,173346400
2020-12-11,19.9562,20.1912,19.4875,20.1625,19.2578,169819200
2020-12-14,20.4037,21.0063,20.3962,20.5925,19.6685,146684800
2020-12-15,21.0725,21.2512,20.6150,21.2325,20.2798,157417600
2020-12-16,21.3463,21.7812,21.1225,21.5888,20.6200,137590400
2020-12-17,21.9562,22.0850,21.6987,22.0312,21.0427,139275200
2020-12-18,22.1950,22.2388,21.3162,21.7913,20.8135,168756000
2020-12-21,21.1963,21.8275,20.5850,21.7100,20.7359,203596800
2020-12-22,21.9125,22.0888,21.2725,21.8813,20.8994,160330400
2020-12-23,21.8800,21.9700,21.5225,21.5513,20.5842,119434400
2020-12-24,21.6138,21.9300,21.5900,21.8312,20.8517,77065600
2020-12-28,22.3950,22.5950,22.0037,22.4862,21.4773,117052800
2020-12-29,22.7938,22.9250,22.3512,22.5525,21.5405,121142400
2020-12-30,22.8062,22.8750,22.4088,22.5487,21.5370,104807200
2020-12-31,22.5338,22.8100,22.2913,22.7250,21.7053,106708000
2021-01-04,23.0100,23.0487,20.8538,21.7313,20.7561,197472000
2021-01-05,21.5350,22.3200,21.5350,22.2763,21.2767,118712800
2021-01-06,21.2375,22.2925,21.0275,21.3550,20.3968,210730400
2021-01-07,21.9212,23.0812,21.9188,22.8975,21.8701,123695200
2021-01-08,23.4137,23.8600,22.9250,23.7850,22.7177,152815200
2021-01-11,23.1012,23.3675,22.6012,22.7337,21.7137,140325600
2021-01-12,22.7650,23.0012,22.0500,22.6350,21.6193,146031200
2021-01-13,22.6963,23.2738,22.5625,23.0750,22.0396,108750400
2021-01-14,23.1875,23.4175,22.6200,22.7237,21.7041,118236000
2021-01-15,22.6763,22.8913,21.8850,22.1712,21.1764,141692000
2021-01-19,22.6812,23.2588,22.4500,23.1325,22.0945,120967200
2021-01-20,23.9638,24.9713,23.8825,24.7450,23.6347,121736000
2021-01-21,25.0625,25.5350,24.7500,25.3600,24.2221,92168400
2021-01-22,25.1025,25.3800,24.9700,25.1300,24.0024,81878800
2021-01-25,25.9400,26.2675,24.2000,25.8275,24.6686,153170400
2021-01-26,25.9300,26.1450,25.5450,25.8550,24.6949,90968800
2021-01-27,25.3150,25.3250,23.2500,23.7700,22.7034,188900800
2021-01-28,23.9725,25.2500,23.8375,24.1200,23.0377,90021600
2021-01-29,23.7250,23.9800,22.1875,22.6175,21.6026,184278400
2021-02-01,23.3875,24.5075,22.9350,24.2800,23.1905,105659600
2021-02-02,24.9725,25.7400,24.9400,25.4550,24.3128,92746400
2021-02-03,25.9825,26.0575,25.1625,25.1625,24.0334,95172000
2021-02-04,25.5100,26.0750,25.1875,26.0525,24.8835,72808800
2021-02-05,26.3000,26.5725,25.8925,26.3250,25.1438,86615200
2021-02-08,26.7400,26.8875,26.3375,26.8400,25.6357,76994800
2021-02-09,26.6200,27.1425,26.6200,26.8275,25.6237,65768800
2021-02-10,27.1950,27.3000,25.8650,26.6375,25.4422,123548000
2021-02-11,27.0400,27.1850,26.4900,27.0675,25.8530,98860000
2021-02-12,26.8950,27.5750,26.6100,27.5275,26.2923,77471600
2021-02-16,27.7400,27.9650,27.0200,27.2975,26.0726,88663600
2021-02-17,26.5575,26.9850,26.0025,26.9175,25.7097,105986800
2021-02-18,26.0150,26.7400,25.5700,26.5550,25.3635,110202000
2021-02-19,26.9100,26.9200,25.9650,26.2050,25.0292,93377200
2021-02-22,25.1350,25.4500,24.1250,24.1750,23.0902,132734800
2021-02-23,22.9450,24.3400,21.6050,23.9600,22.8849,199274800
2021-02-24,23.3100,24.6175,22.7250,24.5375,23.4365,123042000
2021-02-25,23.9050,24.5175,21.6125,21.9750,20.9890,237792000
2021-02-26,22.5975,23.2900,21.5625,22.3050,21.3042,209318400
2021-03-01,23.3400,24.3275,23.0475,24.2500,23.1619,133707200
2021-03-02,24.3850,24.4225,23.0250,23.0875,22.0515,151693200
2021-03-03,22.8425,23.0500,21.0625,21.0850,20.1389,231542400
2021-03-04,20.9925,21.6600,19.2200,20.0425,19.1432,432037200
2021-03-05,20.5725,21.1175,18.7575,20.9400,20.0004,336656400
2021-03-08,20.8200,21.2125,19.0675,19.1500,18.2907,235731600
2021-03-09,20.6175,21.7875,20.4825,21.4050,20.4445,173429200
2021-03-10,22.3150,22.3750,21.0775,21.2225,20.2702,203371200
2021-03-11,22.2550,23.0650,22.0350,22.6950,21.6767,158935600
2021-03-12,21.7925,22.1675,21.2675,22.1300,21.1370,166590000
2021-03-15,22.2025,22.8775,21.8450,22.8375,21.8128,126701600
2021-03-16,23.3350,23.9975,22.9000,23.2125,22.1709,168770400
2021-03-17,22.5300,23.9325,22.1525,23.5050,22.4503,196370800
2021-03-18,22.4025,22.6250,21.2375,21.3475,20.3896,228253600
2021-03-19,21.3125,21.8875,20.8500,21.6200,20.6499,193286400
2021-03-22,22.0725,23.2175,22.0725,22.7725,21.7507,141101200
2021-03-23,23.0125,23.3075,22.2925,22.4750,21.4665,187780800
2021-03-24,22.7725,22.7800,21.3125,21.3400,20.3825,190483600
2021-03-25,20.9550,21.5450,20.4125,21.2250,20.2726,239874400
2021-03-26,21.1800,22.2425,20.8825,22.1625,21.1680,215060400
2021-03-29,22.0600,22.3850,21.4300,22.1500,21.1561,190589200
2021-03-30,21.7375,21.9475,21.2400,21.8350,20.8552,148349600
2021-03-31,22.1975,23.1500,22.1275,22.8150,21.7913,161968800
2021-04-01,23.6600,24.0075,23.6050,23.9750,22.8992,145087200
2021-04-05,24.5525,25.5950,24.4925,25.4150,24.2746,130539600
2021-04-06,25.3400,25.8200,25.1775,25.3550,24.2173,120606800
2021-04-07,25.2575,25.7450,25.0250,25.5425,24.3964,98987200
2021-04-08,26.2300,26.3850,26.0250,26.3400,25.1581,113619200
2021-04-09,26.0050,26.8650,25.8300,26.8175,25.6142,129438400
2021-04-12,26.5750,26.8100,26.2450,26.7125,25.5139,109632000
2021-04-13,27.0950,27.7500,27.0300,27.6275,26.3878,115022000
2021-04-14,27.6975,27.7325,26.4400,26.6575,25.4613,161227600
2021-04-15,27.3425,27.9425,27.3100,27.8350,26.5860,120798000
2021-04-16,27.9775,27.9975,27.4750,27.9525,26.6982,117488000
2021-04-19,27.5375,27.8425,26.6875,27.1900,25.9700,159168000
2021-04-20,27.0125,27.3300,26.0975,26.5950,25.4017,158283600
2021-04-21,26.2500,27.3075,26.0050,27.2675,26.0440,111057200
2021-04-22,27.1675,27.4075,25.9850,26.2750,25.0960,174848400
2021-04-23,26.4300,27.5800,26.4300,27.2650,26.0416,107686000
2021-04-26,27.3275,27.8675,27.1375,27.8050,26.5574,99976800
2021-04-27,27.8675,27.9175,27.1925,27.4400,26.2087,119312800
2021-04-28,27.3475,27.6000,26.9925,27.1575,25.9389,118950000
2021-04-29,27.9650,28.0575,26.6450,27.4300,26.1992,148124400
2021-04-30,26.8225,27.4500,26.6725,26.9150,25.7073,118440400
2021-05-03,27.1900,27.3725,26.3575,26.4750,25.2870,134222000
2021-05-04,25.8625,25.9225,24.1125,25.0800,23.9546,211234000
2021-05-05,25.5100,25.7125,24.6000,24.7875,23.6753,136429200
2021-05-06,24.7175,25.3700,24.1975,25.3300,24.1934,169663200
2021-05-07,25.9925,26.5200,25.6925,25.9500,24.7856,158706800
2021-05-10,25.6225,25.6650,23.9400,24.0000,22.9231,184214800
2021-05-11,22.6475,24.0600,22.5000,23.8800,22.8085,228806800
2021-05-12,22.7550,23.2875,21.8300,22.0625,21.0725,236158000
2021-05-13,22.6500,23.1675,22.0175,22.5275,21.5167,208602000
2021-05-14,23.2200,24.2225,23.1050,23.9925,22.9159,144263200
2021-05-17,23.6275,23.7900,22.9325,23.5875,22.5291,138542400
2021-05-18,23.8025,24.0700,23.0475,23.0925,22.0563,131684000
2021-05-19,21.9125,23.2475,21.8325,23.1775,22.1375,191889600
2021-05-20,23.5175,24.7150,23.4575,24.5175,23.4174,139226400
2021-05-21,24.8850,24.9825,24.0275,24.1125,23.0305,128133200
2021-05-24,24.6375,25.5850,24.5550,25.3200,24.1839,92181600
2021-05-25,25.6875,25.8600,25.1575,25.4425,24.3009,106728800
2021-05-26,25.5900,25.8100,25.4300,25.7000,24.5468,78034800
2021-05-27,25.5925,25.7900,25.3600,25.4000,24.2603,83216800
2021-05-28,25.6950,26.0250,25.5750,25.6475,24.4967,81857200
2021-06-01,25.9625,26.0750,25.0725,25.3975,24.2579,103863600
2021-06-02,25.4875,25.7425,25.1325,25.5300,24.3844,83178800
2021-06-03,24.8725,25.1675,24.3450,24.7275,23.6179,121032000
2021-06-04,25.1575,26.0975,25.1325,25.9950,24.8286,91175200
2021-06-07,25.8575,26.2425,25.7025,26.2250,25.0483,62193200
2021-06-08,26.6450,26.8550,25.8575,26.2550,25.0769,92944400
2021-06-09,26.5900,26.7800,26.2325,26.2850,25.1056,77803600
2021-06-10,26.3575,27.1250,26.2500,27.0900,25.8744,117206800
2021-06-11,27.1050,27.3100,26.9400,27.3050,26.0798,68338800
2021-06-14,27.4100,28.0925,27.1250,28.0700,26.8105,90823200
2021-06-15,28.0050,28.0850,27.3650,27.5500,26.3138,90108000
2021-06-16,27.6550,27.9175,26.3800,27.2550,26.0320,157778000
2021-06-17,26.9900,28.5200,26.9825,28.2725,27.0039,144323600
2021-06-18,27.8525,28.1450,27.4200,27.5975,26.3592,142894400
2021-06-21,27.6575,28.2000,27.0975,28.1025,26.8415,107708400
2021-06-22,28.0775,29.0125,27.9925,28.8875,27.5913,103578800
2021-06-23,28.8925,29.2400,28.7325,28.9375,27.6390,93996800
2021-06-24,29.4350,29.8725,29.2975,29.4700,28.1477,93672400
2021-06-25,29.6225,29.6875,29.2125,29.3775,28.0593,86993200
2021-06-28,29.6925,30.4700,29.6850,30.4175,29.0526,88787600
2021-06-29,30.3900,30.7700,30.1675,30.7600,29.3798,74560000
2021-06-30,30.7225,30.8250,30.4625,30.6250,29.2508,80546800
2021-07-01,30.5200,30.7850,30.1625,30.6400,29.2652,83834800
2021-07-02,31.1600,31.7875,31.0950,31.6800,30.2585,93502000
2021-07-06,31.8625,32.1900,31.1250,32.1050,30.6644,109599600
2021-07-07,32.7250,32.8050,31.7750,32.3100,30.8602,115275600
2021-07-08,30.9225,31.9650,30.5600,31.7500,30.3253,152524400
2021-07-09,31.5700,32.4500,31.4075,32.2875,30.8387,92875600
2021-07-12,32.7000,32.8225,32.2650,32.6925,31.2256,87126000
2021-07-13,32.5950,33.5175,32.4525,32.6750,31.2088,119450000
2021-07-14,33.3400,33.5200,32.6375,32.8525,31.3784,136042800
2021-07-15,32.8525,32.8950,31.6150,32.1725,30.7289,137192800
2021-07-16,32.4150,32.6775,31.2925,31.3825,29.9743,127402800
2021-07-19,30.4525,30.7500,29.9175,30.6300,29.2556,202286400
2021-07-20,30.8600,32.0750,30.3875,31.6400,30.2203,121544800
2021-07-21,31.5775,32.3975,31.5000,32.3625,30.9104,81763200
2021-07-22,32.4625,33.0500,32.4600,33.0425,31.5598,94957600
2021-07-23,33.4250,34.2775,33.0725,34.1400,32.6081,103898400
2021-07-26,34.0050,34.3925,33.7600,34.2825,32.7442,85977600
2021-07-27,34.2075,34.2075,31.9575,33.1625,31.6745,178782000
2021-07-28,33.4650,33.9650,32.8175,33.5250,32.0207,143940400
2021-07-29,33.3700,34.0300,33.3675,33.6900,32.1783,88638400
2021-07-30,32.5875,33.3375,32.5675,33.1850,31.6960,113118800
2021-08-02,33.6350,33.7975,33.0050,33.1750,31.6864,109120000
2021-08-03,33.3600,33.8000,32.4625,33.7525,32.2380,126835600
2021-08-04,33.7725,34.1900,33.4500,33.9200,32.3980,96856800
2021-08-05,34.1400,34.6200,33.9500,34.5575,33.0069,77340400
2021-08-06,34.1975,34.4825,33.7900,34.1075,32.5771,86306000
2021-08-09,34.2275,34.4450,33.9200,34.2900,32.7514,68421600
2021-08-10,34.4425,34.5275,33.4300,33.7775,32.2619,106162400
2021-08-11,34.1250,34.2625,33.2100,33.5950,32.0876,93188000
2021-08-12,33.4525,34.0500,33.0600,33.9450,32.4218,79490800
2021-08-13,34.0450,34.4025,33.9075,34.2850,32.7466,73289600
2021-08-16,33.9850,34.3575,32.8750,34.3450,32.8039,122458400
2021-08-17,33.5525,33.8375,32.7425,33.4425,31.9419,166395200
2021-08-18,33.2750,33.6800,32.3775,32.4700,31.0130,130084800
2021-08-19,31.9350,33.4000,31.8625,32.9325,31.4548,163247600
2021-08-20,33.2375,34.0675,33.1450,33.9500,32.4266,125082400
2021-08-23,34.2575,35.6750,34.2500,35.4625,33.8713,96532400
2021-08-24,35.6525,35.9850,35.5175,35.8125,34.2056,72686800
2021-08-25,35.8725,36.1000,35.6575,35.8525,34.2438,76127200
2021-08-26,35.6675,35.8775,35.1100,35.2450,33.6635,107004800
2021-08-27,35.4225,36.4000,35.2850,36.2750,34.6473,92320000
2021-08-30,36.5000,37.6300,36.4875,37.4775,35.7958,91270400
2021-08-31,37.5550,37.5750,36.9225,37.3725,35.6956,91796000
2021-09-01,37.7075,38.2050,37.5175,37.5775,35.8914,95568000
2021-09-02,37.9875,38.0850,37.1500,37.5250,35.8412,95038400
2021-09-03,37.1750,37.9850,37.1650,37.8625,36.1636,93201200
2021-09-07,37.8875,38.2200,37.5400,38.0175,36.3116,90370800
2021-09-08,37.9525,37.9625,36.9275,37.6275,35.9391,126846000
2021-09-09,37.6825,38.0250,37.1475,37.2250,35.5547,110573600
2021-09-10,37.7500,37.9625,36.2775,36.3875,34.7548,138435600
2021-09-13,37.0725,37.1950,35.6900,36.3050,34.6760,155549200
2021-09-14,36.7375,36.9650,35.7050,35.9925,34.3775,119258400
2021-09-15,36.1225,36.8900,35.4400,36.7900,35.1392,111785200
2021-09-16,36.3875,37.0325,35.8100,36.8625,35.2084,105230800
2021-09-17,36.7250,36.7325,35.2400,35.5600,33.9644,154650400
2021-09-20,33.8550,34.3650,32.0000,33.3725,31.8750,243827200
2021-09-21,33.8450,34.1875,33.1475,33.4150,31.9156,143401200
2021-09-22,33.7150,34.8075,33.4025,34.3925,32.8493,175338800
2021-09-23,34.7275,35.6425,34.5425,35.3475,33.7614,138739200
2021-09-24,34.6800,35.5625,34.5750,35.4475,33.8569,109550400
2021-09-27,34.5525,34.8500,33.8500,34.5925,33.0403,156710800
2021-09-28,33.2850,33.4725,31.5175,31.7075,30.2848,297646000
2021-09-29,31.9900,32.5725,31.3250,31.4975,30.0842,195061200
2021-09-30,31.9450,32.3850,31.0200,31.1425,29.7451,234624000
2021-10-01,31.3125,32.0025,30.2100,31.7100,30.2871,208708000
2021-10-04,31.2750,31.3725,29.1175,29.7600,28.4246,257236000
2021-10-05,29.9925,31.5000,29.9300,30.9050,29.5183,162612800
2021-10-06,30.0650,31.5800,29.8150,31.5150,30.1009,234990800
2021-10-07,32.3300,33.0850,32.1825,32.3675,30.9151,150815200
2021-10-08,32.6675,32.7300,31.7425,31.8700,30.4400,157132000
2021-10-11,31.4650,32.4225,31.1350,31.1625,29.7642,136215200
2021-10-12,31.5425,31.6550,30.6525,30.8450,29.4610,174403600
2021-10-13,31.4450,31.7375,30.9000,31.5675,30.1510,140921200
2021-10-14,32.5275,33.3625,32.3500,33.3100,31.8153,121750000
2021-10-15,33.6500,33.9625,33.3550,33.9275,32.4051,102858000
2021-10-18,33.5625,35.0050,33.3950,34.9450,33.3770,100876400
2021-10-19,35.2600,35.7575,35.0700,35.7125,34.1100,106450800
2021-10-20,35.8725,36.0550,35.1700,35.6000,34.0026,118709600
2021-10-21,35.3600,36.3025,35.2825,36.2375,34.6115,92100400
2021-10-22,35.8675,36.1650,34.8400,35.3200,33.7352,140248400
2021-10-25,35.7475,36.6825,35.1800,36.3800,34.7476,118951600
2021-10-26,37.0800,37.8000,36.4125,36.7200,35.0723,167975600
2021-10-27,36.8900,37.9300,36.8150,37.0100,35.3493,145068000
2021-10-28,37.5775,38.3125,37.3500,38.2250,36.5098,130737600
2021-10-29,37.2975,38.8500,37.1950,38.7900,37.0495,134514400
2021-11-01,38.9500,39.2325,38.2950,39.1725,37.4148,130045600
2021-11-02,39.0075,39.8425,38.9900,39.6950,37.9138,120171200
2021-11-03,39.8350,41.0800,39.5175,40.9550,39.1173,145210400
2021-11-04,41.3575,42.8375,41.1825,42.4825,40.5763,160879600
2021-11-05,43.1150,43.4150,42.1825,42.6400,40.7267,170505600
2021-11-08,42.6250,42.9750,42.2650,42.4650,40.5596,112919600
2021-11-09,42.8125,42.9475,41.1425,41.5900,39.7238,176237600
2021-11-10,40.6800,41.6000,39.1250,39.7675,37.9831,193953600
2021-11-11,40.6875,40.7475,39.9750,40.0900,38.2911,115438000
2021-11-12,40.4525,41.5175,39.9375,41.3625,39.5065,127640800
2021-11-15,41.7275,41.8275,40.5225,41.3500,39.4946,139458400
2021-11-16,41.0725,42.3525,41.0150,42.2050,40.3112,103181600
2021-11-17,42.3025,42.9225,41.9475,42.2550,40.3590,115936000
2021-11-18,42.9200,43.7250,42.1925,43.5475,41.5935,173683200
2021-11-19,44.1075,44.7175,43.8300,44.2850,42.2979,129214400
2021-11-22,44.8225,45.8400,42.7150,42.7500,40.8318,179044800
2021-11-23,42.3625,43.0425,40.6975,42.1675,40.2754,226025600
2021-11-24,41.3275,42.6400,40.5825,42.5575,40.6479,198241600
2021-11-26,41.6950,42.1600,39.6800,40.2100,38.4057,177682400
2021-11-29,41.5500,43.0400,41.3325,42.7075,40.7912,158932000
2021-11-30,42.4200,43.1975,40.1775,40.8725,39.0385,302586000
2021-12-01,42.2150,42.9050,38.6175,38.7750,37.0351,302551200
2021-12-02,38.3550,40.1300,37.9125,39.5050,37.7324,396432800
2021-12-03,40.0000,40.3200,36.2325,37.5200,35.8364,480573600
2021-12-06,37.6475,38.8200,36.3825,38.3975,36.6746,304828000
2021-12-07,40.4425,42.0700,40.4350,41.8600,39.9817,270578400
2021-12-08,41.9725,42.5000,41.3675,42.4425,40.5381,205243600
2021-12-09,42.0375,42.6275,40.5000,40.6100,38.7878,212802000
2021-12-10,41.4425,41.9575,40.4450,41.8675,39.9889,203075200
2021-12-13,41.8675,41.9725,39.9450,40.0675,38.2696,179145200
2021-12-14,38.5300,39.3900,37.4575,38.8750,37.1306,230933600
2021-12-15,38.7400,41.5675,37.5075,41.4475,39.5877,269061200
2021-12-16,41.7525,41.9050,37.7375,38.2850,36.5671,296220000
2021-12-17,37.2075,38.9475,36.7500,37.7000,36.0084,300020800
2021-12-20,36.2550,36.8125,35.6250,36.5725,34.9315,241866000
2021-12-21,37.5400,39.1125,36.4275,39.0175,37.2667,219124800
2021-12-22,38.8950,40.5000,38.7050,40.4100,38.5968,177222800
2021-12-23,40.5425,41.8225,40.4925,41.3700,39.5137,131308400
2021-12-27,41.7725,43.3825,41.7500,43.3475,41.4025,125963200
2021-12-28,43.6900,43.7450,42.5075,42.8375,40.9153,144825200
2021-12-29,42.8275,43.2475,41.9875,42.7700,40.8509,115494800
2021-12-30,42.6925,43.4150,42.1925,42.3700,40.4688,113271600
2021-12-31,42.1575,42.6000,41.4275,41.5825,39.7167,120497200
2022-01-03,41.9575,42.8600,41.2800,42.7825,40.8628,153010400
2022-01-04,42.9575,42.9725,40.0975,41.1200,39.2749,213296400
2022-01-05,40.5950,40.9300,37.2500,37.3375,35.6621,266490400
2022-01-06,36.7575,38.2025,36.1050,37.2350,35.5642,308453200
2022-01-07,37.2250,37.7350,35.5000,36.0175,34.4014,285426800
2022-01-10,34.5875,36.2350,33.0250,36.1500,34.5279,358434800
2022-01-11,35.8575,37.7575,35.2600,37.7400,36.0466,308653600
2022-01-12,38.4925,38.9825,37.4700,38.1700,36.4573,276742400
2022-01-13,38.5650,38.7750,35.0100,35.4000,33.8116,173531800
2022-01-14,34.5450,36.0350,34.5000,35.9350,34.3226,178451600
2022-01-18,34.2450,34.8600,33.0300,33.3450,31.8488,155320000
2022-01-19,33.6800,34.3550,32.0800,32.1850,30.7408,183284400
2022-01-20,33.0100,34.0900,30.7500,30.9400,29.5517,172197000
2022-01-21,30.3100,31.0150,28.2500,28.3350,27.0636,342054600
2022-01-24,26.9250,28.8750,24.0850,28.7450,27.4552,510169200
2022-01-25,27.0750,28.1550,25.8750,26.6250,25.4303,347498000
2022-01-26,28.4950,29.4250,25.6850,26.5750,25.3826,415676200
2022-01-27,27.7000,28.1200,25.5200,25.7800,24.6232,323528200
2022-01-28,26.2000,28.2300,25.0500,28.1850,26.9203,334032400
2022-01-31,28.5250,31.0300,28.1100,30.9150,29.5278,227502200
2022-02-01,31.2100,31.6750,29.8650,31.5050,30.0913,203691600
2022-02-02,32.6100,32.6850,31.1750,32.2500,30.8029,201630400
2022-02-03,29.6600,30.5350,28.0600,28.3700,27.0970,211150000
2022-02-04,28.4350,30.2050,27.9450,29.3500,28.0330,193068800
2022-02-07,29.5350,30.1350,28.3600,28.6850,27.3979,153912200
2022-02-08,28.4000,29.9150,28.1150,29.6600,28.3291,158593200
2022-02-09,30.7800,31.5400,30.3800,31.5000,30.0866,151075400
2022-02-10,29.6550,31.4550,28.9000,29.4100,28.0903,254286600
2022-02-11,29.3900,29.7750,26.2800,26.6400,25.4446,268511200
2022-02-14,26.4500,27.4850,25.8500,26.7150,25.5163,190125000
2022-02-15,27.9150,28.7200,27.6750,28.6500,27.3645,163444600
2022-02-16,28.1350,28.9000,27.3500,28.6450,27.3597,186181000
2022-02-17,27.8200,28.0250,25.9850,26.1050,24.9336,157671200
2022-02-18,26.2950,26.3950,24.6550,25.2200,24.0883,226165400
2022-02-22,24.5200,25.7500,23.6050,24.4400,23.3434,262876200
2022-02-23,25.1200,25.3150,22.4850,22.5700,21.5573,260920400
2022-02-24,20.3800,24.9250,20.3050,24.7800,23.6681,389734800
2022-02-25,25.0000,26.0050,24.1250,25.9550,24.7904,238372200
2022-02-28,25.2300,26.5950,24.9600,26.2300,25.0530,243401000
2022-03-01,25.9600,26.4850,24.4250,25.0200,23.8973,248145000
2022-03-02,25.3350,26.5250,24.7100,26.2150,25.0387,219495800
2022-03-03,26.8750,26.8900,24.6850,25.1200,23.9928,223888600
2022-03-04,24.5850,24.9000,23.5000,24.0450,22.9661,231391000
2022-03-07,24.0250,24.2700,21.3150,21.3600,20.4016,249752600
2022-03-08,21.1950,23.0000,20.3850,21.0650,20.1198,355936000
2022-03-09,22.7000,23.6000,22.1750,23.3200,22.2736,219074200
2022-03-10,22.4500,22.8100,21.5950,22.5700,21.5573,225574800
2022-03-11,23.1700,23.2350,21.0450,21.1700,20.2201,197814800
2022-03-14,20.9050,21.5650,19.7800,19.9300,19.0357,246265200
2022-03-15,20.4350,21.9450,20.1200,21.7750,20.7979,211407200
2022-03-16,22.5800,24.2400,21.8450,24.2200,23.1332,326175000
2022-03-17,23.7950,25.0950,23.5200,25.0300,23.9069,192061600
2022-03-18,24.7300,26.7050,24.4650,26.5850,25.3921,201569600
2022-03-21,26.4300,26.9650,25.3850,26.3950,25.2106,221094600
2022-03-22,26.5350,28.1700,26.4350,27.9550,26.7006,186689200
2022-03-23,27.2800,28.1350,26.7500,26.7750,25.5736,205499400
2022-03-24,27.2150,28.5450,26.7050,28.5100,27.2307,171150600
2022-03-25,28.5200,28.7800,27.4250,28.4650,27.1877,198789400
2022-03-28,28.4600,29.8050,28.1650,29.7600,28.4246,183407400
2022-03-29,30.7600,31.4800,30.0700,31.2850,29.8812,204013400
2022-03-30,30.8400,31.2700,29.9000,30.3450,28.9834,167818800
2022-03-31,30.3200,30.4150,28.9500,29.0900,27.7847,168098800
2022-04-01,29.2150,29.4100,28.2000,28.9650,27.6653,176162600
2022-04-04,29.1900,30.7750,29.1150,30.7750,29.3941,137515000
2022-04-05,30.4100,30.5800,28.4300,28.7400,27.4504,172097600
2022-04-06,27.4100,27.6850,26.2000,26.8500,25.6452,296859800
2022-04-07,26.6150,27.5450,25.7900,27.0250,25.8124,229654000
2022-04-08,26.6100,26.7950,25.7500,25.9200,24.7569,204182400
2022-04-11,24.9150,25.1350,23.9750,24.0800,22.9995,185914600
2022-04-12,25.0800,25.4900,23.4450,23.7700,22.7034,247928200
2022-04-13,23.8300,25.4200,23.6650,25.1950,24.0645,190084600
2022-04-14,25.2100,25.3250,23.4150,23.5000,22.4455,167843600
2022-04-18,23.2350,24.0050,22.9100,23.5650,22.5076,175525400
2022-04-19,23.3650,25.2100,23.1550,25.0800,23.9546,172372600
2022-04-20,25.2850,25.3700,23.7200,23.9500,22.8753,215629400
2022-04-21,24.8200,25.3850,22.2950,22.5450,21.5334,268626400
2022-04-22,22.5250,22.7850,20.6400,20.7550,19.8237,248824800
2022-04-25,20.4050,21.5800,20.1550,21.5250,20.5592,332878800
2022-04-26,21.1100,21.1450,19.0500,19.1050,18.2477,332263200
2022-04-27,19.0850,20.1100,18.6850,19.0200,18.1666,316698600
2022-04-28,19.9150,21.3650,19.1400,21.0300,20.0864,344698400
2022-04-29,20.1950,20.8850,18.1000,18.2650,17.4454,320116800
2022-05-02,18.1250,19.1400,17.5650,19.1250,18.2668,311905600
2022-05-03,19.0950,19.5850,18.6500,19.1700,18.3098,285565600
2022-05-04,19.2450,21.2250,18.2650,21.0700,20.1246,438806800
2022-05-05,20.2500,20.2550,17.2600,17.9300,17.1255,455552600
2022-05-06,17.5450,18.2650,16.5500,17.3050,16.5285,466794400
2022-05-09,16.2800,16.7100,15.0050,15.2600,14.5753,420419800
2022-05-10,16.3600,16.5400,15.1400,15.7850,15.0767,463579600
2022-05-11,15.4250,16.3000,14.2350,14.3800,13.7348,529531800
2022-05-12,13.7150,14.9450,13.3450,14.2650,13.6249,590993000
2022-05-13,14.9250,16.0000,14.6900,15.8150,15.1054,395948000
2022-05-16,15.5650,15.8900,15.0900,15.3250,14.6374,318388000
2022-05-17,16.2150,16.5400,15.6200,16.4800,15.7405,307981400
2022-05-18,15.7300,15.8450,13.8450,14.0750,13.4434,328105200
2022-05-19,13.7700,14.5100,13.5200,13.7900,13.1712,392015600
2022-05-20,14.3250,14.4200,12.4650,13.6700,13.0566,458111200
2022-05-23,13.8250,14.4150,13.4800,14.3450,13.7013,341040600
2022-05-24,13.5750,13.6800,12.7150,13.4500,12.8465,366488600
2022-05-25,13.2200,14.3000,13.1950,13.9900,13.3623,361283800
2022-05-26,13.8800,15.3900,13.8400,15.1600,14.4798,337131600
2022-05-27,15.6500,16.6700,15.6350,16.6450,15.8981,315035800
2022-05-31,16.6500,17.0000,15.8650,16.5250,15.7835,369158600
2022-06-01,16.8550,17.2150,15.7750,16.1400,15.4158,398894200
2022-06-02,15.9600,17.4900,15.7250,17.4500,16.6670,336861400
2022-06-03,16.5700,16.8150,15.8800,16.0700,15.3489,324723800
2022-06-06,16.8100,17.0650,16.0000,16.2700,15.5399,300958600
2022-06-07,15.7100,16.8000,15.5250,16.6650,15.9172,274886600
2022-06-08,16.5400,16.9700,16.1650,16.3250,15.5925,225706000
2022-06-09,16.0350,16.5300,14.9650,14.9950,14.3222,275959400
2022-06-10,14.1300,14.3100,13.3350,13.3950,12.7940,343352200
2022-06-13,12.1350,12.4900,11.4100,11.5400,11.0222,426731400
2022-06-14,11.8200,11.9350,11.2600,11.6150,11.0938,393201000
2022-06-15,12.0300,12.9600,11.6700,12.4500,11.8914,549823000
2022-06-16,11.4950,11.5600,10.6600,10.9300,10.4396,424284400
2022-06-17,11.0350,11.6400,10.8250,11.3350,10.8264,441181000
2022-06-21,11.9100,12.4900,11.8900,12.1900,11.6430,318408200
2022-06-22,11.8550,12.7250,11.7750,12.1450,11.6000,388973600
2022-06-23,12.4700,12.7850,12.0850,12.6650,12.0967,365372800
2022-06-24,13.0550,14.0200,13.0250,13.9900,13.3623,303635000
2022-06-27,14.1750,14.2500,13.5000,13.6600,13.0471,338262000
2022-06-28,13.7300,14.1050,12.3800,12.4150,11.8579,373741600
2022-06-29,12.3900,12.6450,12.0500,12.4400,11.8818,380182200
2022-06-30,12.0300,12.4450,11.3750,12.0000,11.4615,512407800
2022-07-01,11.8000,12.2500,11.5500,12.1950,11.6478,417200800
2022-07-05,11.7050,12.8400,11.5000,12.8250,12.2495,441108000
2022-07-06,12.8850,13.3600,12.6400,13.0700,12.4835,412245800
2022-07-07,13.1900,14.0000,13.1850,13.8800,13.2572,275732600
2022-07-08,13.4950,14.1550,13.3550,13.9450,13.3193,319458400
2022-07-11,13.6000,13.6350,12.9300,13.0550,12.4692,258448200
2022-07-12,13.2200,13.4900,12.4550,12.6750,12.1063,319233000
2022-07-13,11.9200,12.9150,11.8450,12.5950,12.0299,361151000
2022-07-14,12.2350,12.8400,11.8100,12.7250,12.1540,351647000
2022-07-15,13.1350,13.4250,12.9050,13.3950,12.7940,308760400
2022-07-18,13.8050,14.0000,12.9100,13.0850,12.4979,319900400
2022-07-19,13.5750,14.3100,13.3450,14.2300,13.5915,298643400
2022-07-20,14.3300,15.1250,14.2200,14.9450,14.2744,377126200
2022-07-21,15.0050,15.5900,14.6100,15.5800,14.8809,319381800
2022-07-22,15.4400,15.7650,14.4750,14.7650,14.1025,298800800
2022-07-25,14.7650,14.8350,14.2050,14.5450,13.8924,220897600
2022-07-26,14.2450,14.2850,13.5250,13.6650,13.0518,231755600
2022-07-27,14.3000,15.6250,14.2150,15.3700,14.6803,341919000
2022-07-28,15.3400,15.9100,14.7600,15.8100,15.1006,324071800
2022-07-29,16.0650,16.8250,15.8350,16.6800,15.9316,292146400
2022-08-01,16.3900,17.2100,16.2200,16.6550,15.9077,285283000
2022-08-02,16.2700,17.1750,16.1050,16.5000,15.7596,325375000
2022-08-03,16.7750,17.9750,16.6550,17.8200,17.0204,294213800
2022-08-04,17.8450,18.1350,17.4800,18.0750,17.2640,253567200
2022-08-05,17.2150,17.9900,17.0750,17.6450,16.8532,283898600
2022-08-08,17.8000,18.4150,17.2200,17.4650,16.6813,267787800
2022-08-09,17.1400,17.1850,16.5950,16.8650,16.1082,218406000
2022-08-10,18.0700,18.3200,17.6550,18.2500,17.4311,271554400
2022-08-11,18.6650,19.0100,17.8350,17.9750,17.1684,273361000
2022-08-12,18.3000,19.0250,18.1200,18.9900,18.1379,211187000
2022-08-15,18.8250,19.5400,18.8200,19.4450,18.5725,196308400
2022-08-16,19.2800,19.6900,18.7650,19.3200,18.4531,220755800
2022-08-17,18.7550,19.1650,18.2750,18.6500,17.8132,262838400
2022-08-18,18.6300,18.9800,18.3450,18.7750,17.9325,192140800
2022-08-19,18.2400,18.3500,17.5350,17.6750,16.8819,224256600
2022-08-22,16.9450,16.9850,16.1300,16.2850,15.5543,224975400
2022-08-23,16.2150,16.6750,16.1000,16.2300,15.5017,219509800
2022-08-24,16.1500,16.6500,16.0500,16.3550,15.6211,187005600
2022-08-25,16.6400,17.2200,16.4700,17.2150,16.4425,222052600
2022-08-26,17.1750,17.3700,15.1000,15.1200,14.4415,366276600
2022-08-29,14.6750,15.0600,14.4800,14.6550,13.9974,248441000
2022-08-30,14.8950,14.9750,13.7800,14.1650,13.5294,327014800
2022-08-31,14.5800,14.7000,13.8850,13.9050,13.2811,341030600
2022-09-01,13.5400,13.9650,13.0100,13.9200,13.2954,397320400
2022-09-02,14.3200,14.5200,13.0850,13.3400,12.7414,454463000
2022-09-06,13.3800,13.5100,12.7300,13.0350,12.4501,361083400
2022-09-07,13.0900,13.9500,13.0550,13.8050,13.1856,331569600
2022-09-08,13.5150,14.2100,13.3200,14.0300,13.4005,410799800
2022-09-09,14.3400,15.0100,14.3300,14.9200,14.2505,298735800
2022-09-12,15.1500,15.5150,15.0950,15.4650,14.7711,273141200
2022-09-13,14.1200,14.3050,12.7800,12.9200,12.3403,391296600
2022-09-14,13.0650,13.3350,12.8200,13.2100,12.6173,309291800
2022-09-15,12.9400,13.2750,12.3250,12.5450,11.9821,393730600
2022-09-16,12.1050,12.3650,11.8350,12.3000,11.7481,392143600
2022-09-19,11.9700,12.6150,11.9600,12.5950,12.0299,302692600
2022-09-20,12.2650,12.5950,11.9900,12.2950,11.7433,322118600
2022-09-21,12.4050,12.9600,11.6150,11.6200,11.0986,591115200
2022-09-22,11.4250,11.5550,11.0350,11.1900,10.6879,431084000
2022-09-23,10.9000,10.9300,10.2250,10.6550,10.1769,561304000
2022-09-26,10.5800,11.1050,10.4150,10.5100,10.0384,490607800
2022-09-27,10.9100,11.1750,10.2500,10.5200,10.0480,543921200
2022-09-28,10.5150,11.2950,10.3400,11.1350,10.6354,512039000
2022-09-29,10.6550,10.6950,9.8100,10.1950,9.7375,540195600
2022-09-30,10.0800,10.5450,9.6400,9.6600,9.2265,513197600
2022-10-03,9.8500,10.5050,9.6800,10.3300,9.8665,447222600
2022-10-04,10.9500,11.3850,10.9450,11.2900,10.7834,463323600
2022-10-05,10.8350,11.5000,10.5050,11.2900,10.7834,458399000
2022-10-06,11.1500,11.5300,10.9600,11.0050,10.5112,475087200
2022-10-07,10.4400,10.4550,9.5800,9.7500,9.3125,501945200
2022-10-10,9.7600,9.8050,9.1500,9.4450,9.0212,412999600
2022-10-11,9.2600,9.5700,8.8700,9.0700,8.6630,529747000
2022-10-12,9.1150,9.3200,8.9650,9.0500,8.6439,401483800
2022-10-13,8.2600,9.8100,8.1600,9.6550,9.2218,829507200
2022-10-14,9.9250,9.9900,8.7300,8.7850,8.3908,670132600
2022-10-17,9.4050,9.7500,9.4000,9.6500,9.2170,460050800
2022-10-18,10.4350,10.5000,9.5850,9.8900,9.4462,692553800
2022-10-19,9.7050,10.1200,9.5050,9.7700,9.3316,519702200
2022-10-20,9.6650,10.2350,9.4800,9.6050,9.1740,529703000
2022-10-21,9.4900,10.3450,9.3650,10.2850,9.8235,627458000
2022-10-24,10.3150,10.7350,9.9000,10.6350,10.1578,549244000
2022-10-25,10.7400,11.3200,10.7350,11.2750,10.7691,476799600
2022-10-26,10.5900,11.2500,10.4650,10.5300,10.0575,558931800
2022-10-27,10.3950,10.5600,9.8850,9.9500,9.5035,513258800
2022-10-28,9.8750,10.9050,9.8550,10.8500,10.3632,510777200
2022-10-31,10.5900,10.6850,10.2450,10.4750,10.0050,419122200
2022-11-01,10.8700,10.9350,10.1050,10.1500,9.6946,430464800
2022-11-02,10.1400,10.4900,9.0900,9.1000,8.6917,662952600
2022-11-03,8.8250,8.9750,8.5200,8.5750,8.1902,424463600
2022-11-04,9.0650,9.1750,8.4250,8.9750,8.5723,764740400
2022-11-07,9.0800,9.3200,8.8550,9.2600,8.8445,401886800
2022-11-08,9.4250,9.8100,9.0450,9.4600,9.0355,592112600
2022-11-09,9.2650,9.3500,8.7650,8.8000,8.4051,431138200
2022-11-10,10.0750,10.7700,9.8500,10.7250,10.2438,656884800
2022-11-11,10.7150,11.4150,10.5600,11.3350,10.8264,614268400
2022-11-14,11.0850,11.4800,10.9100,11.0350,10.5398,428451800
2022-11-15,11.8250,11.9750,11.0900,11.4800,10.9649,636531400
2022-11-16,11.2500,11.2900,10.9100,11.0150,10.5207,383358800
2022-11-17,10.4750,11.1050,10.4550,10.9300,10.4396,426924400
2022-11-18,11.2800,11.2900,10.6400,10.9200,10.4300,389577000
2022-11-21,10.7600,10.9000,10.4850,10.5900,10.1148,288222600
2022-11-22,10.6650,11.0500,10.4150,11.0350,10.5398,292477200
2022-11-23,11.0250,11.4350,11.0050,11.3650,10.8550,357567000
2022-11-25,11.1700,11.2500,11.0750,11.1300,10.6306,134753000
2022-11-28,10.9000,11.1350,10.5300,10.6400,10.1626,262765200
2022-11-29,10.6600,10.7100,10.2350,10.3850,9.9190,275805400
2022-11-30,10.4250,11.8250,10.3250,11.7800,11.2514,545469800
2022-12-01,11.8500,12.0850,11.5050,11.8450,11.3135,411007200
2022-12-02,11.2250,11.8150,11.1950,11.7050,11.1798,363310000
2022-12-05,11.4400,11.6000,10.9300,11.1150,10.6163,301980000
2022-12-06,11.0900,11.1050,10.2500,10.4100,9.9429,339801000
2022-12-07,10.2800,10.5150,10.0900,10.2850,9.8235,347335800
2022-12-08,10.4350,10.7500,10.1950,10.6500,10.1721,377840200
2022-12-09,10.5250,10.8450,10.3850,10.4450,9.9763,354007800
2022-12-12,10.4550,10.8300,10.3350,10.8250,10.3393,225655000
2022-12-13,12.0900,12.1150,10.8600,11.1650,10.6640,695385600
2022-12-14,11.1050,11.4950,10.5400,10.9000,10.4109,578911000
2022-12-15,10.4300,10.5150,9.6750,9.8200,9.3794,428053200
2022-12-16,9.7400,9.9050,9.3550,9.5300,9.1024,351284200
2022-12-19,9.5500,9.5650,8.9900,9.1350,8.7251,310533000
2022-12-20,9.0000,9.2800,8.8350,9.0950,8.6869,345762400
2022-12-21,9.2050,9.6250,9.1150,9.4900,9.0642,326374600
2022-12-22,9.1150,9.1250,8.2900,8.7700,8.4200,460900400
2022-12-23,8.6050,8.8600,8.4150,8.7950,8.4440,330134600
2022-12-27,8.7300,8.7400,8.3600,8.4200,8.0839,263200600
2022-12-28,8.3750,8.6000,8.0500,8.0800,7.7575,364869200
2022-12-29,8.3350,8.7500,8.2650,8.6500,8.3047,306109800
2022-12-30,8.3800,8.6500,8.2500,8.6500,8.3047,301941200
2023-01-03,8.8700,9.0200,8.2350,8.4550,8.1175,359851800
2023-01-04,8.6650,8.7450,8.2700,8.5850,8.2423,435272800
2023-01-05,8.4050,8.4250,8.1400,8.1800,7.8535,362504000
2023-01-06,8.3250,8.9500,8.0500,8.8200,8.4680,466895200
2023-01-09,9.0400,9.4800,8.9450,9.0050,8.6456,372042800
2023-01-10,8.9100,9.2450,8.8500,9.2450,8.8760,328723000
2023-01-11,9.3400,9.7150,9.2600,9.7050,9.3176,302550000
2023-01-12,9.7600,9.9600,9.2950,9.8550,9.4616,561852600
2023-01-13,9.5850,10.0850,9.5500,10.0500,9.6489,319566000
2023-01-17,10.0300,10.2550,9.9050,10.1050,9.7017,279515800
2023-01-18,10.2900,10.4550,9.6950,9.7300,9.3416,373300200
2023-01-19,9.5350,9.6550,9.2900,9.4250,9.0488,332741400
2023-01-20,9.5900,10.2250,9.4800,10.1950,9.7881,322650400
2023-01-23,10.2750,11.0000,10.1900,10.8650,10.4313,388084200
2023-01-24,10.6800,10.9350,10.6200,10.8000,10.3689,290013000
2023-01-25,10.2800,10.7950,9.9900,10.7200,10.2921,436167200
2023-01-26,11.1100,11.3600,10.8000,11.3400,10.8874,406837800
2023-01-27,11.1800,11.9100,11.1650,11.6650,11.1994,376822200
2023-01-30,11.2750,11.4500,10.9250,10.9650,10.5273,347816000
2023-01-31,10.9700,11.4600,10.9500,11.4550,10.9978,316513800
2023-02-01,11.4300,12.4750,11.1800,12.1950,11.7083,543277600
2023-02-02,12.9800,13.7250,12.8750,13.4550,12.9180,535770200
2023-02-03,12.6050,13.5700,12.5550,12.7600,12.2507,534808400
2023-02-06,12.4250,12.7250,12.2600,12.4350,11.9387,323632400
2023-02-07,12.4150,13.3450,12.2700,13.2050,12.6779,519789200
2023-02-08,13.0250,13.1500,12.4050,12.4950,11.9963,362514400
2023-02-09,13.0250,13.0450,11.9650,12.1600,11.6746,395196800
2023-02-10,11.8800,12.1300,11.6100,11.9100,11.4346,367863400
2023-02-13,12.0700,12.5500,11.9250,12.4750,11.9771,279739800
2023-02-14,12.2700,12.8700,12.0250,12.7450,12.2363,511474400
2023-02-15,12.5100,13.0500,12.4250,13.0300,12.5099,275527400
2023-02-16,12.4150,12.9350,12.2650,12.2850,11.7947,388993000
2023-02-17,12.0150,12.1150,11.6500,12.0200,11.5402,389804800
2023-02-21,11.5500,11.7250,11.1450,11.1750,10.7290,300937600
2023-02-22,11.2250,11.4250,10.9900,11.1850,10.7386,334677400
2023-02-23,11.5950,11.6150,10.9750,11.4650,11.0074,359540000
2023-02-24,10.8750,11.0150,10.6750,10.8850,10.4505,345563600
2023-02-27,11.2400,11.4000,11.0500,11.1200,10.6762,277508800
2023-02-28,11.0400,11.3600,11.0000,11.0650,10.6234,254631600
2023-03-01,11.0300,11.1050,10.6850,10.7950,10.3641,308773800
2023-03-02,10.5050,11.1500,10.4750,11.0550,10.6138,315874600
2023-03-03,11.2500,11.7650,11.1900,11.7300,11.2618,303353200
2023-03-06,11.8800,12.2400,11.7500,11.7800,11.3098,303699800
2023-03-07,11.7800,11.8900,11.2600,11.3400,10.8874,352663000
2023-03-08,11.3750,11.5700,11.1650,11.4950,11.0362,290985600
2023-03-09,11.5550,11.8550,10.7950,10.8900,10.4553,393667400
2023-03-10,10.9100,11.0800,10.3100,10.4400,10.0233,629715200
2023-03-13,10.2350,11.0750,10.0650,10.6650,10.2393,659081400
2023-03-14,11.0600,11.4550,10.9600,11.3900,10.9354,434325800
2023-03-15,11.0850,11.6100,10.9150,11.5550,11.0938,549118800
2023-03-16,11.4400,12.5150,11.3600,12.4700,11.9723,456714200
2023-03-17,12.4650,12.7550,12.0500,12.2850,11.7947,403540600
2023-03-20,12.2150,12.4600,11.9450,12.4150,11.9195,328356000
2023-03-21,12.6550,13.0000,12.4650,12.9400,12.4235,270290200
2023-03-22,12.8550,13.4800,12.3250,12.3400,11.9165,475836200
2023-03-23,12.8000,13.3050,12.4400,12.7800,12.3414,392994400
2023-03-24,12.7200,12.9200,12.4200,12.9100,12.4670,338830200
2023-03-27,12.9950,13.1300,12.5300,12.6450,12.2111,273591200
2023-03-28,12.5700,12.5700,12.1450,12.4350,12.0083,236041400
2023-03-29,12.8800,13.1850,12.7850,13.1150,12.6649,238730600
2023-03-30,13.4100,13.5450,13.2450,13.4700,13.0078,260300000
2023-03-31,13.5000,14.1600,13.4550,14.1300,13.6451,254044200
2023-04-03,13.8400,14.0600,13.6650,14.0300,13.5485,250232600
2023-04-04,14.0800,14.2150,13.7100,13.8900,13.4133,232180800
2023-04-05,13.7350,13.7600,13.2050,13.4450,12.9836,258274000
2023-04-06,13.2300,13.7800,13.0550,13.7150,13.2443,241920600
2023-04-10,13.3200,13.6900,13.0850,13.6850,13.2154,237057600
2023-04-11,13.6800,13.6850,13.3500,13.4200,12.9595,208521600
2023-04-12,13.6700,13.7450,13.0000,13.0650,12.6167,348038600
2023-04-13,13.2650,13.8700,13.2450,13.8150,13.3409,247523000
2023-04-14,13.6050,13.9650,13.3500,13.7350,13.2637,285332200
2023-04-17,13.6750,13.8100,13.4050,13.7500,13.2781,228617800
2023-04-18,14.0350,14.0900,13.6000,13.7600,13.2878,212829800
2023-04-19,13.4350,13.8700,13.4200,13.7300,13.2588,191850600
2023-04-20,13.3350,13.7900,13.2350,13.4100,12.9498,273695200
2023-04-21,13.3500,13.5450,13.1250,13.4350,12.9740,228888000
2023-04-24,13.4050,13.5850,13.0700,13.3550,12.8967,215290800
2023-04-25,13.1400,13.2250,12.5850,12.6000,12.1676,276576000
2023-04-26,13.0100,13.1950,12.7550,12.8100,12.3704,249724600
2023-04-27,13.2800,13.9150,13.1950,13.8450,13.3699,255631200
2023-04-28,13.8200,14.1400,13.6650,14.1250,13.6403,261072200
2023-05-01,14.0700,14.2650,13.9350,14.0850,13.6016,178002600
2023-05-02,14.0700,14.1100,13.4800,13.7100,13.2395,249312000
2023-05-03,13.7500,14.1000,13.4150,13.4400,12.9788,340267600
2023-05-04,13.3900,13.5400,13.1400,13.2900,12.8339,242621600
2023-05-05,13.5600,14.2300,13.5150,14.1050,13.6210,195603200
2023-05-08,14.0500,14.2700,13.9100,14.2200,13.7320,151477000
2023-05-09,13.9950,14.1100,13.9050,13.9450,13.4665,129681400
2023-05-10,14.2600,14.5100,13.9350,14.3950,13.9010,303102000
2023-05-11,14.4550,14.5950,14.2450,14.5150,14.0169,194683000
2023-05-12,14.5900,14.6500,14.0850,14.3650,13.8720,210763400
2023-05-15,14.4250,14.6250,14.2150,14.5850,14.0845,172935200
2023-05-16,14.4900,14.8700,14.4800,14.6400,14.1376,159327000
2023-05-17,14.7750,15.2400,14.6150,15.1650,14.6446,202209200
2023-05-18,15.2000,16.0200,15.2000,15.9800,15.4316,271867600
2023-05-19,16.0150,16.1200,15.7250,15.8700,15.3254,198058400
2023-05-22,15.8400,16.1800,15.8350,16.0350,15.4847,166624800
2023-05-23,15.7800,15.9500,15.3650,15.4150,14.8860,212630000
2023-05-24,15.1350,15.3500,14.8850,15.1650,14.6446,235945000
2023-05-25,16.1800,16.4350,15.8400,16.2600,15.7020,261747000
2023-05-26,16.4050,17.6250,16.3950,17.4900,16.8898,252784400
2023-05-30,18.1550,18.3350,17.5200,17.7350,17.1264,270612800
2023-05-31,17.4850,17.7950,17.2000,17.3750,16.7787,210289000
2023-06-01,17.3700,18.2150,17.2050,18.0050,17.3871,216759200
2023-06-02,18.2800,18.5950,18.0050,18.4100,17.7782,216505600
2023-06-05,18.3800,18.8500,18.2800,18.4500,17.8169,206261800
2023-06-06,18.3450,18.5800,18.1300,18.4300,17.7975,159509000
2023-06-07,18.4700,18.7800,17.3850,17.4900,16.8898,228485400
2023-06-08,17.5100,18.1900,17.4750,18.0900,17.4692,188153800
2023-06-09,18.3400,18.8100,18.1000,18.3100,17.6817,207944000
2023-06-12,18.5750,19.2550,18.4200,19.2450,18.5846,154857400
2023-06-13,19.6850,19.8150,19.1600,19.6750,18.9998,266534200
2023-06-14,19.6750,20.1500,19.2100,20.0950,19.4054,305313000
2023-06-15,19.8700,21.0450,19.7550,20.8000,20.0862,255874000
2023-06-16,21.2050,21.2200,20.3250,20.4000,19.6999,224810400
2023-06-20,20.1450,20.5400,19.8000,20.3000,19.6034,168249800
2023-06-21,20.0400,20.1100,19.2500,19.4250,18.8177,199266600
2023-06-22,19.1850,20.0950,19.1200,20.0700,19.4426,210199200
2023-06-23,19.4150,19.8550,19.1900,19.4750,18.8662,225152400
2023-06-26,19.3800,19.8350,18.6700,18.7050,18.1202,216900000
2023-06-27,18.9250,19.7500,18.8000,19.6300,19.0163,195354000
2023-06-28,19.3350,20.0700,19.3150,19.7500,19.1326,217352600
2023-06-29,19.6800,19.7800,19.3350,19.6150,19.0018,198266400
2023-06-30,20.2000,20.6750,20.1450,20.5000,19.8591,184308800
2023-07-03,20.6000,20.7450,20.4200,20.6400,19.9947,79868000
2023-07-05,20.3600,20.9200,20.3550,20.6250,19.9802,139007400
2023-07-06,19.9850,20.2100,19.6450,20.1400,19.5104,170473400
2023-07-07,20.0950,20.6300,19.8900,19.9350,19.3118,168624800
2023-07-10,19.8800,20.0550,19.4650,19.9500,19.3263,172013600
2023-07-11,20.0100,20.3100,19.6500,20.2350,19.6024,162478600
2023-07-12,20.9150,21.2200,20.5750,20.9850,20.3290,230335400
2023-07-13,21.5100,22.1800,21.4150,22.0300,21.3413,164773200
2023-07-14,22.1100,22.6800,21.8600,22.0100,21.3219,186056400
2023-07-17,22.1400,22.7850,22.0550,22.6200,21.9128,145525200
2023-07-18,22.5100,23.4200,22.1550,23.1600,22.4360,196113200
2023-07-19,23.3650,23.5700,22.9100,23.1600,22.4360,200573800
2023-07-20,22.5800,22.8500,21.3450,21.5350,20.8618,233862800
2023-07-21,21.9400,22.0900,21.2550,21.3450,20.6777,205108600
2023-07-24,21.4900,21.6550,21.1000,21.4300,20.7600,126429200
2023-07-25,21.5400,22.1400,21.5400,21.8600,21.1766,138199200
2023-07-26,21.6600,21.9250,21.2200,21.6350,20.9586,205764600
2023-07-27,22.5550,22.8450,21.2250,21.4500,20.7794,261103200
2023-07-28,22.1500,22.7950,22.0650,22.6100,21.9032,204487600
2023-07-31,22.6650,22.8550,22.4100,22.6550,21.9468,159009200
2023-08-01,22.3950,22.6150,22.1050,22.4800,21.7772,153056600
2023-08-02,21.8450,21.8500,20.7650,21.0100,20.3532,258044000
2023-08-03,20.5550,21.2300,20.5250,20.8600,20.2079,201340200
2023-08-04,21.1950,21.5850,20.4850,20.5700,19.9269,247452800
2023-08-07,20.8650,21.1000,20.4700,21.0800,20.4210,149792200
2023-08-08,20.6450,20.6450,20.0000,20.5400,19.8979,188780000
2023-08-09,20.5800,20.6050,19.7250,19.8550,19.2343,199430600
2023-08-10,20.3300,20.8750,19.6850,19.9450,19.3215,260554200
2023-08-11,19.5150,19.8350,19.3000,19.5450,18.9340,201573800
2023-08-14,19.4150,20.2200,19.3000,20.1950,19.5637,142553600
2023-08-15,20.0350,20.1700,19.4400,19.5750,18.9630,162553600
2023-08-16,19.4600,19.7100,18.9100,18.9250,18.3334,190222000
2023-08-17,19.1250,19.1800,18.2150,18.2850,17.7134,210232800
2023-08-18,17.7650,18.4050,17.6850,18.2000,17.6310,247002000
2023-08-21,18.4350,19.1900,18.3550,19.0800,18.4835,191487200
2023-08-22,19.4850,19.4900,18.8850,18.9950,18.4012,180368000
2023-08-23,19.1750,20.0600,19.1400,19.8900,19.2682,175454000
2023-08-24,20.4400,20.4550,18.5500,18.5800,17.9991,232397200
2023-08-25,18.7150,19.2800,18.1750,19.0200,18.4254,278289400
2023-08-28,19.4750,19.5850,19.0400,19.4450,18.8371,182641000
2023-08-29,19.4000,20.7600,19.3450,20.6850,20.0383,187495600
2023-08-30,20.7150,21.1400,20.5400,21.0300,20.3725,185958200
2023-08-31,21.0200,21.4900,21.0100,21.2200,20.5566,162242800
2023-09-01,21.6050,21.6800,20.8750,21.1450,20.4840,165058400
2023-09-05,20.9850,21.4100,20.8300,21.2000,20.5372,123778600
2023-09-06,21.0700,21.1200,20.2900,20.6400,19.9947,148058200
2023-09-07,19.8700,20.3000,19.6900,20.1900,19.5588,168623000
2023-09-08,20.1550,20.6200,20.0850,20.2500,19.6169,149541600
2023-09-11,20.7450,21.0450,20.4200,20.9400,20.2854,141712800
2023-09-12,20.6700,20.9050,20.2000,20.2700,19.6363,155524200
2023-09-13,20.2900,20.7450,20.0950,20.4700,19.8301,170849400
2023-09-14,20.7500,21.1200,20.4000,20.9500,20.2951,152379800
2023-09-15,20.7250,20.7950,19.7150,19.8750,19.2537,179839600
2023-09-18,19.7150,20.1100,19.6650,19.9200,19.2972,124798200
2023-09-19,19.7050,19.9150,19.3000,19.8000,19.1810,148741400
2023-09-20,19.8850,19.9500,18.8500,18.8750,18.3493,196038400
2023-09-21,18.2750,18.3900,17.7850,17.8000,17.3043,216821200
2023-09-22,18.0650,18.3900,17.7600,17.8150,17.3188,188181200
2023-09-25,17.6550,18.0700,17.5050,18.0500,17.5473,162538400
2023-09-26,17.6550,17.7400,17.0850,17.2450,16.7647,210679400
2023-09-27,17.4050,17.6350,16.8150,17.3500,16.8668,256871600
2023-09-28,17.1950,18.0850,17.0650,17.7700,17.2751,268145800
2023-09-29,18.2900,18.5000,17.6150,17.8100,17.3140,286858200
2023-10-02,17.8350,18.4500,17.7400,18.2350,17.7272,236463200
2023-10-03,17.8550,18.1950,17.0200,17.2700,16.7890,266539000
2023-10-04,17.3900,18.0950,17.3200,17.9700,17.4695,252759200
2023-10-05,17.9450,18.0000,17.2500,17.7800,17.2848,218006200
2023-10-06,17.3250,18.8450,17.2050,18.6750,18.1549,294897400
2023-10-09,18.3050,19.0450,18.0700,18.9500,18.4222,210966000
2023-10-10,19.0050,19.6850,18.9250,19.2600,18.7236,216109600
2023-10-11,19.4700,19.7050,19.2000,19.6700,19.1222,191710800
2023-10-12,19.7350,20.0250,19.0600,19.4400,18.8986,236509200
2023-10-13,19.5450,19.6400,18.4850,18.7050,18.1841,259511000
2023-10-16,18.9100,19.5000,18.8850,19.3350,18.7965,173152200
2023-10-17,18.7600,19.4100,18.4250,19.1500,18.6167,210387000
2023-10-18,18.7350,19.0900,18.1650,18.3400,17.8292,263165200
2023-10-19,18.5750,18.7550,17.7200,17.8500,17.3529,370050400
2023-10-20,17.7600,17.8500,17.0100,17.0450,16.5703,277722800
2023-10-23,16.8350,17.7050,16.5300,17.1950,16.7161,263599000
2023-10-24,17.4500,17.7950,17.2000,17.6800,17.1876,245074600
2023-10-25,17.3150,17.3400,16.2900,16.3850,15.9287,328363200
2023-10-26,16.1900,16.3200,15.2350,15.4300,15.0003,374047400
2023-10-27,15.7900,16.1150,15.4750,15.6500,15.2141,294702200
2023-10-30,15.9750,16.3450,15.7900,16.1550,15.7051,264305600
2023-10-31,16.1600,16.4450,15.8000,16.3900,15.9335,222923600
2023-11-01,16.5000,17.3150,16.4850,17.2350,16.7550,332635600
2023-11-02,17.8800,18.1900,17.7000,18.1500,17.6445,234134000
2023-11-03,18.3500,18.9900,18.3150,18.7900,18.2667,228661200
2023-11-06,18.9050,19.1050,18.6600,19.0050,18.4757,183599600
2023-11-07,19.1750,19.6850,18.9850,19.5400,18.9958,204502200
2023-11-08,19.6000,19.7150,19.2150,19.5750,19.0298,187960200
2023-11-09,19.6700,19.8550,19.0300,19.1100,18.5778,258365200
2023-11-10,19.3750,20.4150,19.2900,20.3850,19.8173,248927600
2023-11-13,20.1250,20.3650,19.8750,20.2000,19.6374,180430400
2023-11-14,21.2350,21.6400,21.1450,21.4700,20.8721,233552400
2023-11-15,21.8100,21.8900,21.3000,21.5300,20.9304,218432600
2023-11-16,21.3800,21.6050,21.1650,21.5650,20.9644,178045000
2023-11-17,21.4400,21.7500,21.2850,21.5800,20.9790,157517000
2023-11-20,21.5750,22.4750,21.5700,22.3500,21.7275,165655600
2023-11-21,22.0450,22.0800,21.6450,21.9450,21.3338,148275200
2023-11-22,22.2850,22.7100,22.0250,22.2000,21.5817,171446400
2023-11-24,22.1250,22.2250,21.9250,22.0900,21.4748,63975400
2023-11-27,22.0050,22.3700,21.8850,22.0250,21.4116,121856400
2023-11-28,21.9000,22.3000,21.8350,22.2000,21.5817,158349000
2023-11-29,22.6200,22.8650,22.0650,22.1200,21.5040,177523200
2023-11-30,22.1500,22.2300,21.4200,21.9350,21.3241,186394600
2023-12-01,21.7450,22.2200,21.4600,22.1200,21.5040,172937600
2023-12-04,21.4550,21.5350,20.8650,21.4900,20.8915,181143600
2023-12-05,21.1550,21.8500,21.1300,21.6450,21.0422,167540400
2023-12-06,22.1400,22.1600,21.2050,21.2600,20.6679,163000600
2023-12-07,21.7400,22.2700,21.5550,22.1500,21.5331,162755400
2023-12-08,21.8250,22.5000,21.7950,22.4150,21.7907,181789000
2023-12-11,22.3350,23.0400,22.3000,22.9850,22.3449,151540000
2023-12-12,22.9900,23.5500,22.7850,23.5400,22.8844,142899400
2023-12-13,23.6900,24.5350,23.5500,24.3700,23.6913,230081400
2023-12-14,24.6250,24.8650,23.7750,24.3300,23.6524,202697800
2023-12-15,24.4700,24.8950,24.3500,24.6200,23.9343,156731000
2023-12-18,24.7450,25.3000,24.6850,25.1350,24.4350,116436000
2023-12-19,25.2100,25.5300,25.1800,25.5100,24.7995,120349600
2023-12-20,25.2400,25.6350,24.2300,24.2700,23.6977,176165000
2023-12-21,24.9450,25.1350,24.4700,25.0750,24.4837,149089400
2023-12-22,25.3000,25.4700,24.8200,25.1750,24.5813,132420000
2023-12-26,25.3200,25.7550,25.3100,25.6350,25.0305,87371200
2023-12-27,25.6750,25.8300,25.5100,25.7700,25.1623,111495600
2023-12-28,25.9600,26.0050,25.6350,25.7050,25.0988,85768200
2023-12-29,25.6900,25.7600,25.0000,25.3500,24.7522,134245400
2024-01-02,24.6750,24.7150,23.6350,24.0650,23.4975,176270600
2024-01-03,23.5850,23.7700,23.2150,23.2950,22.7456,167812200
2024-01-04,22.9350,23.4850,22.8650,22.9050,22.3648,143735400
2024-01-05,22.9300,23.4600,22.7350,22.9900,22.4478,170481600
2024-01-08,23.1950,24.4500,23.1650,24.3750,23.8002,135374200
2024-01-09,23.8300,24.7050,23.8050,24.5350,23.9564,148431600
2024-01-10,24.5850,25.2050,24.4200,25.0200,24.4300,147621000
2024-01-11,25.2250,25.4850,24.2000,25.1400,24.5471,190228400
2024-01-12,25.3350,25.4900,24.9200,25.1700,24.5764,128214000
2024-01-16,24.9400,25.4550,24.6650,25.1550,24.5618,145874000
2024-01-17,24.5350,24.7950,23.9350,24.7200,24.1370,166554600
2024-01-18,25.2950,25.8600,25.0550,25.7800,25.1720,182140800
2024-01-19,26.1600,27.3100,26.0500,27.2700,26.6269,186359400
2024-01-22,27.7050,27.9600,27.2550,27.3800,26.7343,149656600
2024-01-23,27.5050,27.7400,27.1400,27.7050,27.0516,112172000
2024-01-24,28.4750,28.9500,28.0600,28.1600,27.4959,179718600
2024-01-25,28.6300,28.7650,27.7600,28.2400,27.5740,151395200
2024-01-26,27.8400,28.1950,27.5900,27.7200,27.0663,128382600
2024-01-29,27.8050,28.6000,27.6700,28.5350,27.8621,115977200
2024-01-30,28.3450,28.4600,27.8000,27.9650,27.3055,119554400
2024-01-31,27.0950,27.4900,26.2900,26.3200,25.6993,203451600
2024-02-01,26.6450,27.3200,26.4550,27.2500,26.6074,162261400
2024-02-02,27.5900,28.8400,27.3950,28.6200,27.9451,198505000
2024-02-05,28.5950,28.7100,27.7850,28.4750,27.8035,139947800
2024-02-06,28.6900,28.8200,27.8200,28.3100,27.6424,140124200
2024-02-07,28.8450,29.3300,28.5850,29.1550,28.4675,131823400
2024-02-08,29.1550,29.4450,29.0100,29.2750,28.5846,98922200
2024-02-09,29.5150,30.3050,29.3550,30.1350,29.4243,110222000
2024-02-12,30.1050,30.5700,29.6400,29.7800,29.0777,116255000
2024-02-13,28.1200,28.9350,27.7200,28.3700,27.7010,188933000
2024-02-14,28.9000,29.3750,28.4300,29.2700,28.5797,156151400
2024-02-15,29.4050,29.6050,28.8650,29.5150,28.8190,130057200
2024-02-16,29.5800,29.6050,28.5550,28.7050,28.0281,151933000
2024-02-20,28.2900,28.5900,27.2750,28.0400,27.3787,163321000
2024-02-21,27.4850,27.7100,26.9100,27.6900,27.0370,152898600
2024-02-22,29.3900,30.3000,29.2450,30.0850,29.3755,179279200
2024-02-23,30.4150,30.6100,29.6100,29.8100,29.1070,140390800
2024-02-26,29.9700,30.1850,29.7150,29.7700,29.0679,109875400
2024-02-27,29.9800,30.0450,29.4350,29.9550,29.2486,109399800
2024-02-28,29.5150,29.7650,29.2750,29.4700,28.7750,123503400
2024-02-29,30.0400,30.4250,29.3900,30.1800,29.4683,136959800
2024-03-01,30.3750,31.7550,30.3650,31.5650,30.8206,140959600
2024-03-04,31.5450,31.6400,31.1550,31.1900,30.4545,120418600
2024-03-05,30.5500,30.5500,29.0100,29.5200,28.8238,193207000
2024-03-06,30.3700,30.7150,29.6750,30.0650,29.3560,181677400
2024-03-07,30.7750,31.6600,30.4550,31.4050,30.6644,142370800
2024-03-08,31.4600,32.0650,29.8850,30.0300,29.3218,296451200
2024-03-11,29.7050,29.9400,29.2800,29.6800,28.9801,146770000
2024-03-12,30.1450,31.0200,29.4800,30.9400,30.2104,170560000
2024-03-13,30.7200,30.7300,29.9850,30.2200,29.5073,143779800
2024-03-14,30.4350,30.5500,29.3950,29.9750,29.2681,162480400
2024-03-15,29.3450,29.4600,28.6450,28.8800,28.1989,140883800
2024-03-18,29.9400,30.4000,29.6450,29.6950,28.9947,129193800
2024-03-19,29.2700,29.9900,28.8400,29.9000,29.1949,118810000
2024-03-20,30.0350,30.9150,29.6800,30.8500,30.2312,156556000
2024-03-21,31.8750,31.9750,31.2100,31.2500,30.6231,126541800
2024-03-22,31.1350,31.5850,30.9500,31.3150,30.6868,91574800
2024-03-25,30.7400,31.3150,30.5300,30.9950,30.3733,86669400
2024-03-26,31.3050,31.5050,30.6400,30.7050,30.0891,93986000
2024-03-27,31.2850,31.3150,30.3550,30.9750,30.3537,111388600
2024-03-28,30.9450,31.1150,30.7000,30.7800,30.1626,87023400
2024-04-01,30.9600,31.4950,30.5600,30.9700,30.3488,112290600
2024-04-02,29.9350,30.2100,29.5000,30.1400,29.5354,109672800
2024-04-03,29.7000,30.7300,29.6900,30.3400,29.7314,111683800
2024-04-04,31.1750,31.3050,28.8700,28.9100,28.3301,167520400
2024-04-05,29.2000,30.4650,29.0300,29.9300,29.3296,154897200
2024-04-08,30.1050,30.3300,29.6550,29.9500,29.3492,89725400
2024-04-09,30.4050,30.4700,29.2900,30.2600,29.6530,119965000
2024-04-10,29.1800,29.6400,29.0300,29.4650,28.8740,202080600
2024-04-11,29.8050,31.0300,29.3400,30.8500,30.2312,146931200
2024-04-12,29.9400,30.1750,29.0600,29.3600,28.7711,172589800
2024-04-15,30.1000,30.1150,27.7200,27.8850,27.3256,203656200
2024-04-16,27.8450,28.4050,27.6200,27.8900,27.3305,163766200
2024-04-17,28.2700,28.2750,26.6750,26.8550,26.3163,171026400
2024-04-18,26.9450,27.2800,26.2550,26.3750,25.8459,172781600
2024-04-19,26.1400,26.2350,24.4250,24.7400,24.2437,250807600
2024-04-22,25.1900,25.8850,24.5850,25.4600,24.9493,142604800
2024-04-23,25.8100,26.8100,25.7450,26.5950,26.0615,151835000
2024-04-24,27.1600,27.4550,26.4150,26.8550,26.3163,144316800
2024-04-25,25.4500,26.5950,25.2400,26.4250,25.8949,172827200
2024-04-26,27.0150,27.9350,26.8850,27.6400,27.0856,135994600
2024-04-29,28.0400,28.1650,27.4400,27.9700,27.4089,102355000
2024-04-30,27.6500,27.9250,26.3650,26.3700,25.8410,125248600
2024-05-01,26.0750,27.4000,25.6350,25.8000,25.2825,208076800
2024-05-02,26.4600,26.9250,25.6000,26.7550,26.2183,124829800
2024-05-03,28.1650,28.5550,27.8650,28.3500,27.7813,150878000
2024-05-06,28.7100,29.3000,28.5600,29.2800,28.6927,82530800
2024-05-07,29.3600,29.6150,29.1400,29.2800,28.6927,93320400
2024-05-08,28.7500,29.5100,28.7250,29.2250,28.6388,78027200
2024-05-09,29.2500,29.5000,28.8750,29.3850,28.7956,81439200
2024-05-10,29.6800,30.0350,29.2700,29.5850,28.9915,92669600
2024-05-13,29.9600,29.9850,29.4900,29.7800,29.1826,67722000
2024-05-14,29.6800,30.4500,29.6400,30.3350,29.7265,92952800
2024-05-15,30.8450,31.8100,30.5300,31.7350,31.0984,130481400
2024-05-16,31.6800,32.1000,31.4950,31.5400,30.9073,87715200
2024-05-17,31.5450,31.6800,31.0100,31.4700,30.8387,70099600
2024-05-20,31.5100,32.2650,31.4750,32.1200,31.4757,74539000
2024-05-21,31.7200,32.3350,31.6750,32.2850,31.6374,62314000
2024-05-22,32.3450,32.5000,31.7100,32.2650,31.6178,80039400
2024-05-23,33.2500,33.2550,31.4000,31.7850,31.1474,130877800
2024-05-24,32.1250,32.9450,31.9700,32.6750,32.0196,82558000
2024-05-28,32.9300,33.0500,32.4000,33.0300,32.3674,83186400
2024-05-29,32.1200,32.7200,32.1000,32.3400,31.6913,79282200
2024-05-30,32.1250,32.1500,30.9950,31.3000,30.6721,84703600
2024-05-31,31.3000,31.4450,29.4800,31.2650,30.6378,143746400
2024-06-03,31.8650,32.0750,30.4800,31.5700,30.9367,111435000
2024-06-04,31.5000,32.0650,31.1350,31.8050,31.1670,88491800
2024-06-05,32.5600,33.7400,32.3250,33.7250,33.0485,104871400
2024-06-06,33.8700,33.9400,33.4250,33.6850,33.0093,73031200
2024-06-07,33.5600,34.1650,33.3100,33.5600,32.8868,89943400
2024-06-10,33.2950,34.0300,33.2400,33.9150,33.2347,72041800
2024-06-11,33.6600,34.6600,33.3300,34.6150,33.9207,71386800
2024-06-12,35.5050,36.5100,35.3600,35.9800,35.2583,124402600
2024-06-13,36.7850,36.9450,36.0350,36.5550,35.8217,87285000
2024-06-14,36.4750,37.1050,36.3650,37.0850,36.3411,71555000
2024-06-17,37.1400,38.8600,36.8350,38.4300,37.6591,93354600
2024-06-18,38.4150,38.6150,38.0300,38.4500,37.6787,66433200
2024-06-20,38.7300,38.8300,37.1100,37.5450,36.7919,105455000
2024-06-21,37.4500,37.7650,36.8600,37.2000,36.4538,77341800
2024-06-24,36.9100,37.3150,35.9000,35.9400,35.2191,93754600
2024-06-25,36.3950,37.2150,36.1850,37.1400,36.3950,77675000
2024-06-26,36.8000,37.3500,36.7050,37.2300,36.6227,72549600
2024-06-27,37.1600,37.8500,36.9600,37.5000,36.8883,74115400
2024-06-28,37.6450,38.7650,36.7250,36.9100,36.3079,107803000
2024-07-01,37.0800,37.6450,36.2100,37.5150,36.9031,86557400
2024-07-02,37.1450,38.6900,37.1200,38.6650,38.0343,74950200
2024-07-03,38.4750,39.6550,38.4750,39.6150,38.9688,56150400
2024-07-05,39.7850,40.9250,39.7150,40.8150,40.1492,79624600
2024-07-08,40.9050,41.2350,40.6400,41.0850,40.4148,73365600
2024-07-09,41.4600,41.7450,40.8100,41.1750,40.5034,72033600
2024-07-10,41.6600,42.6000,41.3350,42.4650,41.7723,77554800
2024-07-11,42.4850,42.5300,39.3500,39.6750,39.0278,149329000
2024-07-12,39.7550,41.4700,39.6500,40.3200,39.6623,101019800
2024-07-15,40.7350,41.8100,40.1150,40.6200,39.9574,109900400
2024-07-16,40.9700,41.1750,39.8700,40.6500,39.9869,83637600
2024-07-17,38.6650,38.7850,37.0450,37.0750,36.4703,142840000
2024-07-18,37.9050,37.9600,35.7750,36.5200,35.9243,131678400
2024-07-19,36.4000,36.9850,35.2200,35.5300,34.9505,118249600
2024-07-22,36.8250,37.3150,36.0600,37.0800,36.4752,112808600
2024-07-23,36.8650,37.5650,36.5700,36.6800,36.0817,87127000
2024-07-24,35.1150,35.1900,32.5250,32.7250,32.1912,159575200
2024-07-25,32.7800,33.6700,31.0650,31.6350,31.1190,188128000
2024-07-26,32.5000,33.1700,31.8900,32.5400,32.0092,137407000
2024-07-29,33.1350,33.5950,32.2600,32.7300,32.1961,115640800
2024-07-30,33.1400,33.2950,30.6700,31.3950,30.8829,143063600
2024-07-31,33.4900,34.5000,33.1900,34.1400,33.5831,173408400
2024-08-01,34.2900,35.1100,30.8500,31.6800,31.1633,210693200
2024-08-02,29.8250,30.3600,28.5000,29.3700,28.8909,209844000
2024-08-05,24.6650,28.0950,24.4000,26.8100,26.3727,287924400
2024-08-06,27.0650,28.8750,26.5700,27.4800,27.0318,192909400
2024-08-07,28.7850,29.2550,26.5000,26.5950,26.1612,182751600
2024-08-08,27.7250,29.1750,27.0050,29.0300,28.5565,152879200
2024-08-09,28.7200,29.7650,28.5000,29.4250,28.9450,125592400
2024-08-12,29.6150,30.2000,29.0550,29.6250,29.1418,108972600
2024-08-13,30.4800,31.8550,30.4500,31.7800,31.2616,108962800
2024-08-14,31.9950,32.3200,30.9350,31.8350,31.3157,124710600
2024-08-15,33.0650,34.3150,32.9950,34.2300,33.6717,106424800
2024-08-16,33.8100,34.6300,33.5950,34.3200,33.7602,89675200
2024-08-19,34.3400,35.6750,33.9450,35.6500,35.0685,91599800
2024-08-20,35.4500,36.0300,35.0450,35.4300,34.8521,97859000
2024-08-21,35.5900,36.3300,35.2100,35.9150,35.3292,103000800
2024-08-22,36.4300,36.5800,33.9600,34.1900,33.6323,127496400
2024-08-23,35.1000,35.8600,34.2500,35.2650,34.6898,128753200
2024-08-26,35.1350,35.3350,33.7650,34.2300,33.6717,84981400
2024-08-27,33.8650,34.7500,33.4250,34.5200,33.9569,71532600
2024-08-28,34.4000,34.5600,32.5800,33.3500,32.8060,118625800
2024-08-29,33.7250,34.7150,32.8950,33.1750,32.6339,120033600
2024-08-30,34.0600,34.4350,33.0900,34.3050,33.7454,92946800
2024-09-03,33.6300,33.6600,30.6450,31.1750,30.6665,147572600
2024-09-04,30.5200,31.6850,30.3250,30.9100,30.4058,96798400
2024-09-05,30.5700,31.8600,30.3600,31.0100,30.5042,110171600
2024-09-06,30.8050,30.9850,28.3600,28.4950,28.0302,169904600
2024-09-09,29.2850,29.7450,28.6700,29.5550,29.0729,110835000
2024-09-10,29.8900,30.4600,29.1000,30.3500,29.8549,91582400
2024-09-11,30.5900,32.4750,28.8850,32.2850,31.7584,163475200
2024-09-12,32.3150,33.4450,31.9450,33.2400,32.6978,109802600
2024-09-13,33.0750,33.9350,33.0250,33.6750,33.1257,87966600
2024-09-16,33.2100,33.3550,32.5150,33.2250,32.6830,82331000
2024-09-17,33.8500,34.1300,32.7350,33.2450,32.7027,103114400
2024-09-18,33.5100,34.3800,32.6950,32.8100,32.2748,166396200
2024-09-19,35.1500,35.9000,34.7050,35.2900,34.7144,114801400
2024-09-20,35.0750,35.3400,34.1550,35.0650,34.4930,96759600
2024-09-23,35.3100,35.5750,35.0200,35.3250,34.7488,69837000
2024-09-24,35.6400,36.0450,34.6900,35.8250,35.2406,81259600
2024-09-25,35.5700,36.2450,35.5300,35.8350,35.3640,64724800
2024-09-26,37.4600,37.5350,35.7900,36.5950,36.1140,107003200
2024-09-27,36.8100,36.8300,35.6950,35.9650,35.4923,82930600
2024-09-30,35.7300,36.3100,35.0900,36.2450,35.7686,85862800
2024-10-01,36.1400,36.2150,33.8500,34.7100,34.2538,134760200
2024-10-02,34.5050,35.2700,33.9350,34.8400,34.3821,79119400
2024-10-03,34.3650,35.4050,34.1950,34.7600,34.3031,97749400
2024-10-04,36.0000,36.0800,34.8900,35.9850,35.5120,110700400
2024-10-07,35.5250,35.7900,34.5300,34.8000,34.3426,82403400
2024-10-08,35.3300,36.4900,35.1550,36.3100,35.8328,77914000
2024-10-09,36.2600,37.3150,36.0300,37.1850,36.6963,78696200
2024-10-10,36.6600,37.4750,36.3600,37.0550,36.5680,86060600
2024-10-11,36.5850,37.4000,36.4500,37.1500,36.6617,70735200
2024-10-14,37.7200,38.4100,37.6050,38.1000,37.5992,67691200
2024-10-15,38.1750,38.3250,36.0700,36.5800,36.0992,106307600
2024-10-16,36.6200,36.7450,35.8350,36.5600,36.0795,70784200
2024-10-17,37.7900,37.8000,36.6250,36.6700,36.1880,97697800
2024-10-18,37.2300,37.5750,37.0650,37.3200,36.8295,64151600
2024-10-21,37.0300,37.7100,36.5900,37.5250,37.0318,74995800
2024-10-22,36.9050,37.9750,36.7300,37.6350,37.1403,76308000
2024-10-23,37.0850,37.2350,35.1400,35.8950,35.4232,118172200
2024-10-24,36.7100,36.9000,36.1200,36.7500,36.2670,78612800
2024-10-25,37.3500,38.5000,37.1950,37.3700,36.8788,114826000
2024-10-28,38.0950,38.0950,37.3300,37.4050,36.9134,69162200
2024-10-29,37.4650,38.7300,37.0350,38.4400,37.9348,78545200
2024-10-30,38.2750,38.4900,37.4700,37.5850,37.0910,80473200
2024-10-31,36.6550,36.6650,34.7150,34.7250,34.2686,138905200
2024-11-01,35.0400,36.1800,34.9850,35.4650,34.9989,96678800
2024-11-04,35.3200,35.8800,34.7550,35.1350,34.6732,82214400
2024-11-05,35.4750,36.6200,35.4600,36.4700,35.9907,79352600
2024-11-06,38.3300,39.6100,38.0950,39.4300,38.9117,118794200
2024-11-07,40.0800,41.4650,40.0500,41.2750,40.7325,99545200
2024-11-08,41.1100,41.5550,40.9550,41.3750,40.8312,70060000
2024-11-11,41.6650,41.7150,40.5900,41.3000,40.7572,70806000
2024-11-12,41.2700,41.4850,40.3250,41.0750,40.5351,68286000
2024-11-13,40.9300,41.5450,40.3400,40.8950,40.3575,74989000
2024-11-14,40.7950,41.0150,39.8100,40.0300,39.5039,77651400
2024-11-15,38.6350,38.7250,36.6450,37.1350,36.6469,120601600
2024-11-18,37.4650,38.3700,37.1550,37.8850,37.3871,77551200
2024-11-19,37.2750,38.7750,37.2100,38.6450,38.1371,80088200
2024-11-20,38.5750,38.6450,37.0550,38.6000,38.0927,101260600
2024-11-21,39.2750,39.4400,37.2800,38.9800,38.4677,109865600
2024-11-22,38.8200,39.3050,38.4400,39.1250,38.6108,79934800
2024-11-25,40.0800,40.4350,38.7700,39.3050,38.7884,91515800
2024-11-26,39.6450,40.1250,39.4450,39.9150,39.3904,69747200
2024-11-27,39.6450,39.6550,38.1650,38.9500,38.4381,78463600
2024-11-29,39.0650,40.0850,38.9250,39.9450,39.4200,40865800
2024-12-02,40.2400,41.4750,40.1450,41.2400,40.6980,73638200
2024-12-03,40.9000,41.6650,40.7650,41.6050,41.0582,84810800
2024-12-04,42.4350,43.1850,42.2550,43.1250,42.5582,69992600
2024-12-05,43.1250,43.3200,42.6700,42.7700,42.2078,54020400
2024-12-06,42.8900,43.9350,42.8600,43.8700,43.2934,62740600
2024-12-09,43.6250,43.8300,42.5400,42.8450,42.2819,69577600
2024-12-10,43.1250,43.5600,42.0250,42.3800,41.8230,71541600
2024-12-11,43.4400,44.8100,43.3400,44.6450,44.0582,74897800
2024-12-12,44.0650,44.3850,43.6400,43.7600,43.1848,66348400
2024-12-13,44.7100,45.3850,43.9250,44.7000,44.1125,79663600
2024-12-16,45.3600,46.8950,45.3350,46.6450,46.0319,69967600
2024-12-17,46.1650,46.4550,45.5850,46.0200,45.4151,69168200
2024-12-18,45.8250,46.2850,40.6450,41.0450,40.5055,134849200
2024-12-19,42.1350,42.2650,40.3750,40.4650,39.9331,113317600
2024-12-20,39.5300,42.9300,39.2500,41.5150,40.9693,145241000
2024-12-23,41.7250,42.6200,40.9150,42.5300,42.1105,83645800
2024-12-24,42.9750,44.2400,42.8200,44.2200,43.7838,48139600
2024-12-26,43.8100,44.5400,43.2950,44.1250,43.6897,59062000
2024-12-27,43.1850,43.2950,41.1400,42.3300,41.9124,102139000
2024-12-30,40.6000,41.5300,39.7050,40.6300,40.2292,102844000
2024-12-31,40.9000,41.0800,39.3400,39.5650,39.1747,105177600
2025-01-02,40.2700,40.8050,38.2650,39.3150,38.9272,141370600
2025-01-03,39.9950,41.4550,39.8100,41.2000,40.7936,92431600
2025-01-06,42.4850,43.4250,42.0150,42.6050,42.1847,92050000
2025-01-07,42.8600,42.9450,39.8550,40.3100,39.9124,111021000
2025-01-08,40.2800,40.7050,39.2200,40.3400,39.9421,96021200
2025-01-10,39.4000,39.4100,37.6150,38.4150,38.0361,145651600
2025-01-13,37.0250,38.1000,36.6700,38.0150,37.6400,113382000
2025-01-14,38.7400,39.0300,37.0950,37.8800,37.5063,125271000
2025-01-15,39.6550,40.7350,39.3000,40.4400,40.0411,106919200
2025-01-16,41.0050,41.0250,39.6000,39.6150,39.2242,93055400
2025-01-17,41.8450,41.9700,40.9200,41.5700,41.1599,87352200
2025-01-21,42.2250,42.5750,41.1650,42.2600,41.8431,83451800
2025-01-22,43.4200,44.4550,43.3550,43.9000,43.4670,86265400
2025-01-23,43.2700,44.1900,43.1350,44.1700,43.7343,60481000
2025-01-24,44.2150,44.4150,43.0050,43.3750,42.9471,72479200
2025-01-27,38.7900,40.5150,38.5900,39.5700,39.1797,161821600
2025-01-28,39.7900,41.5850,39.0000,41.3250,40.9174,101033400
2025-01-29,41.4550,41.4900,40.1300,41.0700,40.6649,118481200
2025-01-30,41.7350,42.2950,40.4300,41.5850,41.1748,115171000
2025-01-31,42.4600,43.5450,41.0900,41.3600,40.9520,118146600
2025-02-03,39.2650,40.9950,38.6700,40.3600,39.9619,153257000
2025-02-04,40.4550,41.9700,40.3650,41.8250,41.4124,84634600
2025-02-05,41.1750,42.4100,40.8800,42.3700,41.9520,79694800
2025-02-06,42.4800,43.0650,42.0950,43.0050,42.5808,76431000
2025-02-07,43.1300,43.5950,41.1750,41.3650,40.9570,110870400
2025-02-10,42.3650,43.1000,42.2500,42.8200,42.3976,65594200
2025-02-11,42.0350,42.9950,42.0050,42.5150,42.0956,62602800
2025-02-12,41.1400,42.8050,41.0500,42.6000,42.1798,96986600
2025-02-13,42.9900,44.4800,42.7900,44.3950,43.9571,92920200
2025-02-14,44.4050,45.0900,44.3000,44.9150,44.4720,76057400
2025-02-18,45.3150,45.3750,44.3750,45.1950,44.7492,68825200
2025-02-19,45.0000,45.5600,44.4600,45.2000,44.7541,68515800
2025-02-20,45.0250,45.1150,43.4450,44.6500,44.2096,80266000
2025-02-21,44.8850,44.8950,41.7350,41.8550,41.4421,118627200
2025-02-24,42.2500,42.5250,40.2500,40.3500,39.9520,106467400
2025-02-25,40.1650,40.1900,37.8900,38.8100,38.4272,151194400
2025-02-26,39.2900,40.2250,38.3450,39.0600,38.6747,126351400
2025-02-27,39.8600,40.0850,35.7400,35.8200,35.4667,206751000
2025-02-28,35.7300,37.5850,35.0400,37.4600,37.0905,186358000
2025-03-03,38.1850,38.5250,34.2200,35.0400,34.6944,183891600
2025-03-04,34.3800,36.3850,33.0050,34.6550,34.3132,261673800
2025-03-05,34.7750,36.3450,33.7450,36.0050,35.6498,201266600
2025-03-06,34.1950,35.2500,32.5850,33.0200,32.6943,245645400
2025-03-07,32.7800,34.0050,31.4450,33.7050,33.3725,270354600
2025-03-10,32.0000,32.0950,28.9400,29.9050,29.6100,312271600
2025-03-11,29.7000,30.9250,28.6850,29.5550,29.2635,278978600
2025-03-12,30.9700,31.3300,29.5800,30.5650,30.2635,283837200
2025-03-13,30.4000,30.4250,28.5200,28.8950,28.6100,242454600
2025-03-14,29.8550,31.1150,29.7500,30.9450,30.6398,198217000
2025-03-17,30.9400,32.1400,30.5750,31.5450,31.2338,180300800
2025-03-18,30.8850,30.8900,29.5050,29.9550,29.6595,175652400
2025-03-19,30.3400,31.9550,29.9700,31.1200,30.8130,185186400
2025-03-20,30.3300,31.8150,30.1850,30.8000,30.4962,176818200
2025-03-21,29.7650,31.2100,29.5350,31.0900,30.7833,160982000
2025-03-24,32.5300,33.2650,32.4100,33.0650,32.7388,126823000
2025-03-25,33.2400,33.6850,33.0450,33.6550,33.3230,111139400
2025-03-26,33.3200,33.4950,31.3800,31.6900,31.4700,157006400
2025-03-27,31.3000,32.1150,30.8750,31.1500,30.9337,144736000
2025-03-28,30.7700,30.9050,28.4850,28.6700,28.4709,207264200
2025-03-31,27.3600,28.8150,26.5200,28.6500,28.4511,213709000
2025-04-01,28.3400,29.4950,27.8100,29.3100,29.1065,194196400
2025-04-02,28.0950,30.6000,28.0450,29.9650,29.7570,246174800
2025-04-03,26.2150,26.9150,25.0550,25.1500,24.9754,280231400
2025-04-04,22.9950,23.3900,20.5150,20.5450,20.4024,516053400
2025-04-07,18.3750,23.4150,17.5000,20.6250,20.4818,791455200
2025-04-08,22.6950,23.4050,18.5500,19.4500,19.3150,502295400
2025-04-09,19.3800,26.7050,19.3650,26.3050,26.1224,713864000
2025-04-10,24.3400,24.6700,20.7850,23.0700,22.9098,563385400
2025-04-11,22.8350,24.5350,22.3100,24.2900,24.1214,358585800
2025-04-14,25.9500,26.0250,24.0350,24.8000,24.6278,294861400
2025-04-15,24.9800,25.6050,24.5950,24.8950,24.7222,209340200
2025-04-16,23.4150,24.0050,21.5800,22.6450,22.4878,269148800
2025-04-17,23.0450,23.1450,22.1750,22.5800,22.4232,202191600
2025-04-21,21.6850,21.8200,20.1200,20.9300,20.7847,229539400
2025-04-22,21.7300,22.9900,21.5500,22.5300,22.3736,260222800
2025-04-23,24.6200,25.4150,23.8150,24.0250,23.8582,303995400
2025-04-24,24.3700,26.1400,24.2700,26.0700,25.8890,240615400
2025-04-25,26.0200,27.0350,25.7400,26.9300,26.7430,226103200
2025-04-28,27.0100,27.3200,25.8200,26.9100,26.7232,191356800
2025-04-29,26.5200,27.5850,26.4150,27.4350,27.2445,169808000
2025-04-30,25.9800,27.7100,25.1600,27.4400,27.2495,268446600
2025-05-01,28.7800,29.4450,28.3150,28.3850,28.1879,205481600
2025-05-02,29.3200,30.0950,29.0150,29.7150,29.5087,195097800
2025-05-05,28.9500,29.7500,28.8500,29.2000,28.9973,138579000
2025-05-06,28.0300,29.0200,27.7850,28.3700,28.1730,165885800
2025-05-07,28.4800,29.1300,27.5450,28.7000,28.5007,207867200
2025-05-08,29.6000,30.3550,28.8300,29.5550,29.3498,197621600
2025-05-09,29.9000,30.1350,29.1650,29.4850,29.2803,146818800
2025-05-12,32.9250,33.0800,31.9250,33.0550,32.8255,202490000
2025-05-13,33.3350,34.9300,33.1800,34.5700,34.3300,170595400
2025-05-14,34.8050,35.3050,34.6050,35.1800,34.9357,161184800
2025-05-15,34.7400,35.8450,34.4650,35.2900,35.0450,161694800
2025-05-16,35.5550,35.7600,34.8250,35.7250,35.4770,127627200
2025-05-19,34.2350,35.9300,34.2150,35.8200,35.5713,143794200
2025-05-20,35.2900,35.5850,34.7000,35.4450,35.1989,134069400
2025-05-21,34.6200,35.9950,33.5900,33.9700,33.7341,219255200
2025-05-22,34.0800,34.8750,33.8100,34.1450,33.9079,173542000
2025-05-23,32.5450,33.6700,32.4300,33.1600,32.9298,214220800
2025-05-27,34.4950,35.5750,34.1950,35.4700,35.2237,130539600
2025-05-28,35.6700,35.9700,34.8900,35.0150,34.7719,132542600
2025-05-29,36.5000,36.5300,34.6650,35.1850,34.9407,193248800
2025-05-30,35.0650,35.3000,33.5200,35.0000,34.7570,187118200
2025-06-02,34.6000,35.8600,34.3450,35.8050,35.5564,137925400
2025-06-03,35.8800,36.9400,35.7000,36.6400,36.3856,128728400
2025-06-04,36.7900,37.1600,36.3550,36.9350,36.6786,128889000
2025-06-05,37.2250,37.8250,35.6500,36.0750,35.8245,198008800
2025-06-06,37.1350,37.5050,36.7700,37.1050,36.8474,131215400
2025-06-09,37.1550,37.6200,36.9200,37.2700,37.0112,100363800
2025-06-10,37.3550,38.1450,36.8800,37.9900,37.7262,122693000
2025-06-11,38.2950,38.5400,37.1100,37.6000,37.3389,181652000
2025-06-12,37.3000,38.0650,37.2600,37.8450,37.5822,126110000
2025-06-13,36.5500,37.4450,36.1350,36.4150,36.1622,210666200
2025-06-16,37.1100,38.1250,37.1100,37.9000,37.6369,116668600
2025-06-17,37.3400,37.6900,36.5400,36.7800,36.5246,135418200
2025-06-18,36.9600,37.4800,36.4200,36.7300,36.4750,142661400
2025-06-20,37.3800,37.6650,35.8600,36.2250,35.9735,163355000
2025-06-23,36.3650,37.4650,35.7100,37.3500,37.0907,167572800
2025-06-24,38.4550,39.2550,38.3300,39.0500,38.7789,113191600
2025-06-25,39.4400,39.7100,38.8600,39.2400,39.0766,101438200
2025-06-26,39.7100,40.4250,39.3100,40.3150,40.1472,100144200
2025-06-27,40.5150,41.1250,39.9250,40.7100,40.5405,146023600
2025-06-30,41.4000,41.7450,40.9150,41.5000,41.3272,113721400
2025-07-01,41.0600,41.2700,39.9050,40.4450,40.2766,140390000
2025-07-02,40.2300,41.2950,40.2150,41.2500,41.0783,100285000
2025-07-03,41.7450,42.6450,41.7450,42.4050,42.2285,83484600
2025-07-07,41.8000,41.9850,40.9000,41.4600,41.2874,139674800
2025-07-08,41.7400,41.8900,41.2350,41.5150,41.3422,115515400
2025-07-09,41.9850,42.6950,41.6750,42.3750,42.1986,117976200
2025-07-10,42.5150,42.6100,41.5700,42.1800,42.0044,110317800
2025-07-11,41.6600,42.2250,41.3750,41.8600,41.6857,106937600
2025-07-14,41.8150,42.4700,41.2750,42.3050,42.1289,97311400
2025-07-15,43.2150,43.3350,42.4000,42.4150,42.2384,123257600
2025-07-16,42.5300,42.6750,41.2200,42.5350,42.3579,166357600
2025-07-17,42.6850,43.6600,42.5000,43.5250,43.3438,97330800
2025-07-18,43.8200,43.8700,43.0950,43.3750,43.1944,98496200
2025-07-21,43.5750,44.4900,43.5600,44.0350,43.8517,87720400
2025-07-22,44.0650,44.0800,42.7350,43.3500,43.1695,108345200
2025-07-23,43.5900,43.9400,42.9500,43.9200,43.7371,118025200
2025-07-24,44.2250,44.4800,43.8000,44.2100,44.0259,90378200
2025-07-25,44.1550,44.7900,43.9900,44.4600,44.2749,79003200
2025-07-28,44.7950,45.0950,44.5900,44.8950,44.7081,95592000
2025-07-29,45.4950,45.8150,44.4900,44.6900,44.5039,116251200
2025-07-30,44.8700,45.4400,44.1300,44.8450,44.6583,145527600
2025-07-31,46.3550,46.3750,43.8300,44.1050,43.9214,178874600
2025-08-01,42.6250,42.6600,40.9300,41.4600,41.2874,219781200
2025-08-04,42.6100,43.7850,42.5800,43.7300,43.5479,108586000
2025-08-05,44.0250,44.3050,42.7100,42.8200,42.6417,152088400
2025-08-06,43.0150,44.5350,42.9050,44.4200,44.2351,128995200
2025-08-07,45.4450,45.8350,43.9100,44.8700,44.6832,169239200
2025-08-08,45.1200,46.1400,45.0500,46.0800,45.8881,104522600
2025-08-11,46.1150,46.6200,45.3600,45.6750,45.4848,94617000
2025-08-12,46.2100,47.4450,45.5650,47.3600,47.1628,119469600
2025-08-13,48.0250,48.1600,47.0900,47.4300,47.2325,96058600
2025-08-14,46.9200,47.7950,46.8200,47.3000,47.1031,106385800
2025-08-15,47.2350,47.2550,46.2100,46.6300,46.4359,96167400
2025-08-18,46.4000,46.7300,46.1150,46.5700,46.3761,73371400
2025-08-19,46.3850,46.4300,44.4100,44.6700,44.4840,111118600
2025-08-20,44.4150,44.4450,42.1900,43.8550,43.6724,164404200
2025-08-21,43.4750,43.9750,42.6950,43.2450,43.0650,119920000
2025-08-22,43.5100,45.6600,43.1850,45.1900,45.0019,132726400
2025-08-25,44.8100,45.4900,44.5150,44.7950,44.6085,80452600
2025-08-26,44.6550,45.3850,44.4200,45.3150,45.1263,84374600
2025-08-27,45.0700,45.7200,44.7700,45.5200,45.3305,90055200
2025-08-28,45.6400,46.5550,45.2550,46.3500,46.1570,90658000
2025-08-29,45.7100,45.7950,44.2450,44.6800,44.4940,121887000
2025-09-02,42.5550,43.6200,42.1250,43.5400,43.3587,166668000
2025-09-03,44.3650,44.9400,43.7950,44.5550,44.3695,119929800
2025-09-04,44.7000,45.8300,44.3100,45.7600,45.5695,101759600
2025-09-05,46.9700,47.1200,44.8450,45.9100,45.7189,172625800
2025-09-08,46.4550,47.0500,46.3200,46.5650,46.3711,101696800
2025-09-09,46.7500,47.0550,46.1200,46.9450,46.7495,94620800
2025-09-10,47.7250,47.7300,46.4700,46.9950,46.7993,120818800
2025-09-11,47.5950,47.9900,47.2050,47.7850,47.5861,91247200
2025-09-12,47.9800,48.6850,47.7650,48.3800,48.1786,92235200
2025-09-15,48.8200,49.6350,48.7850,49.6150,49.4084,78114400
2025-09-16,49.8350,49.9050,49.3050,49.4800,49.2740,77137200
2025-09-17,49.4450,49.6000,47.7550,49.1650,48.9603,147697200
2025-09-18,50.3800,51.1850,49.8950,50.4900,50.2798,123401600
2025-09-19,50.9400,51.6450,50.5750,51.4900,51.2756,84365400
2025-09-22,51.2100,52.5400,51.2100,52.3600,52.1420,81054600
2025-09-23,52.3950,52.4500,50.9900,51.3050,51.0914,99930600
2025-09-24,51.6050,51.6800,49.9950,50.7050,50.5422,101055600
2025-09-25,49.7000,50.4350,48.7500,50.0250,49.8643,122820600
2025-09-26,50.2000,50.6900,49.3700,50.6250,50.4624,124097400
2025-09-29,51.3950,52.1400,50.9700,51.3000,51.1353,92393200
2025-09-30,51.2050,51.7850,50.6100,51.7000,51.5340,92323800
2025-10-01,50.8650,52.5700,50.6500,52.4300,52.2616,93996400
2025-10-02,53.4050,53.4200,52.3300,53.0700,52.8996,89158600
2025-10-03,53.2200,53.4350,51.8800,52.3500,52.1819,103096400
2025-10-06,53.7000,53.9400,53.0650,53.5200,53.3481,82476800
2025-10-07,53.8500,54.0300,52.2600,52.6550,52.4859,100185800
2025-10-08,52.8600,54.5250,52.8300,54.4400,54.2652,86931000
2025-10-09,54.4400,54.4800,53.3800,54.2250,54.0509,87956200
2025-10-10,54.3650,54.8300,48.4150,48.5350,48.3791,238009400
2025-10-13,51.0300,51.8400,50.4250,51.6150,51.4492,114511200
2025-10-14,49.8650,51.7650,48.5350,50.5650,50.4026,147230000
2025-10-15,52.0700,52.7550,50.0200,51.6000,51.4343,127069400
2025-10-16,52.3400,53.1650,49.8750,51.0250,50.8611,159344000
2025-10-17,50.4600,52.3850,50.0600,51.9950,51.8280,142274000
2025-10-20,52.8050,54.2600,52.7750,53.9450,53.7718,79928800
2025-10-21,53.9500,54.2400,53.3350,53.8850,53.7120,79811400
2025-10-22,53.7250,53.8700,50.7900,52.3000,52.1320,134380800
2025-10-23,52.1350,53.8150,52.0400,53.6100,53.4378,91245000
2025-10-24,54.9950,55.6300,54.7650,55.2800,55.1025,84387600
2025-10-27,57.2600,58.3450,57.1350,58.2150,58.0280,77489400
2025-10-28,58.8250,60.0400,58.5300,59.5450,59.3538,92239400
2025-10-29,60.2850,60.6850,58.7700,60.3050,60.1113,133060800
2025-10-30,59.2950,59.6700,57.5150,57.5450,57.3602,127234200
2025-10-31,59.7450,59.7450,57.6900,58.3600,58.1726,122666800
2025-11-03,60.0000,60.2100,58.5400,59.1600,58.9700,83598000
2025-11-04,56.6800,57.7050,55.3200,55.5400,55.3616,124762800
2025-11-05,55.3400,57.5000,54.9700,56.6200,56.4382,109730000
2025-11-06,56.1850,56.2500,53.0600,53.4450,53.2734,156461400
2025-11-07,52.5100,52.9200,49.9800,52.8900,52.7201,183589400
2025-11-10,55.2150,56.6250,54.7050,56.3550,56.1740,119878800
2025-11-11,55.6350,56.2100,54.8000,55.8900,55.7105,102665600
2025-11-12,56.7650,56.7700,54.8650,55.7750,55.5959,125708400
2025-11-13,54.7850,54.9400,51.7000,52.3300,52.1619,201264400
2025-11-14,49.9900,53.5450,49.3850,52.3700,52.2018,222397600
2025-11-17,51.7050,53.3150,50.0550,51.0250,50.8611,186327000
2025-11-18,49.9850,50.6700,47.9000,49.1800,49.0221,267348000
2025-11-19,49.3250,51.5750,48.7150,50.0250,49.8643,184263600
2025-11-20,52.9500,53.5400,46.2300,46.4500,46.3008,178246300
2025-11-21,46.8500,49.1000,45.2400,47.4800,47.3275,179618600
2025-11-24,48.7000,51.4500,48.6700,51.0800,50.9160,93894200
2025-11-25,50.6400,52.3600,49.0800,52.0100,51.8430,101851900
2025-11-26,52.9100,53.8600,52.3700,53.3700,53.1986,75598100
2025-11-28,53.8200,54.6100,53.6300,54.5400,54.3648,34381600
2025-12-01,53.1100,54.6500,52.8200,54.0500,53.8764,66359600
2025-12-02,54.6300,55.7600,54.1400,55.3000,55.1224,79504400
2025-12-03,54.6600,55.8800,54.2300,55.6900,55.5112,69844900
2025-12-04,56.0400,56.0500,54.6100,55.5100,55.3317,63958000
2025-12-05,55.8600,57.0800,55.6800,56.1500,55.9697,73206000
2025-12-08,56.5700,57.0400,55.1200,55.8000,55.6208,69700000
2025-12-09,55.4500,56.2200,55.0900,56.0100,55.8301,48736000
2025-12-10,55.6500,57.0900,54.8900,56.6500,56.4681,100261100
2025-12-11,55.6300,56.1600,53.9800,56.1100,55.9298,99683900
2025-12-12,55.1100,55.5200,52.2300,52.8200,52.6504,138448500
2025-12-15,54.0600,54.0600,51.7200,52.0200,51.8529,98696300
2025-12-16,51.4300,52.7700,51.1000,52.3300,52.1619,105953700
2025-12-17,52.6500,52.8000,49.3700,49.4000,49.2414,125606200
2025-12-18,51.6700,52.4600,50.9800,51.5100,51.3446,109222100
2025-12-19,52.2000,53.6400,52.1900,53.5200,53.3481,72957800
2025-12-22,54.8100,54.8900,53.8800,54.2500,54.0758,64783100
2025-12-23,53.9700,55.0700,53.8600,55.0100,54.8333,48197100
2025-12-24,54.8700,55.4500,54.7800,55.3600,55.2686,25855000
2025-12-26,55.5200,55.7500,55.1100,55.3100,55.2187,37244200
2025-12-29,54.2900,54.9900,53.9200,54.4900,54.4001,50635300
2025-12-30,54.2000,54.8200,54.0400,54.1000,54.0107,38976800
2025-12-31,54.1300,54.2000,52.6400,52.7200,52.6330,57199400
2026-01-02,54.1700,54.8800,51.6100,52.3500,52.2636,107226600
2026-01-05,53.9500,54.3300,53.2900,53.6000,53.5115,77968000
2026-01-06,53.9200,55.1700,53.7400,55.0100,54.9192,68915800
2026-01-07,54.8900,56.1900,54.7700,55.1700,55.0789,65588300
2026-01-08,54.8700,54.9800,53.5000,54.1900,54.1006,83760300
2026-01-09,54.3900,56.1000,53.7900,55.7600,55.6680,78706300
2026-01-12,54.6000,56.3400,54.5800,55.8900,55.7977,59673900
2026-01-13,55.9100,56.5000,54.9600,55.6000,55.5082,88611000
2026-01-14,54.5500,54.8800,52.5000,53.8300,53.7411,117421500
2026-01-15,55.6500,55.8300,54.1300,54.3800,54.2902,90483000
2026-01-16,55.3200,55.4600,53.5800,54.1400,54.0506,75855900
2026-01-20,51.3900,52.5600,50.4800,50.7300,50.6463,129209100
2026-01-21,51.0700,53.8000,50.6700,52.7300,52.6430,150230100
2026-01-22,54.3200,54.3300,53.1500,53.9000,53.8110,90992300
2026-01-23,53.5900,55.0700,53.3200,54.3800,54.2902,78066100
2026-01-26,54.4700,55.6300,54.2100,55.0800,54.9891,58084300
2026-01-27,55.9800,56.8000,55.5600,56.5400,56.4467,51981200
2026-01-28,57.7000,58.0100,56.7300,57.0600,56.9658,76172100
2026-01-29,56.9500,57.2100,53.0600,56.0400,55.9475,122642300
2026-01-30,55.0200,55.7100,53.3200,54.0000,53.9109,110170700
2026-02-02,53.1600,55.7100,53.1500,55.1000,55.0090,74665800
2026-02-03,55.6400,55.7600,51.0800,52.5200,52.4333,129992200
2026-02-04,52.1400,52.1500,48.4300,49.7600,49.6779,142536200
2026-02-05,48.3900,49.5300,47.0600,47.6400,47.5614,158712900
2026-02-06,48.3400,51.0100,48.0000,50.5900,50.5065,117934600
2026-02-09,50.0600,52.2700,49.4400,51.7400,51.6546,71272700
2026-02-10,51.9700,52.4000,50.8900,51.0200,50.9358,70660900
2026-02-11,52.2100,52.5000,50.0400,51.4000,51.3152,92393800
2026-02-12,51.8000,52.0700,47.9900,48.2600,48.1803,131150000
2026-02-13,48.1500,49.5900,47.1800,48.4700,48.3900,123216600
2026-02-17,47.6400,48.9800,46.4200,48.3500,48.2702,117089700
2026-02-18,48.5300,50.3600,48.2000,49.3900,49.3085,81370800
2026-02-19,48.6700,49.4000,48.1600,48.8300,48.7494,83447500
2026-02-20,47.9600,50.4500,47.7600,50.0600,49.9774,118813800
2026-02-23,49.5300,49.8800,47.6600,48.2400,48.1604,91951800
2026-02-24,48.4500,50.0400,47.8200,49.7800,49.6978,71023300
2026-02-25,50.5500,51.9600,50.5300,51.8700,51.7844,54217200
2026-02-26,51.6300,51.6400,48.7100,50.0500,49.9674,105583800
2026-02-27,48.4500,49.7700,48.2600,49.5200,49.4383,93802200
2026-03-02,47.4600,50.1500,47.2300,49.7000,49.6180,108545900
2026-03-03,46.8100,48.6700,45.7200,48.1000,48.0206,163365500
2026-03-04,48.6900,50.7900,48.5200,50.2600,50.1770,99738400
2026-03-05,49.4400,50.7600,48.1700,49.8000,49.7178,129713200
2026-03-06,47.6600,49.0500,47.1800,47.5400,47.4615,141012200
2026-03-09,46.1900,49.7700,45.5000,49.3900,49.3085,159005500
2026-03-10,49.4100,50.7400,48.8300,49.4000,49.3185,115057200
2026-03-11,49.6800,50.5200,48.7300,49.3500,49.2685,91104300
2026-03-12,48.1500,48.4900,46.7500,46.8300,46.7527,130823900
2026-03-13,47.3500,48.2500,45.6700,45.9300,45.8542,141952500
2026-03-16,47.3700,48.2700,47.1800,47.4600,47.3817,81421500
2026-03-17,48.1200,48.7600,47.8100,48.1600,48.0805,74570100
2026-03-18,47.7200,48.1100,46.0500,46.1000,46.0239,105059300
2026-03-19,44.8700,46.3200,44.3000,45.6900,45.6146,138384900
2026-03-20,45.1800,45.2100,42.3000,43.0800,43.0089,137952500
2026-03-23,45.1100,46.1500,44.1300,44.5700,44.4964,139354300
2026-03-24,43.8400,44.5500,43.1900,43.6200,43.5480,105505200
2026-03-25,44.7000,45.2200,43.9500,44.3900,44.3900,79294400
2026-03-26,43.2300,43.6800,41.1500,41.2300,41.2300,117558900
2026-03-27,40.5600,40.5900,38.5600,38.7800,38.7800,124795700
2026-03-30,39.7500,39.9100,37.3200,37.8900,37.8900,111446500
2026-03-31,39.0900,42.0000,39.0700,41.6800,41.6800,149516200
2026-04-01,42.6300,43.9800,42.4100,43.2300,43.2300,116135500
2026-04-02,40.8800,43.5500,40.4400,43.3300,43.3300,111377300
2026-04-06,43.6000,44.5900,43.2700,44.1000,44.1000,69245100
2026-04-07,43.4500,44.2100,41.8400,44.1500,44.1500,131796200
2026-04-08,48.6400,48.9200,47.1500,48.0000,48.0000,102015100
2026-04-09,48.0200,49.0900,47.3100,48.9600,48.9600,78953600
2026-04-10,49.3600,49.8100,48.8200,49.1700,49.1700,65481600
2026-04-13,48.7800,50.7400,48.4600,50.6600,50.6600,67169100
2026-04-14,51.3900,53.4300,51.3800,53.4100,53.4100,72362300
2026-04-15,53.5700,55.7400,53.3300,55.6500,55.6500,83244000
2026-04-16,56.1300,56.9200,55.1000,56.4300,56.4300,86398100
2026-04-17,57.7800,58.9400,57.3700,58.5900,58.5900,103604000
2026-04-20,58.4000,58.5800,56.9100,58.0800,58.0800,67652800
2026-04-21,58.4800,58.9700,56.8200,57.4000,57.4000,91775200
2026-04-22,58.9300,60.3000,58.4900,60.2100,60.2100,73399800
2026-04-23,59.8000,60.7300,57.5900,59.2200,59.2200,92856900
2026-04-24,61.0800,62.7400,60.5600,62.5600,62.5600,80250700
2026-04-27,62.4100,62.7000,61.6400,62.6400,62.6400,56615000
2026-04-28,60.7200,61.3300,59.6800,60.7400,60.7400,80631600
2026-04-29,61.0000,61.8700,60.4500,61.8600,61.8600,77081400
2026-04-30,62.8900,63.8000,60.7000,63.5400,63.5400,81042700
2026-05-01,63.8900,65.8400,63.8100,65.3000,65.3000,67762900
2026-05-04,65.4400,66.0500,63.7800,64.9100,64.9100,60813800
2026-05-05,66.3700,67.7700,66.2500,67.3900,67.3900,54098800
2026-05-06,69.2600,71.6600,68.8800,71.5700,71.5700,70169000
2026-05-07,71.8700,73.3000,70.3800,71.3400,71.3400,93509100
2026-05-08,72.8200,76.3100,72.7000,76.2800,76.2800,68713700
2026-05-11,76.0000,77.3600,75.5500,76.9600,76.9600,60475000
2026-05-12,75.3000,75.9300,71.5500,74.9600,74.9600,90651600
2026-05-13,75.8100,77.9400,74.1900,77.2400,77.2400,64416400
2026-05-14,77.2900,79.6800,77.1600,78.9500,78.9500,58472800
2026-05-15,75.7300,77.3700,74.2300,75.3400,75.3400,81260600
2026-05-18,76.1300,76.2700,72.1000,74.3200,74.3200,87710100
2026-05-19,72.4100,74.5000,70.9600,72.9300,72.9300,85973700
2026-05-20,74.0900,76.5300,73.6200,76.5100,76.5100,70647500
2026-05-21,75.1800,77.7900,74.4700,76.9500,76.9500,74958100
2026-05-22,78.0400,79.3300,77.3300,77.8400,77.8400,57830700
