Date,Open,High,Low,Close,AdjClose,Volume
1999-01-04,13.6042,13.7083,13.2604,13.4375,8.5060,21997800
1999-01-05,13.5417,13.6458,13.4167,13.5417,8.5720,17247000
1999-01-06,13.6875,13.8542,13.5208,13.7708,8.7170,23115600
1999-01-07,13.9375,14.1771,13.8750,14.0208,8.8753,27763800
1999-01-08,14.0000,14.0729,13.7500,13.9167,8.8094,21522000
1999-01-11,13.9167,13.9688,13.3333,13.6042,8.6115,19444200
1999-01-12,13.3958,13.4583,13.0938,13.3958,8.4797,24687600
1999-01-13,13.0000,13.6250,12.8958,13.4375,8.5060,21822000
1999-01-14,13.2917,13.4896,12.9792,13.2917,8.4137,23356200
1999-01-15,13.3021,13.4583,13.1250,13.3542,8.4533,20884200
1999-01-19,13.3750,13.4896,13.0417,13.3438,8.4467,17463600
1999-01-20,13.3438,13.7500,13.0938,13.3750,8.4665,20407800
1999-01-21,13.3542,13.5625,13.1458,13.1771,8.3412,16834800
1999-01-22,13.1771,13.7083,13.0833,13.6667,8.6511,15953400
1999-01-25,13.6354,13.7812,13.3125,13.6667,8.6511,18162000
1999-01-26,13.8229,14.0833,13.6979,13.9271,8.8159,20271000
1999-01-27,14.0312,14.3021,14.0000,14.1979,8.9874,28845600
1999-01-28,14.2083,14.2396,14.0208,14.1875,8.9808,17180400
1999-01-29,14.3333,14.4062,14.1667,14.3333,9.0731,17407200
1999-02-01,14.2917,14.2917,14.0521,14.0833,8.9148,17193000
1999-02-02,13.8542,13.9896,13.4583,13.9375,8.8225,23788200
1999-02-03,13.9688,14.3750,13.9167,14.2917,9.0467,21938400
1999-02-04,14.3854,14.5521,13.9583,13.9583,8.8357,21732600
1999-02-05,14.2292,14.2917,13.7917,14.0417,8.8885,15818400
1999-02-08,14.0417,14.3958,13.8750,14.2396,9.0138,13824600
1999-02-09,14.1875,14.1875,13.6354,13.6875,8.6643,16683600
1999-02-10,13.6667,13.6771,13.4167,13.4896,8.5390,15664200
1999-02-11,13.5000,14.3229,13.4375,14.3021,9.0533,15522000
1999-02-12,14.3021,14.3438,13.8333,14.0625,8.9017,15417000
1999-02-16,14.2500,14.6667,14.2500,14.5938,9.2379,33564000
1999-02-17,14.4479,14.7812,14.1771,14.1771,8.9742,28978800
1999-02-18,14.2500,14.3438,14.0312,14.2292,9.0072,21064800
1999-02-19,14.2500,14.2500,14.0938,14.1250,8.9412,16941000
1999-02-22,14.2396,14.7396,14.2292,14.7083,9.3105,26481600
1999-02-23,14.6979,14.7604,14.4583,14.5833,9.2313,19791600
1999-02-24,14.6979,14.9167,14.0312,14.0938,8.9214,23827800
1999-02-25,14.1875,14.3021,13.9271,14.1667,8.9676,21450600
1999-02-26,14.3750,14.4167,13.9479,14.3542,9.0863,20653200
1999-03-01,14.5208,14.5312,13.9375,14.3125,9.0599,20434200
1999-03-02,14.4583,14.5625,14.1875,14.2396,9.0138,19884600
1999-03-03,14.3333,14.7188,14.3333,14.5625,9.2182,20538000
1999-03-04,14.6562,14.9375,14.6458,14.8958,9.4292,21283800
1999-03-05,15.5000,15.7083,15.2292,15.5417,9.8380,49855200
1999-03-08,15.6875,15.6875,15.3021,15.5729,9.8578,26441400
1999-03-09,15.5729,15.7083,15.4271,15.6667,9.9171,21983400
1999-03-10,15.6979,15.7083,15.5104,15.5938,9.8710,18727800
1999-03-11,15.7500,16.0625,15.6250,15.8854,10.0556,25495200
1999-03-12,15.9896,16.1562,15.9062,16.0625,10.1677,21979800
1999-03-15,16.1667,16.2188,15.8750,16.1250,10.2072,21927000
1999-03-16,16.1771,16.1979,15.9271,16.0000,10.1281,19338000
1999-03-17,16.0729,16.1562,15.7812,16.0625,10.1783,19298400
1999-03-18,16.0104,16.3958,15.9583,16.3646,10.3697,17526000
1999-03-19,16.3750,16.3750,15.7917,15.7917,10.0067,36106200
1999-03-22,15.8125,15.8333,15.4167,15.5521,9.8548,18211800
1999-03-23,15.5104,15.5312,14.8438,15.0833,9.5578,30471000
1999-03-24,15.0625,15.1562,14.6979,14.8333,9.3994,24211200
1999-03-25,14.9688,15.3750,14.9688,15.3125,9.7030,23276400
1999-03-26,15.2812,15.5521,15.0208,15.2604,9.6700,19305600
1999-03-29,15.3854,15.9479,15.3854,15.8333,10.0331,17736600
1999-03-30,15.6667,15.9167,15.6250,15.8333,10.0331,18828600
1999-03-31,16.0625,16.1042,15.3646,15.3646,9.7360,22938600
1999-04-01,15.5729,15.6667,15.4167,15.5417,9.8482,14825400
1999-04-05,15.7500,16.1146,15.6354,15.8958,10.0727,20715600
1999-04-06,15.9375,16.1771,15.8958,15.9479,10.1057,17333400
1999-04-07,16.1667,16.3021,16.0312,16.2500,10.2971,22876800
1999-04-08,16.4167,17.0729,16.2500,17.0417,10.7987,29860800
1999-04-09,16.7500,17.2396,16.6042,17.1250,10.8515,26574000
1999-04-12,17.0417,17.5729,16.9375,17.4792,11.0760,27704400
1999-04-13,17.4271,17.8021,17.2083,17.4271,11.0430,27718200
1999-04-14,17.4271,17.5208,16.3333,16.4375,10.4159,31609800
1999-04-15,16.3958,16.4792,15.5000,16.2917,10.3235,43462800
1999-04-16,16.0833,16.0938,15.4583,15.8333,10.0331,38143800
1999-04-19,16.0000,16.3542,14.6667,14.9583,9.4786,52716000
1999-04-20,15.3333,16.0000,15.0833,15.9167,10.0859,39123900
1999-04-21,16.0000,16.3750,15.6667,16.2500,10.2971,31340700
1999-04-22,16.6667,16.7500,16.1458,16.6875,10.5743,30732900
1999-04-23,16.9792,17.2292,16.8333,16.9792,10.7591,22013100
1999-04-26,17.2917,17.3125,16.9167,16.9792,10.7591,22564500
1999-04-27,17.0417,17.1250,16.6667,16.9167,10.7195,18652200
1999-04-28,16.7917,17.0833,16.3542,16.3958,10.3895,17781600
1999-04-29,16.3333,16.3333,15.1875,15.6250,9.9011,27732000
1999-04-30,15.6667,15.8125,14.3958,15.3333,9.7162,40120500
1999-05-03,15.2917,15.4167,14.8542,15.3750,9.7426,22334400
1999-05-04,15.6042,15.6250,14.4375,14.6667,9.2938,33177600
1999-05-05,14.8125,15.0208,14.3542,15.0208,9.5182,24762600
1999-05-06,14.6667,14.7292,13.8750,14.2917,9.0562,44366700
1999-05-07,14.8750,15.0000,14.3333,14.9167,9.4522,34113300
1999-05-10,14.9375,15.5000,14.8542,15.0625,9.5446,26255700
1999-05-11,15.8333,15.8333,15.2917,15.7708,9.9935,38484600
1999-05-12,15.7917,15.7917,15.1667,15.5208,9.8350,23696700
1999-05-13,15.7917,15.8750,15.5208,15.6667,9.9275,19068900
1999-05-14,15.4167,15.5000,15.2083,15.4583,9.7954,18246300
1999-05-17,15.1250,15.3750,14.9792,15.2292,9.6502,18824400
1999-05-18,15.2917,15.8125,15.0833,15.4792,9.8086,19445100
1999-05-19,15.6458,15.6458,15.1250,15.2292,9.6502,14182200
1999-05-20,15.2083,15.4167,14.8125,14.8333,9.3994,21310200
1999-05-21,14.8750,14.9583,14.2083,14.4167,9.1354,24548100
1999-05-24,14.6667,14.7083,14.0417,14.2708,9.0430,19270800
1999-05-25,14.3125,14.3958,13.8958,14.1250,8.9506,22007700
1999-05-26,14.0625,14.3333,13.8333,14.3125,9.0694,24822300
1999-05-27,14.0417,14.1667,13.6667,13.7083,8.6865,23281800
1999-05-28,13.8542,14.2917,13.7708,14.2083,9.0034,17078100
1999-06-01,14.2292,14.4792,14.0625,14.4792,9.1750,20986500
1999-06-02,14.4583,14.7917,14.2292,14.7917,9.3730,19871700
1999-06-03,15.0000,15.3958,14.8958,15.1667,9.6106,31424100
1999-06-04,15.3333,15.5000,15.1875,15.3333,9.7162,16633200
1999-06-07,15.1250,15.2500,14.9583,15.2500,9.6634,13868100
1999-06-08,15.0833,15.1667,14.7708,14.7917,9.3730,13702200
1999-06-09,14.7917,14.8958,14.6458,14.7083,9.3202,13598700
1999-06-10,14.5833,14.6250,14.2083,14.3750,9.1090,15733200
1999-06-11,14.3750,14.5833,14.1250,14.2292,9.0166,14599500
1999-06-14,14.3333,14.4375,14.2708,14.3750,9.1090,12112200
1999-06-15,14.5000,14.5833,14.1250,14.1667,8.9770,19607400
1999-06-16,14.5208,14.8542,14.5000,14.7917,9.3840,16827600
1999-06-17,14.5625,14.8333,14.5208,14.5417,9.2254,15388800
1999-06-18,14.3958,14.5833,14.2708,14.5833,9.2519,30310500
1999-06-21,14.5000,15.1667,14.4583,15.0208,9.5294,18822000
1999-06-22,15.0625,15.1667,14.7917,14.9792,9.5030,15202200
1999-06-23,15.0000,15.0208,14.5625,14.7917,9.3840,13437900
1999-06-24,14.5417,14.6250,14.2292,14.4375,9.1593,18384600
1999-06-25,14.5833,14.7500,14.4583,14.4792,9.1858,11007900
1999-06-28,14.6667,15.2500,14.6042,15.1875,9.6352,16827600
1999-06-29,15.3125,15.6250,15.1667,15.6042,9.8995,17628600
1999-06-30,15.5208,16.1667,15.1250,16.0833,10.2035,26994000
1999-07-01,15.9792,16.1042,15.6458,15.9167,10.0978,20173200
1999-07-02,16.0417,16.3542,15.9792,16.2500,10.3092,14817000
1999-07-06,16.2917,17.0000,16.2917,16.3958,10.4017,21464100
1999-07-07,16.6667,16.6667,15.9792,16.0000,10.1506,18788400
1999-07-08,15.6667,16.1458,15.4167,15.6667,9.9391,23670300
1999-07-09,15.8125,16.0000,15.7708,15.9792,10.1374,12201600
1999-07-12,16.1250,16.1250,15.6875,15.8125,10.0317,9723300
1999-07-13,15.7500,15.9167,15.5625,15.8542,10.0581,13017300
1999-07-14,15.9167,16.0000,15.8333,15.8750,10.0713,9129300
1999-07-15,16.0208,16.1042,15.7917,15.8333,10.0449,11910000
1999-07-16,15.8125,16.0000,15.7500,16.0000,10.1506,12232500
1999-07-19,16.0000,16.1875,15.8750,16.0208,10.1638,12996900
1999-07-20,16.0417,16.0833,15.5000,15.6250,9.9127,16919700
1999-07-21,15.5625,15.6667,15.1458,15.1458,9.6087,17827200
1999-07-22,15.2500,15.3958,14.7917,15.0625,9.5559,16245900
1999-07-23,15.1042,15.3125,14.8542,14.9792,9.5030,11053500
1999-07-26,14.8750,15.3958,14.8333,15.2083,9.6484,11744700
1999-07-27,15.2708,15.3333,15.0000,15.1875,9.6352,13007100
1999-07-28,15.0000,15.1042,14.8750,15.0208,9.5294,11176200
1999-07-29,14.6667,14.8125,14.3333,14.6667,9.3047,18322800
1999-07-30,14.7500,14.7917,14.0833,14.0833,8.9347,19624500
1999-08-02,14.1042,14.5000,14.0000,14.1250,8.9611,16741800
1999-08-03,14.1875,14.2917,13.7708,13.9792,8.8686,16578300
1999-08-04,13.7708,13.8125,13.6042,13.6458,8.6571,18633600
1999-08-05,13.6875,13.7917,12.9583,13.7917,8.7496,24172500
1999-08-06,13.6250,14.0208,13.3958,13.7500,8.7232,16248000
1999-08-09,13.6875,13.6875,13.3542,13.3958,8.4985,13975200
1999-08-10,13.5833,14.4792,13.2917,14.2917,9.0668,35120400
1999-08-11,14.5417,14.8125,14.4375,14.4583,9.1726,24087000
1999-08-12,14.6667,14.9375,14.6458,14.7917,9.3840,18532200
1999-08-13,14.9792,15.0625,14.8542,14.9375,9.4766,20518200
1999-08-16,14.9167,15.3333,14.6875,15.3333,9.7277,15660600
1999-08-17,15.5208,15.6667,15.1667,15.6458,9.9259,19025400
1999-08-18,15.6667,15.7917,15.4375,15.4583,9.8070,15713400
1999-08-19,15.3333,15.3542,14.9583,15.3542,9.7409,13353900
1999-08-20,15.4792,15.6458,15.3542,15.5625,9.8731,12127500
1999-08-23,15.6250,15.9375,15.6042,15.9167,10.0978,16344000
1999-08-24,15.8750,16.0208,15.6667,15.8542,10.0581,13956300
1999-08-25,15.6458,16.1458,15.2917,16.1250,10.2299,21336300
1999-08-26,16.0000,16.0417,15.5833,15.7708,10.0052,12887700
1999-08-27,15.7083,15.7708,15.3750,15.5625,9.8731,11529000
1999-08-30,15.6250,15.6667,15.1458,15.1667,9.6219,10891500
1999-08-31,15.3125,15.3125,14.5417,14.7708,9.3708,16377900
1999-09-01,14.7708,15.0833,14.6458,15.0000,9.5162,14467200
1999-09-02,14.6667,15.2708,14.5208,15.2292,9.6616,16133100
1999-09-03,15.6042,15.8542,15.3750,15.8542,10.0581,17112000
1999-09-07,15.8125,15.8125,15.4167,15.4167,9.7805,9863400
1999-09-08,15.3333,15.7083,15.2500,15.7083,9.9656,12004500
1999-09-09,15.5833,15.8542,15.4167,15.8333,10.0449,13500300
1999-09-10,15.9583,15.9792,15.6250,15.8958,10.0845,14019000
1999-09-13,15.7083,16.0000,15.6458,16.0000,10.1506,10321500
1999-09-14,15.8542,15.9583,15.6250,15.6458,9.9259,11304300
1999-09-15,15.8750,16.0000,15.1250,15.1667,9.6322,18499500
1999-09-16,15.1875,15.2708,14.8542,15.1042,9.5925,16559700
1999-09-17,15.3125,15.6042,15.1875,15.5417,9.8704,20836500
1999-09-20,15.5208,15.7500,15.3958,15.3958,9.7777,9160800
1999-09-21,15.0000,15.3542,14.9167,15.2500,9.6851,17532600
1999-09-22,15.2708,15.8958,15.1875,15.7500,10.0027,16189500
1999-09-23,15.8750,15.9375,15.5417,15.5625,9.8836,17090700
1999-09-24,15.5208,15.8333,15.3958,15.5000,9.8439,19018800
1999-09-27,15.6667,15.8125,15.4375,15.4375,9.8042,15614100
1999-09-28,15.4167,15.7083,15.2292,15.6458,9.9365,15641100
1999-09-29,15.5833,15.5833,15.1875,15.2083,9.6587,14682300
1999-09-30,15.3750,16.0000,15.3542,15.8542,10.0688,19797600
1999-10-01,16.0000,16.1250,15.8542,16.1042,10.2276,19431600
1999-10-04,16.3125,16.8125,16.2708,16.7708,10.6510,22887300
1999-10-05,16.7708,17.5417,16.6458,17.0833,10.8495,27634800
1999-10-06,16.8542,17.2292,16.6250,17.1250,10.8759,21144900
1999-10-07,17.1250,17.1667,16.8958,17.1042,10.8627,13363200
1999-10-08,17.2917,18.4583,17.2292,18.4583,11.7227,28465200
1999-10-11,18.2708,18.3333,17.9792,17.9792,11.4184,20249700
1999-10-12,17.9792,18.1458,17.7292,17.9583,11.4052,14804700
1999-10-13,17.8542,17.9375,17.0833,17.1042,10.8627,18206100
1999-10-14,17.0833,17.6458,16.9167,17.4583,11.0876,15995400
1999-10-15,17.2917,17.4167,16.9167,16.9375,10.7568,20937600
1999-10-18,17.0417,17.5000,16.5000,17.3750,11.0347,21677100
1999-10-19,17.5417,17.7917,17.4167,17.5625,11.1538,16677600
1999-10-20,17.7917,18.3333,17.5833,18.2708,11.6036,16809300
1999-10-21,18.0625,18.3125,17.7708,18.2917,11.6169,15221100
1999-10-22,18.4792,19.3333,18.3542,19.0208,12.0799,22602000
1999-10-25,18.6458,18.9792,18.5000,18.6458,11.8418,20707500
1999-10-26,18.1667,18.1875,17.1667,17.7500,11.2729,40971600
1999-10-27,17.5833,17.7708,17.1667,17.6667,11.2199,21902100
1999-10-28,18.0417,18.6458,18.0208,18.5833,11.8021,27269100
1999-10-29,18.9792,19.5000,18.7708,18.7708,11.9212,29057400
1999-11-01,19.0833,19.2917,18.7083,18.7500,11.9079,14335500
1999-11-02,18.7708,19.0417,18.5417,18.7083,11.8815,13738800
1999-11-03,18.5833,18.8125,18.3333,18.5833,11.8021,12243900
1999-11-04,18.8333,19.0000,18.6250,18.6667,11.8550,12451800
1999-11-05,19.1667,19.5833,19.0833,19.3542,12.2916,18719700
1999-11-08,19.5000,19.7292,19.4375,19.5000,12.3843,14644200
1999-11-09,19.3333,19.3958,18.8542,19.3333,12.2784,30078900
1999-11-10,19.3333,19.5000,19.0417,19.0417,12.0932,20973600
1999-11-11,18.9583,19.1667,18.8958,19.1458,12.1593,18870600
1999-11-12,19.3125,19.6250,18.9583,19.6250,12.4636,16823100
1999-11-15,19.6667,20.2292,19.4167,19.6458,12.4769,27113400
1999-11-16,19.8333,20.1250,19.5833,19.9583,12.6753,18645900
1999-11-17,19.7917,20.2083,19.5625,19.6250,12.4636,19397100
1999-11-18,19.7292,19.9167,19.5000,19.7917,12.5695,17171700
1999-11-19,19.4583,19.6875,19.2500,19.3750,12.3049,14962500
1999-11-22,19.0625,19.0833,18.7083,18.9167,12.0138,18967800
1999-11-23,18.8750,18.8750,18.5000,18.6458,11.8418,19431000
1999-11-24,18.8333,19.5000,18.8125,19.3125,12.2652,17006400
1999-11-26,19.3333,19.5625,19.2083,19.4010,12.3214,6891300
1999-11-29,19.5000,19.7917,19.3333,19.6667,12.4901,14379000
1999-11-30,19.5833,19.6458,19.0833,19.2083,12.1990,13128300
1999-12-01,19.2292,19.6667,19.2292,19.5260,12.4008,15958200
1999-12-02,19.6667,19.7292,19.0000,19.2240,12.2089,15855000
1999-12-03,19.3958,19.7500,19.3125,19.6875,12.5033,18516000
1999-12-06,19.5208,20.1667,19.4167,19.8594,12.6125,16347000
1999-12-07,19.9375,20.0417,19.3333,19.3333,12.2784,19085100
1999-12-08,19.6042,19.7708,19.3333,19.5521,12.4173,13800000
1999-12-09,19.5000,20.7500,19.2083,20.7500,13.1781,26424300
1999-12-10,20.8333,21.5000,20.6250,21.0833,13.3898,37787400
1999-12-13,21.8333,23.0625,21.5833,22.6667,14.3954,28173000
1999-12-14,22.3333,22.8333,22.3125,22.3542,14.1969,22515300
1999-12-15,22.3333,22.3542,21.7083,22.0052,13.9857,23528400
1999-12-16,22.2500,22.9167,22.0000,22.8750,14.5385,25461000
1999-12-17,22.9375,22.9583,21.5833,21.6667,13.7706,44009700
1999-12-20,22.0417,22.1458,21.0625,21.4271,13.6183,18991800
1999-12-21,21.3333,21.8958,21.1875,21.6042,13.7308,13889700
1999-12-22,21.5417,22.0208,21.5417,21.8958,13.9162,11258100
1999-12-23,22.3333,22.6667,22.2500,22.4583,14.2737,11541900
1999-12-27,22.4375,23.3750,22.4375,23.1458,14.7107,15694800
1999-12-28,22.8750,23.3958,22.8542,23.1042,14.6842,10596000
1999-12-29,23.1875,23.3333,22.4583,22.4583,14.2737,7552800
1999-12-30,22.7083,23.1875,22.6042,22.6042,14.3664,7931700
1999-12-31,22.7708,23.4167,22.7500,23.0417,14.6444,6338100
2000-01-03,22.7917,23.0000,21.8333,22.2708,14.1545,25109700
2000-01-04,21.8333,21.9375,21.3958,21.4375,13.6249,20235300
2000-01-05,21.2917,21.4583,20.7292,21.0000,13.3468,21056100
2000-01-06,21.0000,21.5208,20.8958,21.2292,13.4925,19633500
2000-01-07,21.5000,22.9792,21.5000,22.8333,14.5120,23930700
2000-01-10,22.4167,22.5000,21.8750,22.4167,14.2472,20142900
2000-01-11,22.3542,22.5833,21.8750,22.0833,14.0354,14829900
2000-01-12,22.0625,22.2500,21.6875,21.6875,13.7838,12255000
2000-01-13,22.0000,22.0417,21.6667,21.7083,13.7970,15063000
2000-01-14,21.3333,21.9792,21.3333,21.5000,13.6646,18936600
2000-01-18,21.0625,22.1458,21.0208,21.8542,13.8897,19326600
2000-01-19,21.7500,21.9375,21.3333,21.3542,13.5719,14459700
2000-01-20,21.4792,21.5000,20.8333,21.1250,13.4263,17214300
2000-01-21,21.3125,21.3125,20.6875,20.8125,13.2277,20857500
2000-01-24,21.1458,21.1458,19.1667,19.7917,12.5789,23399700
2000-01-25,19.9375,20.3958,19.8333,20.3750,12.9496,19211400
2000-01-26,20.3750,20.6875,20.0000,20.6458,13.1218,13615200
2000-01-27,20.4375,20.5000,19.2917,19.7083,12.5259,21969900
2000-01-28,19.6250,19.6250,17.8333,18.3750,11.6785,42088200
2000-01-31,18.1875,18.5000,18.0417,18.2500,11.5990,23918100
2000-02-01,18.3333,19.8333,18.3125,19.5625,12.4332,25077000
2000-02-02,19.6250,20.0417,19.3125,19.4583,12.3670,18103800
2000-02-03,19.4583,19.6042,18.7500,19.4583,12.3670,20997000
2000-02-04,19.3125,19.3125,18.6667,18.7708,11.9301,19649100
2000-02-07,18.8750,18.8750,18.2083,18.5833,11.8109,18131100
2000-02-08,19.1042,19.8958,18.9583,19.8333,12.6053,25728300
2000-02-09,20.0000,20.0417,19.1042,19.2708,12.2478,24649800
2000-02-10,19.2083,19.4583,18.9375,19.0000,12.0757,13774800
2000-02-11,19.1458,19.1667,18.5417,18.6875,11.8771,14450100
2000-02-14,18.8958,19.6250,18.8333,19.6250,12.4729,17410800
2000-02-15,18.9792,19.3333,18.3333,19.3333,12.2876,29136300
2000-02-16,18.8333,18.8333,17.5625,17.5833,11.1753,40757400
2000-02-17,17.6458,17.8333,16.0000,16.1250,10.2485,74300100
2000-02-18,16.1667,16.5000,15.7500,15.9167,10.1161,58183200
2000-02-22,16.4167,16.4375,15.5833,16.0417,10.1955,37027800
2000-02-23,16.1458,16.1667,15.5833,15.6667,9.9572,38623200
2000-02-24,15.6667,15.9583,14.4792,15.9583,10.1425,58295700
2000-02-25,14.7708,15.1042,14.5417,14.8333,9.4275,50725500
2000-02-28,14.8542,15.6458,14.8542,15.3958,9.7850,53508300
2000-02-29,15.9792,16.5833,15.9792,16.2500,10.3279,51591600
2000-03-01,16.6250,16.6667,15.8333,16.3333,10.3809,30497400
2000-03-02,17.5833,17.6250,16.8125,16.8542,10.7119,46628100
2000-03-03,17.3750,17.7708,17.1667,17.5417,11.1488,32372400
2000-03-06,17.5417,17.5625,16.2083,16.8333,10.6987,31480800
2000-03-07,16.5417,16.5417,15.7083,15.8542,10.0763,29174100
2000-03-08,15.7708,16.4375,15.2083,16.1042,10.2352,30056100
2000-03-09,16.3333,16.4792,15.6250,16.3125,10.3676,23834700
2000-03-10,16.5833,16.5833,15.8125,15.9792,10.1558,21016500
2000-03-13,15.4167,15.9792,15.2917,15.8958,10.1028,23183700
2000-03-14,15.6667,16.2708,15.4375,15.9167,10.1161,29955000
2000-03-15,15.8125,17.3125,15.5208,17.1667,10.9242,44010000
2000-03-16,17.4375,18.5208,17.2083,18.2083,11.5871,59148000
2000-03-17,18.1875,18.7500,18.0417,18.5833,11.8258,37911900
2000-03-20,18.6042,18.6042,17.7917,18.3750,11.6932,20307300
2000-03-21,18.4792,18.8750,18.1667,18.8750,12.0114,23563800
2000-03-22,18.8333,18.8333,18.0000,18.4583,11.7462,29890500
2000-03-23,18.1250,18.1875,17.8333,18.0000,11.4545,21076500
2000-03-24,18.1458,18.5625,18.0000,18.5000,11.7727,23858700
2000-03-27,18.2292,18.5000,18.0833,18.4792,11.7595,17324700
2000-03-28,18.1875,18.6458,18.1667,18.1667,11.5606,17392800
2000-03-29,18.5000,19.7917,18.4792,19.5833,12.4621,40790100
2000-03-30,19.9167,20.2500,19.6250,19.6667,12.5152,34712400
2000-03-31,19.7500,19.7708,18.5000,18.8333,11.9848,27162000
2000-04-03,18.8750,20.6667,18.8750,20.3958,12.9792,35807100
2000-04-04,20.5625,21.1042,19.1667,20.0000,12.7273,41027400
2000-04-05,19.7708,20.0417,19.1875,19.4167,12.3561,21198000
2000-04-06,19.7083,20.4167,19.5833,20.3750,12.9659,21762600
2000-04-07,20.4167,20.6667,20.2083,20.5000,13.0455,12039300
2000-04-10,20.5000,21.2292,20.3333,21.1875,13.4829,16563000
2000-04-11,20.9583,21.1667,20.5000,21.1250,13.4432,16066200
2000-04-12,21.1458,21.6458,20.6875,20.8125,13.2443,21729900
2000-04-13,20.7708,20.7708,19.8333,20.0208,12.7405,23653500
2000-04-14,19.3333,19.6458,18.3333,18.3333,11.6667,28118100
2000-04-17,18.3750,18.7917,17.2500,18.0000,11.4545,28981500
2000-04-18,18.0000,18.7708,17.7083,17.9583,11.4280,22983600
2000-04-19,18.0417,18.5000,17.9167,18.3125,11.6534,18765900
2000-04-20,18.3750,19.3125,18.3750,19.2292,12.2367,18271200
2000-04-24,19.3125,20.2083,19.1667,19.6250,12.4886,16901100
2000-04-25,19.3542,20.2500,19.1875,19.8958,12.6610,18114900
2000-04-26,20.0625,20.2500,19.4375,19.5833,12.4621,15606000
2000-04-27,19.2083,19.4792,18.8333,19.2292,12.2367,16545000
2000-04-28,18.9375,19.1042,18.4583,18.4583,11.7462,15037800
2000-05-01,18.7917,19.6042,18.7292,19.3125,12.2898,15327000
2000-05-02,19.1042,19.2708,18.8958,19.2083,12.2235,14464500
2000-05-03,18.0833,18.1667,17.5833,17.8125,11.3352,31371900
2000-05-04,17.9792,17.9792,16.8125,17.0000,10.8182,32300700
2000-05-05,16.7292,17.6250,16.7292,17.1042,10.8845,25920000
2000-05-08,17.0833,17.4583,16.5000,17.4583,11.1098,22878300
2000-05-09,18.1250,18.2917,17.5000,17.6667,11.2424,26664600
2000-05-10,17.8125,19.0417,17.6667,18.8958,12.0246,33735900
2000-05-11,18.9792,19.0208,18.3333,18.6667,11.8788,18315900
2000-05-12,18.5833,19.0625,18.4375,18.9375,12.0511,13113000
2000-05-15,18.7500,19.1042,18.5000,19.0000,12.0909,12816900
2000-05-16,19.1458,19.6875,19.0625,19.3333,12.3030,19136100
2000-05-17,18.8958,18.9167,18.4792,18.7917,11.9583,13776900
2000-05-18,18.7500,19.3125,18.7292,19.3125,12.2898,14663700
2000-05-19,18.7083,19.5833,18.7083,19.0208,12.1042,19073100
2000-05-22,19.2292,19.2292,18.7292,19.1250,12.1705,13884300
2000-05-23,19.1875,19.4583,18.9375,19.0625,12.1307,12873000
2000-05-24,18.4167,19.0000,17.5833,18.9583,12.0644,31024500
2000-05-25,18.6042,18.8958,18.0208,18.3333,11.6667,13857600
2000-05-26,18.0833,18.3333,17.7083,18.0000,11.4545,11989200
2000-05-30,17.6875,18.0417,17.5625,17.7917,11.3220,13058100
2000-05-31,18.2917,20.0000,18.1667,19.2083,12.2235,22976700
2000-06-01,19.0417,19.2292,18.7500,19.0000,12.0909,14359200
2000-06-02,19.6250,20.0208,19.3542,19.6875,12.5284,21264300
2000-06-05,19.7708,19.9167,19.5833,19.7708,12.5814,13081200
2000-06-06,19.6042,19.6042,19.2500,19.4167,12.3561,13320300
2000-06-07,19.2500,19.6875,19.2500,19.2917,12.2765,10273800
2000-06-08,19.2708,19.3333,18.7708,18.9583,12.0644,11979300
2000-06-09,19.1458,19.3333,17.9792,18.0000,11.4545,21849300
2000-06-12,18.0000,18.1250,17.2708,17.5833,11.1894,24267600
2000-06-13,17.3542,18.3333,17.2083,18.3333,11.6667,23135100
2000-06-14,18.3125,18.5625,18.0417,18.3750,11.7060,20060400
2000-06-15,18.3542,18.7292,18.2708,18.5000,11.7856,17046900
2000-06-16,18.2500,18.7083,17.7500,17.9583,11.4405,28709100
2000-06-19,17.8958,18.3333,17.6042,18.1250,11.5467,18005100
2000-06-20,18.0833,18.2292,17.7083,18.1667,11.5732,18191400
2000-06-21,18.1875,18.1875,17.7917,17.9792,11.4538,12861900
2000-06-22,17.6875,17.8125,17.2917,17.5000,11.1485,17003400
2000-06-23,17.8958,18.1458,17.6250,17.9167,11.4140,18808800
2000-06-26,18.0625,18.2292,17.9167,17.9167,11.4140,11774100
2000-06-27,18.0417,19.1458,17.9167,18.9375,12.0643,19663200
2000-06-28,18.8333,19.0625,18.5625,18.6615,11.8884,14472300
2000-06-29,18.4375,18.4583,17.8542,18.0417,11.4936,15872700
2000-06-30,18.0417,19.2448,18.0208,19.2083,12.2368,22866600
2000-07-03,19.0833,19.1250,18.7083,18.9583,12.0776,7731900
2000-07-05,19.1042,19.3125,18.8542,19.0000,12.1041,15419400
2000-07-06,19.3125,19.4792,18.9375,19.1667,12.2103,17273400
2000-07-07,19.3125,20.6875,19.1042,20.5208,13.0730,31540200
2000-07-10,20.4583,20.9792,20.2292,20.4167,13.0066,24701100
2000-07-11,20.3542,20.9167,20.2708,20.6667,13.1659,17692800
2000-07-12,20.6875,20.7292,20.2083,20.3333,12.9535,17500800
2000-07-13,20.1667,20.3958,19.7083,19.7083,12.5554,12907800
2000-07-14,19.9375,20.3125,19.7917,19.8333,12.6350,12552300
2000-07-17,20.1042,20.4167,19.8750,20.2396,12.8938,13832100
2000-07-18,20.3125,20.3750,19.9167,20.0208,12.7544,10776300
2000-07-19,20.0625,20.1667,19.7917,20.0000,12.7412,11209200
2000-07-20,19.9792,20.2708,19.8542,20.0000,12.7412,14960400
2000-07-21,20.1042,20.1667,19.7500,19.8958,12.6748,11733000
2000-07-24,19.6667,19.7292,19.0625,19.1458,12.1970,15137400
2000-07-25,19.1667,19.7708,19.1042,19.7292,12.5686,12366000
2000-07-26,19.3958,20.0417,19.3958,19.5833,12.4757,21966300
2000-07-27,19.7917,20.1042,19.6667,20.0208,12.7544,14234400
2000-07-28,19.9375,19.9792,19.0833,19.5625,12.4625,15742800
2000-07-31,19.6250,19.6250,18.0833,18.4167,11.7325,22602900
2000-08-01,18.0000,18.3125,17.6667,18.1667,11.5732,27165900
2000-08-02,18.1667,18.3542,17.9375,18.0208,11.4803,20204400
2000-08-03,18.8333,18.8333,17.8125,17.9583,11.4405,24687300
2000-08-04,18.0208,18.0208,17.5833,17.6458,11.2414,17527200
2000-08-07,17.7083,18.6458,17.6667,18.3750,11.7060,16815600
2000-08-08,18.8125,19.2083,18.3542,19.2083,12.2368,17579400
2000-08-09,18.0208,18.2500,17.6458,17.8750,11.3874,53252100
2000-08-10,17.7083,17.7500,16.8958,17.0000,10.8300,37141800
2000-08-11,17.1458,17.4583,17.0417,17.3750,11.0689,22602300
2000-08-14,17.4167,17.6875,17.3750,17.6250,11.2281,18098400
2000-08-15,17.2917,17.5208,17.0833,17.1875,10.9494,23859000
2000-08-16,16.9167,16.9583,16.2500,16.6458,10.6044,41433000
2000-08-17,16.5208,16.8125,16.2083,16.6667,10.6176,20399400
2000-08-18,16.5625,16.9583,16.5208,16.9583,10.8034,22047900
2000-08-21,16.4167,16.5833,15.7083,16.3333,10.4053,42446100
2000-08-22,16.3333,16.6667,16.1875,16.3750,10.4318,22832700
2000-08-23,16.5833,16.7292,16.3542,16.3750,10.4318,20627100
2000-08-24,16.5833,16.7083,16.3333,16.4792,10.4982,14901900
2000-08-25,16.5417,16.8333,16.4167,16.8333,10.7238,14631300
2000-08-28,16.6875,16.8750,16.2083,16.5000,10.5115,21009600
2000-08-29,16.5000,16.6458,16.2917,16.4792,10.4982,16995300
2000-08-30,16.2917,16.3333,16.0000,16.1458,10.2858,24466500
2000-08-31,16.1042,16.2500,15.7083,15.8750,10.1133,36708600
2000-09-01,15.8542,16.3750,15.7917,16.2500,10.3522,22984500
2000-09-05,16.3125,16.7292,16.2708,16.5833,10.5646,24093000
2000-09-06,16.7500,17.0417,16.6250,16.6667,10.6176,24931200
2000-09-07,17.0625,17.3542,16.8333,17.0000,10.8300,25201800
2000-09-08,17.1667,17.5417,17.0000,17.3750,11.0689,22141800
2000-09-11,17.5833,18.2500,17.5625,18.1250,11.5467,29533800
2000-09-12,17.8542,18.2083,17.6458,18.0000,11.4671,19053300
2000-09-13,18.0833,18.1458,17.6667,17.9583,11.4532,14944800
2000-09-14,17.8750,17.8750,17.2917,17.5000,11.1609,14134800
2000-09-15,17.4375,17.6458,17.1458,17.3333,11.0546,24327300
2000-09-18,17.0000,17.5625,16.8750,17.0417,10.8686,15634800
2000-09-19,16.8750,16.9583,16.4167,16.6250,10.6029,25721100
2000-09-20,16.6458,16.6667,16.0208,16.1667,10.3106,29648100
2000-09-21,16.2292,17.1250,16.2083,16.6667,10.6294,25936500
2000-09-22,17.3125,17.3125,16.5208,16.8333,10.7357,20178900
2000-09-25,16.8750,16.8958,16.3125,16.3333,10.4169,16398000
2000-09-26,16.4792,16.4792,15.6250,15.7917,10.0714,28227300
2000-09-27,15.8750,16.1250,15.7083,16.0417,10.2308,22748400
2000-09-28,16.1458,16.6250,16.0000,16.1875,10.3239,24413400
2000-09-29,16.1667,16.5000,16.0000,16.0417,10.2308,22598700
2000-10-02,16.0625,16.2083,15.1458,15.4167,9.8322,33523800
2000-10-03,15.3958,15.4583,14.7083,15.2708,9.7392,49645200
2000-10-04,15.2292,15.9583,15.1667,15.3750,9.8057,33255600
2000-10-05,15.4583,15.5833,15.2500,15.3542,9.7924,26197500
2000-10-06,15.2917,15.2917,14.8750,15.1667,9.6728,33481500
2000-10-09,15.2292,15.4792,15.0417,15.0417,9.5931,18101400
2000-10-10,15.3125,15.5625,15.1250,15.4583,9.8588,20049600
2000-10-11,15.3750,15.4583,14.9583,15.1042,9.6329,25172700
2000-10-12,14.0000,14.8958,13.8125,14.7083,9.3805,58319700
2000-10-13,14.5417,15.0417,14.5417,15.0000,9.5665,28074600
2000-10-16,15.0833,15.8958,15.0625,15.7708,10.0581,21294900
2000-10-17,15.8542,15.9792,15.2292,15.3333,9.7791,18806700
2000-10-18,15.3125,15.6667,14.9583,15.5833,9.9385,18445200
2000-10-19,15.5208,15.9792,15.3750,15.9375,10.1644,18908700
2000-10-20,15.6250,15.7708,15.3542,15.5208,9.8987,21459600
2000-10-23,15.5208,15.9375,15.1875,15.7708,10.0581,18093900
2000-10-24,15.8542,16.1667,15.7500,16.1250,10.2840,17741400
2000-10-25,16.1458,16.1458,15.2083,15.3125,9.7658,25172100
2000-10-26,15.2917,15.3125,14.4583,14.4792,9.2343,44886300
2000-10-27,14.4792,14.7083,14.4167,14.4167,9.1945,37664400
2000-10-30,14.4583,14.6458,14.3750,14.5833,9.3008,39616800
2000-10-31,14.7292,15.2708,14.6667,15.1250,9.6462,44089800
2000-11-01,15.5000,16.0208,15.3750,15.5625,9.9253,69816600
2000-11-02,15.3333,16.6667,15.1667,16.1458,10.2973,62551500
2000-11-03,16.1458,16.3750,15.6042,15.7917,10.0714,24775500
2000-11-06,16.1042,16.4583,15.6875,16.3333,10.4169,21829500
2000-11-07,16.3333,16.6667,16.0000,16.3125,10.4036,21412500
2000-11-08,16.3333,16.9583,16.2083,16.2500,10.3637,22868700
2000-11-09,16.0208,16.0417,15.3958,15.7083,10.0183,24182400
2000-11-10,15.0000,15.0000,14.3958,14.5625,9.2875,44743800
2000-11-13,14.3333,15.1458,14.1875,15.1042,9.6329,32979000
2000-11-14,15.7500,16.1458,15.5833,15.6250,9.9651,25599600
2000-11-15,15.5417,16.4583,15.4583,16.3333,10.4169,25938600
2000-11-16,16.2500,16.3958,16.0417,16.0833,10.2574,16589100
2000-11-17,16.1667,16.5208,15.8750,16.1875,10.3239,18420600
2000-11-20,16.2083,16.2083,15.8542,15.9583,10.1777,13137300
2000-11-21,16.0417,16.1667,15.5000,15.7083,10.0183,13167000
2000-11-22,15.7292,15.7708,15.2917,15.2917,9.7525,14837700
2000-11-24,15.3125,15.3958,14.8958,15.0625,9.6064,10447500
2000-11-27,15.6458,16.6042,15.6250,16.4375,10.4833,31951200
2000-11-28,16.2500,16.9583,16.0208,16.3333,10.4169,29361300
2000-11-29,16.4167,17.2917,16.3958,17.2917,11.0281,29709000
2000-11-30,17.1667,17.3958,16.7917,17.3958,11.0945,34821300
2000-12-01,17.5417,17.5833,16.8958,17.0625,10.8819,32171100
2000-12-04,16.9792,17.9375,16.7917,17.9375,11.4399,40212300
2000-12-05,17.9375,18.4375,17.7500,18.4167,11.7455,31141800
2000-12-06,18.2083,18.6250,17.7708,18.2708,11.6525,32109300
2000-12-07,18.3542,18.6458,18.1875,18.3333,11.6924,22938600
2000-12-08,18.3542,18.4583,17.9167,18.1458,11.5728,20631000
2000-12-11,17.8750,17.9375,16.9375,17.1250,10.9218,34788300
2000-12-12,16.8333,17.3750,16.6042,17.2917,11.0281,25034400
2000-12-13,17.3125,17.5833,16.6875,16.7708,10.6959,19675500
2000-12-14,16.7708,17.1042,16.6458,17.0208,10.8553,21738600
2000-12-15,16.5000,16.9583,16.5000,16.6250,10.6029,39428100
2000-12-18,16.8333,17.0625,16.3958,16.8542,10.7490,20894400
2000-12-19,16.8750,17.0833,15.8750,16.0000,10.2043,27385500
2000-12-20,16.0000,16.5833,15.6458,16.3125,10.4166,24849600
2000-12-21,16.5000,17.4167,16.4375,17.2500,11.0153,28140600
2000-12-22,17.2500,17.5833,16.9583,17.5000,11.1749,22452600
2000-12-26,17.4167,17.5000,16.3333,16.8750,10.7758,18063000
2000-12-27,16.8958,17.8125,16.7292,17.5208,11.1882,24672900
2000-12-28,17.5000,18.0000,17.5000,17.6458,11.2680,12288900
2000-12-29,17.5625,18.3333,17.5625,17.7083,11.3079,19746900
2001-01-02,17.7083,18.3542,17.5625,17.9583,11.4676,26440800
2001-01-03,17.8333,19.5833,17.6458,19.4792,12.4387,59871300
2001-01-04,19.0000,19.3958,18.6250,18.7292,11.9598,41436900
2001-01-05,19.0417,19.0417,17.7500,17.9792,11.4809,29427600
2001-01-08,17.6667,18.2708,17.6250,17.9792,11.4809,25326300
2001-01-09,17.8333,18.2500,17.5000,17.5833,11.2281,21632400
2001-01-10,16.9792,17.3542,16.8333,17.2292,11.0020,29944200
2001-01-11,17.3125,17.6667,16.9375,17.3125,11.0552,20107200
2001-01-12,17.3333,17.9167,17.2083,17.6458,11.2680,21966000
2001-01-16,17.8125,18.2708,17.7292,18.2292,11.6405,24994800
2001-01-17,18.1875,18.2083,17.8542,17.9792,11.4809,23444100
2001-01-18,17.8125,18.1667,17.6458,17.6875,11.2946,20633700
2001-01-19,17.3542,17.5625,16.8125,16.9375,10.8157,26889900
2001-01-22,17.3958,17.8958,17.3333,17.5208,11.1882,23417100
2001-01-23,17.6667,17.9792,17.5208,17.7917,11.3611,14753400
2001-01-24,17.8125,17.8750,17.4375,17.8333,11.3877,23368200
2001-01-25,17.9792,18.7083,17.6458,18.0000,11.4942,27171000
2001-01-26,18.3125,18.3125,17.6875,17.8750,11.4144,15692700
2001-01-29,17.9000,18.2167,17.9000,18.0667,11.5368,15342600
2001-01-30,18.0700,18.0833,17.7200,17.9233,11.4452,15372600
2001-01-31,18.0667,19.0000,18.0133,18.9333,12.0902,32544300
2001-02-01,18.9333,18.9333,18.1567,18.5667,11.8560,31155900
2001-02-02,18.6567,18.6600,18.0500,18.2533,11.6559,15195000
2001-02-05,18.3333,18.4067,17.7667,17.9467,11.4601,16812600
2001-02-06,17.8000,18.1633,17.6167,17.7333,11.3239,16182000
2001-02-07,17.7367,18.2333,17.7333,18.2200,11.6347,14785200
2001-02-08,18.1833,18.2667,17.1867,17.4333,11.1323,23903400
2001-02-09,17.4367,17.7833,16.7433,16.8000,10.7279,23734200
2001-02-12,17.0000,17.8267,16.9867,17.8167,11.3771,21862500
2001-02-13,17.6833,18.1567,17.3433,18.0333,11.5155,22269600
2001-02-14,18.1167,18.1167,17.6667,17.6667,11.2813,15285000
2001-02-15,17.7833,17.8167,17.2167,17.3333,11.0685,22909800
2001-02-16,17.2667,17.7667,17.1867,17.4533,11.1451,19978200
2001-02-20,17.4000,18.0967,17.3333,17.8000,11.3665,28009500
2001-02-21,17.5167,17.6533,16.6833,16.7367,10.6875,24492600
2001-02-22,17.0000,17.0000,16.3167,16.5667,10.5789,27462900
2001-02-23,16.6667,16.9333,16.0167,16.7600,10.7024,24244800
2001-02-26,16.9767,17.1233,16.8167,17.0233,10.8705,18180600
2001-02-27,17.2000,17.2833,16.5067,16.9967,10.8535,21142200
2001-02-28,17.0800,17.1000,16.3467,16.6967,10.6619,23244600
2001-03-01,16.4167,16.6233,16.0000,16.1133,10.2894,26078400
2001-03-02,15.9967,16.5633,15.8333,16.3067,10.4129,19417200
2001-03-05,16.3133,16.5133,16.0000,16.1233,10.2958,13704300
2001-03-06,16.5000,16.6533,16.3000,16.5167,10.5470,15290400
2001-03-07,16.6833,16.9833,16.6400,16.9000,10.7918,16259700
2001-03-08,17.3000,17.3000,16.9267,17.2167,10.9940,18103200
2001-03-09,17.2667,17.2667,16.7000,16.9267,10.8088,16699500
2001-03-12,16.7500,16.7500,16.0333,16.1033,10.2830,17220600
2001-03-13,16.3333,16.4333,15.6700,16.2667,10.3873,23877300
2001-03-14,15.7000,15.9900,15.5100,15.7333,10.0468,25646700
2001-03-15,15.7833,16.1633,15.5200,15.9500,10.1851,22529100
2001-03-16,15.9500,15.9500,15.5200,15.6433,9.9893,41579400
2001-03-19,15.6633,15.9000,15.5667,15.7933,10.0851,17567400
2001-03-20,15.7867,16.4933,15.7867,15.9600,10.1915,30106800
2001-03-21,15.9333,16.5900,15.7600,16.1033,10.2981,24980700
2001-03-22,15.7500,15.8000,15.3033,15.6367,9.9997,35741700
2001-03-23,15.2833,15.9700,15.0667,15.8567,10.1403,24846000
2001-03-26,16.3000,16.6000,16.1000,16.5333,10.5731,20525400
2001-03-27,16.5333,16.8000,16.3833,16.7633,10.7202,29354400
2001-03-28,16.6667,16.7100,16.1000,16.5533,10.5859,20627700
2001-03-29,16.6167,16.8833,16.1400,16.8733,10.7905,23262000
2001-03-30,17.0333,17.0800,16.5000,16.8333,10.7649,24925200
2001-04-02,16.6667,16.9933,16.5000,16.8800,10.7948,22313700
2001-04-03,16.9500,17.0000,16.2567,16.3967,10.4857,26076300
2001-04-04,16.2400,16.8000,16.2333,16.6233,10.6306,23886300
2001-04-05,16.8500,16.8967,16.6700,16.8467,10.7734,23370000
2001-04-06,16.6667,17.1067,16.5033,17.0800,10.9227,22903200
2001-04-09,17.1833,17.2633,16.6000,16.7667,10.7223,21861900
2001-04-10,17.0500,17.2133,16.9233,16.9467,10.8374,20959500
2001-04-11,16.7000,16.9000,16.4200,16.7433,10.7074,20850900
2001-04-12,16.2500,16.5667,15.8033,16.5667,10.5944,29618400
2001-04-16,16.5667,16.7400,16.2367,16.3500,10.4558,20263500
2001-04-17,16.3033,16.4800,16.1700,16.4133,10.4963,19352400
2001-04-18,16.6500,17.6467,16.5433,17.5767,11.2403,38990700
2001-04-19,17.2433,17.5733,17.2333,17.5000,11.1913,21129000
2001-04-20,17.4967,17.5000,17.1333,17.2367,11.0229,21800700
2001-04-23,17.3500,17.5667,17.2167,17.3467,11.0932,16448400
2001-04-24,16.9167,17.0300,16.6833,16.7000,10.6797,24526500
2001-04-25,17.0333,17.0333,16.6767,16.8900,10.8012,16225200
2001-04-26,17.0000,17.2000,16.8500,17.0800,10.9227,15568200
2001-04-27,17.3667,17.7333,17.3000,17.6100,11.2616,23292600
2001-04-30,17.7667,17.7667,17.0733,17.2467,11.0292,19793400
2001-05-01,17.2400,17.8500,17.1333,17.8333,11.4044,22857000
2001-05-02,17.8167,17.8167,17.4267,17.6933,11.3149,23069400
2001-05-03,17.4333,17.8167,17.3433,17.7000,11.3192,22772100
2001-05-04,17.4333,17.9000,17.3367,17.6733,11.3021,22336200
2001-05-07,17.4667,17.6467,17.2833,17.3500,11.0953,14151000
2001-05-08,17.2500,17.3300,17.0467,17.3267,11.0804,13312800
2001-05-09,17.3500,17.4000,17.1000,17.1967,10.9973,16332900
2001-05-10,17.7667,17.9000,17.7367,17.8067,11.3874,24645600
2001-05-11,17.9900,18.1533,17.7833,18.0333,11.5323,19588800
2001-05-14,18.0333,18.2500,17.9467,18.1167,11.5856,14400900
2001-05-15,18.1167,18.1167,17.3333,17.3333,11.0847,40235100
2001-05-16,17.0667,17.3733,17.0000,17.2167,11.0101,28813200
2001-05-17,17.3167,17.4067,17.1000,17.2533,11.0335,19618500
2001-05-18,17.3167,17.3467,17.1367,17.3467,11.0932,17582700
2001-05-21,17.3467,17.7667,17.1867,17.7333,11.3405,23258700
2001-05-22,17.7367,17.9000,17.6333,17.8400,11.4087,20381100
2001-05-23,17.7667,17.9600,17.4033,17.5067,11.1955,16698300
2001-05-24,17.4500,17.7467,17.3833,17.6300,11.2744,13573500
2001-05-25,17.6600,17.6667,17.0667,17.0667,10.9141,15528600
2001-05-29,17.3167,17.3167,17.0100,17.0700,10.9163,15001800
2001-05-30,17.0733,17.4000,17.0400,17.1567,10.9717,17909400
2001-05-31,17.3667,17.5333,17.0900,17.2500,11.0314,17642100
2001-06-01,17.1800,17.4833,17.1500,17.2400,11.0250,12465300
2001-06-04,17.1833,17.2667,16.8333,16.9967,10.8694,16859700
2001-06-05,16.9133,17.2133,16.8967,17.1000,10.9355,15492000
2001-06-06,17.1000,17.2367,16.9000,16.9167,10.8182,12581100
2001-06-07,16.6900,17.1167,16.6900,17.0333,10.8928,18330900
2001-06-08,17.0000,17.0900,16.9167,17.0067,10.8758,11362500
2001-06-11,16.9833,17.0333,16.7200,16.7433,10.7074,9700500
2001-06-12,16.6733,16.9900,16.5367,16.8567,10.7798,13407600
2001-06-13,16.8667,16.8667,16.6867,16.7167,10.6903,10570500
2001-06-14,16.6333,16.7867,16.4667,16.5000,10.5518,13663800
2001-06-15,16.4667,16.5767,16.0000,16.0500,10.2640,43183200
2001-06-18,16.2667,16.5300,16.1167,16.1733,10.3428,21368700
2001-06-19,16.4900,16.4967,16.2100,16.2867,10.4153,15530400
2001-06-20,16.4000,16.6333,16.3267,16.6000,10.6309,17739000
2001-06-21,16.4333,17.0567,16.4333,16.8167,10.7697,26831400
2001-06-22,16.8933,16.9167,16.4833,16.6600,10.6694,14501100
2001-06-25,16.8500,16.8500,16.2667,16.3333,10.4602,17122200
2001-06-26,16.1833,16.6000,16.1767,16.3667,10.4815,18060300
2001-06-27,16.3400,16.5733,16.1333,16.1667,10.3534,15381300
2001-06-28,16.3167,16.5967,16.3167,16.4567,10.5391,15041100
2001-06-29,16.3767,16.8300,16.2000,16.2667,10.4175,27919500
2001-07-02,16.3167,16.5967,16.2167,16.5833,10.6203,16473600
2001-07-03,16.5667,16.5667,16.3133,16.4067,10.5071,11411100
2001-07-05,16.4500,16.4600,16.1500,16.2000,10.3748,15396300
2001-07-06,16.1833,16.1867,15.5700,15.7800,10.1058,19992600
2001-07-09,15.8267,16.1333,15.6833,16.0833,10.3001,18245400
2001-07-10,16.1667,16.2233,15.7933,15.8333,10.1399,19384800
2001-07-11,16.0500,16.4667,15.8733,16.2833,10.4281,23731500
2001-07-12,16.8500,17.2833,16.6500,17.2833,11.0686,35115300
2001-07-13,17.2833,17.7433,17.0433,17.6333,11.2927,29536500
2001-07-16,17.8000,18.0167,17.7033,17.8267,11.4165,34206900
2001-07-17,17.9467,17.9500,17.6467,17.7833,11.3888,26356200
2001-07-18,17.6233,17.9933,17.5100,17.9933,11.5233,21540900
2001-07-19,17.9933,18.1667,17.9367,18.0767,11.5766,24692100
2001-07-20,18.0000,18.1967,17.9667,18.0933,11.5873,17684700
2001-07-23,17.9667,18.0900,17.6167,17.6767,11.3205,16083300
2001-07-24,17.6833,17.7333,17.5000,17.7000,11.3354,18225900
2001-07-25,17.7000,18.3667,17.5767,18.3667,11.7623,28537200
2001-07-26,18.3667,18.5033,18.0600,18.5000,11.8477,25277700
2001-07-27,18.5833,18.6667,18.3367,18.4700,11.8285,15507900
2001-07-30,18.6667,18.6833,18.0633,18.6267,11.9288,21504600
2001-07-31,18.5067,18.8333,18.4667,18.6333,11.9331,23176800
2001-08-01,18.4667,18.9233,18.3167,18.3367,11.7431,18505500
2001-08-02,18.4800,18.7167,18.3500,18.6633,11.9523,17238900
2001-08-03,18.6333,18.6567,18.3500,18.4633,11.8242,12510000
2001-08-06,18.5267,18.5267,18.0200,18.1667,11.6343,17137800
2001-08-07,18.2267,18.4267,18.0500,18.3600,11.7581,15466500
2001-08-08,18.2000,18.6233,18.1333,18.1767,11.6407,19161000
2001-08-09,18.1400,18.2633,17.7667,18.0567,11.5638,25617600
2001-08-10,17.9833,18.0000,17.5000,17.8667,11.4421,24736800
2001-08-13,17.8500,17.9233,17.2667,17.4000,11.1433,30421200
2001-08-14,17.0833,17.5667,17.0433,17.4533,11.1774,30202800
2001-08-15,17.4400,17.6400,17.2733,17.3333,11.1006,18099000
2001-08-16,17.1733,17.4000,16.8900,17.2300,11.0344,18615600
2001-08-17,17.1667,17.1667,16.7000,16.9333,10.8444,17705100
2001-08-20,17.1000,17.2067,16.9333,17.1967,11.0131,13047000
2001-08-21,17.1333,17.2067,16.6267,16.6467,10.6608,19628100
2001-08-22,16.6700,16.8467,16.5033,16.7467,10.7249,17454300
2001-08-23,16.6833,16.8100,16.5000,16.5800,10.6181,16635600
2001-08-24,16.5500,17.0000,16.5500,16.9833,10.8764,21805200
2001-08-27,17.0667,17.1667,16.7967,16.7967,10.7569,14025000
2001-08-28,16.6333,16.7333,16.5667,16.7000,10.6950,18449100
2001-08-29,16.6833,16.8067,16.3433,16.3833,10.4922,16321500
2001-08-30,16.3667,16.4900,15.7467,15.8667,10.1613,28917000
2001-08-31,15.9000,16.3333,15.9000,16.0167,10.2574,22665300
2001-09-04,16.0767,16.6267,16.0700,16.1500,10.3427,21974100
2001-09-05,16.1067,16.4500,15.6667,16.3833,10.4922,29499600
2001-09-06,16.3167,16.5533,15.6667,15.7900,10.1122,31150500
2001-09-07,15.6333,15.6333,15.0400,15.4067,9.8667,31295100
2001-09-10,15.1667,15.6667,15.0133,15.4100,9.8688,20180700
2001-09-17,14.6667,15.3667,14.0000,14.6667,9.3928,52505400
2001-09-18,15.0000,15.4500,14.7200,15.1167,9.6810,31530900
2001-09-19,15.0933,15.3600,14.7300,15.1500,9.7173,35149800
2001-09-20,15.1167,15.3133,15.0033,15.1033,9.6874,37969200
2001-09-21,14.7167,15.3167,14.6333,14.8867,9.5484,49330800
2001-09-24,15.5000,15.9933,15.3367,15.7600,10.1086,41705100
2001-09-25,16.0667,16.3667,16.0167,16.1333,10.3480,47921400
2001-09-26,16.4500,16.4933,16.2067,16.4933,10.5790,36348900
2001-09-27,16.4933,16.5633,16.0367,16.4633,10.5597,27741000
2001-09-28,16.4833,16.6500,16.2700,16.5000,10.5832,28680600
2001-10-01,16.5000,16.6833,16.0467,16.5867,10.6388,35965800
2001-10-02,16.6833,17.3333,16.6000,17.2000,11.0322,34212600
2001-10-03,17.2967,17.8233,17.1667,17.5767,11.2738,41855400
2001-10-04,17.6000,17.6500,17.1400,17.1667,11.0108,30597000
2001-10-05,17.1733,17.4667,17.0000,17.4667,11.2033,28389600
2001-10-08,17.4700,17.4700,16.9867,17.0367,10.9275,20106000
2001-10-09,17.1667,17.4000,17.0000,17.3600,11.1348,24205200
2001-10-10,17.4433,17.9000,17.4000,17.8767,11.4662,28445700
2001-10-11,17.9833,18.2500,17.6167,17.8300,11.4363,36781800
2001-10-12,17.6167,17.6667,17.2667,17.6333,11.3102,32220300
2001-10-15,17.5400,17.8267,17.4700,17.8267,11.4342,18779100
2001-10-16,17.8267,18.0000,17.5000,17.7133,11.3615,20302800
2001-10-17,17.7500,17.9133,17.3833,17.4067,11.1648,19915500
2001-10-18,17.4433,17.6000,17.1400,17.3000,11.0964,23487300
2001-10-19,17.3833,17.6900,17.2000,17.6700,11.3337,18133500
2001-10-22,17.6000,17.8667,17.3600,17.6800,11.3401,19632600
2001-10-23,17.6800,17.8500,17.3833,17.5367,11.2482,18565200
2001-10-24,17.6567,17.7300,17.4767,17.4933,11.2204,15692400
2001-10-25,17.2667,17.7667,17.1700,17.7667,11.3957,20678400
2001-10-26,17.7167,17.9400,17.5000,17.8067,11.4213,15371100
2001-10-29,17.6333,17.6867,17.2367,17.3000,11.0964,18074400
2001-10-30,17.1667,17.2500,16.7867,16.8667,10.8184,21284700
2001-10-31,16.9000,17.4400,16.8833,17.1333,10.9895,21103800
2001-11-01,17.0667,17.6500,16.9533,17.4133,11.1690,25805700
2001-11-02,17.2667,17.7267,17.2533,17.6567,11.3251,17382900
2001-11-05,17.7167,18.1000,17.4633,17.9667,11.5240,20523600
2001-11-06,18.0167,18.3667,17.8833,18.3133,11.7463,26343600
2001-11-07,18.2833,18.3300,17.8000,17.9400,11.5069,24667200
2001-11-08,18.2000,18.4667,17.9967,18.1667,11.6522,25752300
2001-11-09,18.1833,18.4167,17.9633,18.3667,11.7805,15137100
2001-11-12,18.1833,18.5600,18.0000,18.5267,11.8831,19502100
2001-11-13,18.6333,18.6500,18.0833,18.0867,11.6009,31566000
2001-11-14,18.5333,18.6000,18.3500,18.4267,11.8190,28767900
2001-11-15,18.5267,18.7467,18.4267,18.6667,11.9729,25356000
2001-11-16,18.6667,18.6667,18.2167,18.3667,11.7805,31675200
2001-11-19,18.2000,18.6200,18.2000,18.5833,11.9195,23891700
2001-11-20,18.5667,18.6600,18.3700,18.5667,11.9088,19009200
2001-11-21,18.5067,18.5367,18.2800,18.3733,11.7848,14968500
2001-11-23,18.3567,18.6167,18.3533,18.6000,11.9302,6921000
2001-11-26,18.5667,18.6733,18.4367,18.5833,11.9195,23107200
2001-11-27,18.5167,18.6033,18.2767,18.3600,11.7762,28992300
2001-11-28,18.3000,18.5867,18.1600,18.3333,11.7591,22408200
2001-11-29,18.3667,18.4300,18.1667,18.2167,11.6843,17183100
2001-11-30,18.3333,18.6333,18.3000,18.3833,11.7912,25242900
2001-12-03,18.3533,18.4100,18.0600,18.1933,11.6693,22846500
2001-12-04,18.1333,18.3900,18.0667,18.3900,11.7955,20596500
2001-12-05,18.3900,18.8567,18.3133,18.8567,12.0948,27095100
2001-12-06,18.6500,18.6633,18.4700,18.5400,11.8917,21132900
2001-12-07,18.4033,18.5333,18.2500,18.4467,11.8318,13807200
2001-12-10,18.3667,18.4667,18.0900,18.0900,11.6031,15880200
2001-12-11,18.0400,18.2667,17.8367,18.0267,11.5624,18292800
2001-12-12,18.0067,18.2333,17.8333,18.1100,11.6159,17316900
2001-12-13,18.0267,18.0300,17.7000,17.7867,11.4085,23541300
2001-12-14,17.9000,18.1367,17.6767,18.0200,11.5582,18047700
2001-12-17,18.0500,18.6167,17.9600,18.6167,11.9409,25389600
2001-12-18,18.6367,18.7000,18.4733,18.5933,11.9259,26395500
2001-12-19,18.5600,18.8333,18.4500,18.7600,12.0479,24636300
2001-12-20,18.7767,19.0467,18.7333,18.7533,12.0436,23535000
2001-12-21,18.9467,19.1933,18.8433,19.1900,12.3241,39380400
2001-12-24,19.1733,19.2333,19.0433,19.0433,12.2299,6094200
2001-12-26,19.2500,19.5233,19.2367,19.3833,12.4482,19916700
2001-12-27,19.3667,19.5333,19.2567,19.4567,12.4953,14466600
2001-12-28,19.4500,19.5800,19.3800,19.4500,12.4911,13030200
2001-12-31,19.3667,19.4933,19.1833,19.1833,12.3198,15404100
2002-01-02,19.2167,19.3833,18.9967,19.3500,12.4268,20033700
2002-01-03,19.3167,19.4333,19.1667,19.3267,12.4119,17871900
2002-01-04,19.2200,19.4200,19.0667,19.2000,12.3305,20039100
2002-01-07,19.1500,19.3667,19.0700,19.1300,12.2856,16081200
2002-01-08,19.2300,19.3333,19.1100,19.2800,12.3819,13110600
2002-01-09,19.0500,19.1767,18.7300,18.8000,12.0736,22727400
2002-01-10,18.8000,19.1167,18.7533,19.0000,12.2021,19399200
2002-01-11,18.8833,18.9133,18.5100,18.6000,11.9452,21813900
2002-01-14,18.6000,18.9667,18.5867,18.5867,11.9366,20141400
2002-01-15,18.5867,18.9667,18.4367,18.9567,12.1742,24258300
2002-01-16,18.9567,18.9567,18.5000,18.6633,11.9858,16519200
2002-01-17,18.6167,19.0733,18.5667,18.9200,12.1507,23389500
2002-01-18,18.8500,18.9633,18.6567,18.7833,12.0629,21022200
2002-01-22,19.0400,19.5667,19.0367,19.3367,12.4183,29970000
2002-01-23,19.4667,19.9833,19.4067,19.9533,12.8143,32046600
2002-01-24,19.9533,19.9833,19.7667,19.8900,12.7736,23952300
2002-01-25,19.7867,19.8267,19.3533,19.4667,12.5018,21966300
2002-01-28,19.5667,19.7267,19.4400,19.5433,12.5510,15428100
2002-01-29,19.6933,19.8267,19.3033,19.3033,12.3969,22121700
2002-01-30,19.2667,19.9833,19.2500,19.9167,12.7908,30018300
2002-01-31,19.8667,19.9933,19.7000,19.9933,12.8400,20583600
2002-02-01,19.9000,19.9667,19.5833,19.7533,12.6859,20091000
2002-02-04,19.8600,19.9667,19.5500,19.6333,12.6088,19543800
2002-02-05,19.6800,19.8333,19.4833,19.6000,12.5874,19880400
2002-02-06,19.5667,19.7500,19.4700,19.6267,12.6045,19263600
2002-02-07,19.7167,19.9167,19.4467,19.4633,12.4996,25257900
2002-02-08,19.4633,19.7167,19.3667,19.7167,12.6623,19136400
2002-02-11,19.8300,20.1000,19.7933,20.0833,12.8978,25503000
2002-02-12,19.9500,20.1167,19.9333,20.0333,12.8657,15970800
2002-02-13,20.1000,20.2400,19.9600,20.0400,12.8700,19198800
2002-02-14,20.1167,20.1967,19.9767,20.1633,12.9492,17958000
2002-02-15,20.1633,20.1967,19.9667,20.0100,12.8507,21772800
2002-02-19,19.8000,20.0600,19.7333,19.7633,12.6923,27181800
2002-02-20,19.7900,20.0667,19.6000,20.0067,12.8486,24582300
2002-02-21,20.0500,20.2900,19.7967,19.8500,12.7479,22018800
2002-02-22,19.8833,19.9833,19.5333,19.9833,12.8336,22809600
2002-02-25,20.0667,20.2500,20.0200,20.2167,12.9834,25027500
2002-02-26,20.2667,20.7600,20.1500,20.7000,13.2938,34951200
2002-02-27,20.8667,20.9500,20.5833,20.7500,13.3259,38931900
2002-02-28,20.9000,20.9600,20.5133,20.6700,13.2746,35987100
2002-03-01,20.7333,20.9367,20.6867,20.9367,13.4458,22558800
2002-03-04,20.9833,21.0267,20.7267,20.9933,13.4822,24502800
2002-03-05,20.7733,20.8633,20.1833,20.2533,13.0070,37070100
2002-03-06,20.3233,20.4933,20.1000,20.3000,13.0369,30588600
2002-03-07,20.5000,20.6500,20.3300,20.5667,13.2082,27877200
2002-03-08,20.7267,20.9667,20.6667,20.8400,13.3837,31383600
2002-03-11,20.9367,20.9367,20.6767,20.8433,13.3859,20094600
2002-03-12,20.6333,20.8000,20.6300,20.7433,13.3217,20942700
2002-03-13,20.5833,20.6967,20.4333,20.6633,13.2703,18534900
2002-03-14,20.6500,20.8633,20.6367,20.7567,13.3302,15060600
2002-03-15,20.8933,21.2500,20.8167,21.2500,13.6470,39907500
2002-03-18,21.3067,21.3133,20.9000,21.1833,13.6042,19076400
2002-03-19,21.2333,21.2800,21.0133,21.1533,13.5850,16634700
2002-03-20,20.9833,21.1467,20.9767,21.0600,13.5410,21306300
2002-03-21,20.9833,21.0633,20.6500,20.7333,13.3310,17407200
2002-03-22,20.7333,20.7467,20.5233,20.6833,13.2988,16497600
2002-03-25,20.6167,20.7267,20.4267,20.4267,13.1338,17753700
2002-03-26,20.4500,20.7967,20.4500,20.7233,13.3246,18550500
2002-03-27,20.6833,20.7667,20.5400,20.6667,13.2881,20792400
2002-03-28,20.6700,20.7233,20.4267,20.4333,13.1381,17490000
2002-04-01,20.1167,20.1200,19.5400,19.8533,12.7652,39746700
2002-04-02,19.8333,19.8367,19.5833,19.6433,12.6301,23366400
2002-04-03,19.8000,19.9333,19.2500,19.5333,12.5594,26798400
2002-04-04,19.6000,19.8667,19.5733,19.7600,12.7052,20559900
2002-04-05,19.7433,19.9167,19.5933,19.7133,12.6751,15964800
2002-04-08,19.6667,19.9833,19.5067,19.9267,12.8123,18417900
2002-04-09,20.0333,20.1500,19.9667,20.0333,12.8809,18689400
2002-04-10,20.0833,20.2333,19.9567,20.1900,12.9816,21348000
2002-04-11,20.2167,20.6033,20.0033,20.0567,12.8959,25701000
2002-04-12,20.2333,20.6167,20.0967,20.4100,13.1231,19466700
2002-04-15,20.3500,20.4233,19.8400,19.9767,12.8445,17310000
2002-04-16,20.0667,20.2367,19.8667,20.0000,12.8595,21041400
2002-04-17,20.1833,20.1833,19.5500,19.7633,12.7073,27423600
2002-04-18,19.5167,19.8067,18.9133,19.3833,12.4630,35181900
2002-04-19,19.6000,19.7000,19.3800,19.6433,12.6301,17544600
2002-04-22,19.6433,19.7000,19.0000,19.1833,12.3344,19316700
2002-04-23,19.2833,19.4800,19.2067,19.3500,12.4415,20753700
2002-04-24,19.3000,19.5467,19.1067,19.1500,12.3129,19582500
2002-04-25,18.9333,19.0367,18.7433,19.0000,12.2165,21992400
2002-04-26,19.0833,19.1000,18.5933,18.6000,11.9593,30108300
2002-04-29,18.6333,19.1333,18.6000,18.7333,12.0450,30160200
2002-04-30,18.7000,18.8633,18.4867,18.6200,11.9722,31233000
2002-05-01,18.5333,18.9333,18.2733,18.9333,12.1736,25767300
2002-05-02,18.9167,19.0833,18.7267,18.8833,12.1415,22977000
2002-05-03,18.8167,18.8267,18.3600,18.4167,11.8414,23464800
2002-05-06,18.5367,18.7100,17.9833,17.9967,11.5714,23941500
2002-05-07,18.2067,18.5000,18.0000,18.3367,11.7900,26895300
2002-05-08,18.7500,18.8300,18.5600,18.7967,12.0858,24952800
2002-05-09,18.5500,18.5833,17.9067,18.3300,11.7857,35520600
2002-05-10,18.4133,18.4200,17.8700,17.8867,11.5007,22308000
2002-05-13,17.9467,18.4267,17.9467,18.3467,11.7964,19265100
2002-05-14,19.1667,19.4167,19.0167,19.1300,12.3001,37517100
2002-05-15,19.2133,19.3967,18.8800,18.9233,12.1672,31401000
2002-05-16,19.2167,19.5633,19.1467,19.4500,12.5058,24048000
2002-05-17,19.4500,19.7667,19.3200,19.4433,12.5015,22641300
2002-05-20,19.5833,19.6067,19.2333,19.2667,12.3880,15095700
2002-05-21,19.3000,19.3733,18.8667,18.8667,12.1308,19130400
2002-05-22,18.9000,18.9333,18.5667,18.9333,12.1736,18080700
2002-05-23,18.8333,18.9200,18.5967,18.7700,12.0686,17747700
2002-05-24,18.8533,18.9800,18.5033,18.5067,11.8993,15033300
2002-05-28,18.4667,18.5433,17.9767,18.2633,11.7428,20760900
2002-05-29,18.3000,18.5533,18.1767,18.1767,11.6871,16282200
2002-05-30,18.0333,18.2833,17.9167,17.9967,11.5714,24588900
2002-05-31,18.3000,18.5267,18.0000,18.0333,11.5950,35121600
2002-06-03,18.0600,18.2233,17.6500,17.7167,11.3913,24540000
2002-06-04,17.6667,18.0000,17.3333,18.0000,11.5735,41345700
2002-06-05,18.3167,18.5900,18.1733,18.3200,11.7793,30242700
2002-06-06,18.3233,18.3267,18.0000,18.0333,11.5950,22663800
2002-06-07,17.9500,18.2400,17.9200,18.1433,11.6657,23786700
2002-06-10,18.3667,18.8600,18.3533,18.8000,12.0879,25677300
2002-06-11,18.9500,19.2100,18.7933,18.8167,12.0986,34271100
2002-06-12,18.8500,19.4333,18.7467,19.4333,12.4951,31685400
2002-06-13,19.2500,19.2533,18.7567,18.8333,12.1093,28569000
2002-06-14,18.8167,19.0100,18.4167,18.9833,12.2058,31534200
2002-06-17,19.0333,19.4800,18.9000,19.4367,12.4973,25895400
2002-06-18,19.4367,19.6267,19.3033,19.5167,12.5487,20991300
2002-06-19,19.3333,19.5833,18.9933,19.1367,12.3202,22786200
2002-06-20,19.1167,19.3000,18.7333,18.8333,12.1249,21491700
2002-06-21,18.5000,18.8333,18.3000,18.3267,11.7987,45270600
2002-06-24,18.3500,18.7833,18.0767,18.5833,11.9639,32966700
2002-06-25,18.6667,19.0733,18.3400,18.3667,11.8244,25939500
2002-06-26,18.1000,18.8333,17.9167,18.5400,11.9360,32736300
2002-06-27,18.6000,19.2333,18.3500,19.2333,12.3824,25657200
2002-06-28,19.0000,19.2600,18.3367,18.3367,11.8051,46196700
2002-07-01,18.4333,18.6100,18.1333,18.1333,11.6742,30549600
2002-07-02,18.1367,18.3100,17.7667,17.8067,11.4639,30577500
2002-07-03,17.7667,18.3667,17.7667,18.3467,11.8116,21729600
2002-07-05,18.4833,18.6700,18.4100,18.6667,12.0176,9653100
2002-07-08,18.7167,18.9000,18.3933,18.5333,11.9317,22919400
2002-07-09,18.5533,18.6900,18.1600,18.2167,11.7279,24106500
2002-07-10,18.2500,18.5333,17.8500,17.9200,11.5369,26892600
2002-07-11,17.9233,18.3300,17.6667,18.0600,11.6270,38614800
2002-07-12,17.9767,18.0333,17.5300,17.6167,11.3416,26757900
2002-07-15,17.4667,17.8267,16.7000,17.8133,11.4682,38111100
2002-07-16,17.4167,17.5233,16.6267,16.6267,10.7042,43493100
2002-07-17,17.0000,17.1633,15.8333,16.0833,10.3544,56253300
2002-07-18,16.1333,16.5133,15.8000,15.8033,10.1742,36059100
2002-07-19,15.7333,15.9000,15.2033,15.5000,9.9789,39537900
2002-07-22,15.4167,15.7367,14.6633,14.8667,9.5711,50502600
2002-07-23,15.0000,15.6333,14.9167,15.0333,9.6784,45862200
2002-07-24,14.7667,16.0400,14.5733,15.9800,10.2879,56964300
2002-07-25,15.9000,16.0233,15.0000,15.6667,10.0862,43355700
2002-07-26,15.6667,16.0833,15.3333,16.0600,10.3394,27248700
2002-07-29,16.0633,16.5500,15.8667,16.5100,10.6291,32956500
2002-07-30,16.3400,16.5667,16.1667,16.3733,10.5411,30306600
2002-07-31,16.4333,16.4333,15.7833,16.3933,10.5540,38168100
2002-08-01,16.3333,16.3900,15.6067,15.8000,10.1720,38488500
2002-08-02,15.7333,15.8000,15.0633,15.3667,9.8930,29656200
2002-08-05,15.3667,15.6400,15.1833,15.2000,9.7857,25266000
2002-08-06,15.9667,16.1667,15.4667,15.7600,10.1463,30930900
2002-08-07,16.1667,16.1667,15.6333,16.1267,10.3823,29048700
2002-08-08,16.1833,16.4500,15.5000,16.3967,10.5561,40549800
2002-08-09,16.2167,16.5267,16.0433,16.4000,10.5583,29975700
2002-08-12,16.0667,16.3100,15.8833,16.1367,10.3888,21719700
2002-08-13,16.1367,16.8833,15.8167,16.2367,10.4531,43350300
2002-08-14,16.4500,17.6333,16.3833,17.5400,11.2922,44871300
2002-08-15,17.6833,18.2633,17.6700,18.2367,11.7407,41868600
2002-08-16,18.0833,18.2533,17.8700,17.9300,11.5433,27729000
2002-08-19,17.6667,18.2633,17.5733,18.2300,11.7364,33150000
2002-08-20,18.0333,18.1833,17.7000,17.9267,11.5412,25199100
2002-08-21,18.0000,18.1000,17.5833,18.0300,11.6077,26762100
2002-08-22,18.0000,18.1400,17.7833,18.0833,11.6420,22626600
2002-08-23,17.9000,17.9667,17.6233,17.7300,11.4145,19775400
2002-08-26,17.7000,17.8800,17.3700,17.8000,11.4596,24121200
2002-08-27,17.8000,17.8000,17.3500,17.7067,11.3995,25555500
2002-08-28,17.6000,17.8400,17.5867,17.8000,11.4596,22674000
2002-08-29,17.5533,17.9000,17.5067,17.7333,11.4167,25347000
2002-08-30,17.7333,18.0000,17.6667,17.8267,11.4768,19780200
2002-09-03,17.6167,17.7167,17.1633,17.2900,11.1313,27823200
2002-09-04,17.2900,17.5733,17.0000,17.4467,11.2321,25869000
2002-09-05,17.0000,17.1300,16.6733,16.9800,10.9317,34718100
2002-09-06,17.2000,17.6833,17.2000,17.5933,11.3266,22242900
2002-09-09,17.5500,17.9000,17.4167,17.7600,11.4339,19897800
2002-09-10,17.8833,18.2700,17.7600,18.2600,11.7558,26544000
2002-09-11,18.4667,19.0000,17.9367,18.0667,11.6313,22077600
2002-09-12,18.0667,18.0700,17.6567,17.7067,11.3995,19825200
2002-09-13,17.7067,18.3233,17.5500,18.1333,11.6742,25065600
2002-09-16,18.1667,18.4167,18.0000,18.2500,11.7493,17999400
2002-09-17,18.6333,18.6400,18.0833,18.0867,11.6442,24504600
2002-09-18,17.8833,18.3767,17.8733,18.1267,11.6861,24581400
2002-09-19,18.1300,18.3033,17.8500,17.9000,11.5399,21488700
2002-09-20,17.9033,18.3000,17.8533,18.2333,11.7548,51448200
2002-09-23,17.9000,17.9033,17.3567,17.5333,11.3035,30937800
2002-09-24,17.3000,17.4667,16.9567,17.1633,11.0650,34100100
2002-09-25,17.4333,17.5367,17.0467,17.3467,11.1832,29759400
2002-09-26,17.5000,17.9067,17.3600,17.9033,11.5421,24527700
2002-09-27,17.7500,17.9000,17.0733,17.0800,11.0113,33439500
2002-09-30,17.0833,17.0833,16.0333,16.4133,10.5815,51008100
2002-10-01,16.4133,17.2600,16.1833,17.2367,11.1123,42431100
2002-10-02,17.2367,17.5033,16.8933,17.1067,11.0285,34469400
2002-10-03,17.1100,17.3800,16.7333,17.0333,10.9812,33891900
2002-10-04,17.0367,17.4267,16.5833,17.2500,11.1209,44235300
2002-10-07,17.0667,17.5133,16.6667,16.7833,10.8200,43292400
2002-10-08,16.9833,17.8167,16.9200,17.5333,11.3035,49668600
2002-10-09,17.5367,17.5367,16.9000,16.9133,10.9038,39925200
2002-10-10,16.9167,17.3967,16.3333,17.2133,11.0973,50764800
2002-10-11,17.2167,17.9933,17.2167,17.9433,11.5679,34439100
2002-10-14,17.9433,18.3333,17.8567,18.0500,11.6366,30562800
2002-10-15,18.4800,18.7633,18.3767,18.7633,12.0965,41558100
2002-10-16,18.7633,18.9333,18.6167,18.9200,12.1975,38783400
2002-10-17,19.1500,19.1667,18.3333,18.4433,11.8902,44777400
2002-10-18,18.3333,18.8333,18.2667,18.7600,12.0944,34002600
2002-10-21,18.7633,18.9100,18.3933,18.8000,12.1202,28638000
2002-10-22,18.8033,18.8033,18.2667,18.7000,12.0557,30916500
2002-10-23,18.7000,19.1067,18.6400,19.0767,12.2985,30641400
2002-10-24,19.0800,19.3400,18.7267,18.8233,12.1352,29442900
2002-10-25,18.8267,19.1633,18.7200,19.1100,12.3200,21375600
2002-10-28,19.1433,19.1633,18.5600,18.6900,12.0492,23602800
2002-10-29,18.3333,19.0000,18.2267,18.8233,12.1352,31259400
2002-10-30,18.3633,18.3667,17.8600,17.9333,11.5614,50916300
2002-10-31,17.8500,18.1367,17.5500,17.8500,11.5077,34521000
2002-11-01,17.8633,18.2633,17.5600,18.1833,11.7226,26288400
2002-11-04,18.1867,18.2567,17.7333,17.8167,11.4862,31148700
2002-11-05,17.8200,18.2000,17.7500,18.1400,11.6947,22693800
2002-11-06,18.1400,18.2667,17.8333,18.1133,11.6775,25432500
2002-11-07,18.1167,18.2967,17.8500,18.0000,11.6044,22366800
2002-11-08,18.0000,18.2667,17.8400,18.0100,11.6109,22359000
2002-11-11,18.0133,18.0133,17.6667,17.6667,11.3895,17775600
2002-11-12,17.8667,18.2500,17.7767,17.9500,11.5722,28113900
2002-11-13,17.9533,18.3267,17.7500,18.3267,11.8150,34965000
2002-11-14,18.3500,18.5333,18.1800,18.5233,11.9418,32213700
2002-11-15,18.5233,18.7333,18.3333,18.4967,11.9246,34617900
2002-11-18,18.4167,18.5000,17.8433,17.8933,11.5356,27120600
2002-11-19,17.8967,17.8967,17.5233,17.6400,11.3723,31044900
2002-11-20,17.6833,18.1667,17.6667,18.1333,11.6904,22390200
2002-11-21,18.1333,18.2667,17.9367,17.9833,11.5937,25324200
2002-11-22,17.9867,18.2633,17.8400,17.9200,11.5528,24373200
2002-11-25,17.8167,18.0333,17.6733,17.9400,11.5657,28079700
2002-11-26,17.8000,17.9667,17.6900,17.7467,11.4411,23690700
2002-11-27,17.7500,18.3367,17.7500,18.2800,11.7849,24864000
2002-11-29,18.2467,18.3867,17.9433,17.9667,11.5829,13260600
2002-12-02,18.6533,18.9133,18.0833,18.1267,11.6861,41329800
2002-12-03,18.1267,18.1267,17.8500,17.9767,11.5894,23556000
2002-12-04,17.9667,18.3767,17.8033,18.1467,11.6990,25349400
2002-12-05,18.1467,18.1467,17.6733,17.6733,11.3938,24774000
2002-12-06,17.5833,17.8300,17.3433,17.6800,11.3981,26821200
2002-12-09,17.6800,17.6800,17.2700,17.2833,11.1424,24263400
2002-12-10,17.2867,17.5300,17.1833,17.4967,11.2799,19239000
2002-12-11,17.2667,17.4967,17.2100,17.3333,11.1746,17484600
2002-12-12,17.4167,17.4733,17.0867,17.1267,11.0414,26004900
2002-12-13,17.1267,17.1267,16.7867,16.8467,10.8609,30021900
2002-12-16,16.8500,17.3567,16.7867,17.3133,11.1617,27415200
2002-12-17,17.2833,17.2867,16.9500,16.9800,10.9468,21729600
2002-12-18,16.9833,16.9833,16.6500,16.7933,10.8424,23215800
2002-12-19,16.7100,17.0667,16.6667,16.7200,10.7951,23252400
2002-12-20,16.7233,17.0833,16.7233,16.9300,10.9307,39010200
2002-12-23,16.8433,16.8467,16.4667,16.5300,10.6724,25618200
2002-12-24,16.4333,16.6233,16.4133,16.5667,10.6961,12646800
2002-12-26,16.4167,16.8833,16.4167,16.5867,10.7090,21927900
2002-12-27,16.5100,16.6600,16.3167,16.3867,10.5799,17068800
2002-12-30,16.3867,16.9167,16.3833,16.8800,10.8984,23658000
2002-12-31,16.8667,16.8733,16.5833,16.8367,10.8704,23478900
2003-01-02,16.8833,17.2033,16.8400,17.2000,11.1050,22636500
2003-01-03,17.2033,17.2033,16.6167,16.6667,10.7607,25167900
2003-01-06,16.7333,16.8500,16.5567,16.7300,10.8016,22315200
2003-01-07,16.7733,16.9200,16.7000,16.8200,10.8597,20007000
2003-01-08,16.8000,17.1200,16.6200,16.6633,10.7585,23390700
2003-01-09,16.9167,17.3333,16.9167,17.3067,11.1739,29654400
2003-01-10,17.3067,17.3333,17.0700,17.2067,11.1093,22279800
2003-01-13,17.2067,17.3933,17.0000,17.0933,11.0361,20762400
2003-01-14,17.0000,17.1800,16.9000,17.1367,11.0641,20278800
2003-01-15,17.1500,17.2267,16.8433,16.8633,10.8876,19510500
2003-01-16,17.0333,17.0767,16.6600,16.7667,10.8252,24260700
2003-01-17,16.7667,16.8100,16.5667,16.6567,10.7542,25983600
2003-01-21,16.6900,16.7633,16.3267,16.3367,10.5476,23482200
2003-01-22,16.3400,16.5300,15.9167,16.0233,10.3453,33292800
2003-01-23,16.0233,16.2533,15.7800,16.1900,10.4529,32689500
2003-01-24,16.1333,16.2300,15.7300,15.7667,10.1796,25276500
2003-01-27,15.6833,16.1033,15.6400,15.7000,10.1365,33767400
2003-01-28,15.7000,16.1000,15.7000,16.0600,10.3690,28970700
2003-01-29,16.0600,16.1767,15.7800,16.0333,10.3518,26901900
2003-01-30,16.0367,16.3633,15.8333,15.8567,10.2377,24751200
2003-01-31,15.7333,16.1500,15.7167,15.9333,10.2872,26233500
2003-02-03,15.9233,16.1633,15.9033,16.0233,10.3453,22222800
2003-02-04,16.0267,16.4033,15.6667,15.7167,10.1473,24055200
2003-02-05,15.8667,15.9233,15.5500,15.5800,10.0591,22228800
2003-02-06,16.1667,16.1667,15.4800,15.5967,10.0698,25090800
2003-02-07,15.8333,15.8667,15.5833,15.5967,10.0698,24579300
2003-02-10,15.6000,15.7000,15.4167,15.6733,10.1193,23274900
2003-02-11,15.7167,15.8733,15.6733,15.7500,10.1688,22929900
2003-02-12,15.8067,16.0367,15.7800,15.9500,10.2980,23217000
2003-02-13,15.8833,15.9833,15.7200,15.8800,10.2528,24066900
2003-02-14,15.8800,16.3867,15.7733,16.3833,10.5777,26207700
2003-02-18,16.5500,16.5967,16.2567,16.3600,10.5627,27398700
2003-02-19,16.3567,16.4400,16.1033,16.2567,10.4960,16569600
2003-02-20,16.2567,16.2933,15.9900,16.0267,10.3475,18372300
2003-02-21,16.1500,16.3767,15.9667,16.3000,10.5239,23510400
2003-02-24,16.2333,16.3133,15.8800,15.8800,10.2528,20684400
2003-02-25,15.7600,16.1700,15.5867,16.1433,10.4228,30217500
2003-02-26,16.1433,16.1867,15.9333,15.9433,10.2936,20824800
2003-02-27,16.0167,16.1667,15.8833,16.0533,10.3647,22133400
2003-02-28,16.1000,16.2500,15.9067,16.0200,10.3432,23551500
2003-03-03,16.2000,16.2267,15.9233,15.9300,10.2850,19990200
2003-03-04,16.0000,16.0000,15.6333,15.6333,10.0935,19404300
2003-03-05,15.6367,15.9600,15.6000,15.9600,10.3044,23835300
2003-03-06,15.8167,16.1733,15.7000,15.8000,10.2011,27481200
2003-03-07,15.6333,16.0667,15.5333,16.0400,10.3561,27548400
2003-03-10,15.9300,16.0800,15.6833,15.7100,10.1430,19052400
2003-03-11,15.8000,15.9700,15.6000,15.6000,10.0720,20966400
2003-03-12,15.6033,15.8333,15.5000,15.8333,10.2226,25397400
2003-03-13,16.1667,16.5233,16.0700,16.5167,10.6638,32435700
2003-03-14,16.5000,16.7367,16.3467,16.4533,10.6229,26460000
2003-03-17,16.5000,17.3267,16.4533,17.3233,11.1846,37141200
2003-03-18,17.2367,17.4733,17.1633,17.4167,11.2449,32295300
2003-03-19,17.5200,17.6967,17.3433,17.6833,11.4368,26828400
2003-03-20,17.5733,17.7800,17.4000,17.7033,11.4497,23738100
2003-03-21,17.7733,18.2867,17.6333,18.2233,11.7860,38313600
2003-03-24,18.1200,18.1200,17.5067,17.5067,11.3225,25334100
2003-03-25,17.5400,17.9167,17.5233,17.8233,11.5273,22386300
2003-03-26,17.7700,17.9900,17.7233,17.7767,11.4971,19914300
2003-03-27,17.6667,17.9667,17.6233,17.8467,11.5424,20917800
2003-03-28,17.6767,17.8400,17.5600,17.7100,11.4540,18396000
2003-03-31,17.2233,17.6533,17.2233,17.3433,11.2169,25554000
2003-04-01,17.3667,17.5333,17.1733,17.4733,11.3010,26118600
2003-04-02,17.6767,18.1233,17.6000,18.0233,11.6567,24999000
2003-04-03,17.9333,18.1900,17.9333,18.0167,11.6523,21043500
2003-04-04,17.9333,18.2367,17.9333,18.2000,11.7709,18418200
2003-04-07,18.5700,18.5700,18.0933,18.1067,11.7106,25653000
2003-04-08,18.1333,18.2833,18.0633,18.1867,11.7623,19868700
2003-04-09,18.1833,18.3533,17.8367,17.9000,11.5769,22557300
2003-04-10,17.8467,18.1933,17.7433,18.1933,11.7666,26255700
2003-04-11,18.0333,18.1500,17.6567,17.6600,11.4217,32407800
2003-04-14,17.6600,18.0667,17.5367,17.5500,11.3505,22876500
2003-04-15,18.1000,18.4933,18.0233,18.4300,11.9197,26547600
2003-04-16,18.4300,18.4967,18.1600,18.1800,11.7580,22386300
2003-04-17,18.1800,18.5000,18.1233,18.4700,11.9455,21677400
2003-04-21,18.4733,18.4833,18.2567,18.3267,11.8528,20014800
2003-04-22,18.1600,18.6667,18.1333,18.6633,12.0706,26414400
2003-04-23,18.4667,18.6600,18.4667,18.6600,12.0684,19563900
2003-04-24,18.6600,18.6600,18.2600,18.3700,11.8809,19478700
2003-04-25,18.3700,18.4933,18.0867,18.3333,11.8572,22233900
2003-04-28,18.3333,18.8033,18.1667,18.6967,12.0921,27560400
2003-04-29,18.6967,19.0067,18.6800,18.8600,12.1978,25303500
2003-04-30,19.1700,19.1700,18.6300,18.7733,12.1417,37640400
2003-05-01,18.7733,18.7733,18.3767,18.6467,12.0598,24271500
2003-05-02,18.3833,18.8033,18.3800,18.7167,12.1051,21553800
2003-05-05,18.7167,18.7167,18.5000,18.5267,11.9822,21947100
2003-05-06,18.5267,18.7467,18.5167,18.6367,12.0533,22686600
2003-05-07,18.6367,18.6533,18.3267,18.3600,11.8744,24627300
2003-05-08,18.2100,18.4833,18.2100,18.3367,11.8593,27484200
2003-05-09,18.4833,18.6033,18.1500,18.6000,12.0296,19495800
2003-05-12,18.5700,18.9833,18.4767,18.9000,12.2236,22657500
2003-05-13,18.5867,18.7733,18.4933,18.4967,11.9628,27647100
2003-05-14,18.6267,18.6600,17.9667,17.9667,11.6200,36225900
2003-05-15,17.9500,18.1300,17.8100,17.9200,11.5898,34739400
2003-05-16,17.7000,18.0167,17.6400,17.6400,11.4087,31444800
2003-05-19,17.5467,17.8333,17.4033,17.4900,11.3117,25887600
2003-05-20,17.4933,17.7500,17.4933,17.6033,11.3850,28671900
2003-05-21,17.6000,17.7333,17.5233,17.5300,11.3376,20813100
2003-05-22,17.5500,17.7467,17.5267,17.6333,11.4044,22377600
2003-05-23,17.5833,17.5833,17.3333,17.3333,11.2104,21462000
2003-05-27,17.3333,17.5333,17.2100,17.5000,11.3182,47660400
2003-05-28,17.5333,17.9333,17.5333,17.7833,11.5014,32211900
2003-05-29,17.7833,17.9800,17.5200,17.6033,11.3850,24998400
2003-05-30,17.5700,17.8400,17.5233,17.5367,11.3419,33368100
2003-06-02,17.6533,17.8133,17.4667,17.4867,11.3096,28615800
2003-06-03,17.5567,17.6167,17.3733,17.6167,11.3936,22188900
2003-06-04,17.6567,17.9967,17.6567,17.9533,11.6114,27131100
2003-06-05,17.7000,18.4200,17.7000,18.2067,11.7752,31813200
2003-06-06,18.3200,18.4367,17.8733,17.8733,11.5597,28415100
2003-06-09,17.9833,18.0867,17.8667,17.9300,11.5963,17940000
2003-06-10,18.1333,18.3000,18.1000,18.2533,11.8054,24820500
2003-06-11,18.2533,18.4633,17.8300,18.4633,11.9412,27555900
2003-06-12,18.5267,18.5300,18.1533,18.3433,11.8636,21414900
2003-06-13,18.3367,18.3967,17.9867,18.0267,11.6588,24796500
2003-06-16,18.1567,18.4167,18.0667,18.4167,11.9111,26111100
2003-06-17,18.1300,18.4600,18.1300,18.3533,11.8701,20163600
2003-06-18,18.2833,18.4133,18.2067,18.4133,11.9284,17116800
2003-06-19,18.4167,18.4467,18.1067,18.1633,11.7664,18525300
2003-06-20,18.2500,18.2700,17.9333,18.0867,11.7168,38785500
2003-06-23,18.0167,18.0667,17.5567,17.9133,11.6045,18756900
2003-06-24,18.0000,18.3267,17.9833,18.2000,11.7902,22227600
2003-06-25,18.2500,18.4533,18.0300,18.0600,11.6995,25632900
2003-06-26,17.9333,18.1333,17.9333,18.1300,11.7448,17044800
2003-06-27,18.1667,18.2567,17.8367,17.9333,11.6174,17120400
2003-06-30,18.0000,18.1900,17.8900,17.8900,11.5894,23685900
2003-07-01,17.8333,18.1633,17.6667,18.1167,11.7362,22321500
2003-07-02,18.2533,18.5833,18.2533,18.5767,12.0342,30133800
2003-07-03,18.5000,18.7167,18.3167,18.3200,11.8679,14606700
2003-07-07,18.5333,18.8867,18.5133,18.8500,12.2113,32310900
2003-07-08,18.8333,18.9233,18.7500,18.9000,12.2437,21525900
2003-07-09,18.9000,18.9000,18.5533,18.5867,12.0407,21921900
2003-07-10,18.4100,18.6633,18.2400,18.5433,12.0126,22558200
2003-07-11,18.5833,19.0067,18.4900,18.8433,12.2070,21379800
2003-07-14,19.1000,19.2333,18.6267,18.8833,12.2329,27064800
2003-07-15,19.0267,19.2333,18.9800,19.1067,12.3776,23279400
2003-07-16,19.0767,19.1667,18.7800,18.8833,12.2329,19446900
2003-07-17,18.8667,19.0267,18.5700,18.6000,12.0493,18882900
2003-07-18,18.8000,19.0233,18.6533,19.0000,12.3084,19905600
2003-07-21,18.9500,18.9867,18.5767,18.6533,12.0839,18455700
2003-07-22,18.6833,19.0400,18.6767,18.9667,12.2869,19610700
2003-07-23,18.9733,18.9933,18.6567,18.8333,12.2005,15607800
2003-07-24,19.0000,19.0000,18.5333,18.5433,12.0126,22257000
2003-07-25,18.5067,18.7633,18.3333,18.7300,12.1335,18654300
2003-07-28,18.7300,18.8200,18.5000,18.7200,12.1271,18539700
2003-07-29,18.7200,18.7600,18.4167,18.4967,11.9824,22660800
2003-07-30,18.5833,18.6733,18.4567,18.6333,12.0709,16079700
2003-07-31,18.7500,19.0833,18.6367,18.6367,12.0731,26763900
2003-08-01,18.5733,18.6667,18.4000,18.4233,11.9349,19120200
2003-08-04,18.2600,18.7000,18.2600,18.6100,12.0558,19786800
2003-08-05,18.4667,18.6500,18.4133,18.4333,11.9414,22274100
2003-08-06,18.3367,18.7467,18.3367,18.5800,12.0364,19028400
2003-08-07,18.8267,19.1667,18.7600,19.0000,12.3084,40163700
2003-08-08,19.1067,19.2633,19.0533,19.2567,12.4747,19867800
2003-08-11,19.2933,19.4333,19.0933,19.2333,12.4596,21129600
2003-08-12,19.3500,19.6000,19.3000,19.6000,12.6971,20609700
2003-08-13,19.5000,19.5500,19.2833,19.3567,12.5395,28214100
2003-08-14,19.3567,19.4933,19.2500,19.3100,12.5093,20044200
2003-08-15,19.3500,19.3933,19.2500,19.3667,12.5460,9706200
2003-08-18,19.5000,19.7167,19.4600,19.6400,12.7231,20434800
2003-08-19,19.6833,19.6833,19.4667,19.6267,12.7144,15981000
2003-08-20,19.4833,19.7000,19.4700,19.5933,12.6928,11825700
2003-08-21,19.5867,19.8100,19.5700,19.7300,12.7813,17719200
2003-08-22,19.8133,19.8267,19.4633,19.4667,12.6108,20809500
2003-08-25,19.4667,19.7000,19.4433,19.7000,12.7619,18136200
2003-08-26,19.5767,19.7833,19.4567,19.7000,12.7619,20238000
2003-08-27,19.7500,19.7900,19.7000,19.7033,12.7641,14978100
2003-08-28,19.7500,19.8167,19.6200,19.7667,12.8051,14408400
2003-08-29,19.6833,19.7733,19.5700,19.7233,12.7770,15532200
2003-09-02,19.6533,19.9833,19.6400,19.9733,12.9390,20201400
2003-09-03,19.9833,20.0333,19.7867,19.9933,12.9519,22884000
2003-09-04,20.0167,20.0667,19.9133,20.0267,12.9735,29719200
2003-09-05,19.7000,19.7367,19.5000,19.6300,12.7166,31780500
2003-09-08,19.5167,19.5467,19.3500,19.5300,12.6518,25674000
2003-09-09,19.5233,19.5233,18.9667,19.0200,12.3214,30322500
2003-09-10,18.8533,19.1600,18.8533,18.9500,12.2761,32541600
2003-09-11,19.0333,19.2900,19.0033,19.1667,12.4164,25185900
2003-09-12,19.0600,19.1767,18.9067,19.1600,12.4121,23912400
2003-09-15,19.1667,19.3500,19.1667,19.2500,12.4704,18231000
2003-09-16,19.3233,19.5067,19.2333,19.4733,12.6151,18779400
2003-09-17,19.3900,19.5000,19.1967,19.1967,12.4359,20104500
2003-09-18,19.2033,19.4967,19.2033,19.4967,12.6302,22535700
2003-09-19,19.1800,19.4967,19.1800,19.3800,12.5546,25095900
2003-09-22,19.2300,19.2500,18.9167,19.0233,12.3236,27752700
2003-09-23,19.0967,19.3033,19.0633,19.2067,12.4423,19807800
2003-09-24,19.0733,19.1667,18.8500,18.8733,12.2264,23936400
2003-09-25,18.8633,19.1600,18.8633,18.9633,12.2847,22629600
2003-09-26,18.9000,19.0300,18.8700,18.9333,12.2653,19725600
2003-09-29,19.0900,19.1167,18.8233,19.0767,12.3581,26007900
2003-09-30,18.9600,19.1167,18.6000,18.6167,12.0601,38474100
2003-10-01,18.6733,19.0333,18.6700,19.0200,12.3214,32798100
2003-10-02,18.9900,19.0467,18.8400,19.0200,12.3409,18566100
2003-10-03,19.3167,19.4067,19.1233,19.1600,12.4317,28898400
2003-10-06,19.1900,19.4833,19.1633,19.3300,12.5420,12368100
2003-10-07,19.2467,19.6333,19.2367,19.6333,12.7388,21436200
2003-10-08,19.6667,19.6733,19.4133,19.5067,12.6566,16730100
2003-10-09,19.7267,19.8033,19.5067,19.6533,12.7518,24380100
2003-10-10,19.4833,19.6633,19.4567,19.4733,12.6350,14459700
2003-10-13,19.4767,19.7300,19.4767,19.6500,12.7496,13698600
2003-10-14,19.6233,19.8500,19.5600,19.7767,12.8318,15849000
2003-10-15,19.7800,19.7800,19.5500,19.6900,12.7756,20181900
2003-10-16,19.7233,19.8800,19.6500,19.7967,12.8448,20514000
2003-10-17,19.8667,19.8767,19.5467,19.6133,12.7258,21579000
2003-10-20,19.6667,19.7133,19.5167,19.6667,12.7605,20537700
2003-10-21,19.6167,19.8233,19.5500,19.6567,12.7540,15818700
2003-10-22,19.6567,19.6567,19.3500,19.4133,12.5961,16532400
2003-10-23,19.3833,19.5833,19.3833,19.5667,12.6956,19254300
2003-10-24,19.5700,19.5700,19.0000,19.3700,12.5680,25435200
2003-10-27,19.3700,19.4800,19.2500,19.2633,12.4987,21044400
2003-10-28,19.2633,19.5900,19.2600,19.5867,12.7085,24096600
2003-10-29,19.5167,19.6533,19.4400,19.6167,12.7280,16159800
2003-10-30,19.6167,19.7167,19.5133,19.6000,12.7172,18343500
2003-10-31,19.6000,19.7267,19.5867,19.6500,12.7496,17739900
2003-11-03,19.5900,19.9767,19.5067,19.6800,12.7691,16460400
2003-11-04,19.6067,19.6333,19.4500,19.5533,12.6869,22938000
2003-11-05,19.5533,19.5567,19.2533,19.3067,12.5269,23902500
2003-11-06,19.3067,19.5667,19.2500,19.5367,12.6761,23989500
2003-11-07,19.5833,19.6000,19.4033,19.4733,12.6350,19853100
2003-11-10,19.4500,19.4900,19.2767,19.3733,12.5701,16737600
2003-11-11,19.3767,19.4900,19.3133,19.4267,12.6047,14808600
2003-11-12,19.4267,19.4500,19.2733,19.3200,12.5355,25839900
2003-11-13,18.7833,18.8000,18.4667,18.5067,12.0078,83990700
2003-11-14,18.5067,18.6500,18.1667,18.3333,11.8953,48505500
2003-11-17,18.3333,18.3367,18.1200,18.3333,11.8953,31059300
2003-11-18,18.3367,18.4333,18.1767,18.2400,11.8348,30298500
2003-11-19,18.2000,18.4467,18.1833,18.4033,11.9408,21480600
2003-11-20,18.3833,18.5300,18.3200,18.3567,11.9105,26223300
2003-11-21,18.4000,18.4100,18.2233,18.2700,11.8542,25821600
2003-11-24,18.3833,18.7200,18.3667,18.6933,12.1289,30434400
2003-11-25,18.6667,18.7533,18.5867,18.6800,12.1203,24256800
2003-11-26,18.6733,18.7333,18.3967,18.5667,12.0467,21051000
2003-11-28,18.5333,18.6667,18.5033,18.5467,12.0337,9502800
2003-12-01,18.5467,18.5533,17.9833,18.1667,11.7872,59235900
2003-12-02,18.1100,18.1833,17.6633,17.6733,11.4671,65003100
2003-12-03,17.7633,17.9067,17.5600,17.5633,11.3957,53107800
2003-12-04,17.7133,17.7433,17.3800,17.6733,11.4671,52777500
2003-12-05,17.6167,17.8833,17.5667,17.8267,11.5666,40616400
2003-12-08,17.8267,17.8667,17.6667,17.8000,11.5493,31278900
2003-12-09,17.8333,17.8433,17.5167,17.5367,11.3784,29950200
2003-12-10,17.6333,17.7500,17.5200,17.6500,11.4520,29140800
2003-12-11,17.7167,17.8467,17.5800,17.6033,11.4217,35053200
2003-12-12,17.6600,17.6667,17.3367,17.5000,11.3546,34570500
2003-12-15,17.6900,17.6900,16.8333,16.9133,10.9740,74129100
2003-12-16,17.0000,17.1633,16.8667,17.1300,11.1146,50199900
2003-12-17,17.1033,17.4667,17.0833,17.3000,11.2446,49095900
2003-12-18,17.6300,17.7367,17.5100,17.5333,11.3962,46089300
2003-12-19,17.5633,17.6700,17.4467,17.4500,11.3421,43464300
2003-12-22,17.3667,17.7333,17.3600,17.6900,11.4981,34286100
2003-12-23,17.6333,17.7733,17.5067,17.5900,11.4331,29736300
2003-12-24,17.6100,17.6500,17.4200,17.4800,11.3616,10883700
2003-12-26,17.4400,17.6767,17.4400,17.5067,11.3789,9357900
2003-12-29,17.5600,17.6333,17.4233,17.6333,11.4612,23506800
2003-12-30,17.6500,17.7067,17.5067,17.5933,11.4352,18420600
2003-12-31,17.6500,17.7233,17.5667,17.6833,11.4937,20292600
2004-01-02,17.7833,17.8000,17.3767,17.4333,11.3312,26381700
2004-01-05,17.6000,17.6000,17.1933,17.3733,11.2922,40354200
2004-01-06,17.4500,17.8000,17.4333,17.7800,11.5566,39943500
2004-01-07,17.7800,17.8367,17.6033,17.8267,11.5869,36686700
2004-01-08,18.0467,18.1100,17.6333,17.7533,11.5392,40300800
2004-01-09,17.7167,17.7167,17.4233,17.4667,11.3529,33244500
2004-01-12,17.5333,17.6000,17.3667,17.5033,11.3767,26848500
2004-01-13,17.4633,17.5867,17.3700,17.5867,11.4309,25431300
2004-01-14,17.5867,17.7267,17.5867,17.7133,11.5132,23437800
2004-01-15,17.7233,17.8800,17.5333,17.8300,11.5890,30384000
2004-01-16,17.8833,17.9167,17.7100,17.8267,11.5869,29158800
2004-01-20,17.7600,17.8167,17.5900,17.6500,11.4721,23944500
2004-01-21,17.6333,17.8433,17.6333,17.8167,11.5804,27183600
2004-01-22,17.8300,17.8900,17.6500,17.7267,11.5219,22968000
2004-01-23,17.8267,18.1467,17.6933,18.0700,11.7450,37678200
2004-01-26,18.0733,18.2267,17.9233,18.2033,11.8317,27441900
2004-01-27,18.1667,18.3167,18.1200,18.1433,11.7927,28581000
2004-01-28,18.1467,18.1967,17.7100,17.7567,11.5414,30082500
2004-01-29,17.7933,18.1667,17.7433,18.1600,11.8035,31503900
2004-01-30,18.0833,18.2333,17.9467,17.9500,11.6670,23436000
2004-02-02,18.0667,18.3267,18.0500,18.2300,11.8490,35349900
2004-02-03,18.2300,18.3833,18.1667,18.3367,11.9184,24813300
2004-02-04,18.3167,18.6500,18.3067,18.4633,12.0007,34924500
2004-02-05,18.6133,18.8467,18.5900,18.7500,12.1870,37717200
2004-02-06,18.8333,19.1967,18.7367,19.1933,12.4752,45306300
2004-02-09,19.0167,19.1800,19.0133,19.1067,12.4189,25261800
2004-02-10,19.0500,19.2000,18.9400,19.1767,12.4644,27599400
2004-02-11,19.2333,19.4333,18.9700,19.0233,12.3647,31807500
2004-02-12,18.9233,19.1500,18.9167,18.9933,12.3452,23928000
2004-02-13,19.1100,19.1100,18.7300,18.7733,12.2022,21399600
2004-02-17,19.1267,19.2800,18.8267,19.1733,12.4622,23084100
2004-02-18,19.2000,19.2167,18.8967,19.0667,12.3929,23968200
2004-02-19,19.4000,19.6500,19.2333,19.4600,12.6485,61849200
2004-02-20,19.5667,19.8500,19.5367,19.8100,12.8760,50526000
2004-02-23,19.8133,20.0500,19.7400,20.0167,13.0103,61199100
2004-02-24,19.9833,20.0000,19.8167,19.9833,12.9887,41334900
2004-02-25,19.9167,20.0000,19.8133,19.9600,12.9735,36898200
2004-02-26,19.8400,19.9100,19.7100,19.8000,12.8695,31388700
2004-02-27,19.8000,20.0267,19.7500,19.8533,12.9042,37901700
2004-03-01,19.8900,20.1733,19.8500,20.1500,13.0970,32411700
2004-03-02,20.1333,20.1367,19.8267,19.8500,12.9020,32315700
2004-03-03,19.8500,20.1967,19.8233,20.1200,13.0775,30023400
2004-03-04,20.2700,20.4367,20.0367,20.3500,13.2270,33478800
2004-03-05,20.2667,20.2700,20.0667,20.0800,13.0515,29591400
2004-03-08,20.0167,20.3267,20.0067,20.1533,13.0992,24233400
2004-03-09,20.0667,20.2833,20.0200,20.0933,13.0602,29301900
2004-03-10,19.9833,20.0867,19.5633,19.5867,12.7308,41255100
2004-03-11,19.4367,19.6100,19.2000,19.3000,12.5445,44761800
2004-03-12,19.3300,19.5067,19.3000,19.4933,12.6702,27611100
2004-03-15,19.3500,19.5967,19.2233,19.3000,12.5445,32399700
2004-03-16,19.4000,19.4600,19.0900,19.3233,12.5597,23958000
2004-03-17,19.3233,19.7100,19.3233,19.4500,12.6704,23943000
2004-03-18,19.3833,19.7300,19.3200,19.6467,12.7985,27211200
2004-03-19,19.6167,19.7000,19.4900,19.5333,12.7247,26895900
2004-03-22,19.4333,19.5000,19.1833,19.3667,12.6161,27231600
2004-03-23,19.3867,19.6000,19.3100,19.4033,12.6400,27975000
2004-03-24,19.4300,19.8067,19.3900,19.5267,12.7204,28590900
2004-03-25,19.7500,19.9900,19.7200,19.9400,12.9896,33131400
2004-03-26,19.9000,19.9867,19.7667,19.8033,12.9006,20602800
2004-03-29,19.8833,20.1500,19.8767,20.0433,13.0569,25261200
2004-03-30,19.9667,20.0800,19.9367,20.0000,13.0287,19410900
2004-03-31,19.9433,20.0233,19.8333,19.8967,12.9614,25416000
2004-04-01,19.5833,19.8967,19.3667,19.4500,12.6704,43483200
2004-04-02,19.6667,20.0467,19.4333,19.5333,12.7247,31875300
2004-04-05,19.5200,19.7600,19.3800,19.5467,12.7334,25264200
2004-04-06,19.5000,19.6900,19.4667,19.6733,12.8159,20706600
2004-04-07,19.5667,19.5967,19.3167,19.3267,12.5901,31155600
2004-04-08,19.3300,19.3667,18.7167,18.8967,12.3100,44177700
2004-04-12,18.9333,19.1433,18.9333,19.1133,12.4511,21485400
2004-04-13,19.1333,19.2000,18.7767,18.8233,12.2622,39443700
2004-04-14,18.8267,19.1633,18.7967,19.1400,12.4685,30210600
2004-04-15,19.1433,19.3667,19.0367,19.2633,12.5488,26047800
2004-04-16,19.4000,19.5667,19.2433,19.4800,12.6900,26550600
2004-04-19,19.3333,19.5667,19.3133,19.4567,12.6748,21797400
2004-04-20,19.5000,19.7167,19.3667,19.3667,12.6161,24492900
2004-04-21,19.0667,19.5267,19.0667,19.4500,12.6704,19621800
2004-04-22,19.4167,19.5667,19.2400,19.5333,12.7247,30195300
2004-04-23,19.4100,19.7067,19.3567,19.6567,12.8050,19189800
2004-04-26,19.5900,19.7133,19.3200,19.3800,12.6248,21051300
2004-04-27,19.3833,19.6933,19.3833,19.5333,12.7247,25839300
2004-04-28,19.4033,19.5733,19.2933,19.3267,12.5901,25570200
2004-04-29,19.3600,19.4500,18.9967,19.1900,12.5010,26069100
2004-04-30,19.2567,19.3500,18.9567,19.0000,12.3773,25615200
2004-05-03,19.0000,19.1733,18.6933,18.8467,12.2774,33582000
2004-05-04,18.8667,18.9200,18.5167,18.6667,12.1601,38286300
2004-05-05,18.6333,18.7833,18.6133,18.6200,12.1297,26296200
2004-05-06,18.6000,18.6000,18.1400,18.1933,11.8518,48073800
2004-05-07,18.1467,18.3633,17.8667,17.9667,11.7041,41790300
2004-05-10,17.8333,18.4500,17.8333,18.4067,11.9908,42704700
2004-05-11,18.4067,18.5600,18.0733,18.1767,11.8409,28943700
2004-05-12,18.0333,18.3633,17.8167,18.3533,11.9560,36908700
2004-05-13,18.3533,18.5400,17.9333,18.4167,11.9973,39663300
2004-05-14,18.4333,18.5667,18.2200,18.3533,11.9560,25720800
2004-05-17,18.2167,18.4167,18.0467,18.2333,11.8778,25296000
2004-05-18,18.3500,18.5467,18.3367,18.4033,11.9886,26551800
2004-05-19,18.5400,18.6933,18.2500,18.2600,11.9233,31620300
2004-05-20,18.2600,18.3467,18.0167,18.2800,11.9363,22347000
2004-05-21,18.3333,18.5667,18.2800,18.3633,11.9908,25756500
2004-05-24,18.4233,18.5600,18.1467,18.3300,11.9690,28648500
2004-05-25,18.2800,18.5267,18.1700,18.4967,12.0778,25702200
2004-05-26,18.4000,18.4933,18.3000,18.4267,12.0321,20027700
2004-05-27,18.5000,18.7967,18.5000,18.6567,12.1823,29602200
2004-05-28,18.6567,18.6833,18.5667,18.5767,12.1301,18489300
2004-06-01,18.4833,18.5667,18.3000,18.4800,12.0669,23985600
2004-06-02,18.4800,18.8967,18.3967,18.7833,12.2650,30550500
2004-06-03,18.6833,19.1567,18.6833,18.8667,12.3194,29258400
2004-06-04,19.0167,19.1167,18.7933,18.8633,12.3173,21469800
2004-06-07,18.9033,19.1833,18.8600,19.1667,12.5153,21041400
2004-06-08,19.0833,19.2767,19.0400,19.2267,12.5545,20914200
2004-06-09,19.1667,19.2500,18.9967,19.0100,12.4130,17322300
2004-06-10,19.1433,19.2033,18.8833,19.0667,12.4500,18844500
2004-06-14,18.9000,18.9500,18.6900,18.7933,12.2715,19055700
2004-06-15,18.8833,19.0000,18.8467,18.9033,12.3434,26127600
2004-06-16,18.9000,18.9033,18.6767,18.7067,12.2149,20578500
2004-06-17,18.6667,18.7633,18.5600,18.6167,12.1562,15728400
2004-06-18,18.6067,18.7033,18.4833,18.5400,12.1061,38807400
2004-06-21,18.4000,18.6233,18.2900,18.3100,11.9559,24016500
2004-06-22,18.0567,18.2500,17.9100,18.0200,11.7666,42725100
2004-06-23,18.0200,18.0233,17.5300,17.8500,11.6556,69854400
2004-06-24,17.8600,17.9533,17.6800,17.7167,11.5685,30446100
2004-06-25,17.8967,18.0300,17.5033,17.5033,11.4292,40214400
2004-06-28,17.4700,17.7533,17.3667,17.4867,11.4183,44419500
2004-06-29,17.4033,17.5033,17.3100,17.3267,11.3138,45711900
2004-06-30,17.3667,17.6667,17.3400,17.5000,11.4270,42381300
2004-07-01,17.7000,17.7333,17.1833,17.2533,11.2660,50712900
2004-07-02,17.3333,17.4833,17.1700,17.3100,11.3030,36544800
2004-07-06,17.2667,17.4733,17.1933,17.3600,11.3356,31339500
2004-07-07,17.3833,17.5867,17.3833,17.4400,11.3879,29254800
2004-07-08,17.3000,17.5067,17.2700,17.3933,11.3574,35517600
2004-07-09,17.4000,17.5433,17.2367,17.2533,11.2660,27537600
2004-07-12,17.2400,17.4400,17.1667,17.4033,11.3639,25130400
2004-07-13,17.4100,17.7000,17.4100,17.6700,11.5380,32054100
2004-07-14,17.5433,17.7667,17.4533,17.5267,11.4444,27609000
2004-07-15,17.6100,17.6467,17.4033,17.4433,11.3900,20363700
2004-07-16,17.5833,17.6500,17.4167,17.5500,11.4597,34189200
2004-07-19,17.5533,17.7667,17.5533,17.6200,11.5054,28873500
2004-07-20,17.5000,17.8033,17.5000,17.7500,11.5903,26199900
2004-07-21,17.7867,17.9667,17.7033,17.7067,11.5620,31221900
2004-07-22,17.5833,17.7167,17.3867,17.6367,11.5163,30684900
2004-07-23,17.6333,17.9633,17.6233,17.7200,11.5707,27360300
2004-07-26,17.7000,17.7133,17.3900,17.5500,11.4597,23489400
2004-07-27,17.6600,17.9767,17.6267,17.9667,11.7317,28904700
2004-07-28,17.9600,18.0200,17.5867,17.9700,11.7339,29827800
2004-07-29,18.0267,18.0633,17.7100,17.8267,11.6403,26333700
2004-07-30,17.7833,17.7933,17.5100,17.6700,11.5380,26871300
2004-08-02,17.6733,17.9100,17.6167,17.7267,11.5750,21395100
2004-08-03,17.6700,17.7033,17.5100,17.6233,11.5076,26574900
2004-08-04,17.4967,17.8467,17.4933,17.7333,11.5794,20719800
2004-08-05,17.6667,17.7500,17.3333,17.3500,11.3291,29288700
2004-08-06,17.3333,17.3400,17.0467,17.1100,11.1724,34180200
2004-08-09,17.0667,17.2500,17.0267,17.1233,11.1811,21667200
2004-08-10,17.2333,17.3767,17.1333,17.3700,11.3421,21409800
2004-08-11,17.3167,17.3967,17.1733,17.2100,11.2377,25843500
2004-08-12,17.5267,17.7967,17.4933,17.5500,11.4597,43057800
2004-08-13,17.6600,17.8333,17.6167,17.8000,11.6229,29792700
2004-08-16,17.8333,18.1000,17.8167,18.1000,11.8188,23275800
2004-08-17,18.1300,18.3233,17.9067,18.3233,11.9646,34583700
2004-08-18,18.2333,18.2367,18.0367,18.1533,11.8817,23047800
2004-08-19,18.0800,18.3167,18.0100,18.2867,11.9690,31605600
2004-08-20,18.2300,18.2833,18.1333,18.2167,11.9232,26385600
2004-08-23,17.9400,17.9900,17.7467,17.9333,11.7377,33496200
2004-08-24,17.9833,18.0600,17.8767,17.9533,11.7508,20029200
2004-08-25,17.9833,18.0967,17.8567,18.0333,11.8032,21921600
2004-08-26,18.0000,18.0967,17.9433,17.9600,11.7552,14243400
2004-08-27,17.9400,18.0067,17.8433,17.8533,11.6854,13759200
2004-08-30,17.8500,17.9433,17.7200,17.7333,11.6068,16520100
2004-08-31,17.7367,17.8700,17.4833,17.5567,11.4912,25977000
2004-09-01,17.4867,17.6467,17.3767,17.5433,11.4825,22307400
2004-09-02,17.3667,17.7267,17.3667,17.7067,11.5894,36113100
2004-09-03,17.7500,17.9867,17.7000,17.7500,11.6177,25120800
2004-09-07,17.7167,17.8100,17.5367,17.7633,11.6265,28174800
2004-09-08,17.6833,17.8533,17.6667,17.6933,11.5807,27295800
2004-09-09,17.6933,17.7833,17.5033,17.5233,11.4694,27057900
2004-09-10,17.5033,17.8633,17.4167,17.8167,11.6614,27536700
2004-09-13,17.8733,17.9700,17.7200,17.7833,11.6396,26058300
2004-09-14,17.8500,17.8700,17.7033,17.7400,11.6112,21404700
2004-09-15,17.7533,17.7833,17.5267,17.6367,11.5436,20706900
2004-09-16,17.6000,17.6933,17.4967,17.5900,11.5130,29202900
2004-09-17,17.5933,17.6567,17.3800,17.4933,11.4498,50466300
2004-09-20,17.3767,17.4500,17.3367,17.4000,11.3887,25144200
2004-09-21,17.5400,17.6000,17.4000,17.4200,11.4018,30561600
2004-09-22,17.3400,17.3933,17.1867,17.2233,11.2730,32281200
2004-09-23,17.4200,17.6333,17.0333,17.5133,11.4628,40525500
2004-09-24,17.5833,17.7467,17.5200,17.6033,11.5218,23806200
2004-09-27,17.6700,17.7800,17.5033,17.5067,11.4585,26997300
2004-09-28,17.5733,17.6333,17.4000,17.5933,11.5152,25408500
2004-09-29,17.5333,17.6767,17.4300,17.6667,11.5632,36599400
2004-09-30,17.5400,17.8167,17.5400,17.7333,11.6068,37151400
2004-10-01,17.8333,17.9233,17.6400,17.7100,11.5916,27504000
2004-10-04,17.8533,17.9933,17.7667,17.7700,11.6308,26326500
2004-10-05,17.7333,17.8733,17.6400,17.8033,11.6526,29181900
2004-10-06,17.8033,17.9967,17.7533,17.9933,11.7770,23418000
2004-10-07,17.8267,18.1267,17.8267,17.8500,11.6832,24112500
2004-10-08,17.8033,17.8467,17.5467,17.6167,11.5305,35414100
2004-10-11,17.6900,17.6967,17.5000,17.6333,11.5414,19470900
2004-10-12,17.5067,17.6633,17.5067,17.6400,11.5457,22573500
2004-10-13,17.6667,17.7733,17.4500,17.5167,11.4650,23986200
2004-10-14,17.5400,17.5533,17.3533,17.3667,11.3668,25951500
2004-10-15,17.5133,17.6933,17.4167,17.5100,11.4607,29787600
2004-10-18,17.4833,17.7233,17.4500,17.6400,11.5457,23532900
2004-10-19,17.6733,17.7867,17.5367,17.5600,11.4934,23050500
2004-10-20,17.5467,17.6433,17.4033,17.4933,11.4498,26025900
2004-10-21,17.4733,17.5367,17.3367,17.3700,11.3690,29075700
2004-10-22,17.4400,17.4933,17.3133,17.3300,11.3428,25887600
2004-10-25,17.3833,17.4700,17.3033,17.4333,11.4105,25035600
2004-10-26,17.4333,17.6500,17.4100,17.6067,11.5239,26754600
2004-10-27,17.5033,17.9300,17.5000,17.9067,11.7203,35177700
2004-10-28,17.9033,18.1133,17.9000,17.9967,11.7792,25229100
2004-10-29,17.9400,18.1033,17.8667,17.9733,11.7639,30020400
2004-11-01,17.9733,17.9733,17.8300,17.9500,11.7487,26923800
2004-11-02,17.6833,18.2233,17.6833,18.0500,11.8141,32390100
2004-11-03,18.2600,18.2867,17.9700,18.1600,11.8861,33328500
2004-11-04,18.1000,18.7833,18.0600,18.7533,12.2744,49765200
2004-11-05,18.8333,18.9833,18.7800,18.8233,12.3203,37169100
2004-11-08,18.8233,18.9900,18.7367,18.8433,12.3334,27684900
2004-11-09,18.9000,18.9267,18.6500,18.7733,12.2875,23914200
2004-11-10,18.8000,18.9033,18.6833,18.6833,12.2286,18916200
2004-11-11,18.8133,18.9367,18.7067,18.8733,12.3530,21255000
2004-11-12,18.8400,18.9767,18.8033,18.9500,12.4032,19473300
2004-11-15,18.9667,19.2967,18.9267,19.2333,12.5886,30958200
2004-11-16,19.0000,19.0500,18.8867,18.9633,12.4119,36696600
2004-11-17,19.1167,19.1167,18.6167,18.7467,12.2701,48500100
2004-11-18,18.7467,18.8100,18.4833,18.6000,12.1741,33884100
2004-11-19,18.6167,18.6167,18.3867,18.4167,12.0541,29541000
2004-11-22,18.4933,18.6300,18.2767,18.5600,12.1479,26823000
2004-11-23,18.4833,18.6500,18.4500,18.5500,12.1414,26912700
2004-11-24,18.6500,18.6500,18.3967,18.5000,12.1086,21574800
2004-11-26,18.4333,18.5800,18.4333,18.4400,12.0694,10665600
2004-11-29,17.9167,17.9667,17.7000,17.7167,11.5959,75474000
2004-11-30,17.7333,17.7433,17.3533,17.3533,11.3581,82952700
2004-12-01,17.5000,17.6633,17.4500,17.6067,11.5239,59970900
2004-12-02,17.5267,17.7567,17.3833,17.6667,11.5632,48463200
2004-12-03,17.6367,17.8267,17.5900,17.6433,11.5479,33860400
2004-12-06,17.6433,17.6433,17.5067,17.5067,11.4585,27216300
2004-12-07,17.5033,17.7000,17.4433,17.5000,11.4541,28648500
2004-12-08,17.4167,17.5167,17.3667,17.5033,11.4563,31724400
2004-12-09,17.3733,17.6300,17.3733,17.5900,11.5130,34659900
2004-12-10,17.4833,17.6933,17.4767,17.5700,11.4999,25317000
2004-12-13,17.5733,17.7267,17.5000,17.6500,11.5523,29389500
2004-12-14,17.6167,17.8767,17.5900,17.8367,11.6745,30631500
2004-12-15,17.7933,17.8833,17.6000,17.6767,11.5979,35152800
2004-12-16,17.6000,17.6500,17.5100,17.5833,11.5367,26548800
2004-12-17,17.3800,17.6133,17.3333,17.3400,11.3770,53153700
2004-12-20,17.4300,17.5667,17.3767,17.4000,11.4164,28431300
2004-12-21,17.4000,17.5333,17.3933,17.5333,11.5039,27883200
2004-12-22,17.4500,17.7500,17.4433,17.6567,11.5848,37518000
2004-12-23,17.6367,17.7200,17.5167,17.5167,11.4929,25108500
2004-12-27,17.6833,17.8300,17.5767,17.5967,11.5454,29076900
2004-12-28,17.6167,17.8000,17.6133,17.7433,11.6417,19853100
2004-12-29,17.7433,17.8300,17.7367,17.8133,11.6876,17346600
2004-12-30,17.8767,17.8767,17.6733,17.6867,11.6045,19756800
2004-12-31,17.6900,17.7267,17.5200,17.6067,11.5520,25220100
2005-01-03,17.9167,18.1000,17.7667,17.7833,11.6679,48235200
2005-01-04,17.9233,17.9633,17.6733,17.7400,11.6395,31790100
2005-01-05,17.8333,17.8800,17.7033,17.7633,11.6548,24724500
2005-01-06,17.9667,18.0633,17.7167,18.0167,11.8210,42086400
2005-01-07,18.0167,18.1100,17.9167,17.9967,11.8079,28980900
2005-01-10,17.9333,18.1100,17.8633,17.9067,11.7488,25962000
2005-01-11,17.8600,17.9167,17.8067,17.8633,11.7204,19990200
2005-01-12,17.8633,18.0467,17.8000,18.0267,11.8276,25010700
2005-01-13,18.0333,18.0667,17.8400,17.8800,11.7313,28767300
2005-01-14,17.8767,18.0200,17.8300,17.9967,11.8079,22460100
2005-01-18,17.8667,18.1667,17.8433,18.1633,11.9172,29686800
2005-01-19,18.0967,18.2000,17.9167,17.9267,11.7620,20841900
2005-01-20,17.9067,18.0567,17.7667,17.7900,11.6723,27006000
2005-01-21,17.7800,17.8267,17.6667,17.6700,11.5936,25743600
2005-01-24,17.6733,17.7600,17.5900,17.6900,11.6067,25731300
2005-01-25,17.7300,17.8167,17.7033,17.7600,11.6526,19257000
2005-01-26,17.7833,17.8967,17.7400,17.7600,11.6526,21535800
2005-01-27,17.6867,17.7933,17.6233,17.6933,11.6089,19902300
2005-01-28,17.6333,17.6400,17.4333,17.4767,11.4667,33364500
2005-01-31,17.5167,17.6333,17.4067,17.4667,11.4601,30694500
2005-02-01,17.4667,17.6500,17.4500,17.5367,11.5061,30575100
2005-02-02,17.5433,17.7667,17.5433,17.6867,11.6045,27631800
2005-02-03,17.6767,17.8133,17.6733,17.8067,11.6832,23285400
2005-02-04,17.8000,17.8600,17.7100,17.8200,11.6920,22341900
2005-02-07,17.9000,17.9133,17.8167,17.8367,11.7029,18723000
2005-02-08,17.7667,17.8567,17.7333,17.7333,11.6351,17280300
2005-02-09,17.6200,17.6967,17.4233,17.5067,11.4864,25200600
2005-02-10,17.4867,17.6100,17.4100,17.4200,11.4295,27395100
2005-02-11,17.3700,17.5433,17.3667,17.3667,11.3945,31288800
2005-02-14,17.4333,17.5033,17.3667,17.3833,11.4055,23398200
2005-02-15,17.5300,17.6533,17.4567,17.5667,11.5258,28450500
2005-02-16,17.5800,17.6500,17.5133,17.5333,11.5039,22716600
2005-02-17,17.6300,17.6800,17.4433,17.5667,11.5258,44895900
2005-02-18,17.6033,17.6667,17.5467,17.5733,11.5301,29292300
2005-02-22,17.5333,17.5600,17.3233,17.3333,11.3727,34473600
2005-02-23,17.3433,17.3733,17.0800,17.2000,11.2852,40937100
2005-02-24,17.2500,17.2700,17.0900,17.1533,11.2546,29795400
2005-02-25,17.1333,17.1633,17.0333,17.1633,11.2611,34404000
2005-02-28,17.2667,17.4300,17.2000,17.2033,11.2874,32594700
2005-03-01,17.3367,17.4367,17.3067,17.3467,11.3814,31388400
2005-03-02,17.3467,17.4700,17.2667,17.3167,11.3617,27354600
2005-03-03,17.6000,17.7267,17.5567,17.6200,11.5607,58427400
2005-03-04,17.7367,17.8300,17.6500,17.7000,11.6132,34668900
2005-03-07,17.7000,17.7867,17.5300,17.5933,11.5432,30805800
2005-03-08,17.5333,17.5833,17.4167,17.4733,11.4645,28233300
2005-03-09,17.4667,17.5300,17.4267,17.4833,11.4711,30324600
2005-03-10,17.4833,17.5200,17.3567,17.3833,11.4055,24289500
2005-03-11,17.4100,17.4133,17.1567,17.2000,11.2852,27745800
2005-03-14,17.2600,17.3133,17.0467,17.1000,11.2196,45976500
2005-03-15,17.1833,17.2167,17.0033,17.0100,11.1605,41982600
2005-03-16,16.9733,17.1833,16.9533,17.1100,11.2592,52435800
2005-03-17,17.1700,17.4767,17.1333,17.4433,11.4786,57102600
2005-03-18,17.4467,17.4467,17.1500,17.1500,11.2855,260396100
2005-03-21,17.1733,17.2533,17.0400,17.0567,11.2241,66091200
2005-03-22,17.0567,17.1133,16.9500,16.9667,11.1649,54135000
2005-03-23,16.9667,17.0600,16.8600,16.8833,11.1101,52748100
2005-03-24,17.0067,17.0100,16.8400,16.8867,11.1123,37511100
2005-03-28,16.8867,17.0600,16.8367,16.9967,11.1846,36732000
2005-03-29,16.9667,17.0900,16.9100,16.9233,11.1364,41708700
2005-03-30,16.9667,17.0600,16.9000,16.9467,11.1517,33451800
2005-03-31,16.9167,16.9633,16.6867,16.7033,10.9916,47927700
2005-04-01,16.7500,16.8333,16.1667,16.3300,10.7459,87483900
2005-04-04,16.4433,16.5367,16.2400,16.4700,10.8381,52720800
2005-04-05,16.5167,16.5967,16.4100,16.5567,10.8951,39249300
2005-04-06,16.6267,16.6500,16.4500,16.5000,10.8578,43393500
2005-04-07,16.4300,16.4300,16.1533,16.3000,10.7262,77376900
2005-04-08,16.3000,16.3467,16.1733,16.1900,10.6538,39519900
2005-04-11,16.1900,16.2333,16.0800,16.1700,10.6407,35324400
2005-04-12,16.0667,16.2767,15.9233,16.2100,10.6670,60284700
2005-04-13,16.2533,16.3633,16.1633,16.1900,10.6538,37494000
2005-04-14,16.1333,16.5000,15.9733,15.9867,10.5200,59233500
2005-04-15,15.9900,16.0800,15.8300,15.9000,10.4630,51633900
2005-04-18,15.9700,15.9867,15.8500,15.9600,10.5025,45255600
2005-04-19,15.9167,15.9633,15.7267,15.8667,10.4410,43911300
2005-04-20,15.8000,15.9833,15.7667,15.7833,10.3862,41935200
2005-04-21,15.9633,15.9700,15.8333,15.9267,10.4805,31309800
2005-04-22,15.8267,15.8567,15.5500,15.6033,10.2678,69740700
2005-04-25,15.6867,15.8133,15.6333,15.6733,10.3138,41223600
2005-04-26,15.6667,15.7267,15.6333,15.6667,10.3094,35224800
2005-04-27,15.5667,15.8233,15.5500,15.7633,10.3731,32698200
2005-04-28,15.6733,15.8633,15.6433,15.6833,10.3204,36187500
2005-04-29,15.7167,15.7600,15.4000,15.7133,10.3401,50989800
2005-05-02,15.8267,15.9667,15.7733,15.9333,10.4849,35020500
2005-05-03,15.8567,16.1667,15.8467,16.1333,10.6165,44000700
2005-05-04,16.1333,16.2033,16.0800,16.1500,10.6275,36512700
2005-05-05,16.1167,16.4067,16.1033,16.1900,10.6538,32510100
2005-05-06,16.2833,16.3833,16.2167,16.3200,10.7394,30726900
2005-05-09,16.3000,16.4867,16.3000,16.4167,10.8030,30574500
2005-05-10,16.3333,16.3400,16.1800,16.2400,10.6867,28503900
2005-05-11,16.2500,16.3133,16.0433,16.2000,10.6604,31038900
2005-05-12,15.6000,15.9567,15.5333,15.8833,10.4520,97570500
2005-05-13,15.8000,15.8500,15.6433,15.7100,10.3380,37634700
2005-05-16,15.7100,15.8300,15.5700,15.7400,10.3577,34515900
2005-05-17,15.7000,15.7933,15.6433,15.6667,10.3094,49677300
2005-05-18,15.6967,15.8900,15.6567,15.8600,10.4701,55395300
2005-05-19,15.9433,15.9900,15.7667,15.8367,10.4547,31256400
2005-05-20,15.8000,15.8133,15.6767,15.7267,10.3821,30407700
2005-05-23,15.7767,16.0100,15.7567,15.9500,10.5295,34975500
2005-05-24,15.9133,15.9500,15.8533,15.8833,10.4855,23687400
2005-05-25,15.8400,15.9500,15.7133,15.7667,10.4085,28449600
2005-05-26,15.8167,15.8333,15.7400,15.7700,10.4107,21861900
2005-05-27,15.7467,15.7733,15.7200,15.7567,10.4019,16855800
2005-05-31,15.8167,15.8233,15.7100,15.7433,10.3931,34217400
2005-06-01,15.7500,16.0567,15.7467,15.9733,10.5449,32808600
2005-06-02,15.9467,16.1467,15.9433,16.0733,10.6109,28473600
2005-06-03,16.0333,16.0533,15.7633,15.7833,10.4195,31570500
2005-06-06,15.7833,16.0467,15.7367,15.9100,10.5031,26655000
2005-06-07,15.9833,16.0300,15.9133,15.9200,10.5097,24965100
2005-06-08,15.9600,15.9600,15.7667,15.8567,10.4679,24978000
2005-06-09,15.8500,16.0333,15.8167,15.9400,10.5229,28455300
2005-06-10,15.9333,16.0100,15.8800,15.9933,10.5581,26068200
2005-06-13,16.0000,16.2367,15.9967,16.0933,10.6241,36819900
2005-06-14,16.1400,16.5700,16.1333,16.5600,10.9322,48462300
2005-06-15,16.6700,16.7667,16.4633,16.6167,10.9696,47348700
2005-06-16,16.5667,16.6500,16.4100,16.4500,10.8596,30279600
2005-06-17,16.5833,16.5833,16.2100,16.3100,10.7671,52748700
2005-06-20,16.1867,16.3200,16.1833,16.2867,10.7517,22887600
2005-06-21,16.3333,16.3633,16.1700,16.1767,10.6791,25502100
2005-06-22,16.2333,16.3100,16.1000,16.2633,10.7363,31806300
2005-06-23,16.2633,16.2967,15.9333,15.9600,10.5361,33543000
2005-06-24,15.9400,15.9500,15.7467,15.7900,10.4239,47136600
2005-06-27,15.7900,15.9000,15.7867,15.8400,10.4569,23942700
2005-06-28,15.9000,16.2133,15.8867,16.1433,10.6571,28179600
2005-06-29,16.2000,16.3500,16.1667,16.1800,10.6813,30888600
2005-06-30,16.1133,16.3333,16.0233,16.0667,10.6065,31485600
2005-07-01,16.0833,16.1767,16.0500,16.0933,10.6241,28598100
2005-07-05,16.4667,16.6333,16.4200,16.6000,10.9586,46103400
2005-07-06,16.6400,16.6433,16.4067,16.4600,10.8662,32560200
2005-07-07,16.3500,16.6267,16.3333,16.5033,10.8948,35145000
2005-07-08,16.4600,16.6667,16.4167,16.6333,10.9806,28125900
2005-07-11,16.6167,16.6933,16.5333,16.6000,10.9586,26645400
2005-07-12,16.5533,16.7433,16.5433,16.6967,11.0224,25957500
2005-07-13,16.6500,16.7467,16.6300,16.7133,11.0334,26315700
2005-07-14,16.7733,16.8967,16.7033,16.8367,11.1148,30251400
2005-07-15,16.7867,16.8067,16.6533,16.7500,11.0576,27285000
2005-07-18,16.7267,16.7833,16.6500,16.6633,11.0004,24127500
2005-07-19,16.6633,16.7167,16.5200,16.5867,10.9498,28731000
2005-07-20,16.5167,16.6867,16.4333,16.6667,11.0026,27474600
2005-07-21,16.5667,16.5667,16.3333,16.4633,10.8684,37496100
2005-07-22,16.4967,16.5733,16.4200,16.5133,10.9014,23209800
2005-07-25,16.5133,16.6233,16.4367,16.4833,10.8816,19796100
2005-07-26,16.5467,16.6233,16.5067,16.5100,10.8992,22295400
2005-07-27,16.5033,16.6700,16.4833,16.6000,10.9586,20080500
2005-07-28,16.6500,16.6600,16.5167,16.6067,10.9630,19548000
2005-07-29,16.5667,16.6633,16.4433,16.4500,10.8596,20447100
2005-08-01,16.5400,16.5833,16.4800,16.5100,10.8992,20832900
2005-08-02,16.5500,16.6233,16.4833,16.6000,10.9586,18990600
2005-08-03,16.5100,16.5800,16.4900,16.5600,10.9322,31755900
2005-08-04,16.5633,16.6133,16.4133,16.4300,10.8464,27796800
2005-08-05,16.3667,16.5333,16.3433,16.4400,10.8530,27855900
2005-08-08,16.4933,16.5133,16.3667,16.3833,10.8156,21678600
2005-08-09,16.3833,16.5200,16.3633,16.4067,10.8310,23391600
2005-08-10,16.4367,16.5833,16.2533,16.2800,10.7473,32913300
2005-08-11,16.3433,16.4333,16.2167,16.3167,10.7715,28682700
2005-08-12,16.2733,16.3667,16.1867,16.2333,10.7165,30896400
2005-08-15,16.2733,16.3833,16.1667,16.3667,10.8046,31035600
2005-08-16,16.0200,16.0667,15.7167,15.8567,10.4679,89274900
2005-08-17,15.7700,15.8700,15.7033,15.7033,10.3994,35434800
2005-08-18,15.7267,15.8200,15.5000,15.7467,10.4281,25431600
2005-08-19,15.7933,15.7933,15.5033,15.5267,10.2824,43331400
2005-08-22,15.6200,15.7300,15.4433,15.5567,10.3023,30666600
2005-08-23,15.4767,15.5500,15.4333,15.4467,10.2295,26470200
2005-08-24,15.4500,15.4867,15.1567,15.1833,10.0551,46920300
2005-08-25,15.2767,15.3167,15.0533,15.0967,9.9977,37700700
2005-08-26,15.1067,15.3500,15.0700,15.2333,10.0882,43791000
2005-08-29,15.1467,15.3167,15.0967,15.2167,10.0771,31727400
2005-08-30,15.1200,15.1667,14.9167,15.0633,9.9756,68980500
2005-08-31,15.0967,15.1000,14.9000,14.9867,9.9248,65643600
2005-09-01,14.9833,15.0467,14.9067,15.0000,9.9337,50821800
2005-09-02,15.0500,15.0600,14.8433,14.8500,9.8343,35389200
2005-09-06,14.9500,15.2433,14.9333,15.2300,10.0860,50834400
2005-09-07,15.2767,15.3267,15.1200,15.2867,10.1235,40037100
2005-09-08,15.2000,15.2867,15.1067,15.2867,10.1235,31632900
2005-09-09,15.2167,15.3733,14.9667,15.2967,10.1301,32341500
2005-09-12,15.2400,15.3767,15.1833,15.2967,10.1301,34302900
2005-09-13,15.4933,15.4933,15.0100,15.0233,9.9491,49302300
2005-09-14,15.0600,15.1000,14.8567,14.9000,9.8674,46088700
2005-09-15,14.9000,14.9333,14.7433,14.7733,9.7836,55333200
2005-09-16,14.7367,14.8233,14.6100,14.6233,9.6842,290360400
2005-09-19,14.6667,14.7467,14.6067,14.6700,9.7151,102286500
2005-09-20,14.6933,14.7167,14.3633,14.4033,9.5385,78952500
2005-09-21,14.3400,14.3800,14.1433,14.1633,9.3796,81564000
2005-09-22,14.1500,14.5100,14.1033,14.3967,9.5341,66570000
2005-09-23,14.4333,14.5500,14.2900,14.4000,9.5363,54646200
2005-09-26,14.5900,14.6100,14.3400,14.3700,9.5164,46870500
2005-09-27,14.4833,14.4833,14.3000,14.3667,9.5142,43078500
2005-09-28,14.3500,14.4667,14.2533,14.3767,9.5209,55667700
2005-09-29,14.4300,14.5267,14.3367,14.5133,9.6114,48048000
2005-09-30,14.4933,14.6233,14.4500,14.6067,9.6732,40959900
2005-10-03,14.7167,14.8067,14.5633,14.5867,9.6599,49841700
2005-10-04,14.5867,14.7633,14.5867,14.6167,9.6798,41394600
2005-10-05,14.6567,14.6567,14.5000,14.5000,9.6025,42729600
2005-10-06,14.6500,14.8167,14.4333,14.6433,9.6975,61397100
2005-10-07,14.6733,14.7433,14.5833,14.6767,9.7195,36778200
2005-10-10,14.8900,15.0000,14.8167,14.8467,9.8321,56706300
2005-10-11,14.9967,15.0667,14.8500,15.0067,9.9381,51459900
2005-10-12,15.0200,15.0500,14.8667,14.9800,9.9204,47223900
2005-10-13,14.9667,15.0333,14.8700,14.9200,9.8807,37367700
2005-10-14,15.0600,15.0867,14.8667,15.0133,9.9425,35573400
2005-10-17,15.0933,15.0967,14.9467,15.0800,9.9866,29382900
2005-10-18,15.0667,15.1667,15.0133,15.0433,9.9624,35964300
2005-10-19,15.0433,15.3567,14.9267,15.3300,10.1522,51174600
2005-10-20,15.3833,15.5233,15.1333,15.2000,10.0661,56780400
2005-10-21,15.2600,15.3667,15.2000,15.2400,10.0926,40101900
2005-10-24,15.3633,15.4500,15.2367,15.4033,10.2008,31100400
2005-10-25,15.3200,15.3600,15.0833,15.1300,10.0198,44937300
2005-10-26,15.0567,15.3267,15.0200,15.1933,10.0617,35736300
2005-10-27,15.1467,15.2267,14.9067,14.9133,9.8763,37290900
2005-10-28,14.9967,15.1833,14.9200,15.1667,10.0440,37059000
2005-10-31,15.3667,15.8500,15.3300,15.7700,10.4436,67505100
2005-11-01,15.7067,15.7433,15.6100,15.6633,10.3730,35350500
2005-11-02,15.5833,15.9233,15.5367,15.8533,10.4988,37675200
2005-11-03,16.0000,16.0433,15.7100,15.8167,10.4745,48085500
2005-11-04,15.8000,15.9167,15.6933,15.8967,10.5275,31394100
2005-11-07,15.9733,16.0633,15.9167,16.0167,10.6069,36525300
2005-11-08,15.9333,15.9500,15.7900,15.8700,10.5098,22518600
2005-11-09,15.8433,16.1233,15.7733,16.0667,10.6401,40248600
2005-11-10,16.0833,16.4333,16.0500,16.3467,10.8255,56812800
2005-11-11,16.3867,16.4933,16.2567,16.3333,10.8167,36355800
2005-11-14,16.4700,16.5633,16.3367,16.4333,10.8829,41502600
2005-11-15,16.2667,16.3733,16.1033,16.2600,10.7681,50548800
2005-11-16,16.2600,16.4000,16.1100,16.2933,10.7902,35256600
2005-11-17,16.3467,16.4333,16.2867,16.4133,10.8696,20110500
2005-11-18,16.5533,16.6000,16.3367,16.5000,10.9270,39458400
2005-11-21,16.5133,16.6000,16.4700,16.5400,10.9535,29520600
2005-11-22,16.4467,16.7433,16.2400,16.7333,11.0816,46448100
2005-11-23,16.7667,16.9067,16.6900,16.8567,11.1632,35713800
2005-11-25,16.8967,16.9567,16.7733,16.8300,11.1456,18951900
2005-11-28,16.8733,16.8867,16.6100,16.6667,11.0374,50079300
2005-11-29,16.6700,16.7000,16.2733,16.3367,10.8189,55448700
2005-11-30,16.3733,16.3933,16.1767,16.1867,10.7195,35310000
2005-12-01,16.1967,16.2500,15.8433,16.0100,10.6025,71648400
2005-12-02,15.9433,16.1533,15.8367,15.9900,10.5893,32855100
2005-12-05,15.9633,15.9633,15.6967,15.7133,10.4061,60200100
2005-12-06,15.8033,15.9733,15.7733,15.8733,10.5120,61566000
2005-12-07,15.9333,16.0200,15.8067,15.9167,10.5407,32310600
2005-12-08,15.9200,15.9600,15.8333,15.9000,10.5297,37084200
2005-12-09,15.8667,16.1533,15.8600,16.0267,10.6136,33551400
2005-12-12,16.1167,16.2933,16.1000,16.2267,10.7460,46386000
2005-12-13,16.1333,16.5700,16.1200,16.4900,10.9204,60882600
2005-12-14,16.4867,16.5633,16.3800,16.5033,10.9625,36879600
2005-12-15,16.4600,16.5167,16.2733,16.4200,10.9071,27640200
2005-12-16,16.5267,16.5433,16.3500,16.4233,10.9093,37848000
2005-12-19,16.3733,16.5800,16.3000,16.3200,10.8407,28374000
2005-12-20,16.2800,16.3167,16.1467,16.2000,10.7610,28017600
2005-12-21,16.2833,16.3133,16.1567,16.2167,10.7721,23397300
2005-12-22,16.2167,16.2667,16.1200,16.2000,10.7610,20097000
2005-12-23,16.1667,16.1933,16.0567,16.1133,10.7034,21472200
2005-12-27,16.1367,16.1500,15.7867,15.9100,10.5683,39196500
2005-12-28,15.9467,16.1000,15.9167,15.9467,10.5927,21787500
2005-12-29,15.9567,16.0067,15.8067,15.8267,10.5130,23161800
2005-12-30,15.8233,15.8233,15.5833,15.6000,10.3624,31269600
2006-01-03,15.4533,15.5533,15.1900,15.4100,10.2362,70240500
2006-01-04,15.4133,15.5000,15.3667,15.4400,10.2562,42261600
2006-01-05,15.3333,15.4667,15.0967,15.2300,10.1167,62274600
2006-01-06,15.2300,15.2933,15.0333,15.2933,10.1587,63389400
2006-01-09,15.2967,15.3833,15.1867,15.2367,10.1211,44632200
2006-01-10,15.1667,15.3433,15.1533,15.2867,10.1543,40266600
2006-01-11,15.3533,15.5333,15.2533,15.5233,10.3115,42537900
2006-01-12,15.4167,15.4633,15.2233,15.2467,10.1277,34275000
2006-01-13,15.2267,15.2967,15.1033,15.1333,10.0524,30777900
2006-01-17,15.1333,15.1400,14.9000,14.9833,9.9528,51353700
2006-01-18,14.8833,15.1300,14.8700,15.0600,10.0037,39574800
2006-01-19,15.0600,15.2967,15.0200,15.2667,10.1410,54424800
2006-01-20,15.2133,15.2333,14.9367,15.0000,9.9639,58060800
2006-01-23,15.0000,15.1567,14.8467,15.0833,10.0192,46833000
2006-01-24,15.1833,15.3033,15.1667,15.2400,10.1233,54557400
2006-01-25,15.2333,15.3900,15.2200,15.3233,10.1787,56959500
2006-01-26,15.4033,15.5033,15.2767,15.4400,10.2562,50395500
2006-01-27,15.3300,15.5067,14.9600,15.2800,10.1499,40157700
2006-01-30,15.4667,15.6500,15.4033,15.4700,10.2761,45807000
2006-01-31,15.4800,15.5100,15.3433,15.3700,10.2097,38776200
2006-02-01,15.3500,15.4600,15.1900,15.3800,10.2163,45579000
2006-02-02,15.4333,15.4933,15.1567,15.4267,10.2473,55539300
2006-02-03,15.3300,15.4033,15.1467,15.1633,10.0724,33988500
2006-02-06,15.1467,15.1700,15.0167,15.0267,9.9816,36554400
2006-02-07,15.0000,15.1567,14.8933,14.9133,9.9063,48569400
2006-02-08,14.9267,15.1700,14.8400,15.1333,10.0524,37033800
2006-02-09,15.1600,15.3233,15.1100,15.2333,10.1189,39395400
2006-02-10,15.2000,15.3167,15.1033,15.2500,10.1299,24113100
2006-02-13,15.1567,15.2733,15.1567,15.1700,10.0768,21484200
2006-02-14,15.1400,15.5467,15.0933,15.4833,10.2849,44617200
2006-02-15,15.4300,15.6433,15.2967,15.6300,10.3824,35505900
2006-02-16,15.6167,15.6733,15.4500,15.5433,10.3248,27223200
2006-02-17,15.5433,15.5433,15.2667,15.3667,10.2074,46065600
2006-02-21,15.2367,15.4867,15.1567,15.2467,10.1277,46122900
2006-02-22,15.3100,15.3300,15.1467,15.1600,10.0702,29732100
2006-02-23,15.1667,15.3167,15.1133,15.2333,10.1189,44479200
2006-02-24,15.2333,15.2500,15.0867,15.1500,10.0635,28956600
2006-02-27,15.1833,15.2933,15.1833,15.2533,10.1322,27155100
2006-02-28,15.1900,15.2700,15.0733,15.1200,10.0436,36906900
2006-03-01,15.1200,15.1700,15.0100,15.0500,9.9971,36126000
2006-03-02,15.0033,15.1600,14.9767,15.0200,9.9772,37555800
2006-03-03,14.9567,15.1667,14.9533,15.1100,10.0369,28525800
2006-03-06,15.1633,15.1800,14.9900,15.0400,9.9904,29247900
2006-03-07,15.0633,15.1200,15.0167,15.0900,10.0237,33739500
2006-03-08,15.0667,15.2100,15.0533,15.0900,10.0237,43434300
2006-03-09,15.0667,15.1300,15.0367,15.0800,10.0170,21701100
2006-03-10,15.1467,15.1600,15.0700,15.1100,10.0369,27965700
2006-03-13,15.1167,15.1533,15.0733,15.0900,10.0237,26513100
2006-03-14,15.0633,15.1933,15.0533,15.1800,10.0834,41142900
2006-03-15,15.1667,15.1900,15.0733,15.1067,10.0719,41972100
2006-03-16,15.1867,15.4800,15.1400,15.4533,10.3030,55668300
2006-03-17,15.5333,15.5967,15.4300,15.5633,10.3764,37314900
2006-03-20,15.6767,16.0233,15.6633,15.9200,10.6142,59106000
2006-03-21,16.0667,16.1500,15.9067,16.0367,10.6919,41670900
2006-03-22,15.9700,16.0733,15.9133,16.0333,10.6897,27077400
2006-03-23,16.0633,16.2900,16.0167,16.1800,10.7875,44199600
2006-03-24,16.2333,16.2400,16.0067,16.0633,10.7097,29178900
2006-03-27,16.0633,16.1000,15.9667,15.9833,10.6564,25991400
2006-03-28,15.9833,16.1067,15.8867,15.9167,10.6119,30132900
2006-03-29,15.9333,16.0600,15.8333,16.0167,10.6786,26045400
2006-03-30,16.0167,16.0600,15.7700,15.8867,10.5919,29380800
2006-03-31,15.9800,15.9800,15.7333,15.7467,10.4986,30273000
2006-04-03,15.7567,15.7700,15.5100,15.5900,10.3941,42327000
2006-04-04,15.5633,15.5900,15.4500,15.5000,10.3341,26145300
2006-04-05,15.5267,15.6567,15.5000,15.6233,10.4164,23291100
2006-04-06,15.6267,15.6967,15.4500,15.5200,10.3475,26291700
2006-04-07,15.5000,15.5900,15.2700,15.3400,10.2275,37372500
2006-04-10,15.3267,15.3333,15.1700,15.2333,10.1563,28747500
2006-04-11,15.2000,15.2533,15.0900,15.1667,10.1119,28961100
2006-04-12,15.2600,15.3200,15.2167,15.3000,10.2008,27855600
2006-04-13,15.3200,15.3367,15.2067,15.2567,10.1719,21597000
2006-04-17,15.2667,15.4267,15.2100,15.2733,10.1830,27675300
2006-04-18,15.3800,15.5067,15.3567,15.4667,10.3119,31637700
2006-04-19,15.4400,15.5667,15.4167,15.4900,10.3275,32229600
2006-04-20,15.4567,15.5700,15.4200,15.4667,10.3119,26534700
2006-04-21,15.5333,15.5333,15.2267,15.2733,10.1830,30354300
2006-04-24,15.2067,15.2467,15.1333,15.1800,10.1208,36430800
2006-04-25,15.2200,15.3100,15.1667,15.2100,10.1408,27617700
2006-04-26,15.2500,15.3433,15.2233,15.3267,10.2186,31746900
2006-04-27,15.2600,15.3600,15.2067,15.2133,10.1430,38375100
2006-04-28,15.1933,15.2233,14.9967,15.0100,10.0074,46130400
2006-05-01,15.3067,15.5267,15.1800,15.3100,10.2074,55640700
2006-05-02,15.3733,15.4200,15.3000,15.3867,10.2586,28794900
2006-05-03,15.4400,15.6133,15.4300,15.5633,10.3764,35379600
2006-05-04,15.6400,15.6600,15.3733,15.4667,10.3119,31755900
2006-05-05,15.5333,15.7800,15.5067,15.7500,10.5008,27241500
2006-05-08,15.7500,15.9667,15.7000,15.8567,10.5719,29634900
2006-05-09,15.8967,16.0567,15.8600,15.9567,10.6386,43520700
2006-05-10,15.9033,16.0300,15.8600,15.9267,10.6186,28349400
2006-05-11,15.9667,15.9667,15.6767,15.7500,10.5008,33613500
2006-05-12,15.7533,15.8167,15.5100,15.5133,10.3430,34224300
2006-05-15,15.4167,15.8533,15.3600,15.8100,10.5408,51152700
2006-05-16,15.9567,16.1033,15.8967,16.0233,10.6830,53055000
2006-05-17,15.8833,15.8933,15.6100,15.6133,10.4462,46541400
2006-05-18,15.6733,15.7967,15.5500,15.7400,10.5309,32823600
2006-05-19,15.8167,15.8267,15.6300,15.7733,10.5532,39083700
2006-05-22,15.7633,15.9233,15.7000,15.7833,10.5599,29745900
2006-05-23,15.8667,15.9967,15.8333,15.8400,10.5978,33067800
2006-05-24,15.8433,16.0467,15.7900,16.0100,10.7116,48705000
2006-05-25,16.2733,16.6100,16.2167,16.4833,11.0283,77421000
2006-05-26,16.5333,16.6667,16.4833,16.5500,11.0729,52302900
2006-05-30,16.2067,16.2367,16.0767,16.1000,10.7718,57822000
2006-05-31,16.1600,16.2400,16.0333,16.1500,10.8053,36148800
2006-06-01,16.0833,16.1900,15.9733,16.1300,10.7919,40404600
2006-06-02,16.0567,16.1167,15.7733,15.9433,10.6670,41328000
2006-06-05,15.9233,16.0133,15.7000,15.7300,10.5243,37337700
2006-06-06,15.7800,15.8300,15.5167,15.6767,10.4886,49392900
2006-06-07,15.6900,15.9100,15.6400,15.6800,10.4908,29064600
2006-06-08,15.6967,15.8467,15.6133,15.7667,10.5488,48796200
2006-06-09,15.7167,15.8300,15.6667,15.7100,10.5109,22483800
2006-06-12,15.7000,15.8067,15.6400,15.6633,10.4797,22406700
2006-06-13,15.6967,15.9767,15.6767,15.8433,10.6001,42543900
2006-06-14,15.8533,15.9667,15.7900,15.9033,10.6402,31289400
2006-06-15,15.9133,16.2500,15.7700,16.2200,10.8521,47199900
2006-06-16,16.1867,16.3867,16.0667,16.1033,10.7740,50226900
2006-06-19,16.1500,16.3000,16.0000,16.0900,10.7651,34856100
2006-06-20,16.0833,16.1967,16.0700,16.1433,10.8008,26099100
2006-06-21,16.1000,16.3333,16.1000,16.3000,10.9056,29909400
2006-06-22,16.2367,16.3967,16.0900,16.1600,10.8119,25397700
2006-06-23,16.1167,16.2100,15.9200,15.9800,10.6915,24741000
2006-06-26,16.0300,16.0667,15.9333,16.0233,10.7205,20329200
2006-06-27,15.9833,16.0900,15.8567,15.8767,10.6224,25269300
2006-06-28,15.8833,15.9767,15.7867,15.9733,10.6871,21863100
2006-06-29,16.0367,16.2400,15.9700,16.2367,10.8632,32900700
2006-06-30,16.2333,16.2833,16.0533,16.0567,10.7428,33358800
2006-07-03,15.9167,16.0167,15.7000,15.8567,10.6090,27291900
2006-07-05,15.7367,15.7800,15.5867,15.6733,10.4863,34569000
2006-07-06,15.6100,15.7133,15.5033,15.5733,10.4194,30522000
2006-07-07,15.4933,15.5433,15.2933,15.3333,10.2589,31576200
2006-07-10,15.4167,15.5767,15.3500,15.3933,10.2990,21926100
2006-07-11,15.3333,15.4033,15.1367,15.3767,10.2879,39618300
2006-07-12,15.4033,15.4167,15.0367,15.0500,10.0693,39775500
2006-07-13,14.8500,14.8733,14.5700,14.7200,9.8485,78919500
2006-07-14,14.6433,14.6767,14.2700,14.3500,9.6010,60216900
2006-07-17,14.4100,14.6433,14.2400,14.3400,9.5943,53091900
2006-07-18,14.2533,14.4100,14.1033,14.3900,9.6277,61125600
2006-07-19,14.4267,14.7767,14.4100,14.7333,9.8574,52826100
2006-07-20,14.7833,14.8700,14.7167,14.7633,9.8775,30757200
2006-07-21,14.8367,14.8367,14.5200,14.5733,9.7504,38928900
2006-07-24,14.6767,14.9633,14.6767,14.8100,9.9087,34950600
2006-07-25,14.7367,14.9333,14.6467,14.8900,9.9623,32036700
2006-07-26,14.8167,14.8233,14.5433,14.5567,9.7392,37042200
2006-07-27,14.6567,14.6667,14.4900,14.5100,9.7080,26120400
2006-07-28,14.5900,14.8467,14.5900,14.8200,9.9154,37083900
2006-07-31,15.0067,15.0400,14.7767,14.8333,9.9243,40390200
2006-08-01,14.7833,14.7933,14.5967,14.6967,9.8329,28932900
2006-08-02,14.7667,14.8100,14.6667,14.7900,9.8953,23969100
2006-08-03,14.7567,15.0433,14.7233,14.9100,9.9756,33106500
2006-08-04,15.0500,15.1500,14.8833,14.9567,10.0069,29199000
2006-08-07,14.8667,15.0167,14.8333,14.9400,9.9957,22005000
2006-08-08,14.9400,14.9967,14.7900,14.8200,9.9154,23071500
2006-08-09,14.9267,14.9600,14.6200,14.6333,9.7905,30838800
2006-08-10,14.6333,14.9800,14.5833,14.9633,10.0113,36422400
2006-08-11,14.9667,14.9800,14.7667,14.8967,9.9667,24733500
2006-08-14,14.9467,15.1433,14.9100,15.0333,10.0581,32912700
2006-08-15,14.9267,14.9633,14.6833,14.8500,9.9355,55768200
2006-08-16,14.8500,14.8933,14.6833,14.8100,9.9462,49362300
2006-08-17,14.8333,15.0000,14.7767,14.8767,9.9910,37104600
2006-08-18,14.9067,14.9133,14.7667,14.8300,9.9597,27250800
2006-08-21,14.7667,14.7933,14.6733,14.6967,9.8701,28446900
2006-08-22,14.7333,14.7900,14.6600,14.6900,9.8656,24802200
2006-08-23,14.7000,14.7167,14.4933,14.5867,9.7962,31738800
2006-08-24,14.6467,14.6533,14.5533,14.5667,9.7828,22440300
2006-08-25,14.5333,14.6867,14.5067,14.6267,9.8231,23162100
2006-08-28,14.7333,14.8833,14.7200,14.8100,9.9462,33606600
2006-08-29,14.8833,14.8833,14.6867,14.8300,9.9597,29574300
2006-08-30,14.8767,14.9800,14.7333,14.8733,9.9888,36462900
2006-08-31,14.9767,14.9933,14.8400,14.9067,10.0111,26354700
2006-09-01,15.0000,15.2667,14.6733,15.1500,10.1746,34149600
2006-09-05,15.2367,15.2967,15.1200,15.1900,10.2014,31680900
2006-09-06,15.1467,15.2167,15.0500,15.1333,10.1634,30328800
2006-09-07,15.1333,15.3467,15.1000,15.1800,10.1947,48023700
2006-09-08,15.2300,15.6033,15.1833,15.5733,10.4589,42160500
2006-09-11,15.5667,15.8333,15.4333,15.8300,10.6313,51446100
2006-09-12,15.8833,16.2133,15.8233,16.0233,10.7611,55311300
2006-09-13,15.9833,16.1233,15.8500,16.0267,10.7633,33506400
2006-09-14,15.9467,16.1367,15.8600,16.1233,10.8283,30481500
2006-09-15,16.2133,16.2800,16.0500,16.0733,10.7947,51441900
2006-09-18,16.0067,16.1767,15.8867,16.0333,10.7678,32491500
2006-09-19,16.0800,16.1667,16.0000,16.1667,10.8574,34267800
2006-09-20,16.2567,16.3400,16.1400,16.2900,10.9402,41135700
2006-09-21,16.2900,16.3533,16.0700,16.1533,10.8484,39155100
2006-09-22,15.9433,16.2067,15.8667,16.0967,10.8103,35315400
2006-09-25,16.0833,16.3333,16.0100,16.2733,10.9290,36589200
2006-09-26,16.3100,16.6167,16.2667,16.4167,11.0253,44937000
2006-09-27,16.3533,16.5867,16.3467,16.5000,11.0812,47144400
2006-09-28,16.5000,16.6133,16.3433,16.6033,11.1506,38317500
2006-09-29,16.5367,16.6500,16.4367,16.4400,11.0409,37746900
2006-10-02,16.2067,16.2867,16.0100,16.1467,10.8439,54018000
2006-10-03,16.1533,16.5000,16.0200,16.4867,11.0723,44959500
2006-10-04,16.1033,16.5367,16.0433,16.5167,11.0924,74332800
2006-10-05,16.4900,16.4900,16.0333,16.1367,10.8372,75213000
2006-10-06,16.1400,16.3267,16.0800,16.1067,10.8171,46336800
2006-10-09,16.0633,16.1767,15.9900,16.0733,10.7947,28935900
2006-10-10,16.1633,16.1633,15.9600,16.0400,10.7723,28988700
2006-10-11,16.0100,16.1500,15.9567,16.1033,10.8148,30018300
2006-10-12,16.1633,16.2233,16.0267,16.1067,10.8171,37275000
2006-10-13,16.0933,16.1733,16.0400,16.1533,10.8484,26406300
2006-10-16,16.1033,16.1533,16.0367,16.1067,10.8171,19855800
2006-10-17,16.0667,16.1067,15.8800,16.0933,10.8081,33348000
2006-10-18,16.1433,16.1900,16.0533,16.1167,10.8238,30847800
2006-10-19,16.1433,16.3300,16.1300,16.1633,10.8551,30279000
2006-10-20,16.2433,16.5767,16.2167,16.4567,11.0521,56866800
2006-10-23,16.4567,17.3833,16.3433,17.0933,11.4797,159304800
2006-10-24,17.1000,17.3000,17.0167,17.1000,11.4842,56346900
2006-10-25,17.0167,17.2600,16.8500,16.9500,11.3834,51850200
2006-10-26,16.9233,17.2500,16.8833,17.2500,11.5849,42690000
2006-10-27,17.1933,17.2000,16.8767,16.9100,11.3566,37599600
2006-10-30,16.4067,16.5733,16.3667,16.5100,11.0879,78261900
2006-10-31,16.5333,16.5933,16.3733,16.4267,11.0320,52747800
2006-11-01,16.4600,16.5667,16.2167,16.2833,10.9357,50362500
2006-11-02,15.8900,16.1233,15.8867,16.0967,10.8103,73147500
2006-11-03,16.1000,16.1567,15.7333,15.8433,10.6402,54042300
2006-11-06,15.9133,16.0700,15.7333,15.8300,10.6313,52292100
2006-11-07,15.8967,15.9967,15.8033,15.8833,10.6671,53654100
2006-11-08,15.7667,15.8367,15.6767,15.6767,10.5283,90334800
2006-11-09,15.7033,15.7367,15.4367,15.4633,10.3850,81691800
2006-11-10,15.4367,15.5633,15.4367,15.4900,10.4029,39597000
2006-11-13,15.4900,15.6133,15.3233,15.4400,10.3693,72541800
2006-11-14,15.9433,16.0667,15.7300,15.8867,10.6693,85865400
2006-11-15,15.9233,16.0267,15.8600,15.8933,10.6738,49422900
2006-11-16,15.9867,15.9967,15.8333,15.9700,10.7253,33229200
2006-11-17,15.9167,15.9400,15.8033,15.8333,10.6335,47462700
2006-11-20,15.8333,16.0800,15.8067,15.9067,10.6827,37007400
2006-11-21,15.9200,15.9933,15.8667,15.9367,10.7029,26232600
2006-11-22,15.9600,16.0700,15.9200,16.0100,10.7521,32466300
2006-11-24,15.9200,16.0167,15.8500,15.9667,10.7230,15244200
2006-11-27,15.8133,15.8967,15.5167,15.5367,10.4343,70507500
2006-11-28,15.5100,15.6300,15.4933,15.5700,10.4566,40095600
2006-11-29,15.6300,15.7767,15.5433,15.6300,10.4969,38019900
2006-11-30,15.5000,15.5767,15.3400,15.3667,10.3201,72662100
2006-12-01,15.3333,15.3667,15.1400,15.2900,10.2686,75074100
2006-12-04,15.4167,15.5033,15.2900,15.4300,10.3626,43487700
2006-12-05,15.4167,15.5167,15.3567,15.4933,10.4052,31411200
2006-12-06,15.4967,15.5833,15.4533,15.5133,10.4186,29517300
2006-12-07,15.5667,15.6000,15.4533,15.4567,10.3805,42616200
2006-12-08,15.4333,15.5400,15.4167,15.4500,10.3760,31621800
2006-12-11,15.4833,15.4833,15.3067,15.3333,10.2977,49509600
2006-12-12,15.3067,15.3900,15.1933,15.2167,10.2193,54008700
2006-12-13,15.3000,15.3433,15.2667,15.3000,10.3133,52116900
2006-12-14,15.3733,15.5367,15.3033,15.5067,10.4526,55315200
2006-12-15,15.5433,15.6300,15.4633,15.4833,10.4368,48263400
2006-12-18,15.5000,15.6000,15.4267,15.4567,10.4189,38610600
2006-12-19,15.3767,15.4133,15.1667,15.3633,10.3560,52049700
2006-12-20,15.3333,15.3767,15.2900,15.2900,10.3065,41810400
2006-12-21,15.3167,15.3533,15.2033,15.2367,10.2706,33844800
2006-12-22,15.1667,15.2667,15.0000,15.1800,10.2324,33296100
2006-12-26,14.9333,15.4300,14.9333,15.3700,10.3604,31479900
2006-12-27,15.2500,15.4167,15.2500,15.3867,10.3717,36372300
2006-12-28,15.2700,15.4000,15.2700,15.3367,10.3380,21301500
2006-12-29,15.4000,15.5367,15.3433,15.3933,10.3762,32431500
2007-01-03,15.6967,16.1000,15.6867,15.8500,10.6840,107061900
2007-01-04,15.9333,15.9967,15.7733,15.9267,10.7357,51219000
2007-01-05,15.8333,15.9333,15.7167,15.7967,10.6481,40670700
2007-01-08,15.6367,15.7700,15.6333,15.6667,10.5604,49189200
2007-01-09,15.6667,15.8900,15.6667,15.7967,10.6481,43929600
2007-01-10,15.6833,15.8733,15.5033,15.7600,10.6233,40044300
2007-01-11,15.7567,15.9100,15.7367,15.8667,10.6952,44469600
2007-01-12,15.8733,16.0367,15.7367,15.9933,10.7806,41732400
2007-01-16,15.9767,16.1600,15.9300,16.1033,10.8548,43447200
2007-01-17,16.1067,16.1367,16.0300,16.0667,10.8301,33916200
2007-01-18,16.0667,16.2600,16.0267,16.1300,10.8727,40968600
2007-01-19,16.1633,16.2467,16.0633,16.1033,10.8548,35880900
2007-01-22,16.0533,16.0900,15.8667,15.9867,10.7761,38159700
2007-01-23,15.9267,16.0500,15.8200,15.9367,10.7424,33822900
2007-01-24,16.0233,16.2333,15.9967,16.2033,10.9222,40474800
2007-01-25,16.2033,16.2133,16.0300,16.0500,10.8188,29280300
2007-01-26,16.0167,16.1200,15.8233,15.8900,10.7110,33175200
2007-01-29,16.0500,16.0500,15.8333,15.8767,10.7020,28611000
2007-01-30,15.9167,15.9467,15.6367,15.7600,10.6233,49027200
2007-01-31,15.7333,15.9867,15.6800,15.8967,10.7155,44682900
2007-02-01,15.8367,16.0267,15.8133,15.9267,10.7357,39706200
2007-02-02,15.9167,16.1400,15.8800,16.0267,10.8031,37835100
2007-02-05,16.1467,16.3000,16.1400,16.1733,10.9020,42644700
2007-02-06,16.2033,16.2567,16.1067,16.1933,10.9154,26885700
2007-02-07,16.1300,16.2500,16.0933,16.1933,10.9154,30252900
2007-02-08,16.1200,16.2000,16.0433,16.1033,10.8548,32374800
2007-02-09,16.1233,16.1800,15.8900,15.9900,10.7784,37218000
2007-02-12,16.0500,16.0800,15.8933,15.9133,10.7267,30991200
2007-02-13,15.9333,16.0567,15.9133,15.9933,10.7806,30205200
2007-02-14,16.0267,16.0433,15.9167,15.9567,10.7559,36827100
2007-02-15,15.9667,16.1800,15.9400,16.1200,10.8660,33889500
2007-02-16,16.1167,16.2833,16.0833,16.1600,10.8930,51311100
2007-02-20,16.6033,16.7633,16.4700,16.7533,11.2929,109508700
2007-02-21,16.6367,16.8067,16.6233,16.6567,11.2278,71367300
2007-02-22,16.6967,16.7267,16.5167,16.5633,11.1648,31898700
2007-02-23,16.5533,16.6300,16.4300,16.5233,11.1379,33151800
2007-02-26,16.5700,16.6833,16.4833,16.6600,11.2300,31988400
2007-02-27,16.5333,16.5933,16.0667,16.0667,10.8301,61958100
2007-02-28,16.1667,16.2200,16.0033,16.1033,10.8548,63995400
2007-03-01,15.9267,16.0667,15.7300,15.9633,10.7604,61369800
2007-03-02,15.9500,16.1067,15.9033,15.9367,10.7424,55079100
2007-03-05,15.8833,16.0900,15.8133,15.8233,10.6660,42993900
2007-03-06,15.9467,16.0967,15.9167,16.0133,10.7941,44755800
2007-03-07,16.0167,16.0833,15.8700,15.9767,10.7694,39981000
2007-03-08,16.0167,16.0500,15.7933,15.9600,10.7582,61187100
2007-03-09,15.9267,16.0433,15.7167,15.8067,10.6548,41851500
2007-03-12,15.8433,15.8767,15.7000,15.7533,10.6188,36591600
2007-03-13,15.6600,15.7100,15.3433,15.3933,10.3762,71961000
2007-03-14,15.3933,15.4067,15.0200,15.2433,10.3242,82756500
2007-03-15,15.2500,15.3867,15.1633,15.3333,10.3852,39872400
2007-03-16,15.4067,15.6000,15.2500,15.4033,10.4326,56977200
2007-03-19,15.5000,15.6067,15.4600,15.5300,10.5184,36238500
2007-03-20,15.4933,15.8000,15.4800,15.7667,10.6787,45801000
2007-03-21,15.7400,15.9500,15.6500,15.9233,10.7848,40896000
2007-03-22,15.8733,16.0667,15.8533,16.0033,10.8390,45351900
2007-03-23,16.0033,16.0500,15.9167,15.9700,10.8164,23981700
2007-03-26,15.9467,15.9733,15.7167,15.9467,10.8006,38118300
2007-03-27,15.8567,15.9333,15.6767,15.8300,10.7216,38851500
2007-03-28,15.7233,15.7300,15.4867,15.5467,10.5297,54241500
2007-03-29,15.6433,15.6800,15.4533,15.5733,10.5478,37689300
2007-03-30,15.6200,15.6967,15.5467,15.6500,10.5997,45561900
2007-04-02,15.6867,15.8400,15.6167,15.8000,10.7013,41238900
2007-04-03,15.8367,16.0967,15.8233,16.0333,10.8593,51485700
2007-04-04,16.0000,16.1067,15.9667,16.0167,10.8480,32921700
2007-04-05,15.9633,16.1500,15.9533,16.0900,10.8977,28546200
2007-04-09,16.0900,16.1833,15.9633,16.1567,10.9428,25613400
2007-04-10,16.1500,16.1500,15.9800,15.9800,10.8232,29252100
2007-04-11,15.9833,16.0367,15.6867,15.7567,10.6719,53176200
2007-04-12,15.7933,15.8333,15.6333,15.7533,10.6697,34715700
2007-04-13,15.8000,15.8067,15.6100,15.8033,10.7035,37264200
2007-04-16,15.8767,16.0400,15.8367,16.0233,10.8525,42750000
2007-04-17,16.0633,16.1433,15.9633,16.0567,10.8751,37173900
2007-04-18,16.0000,16.0600,15.9433,15.9900,10.8300,23980500
2007-04-19,15.9167,16.1267,15.8833,16.1133,10.9135,24150900
2007-04-20,16.1967,16.6133,16.1700,16.5867,11.2341,70264200
2007-04-23,16.5767,16.6500,16.2800,16.3100,11.0467,42166500
2007-04-24,16.1867,16.3267,16.0433,16.2300,10.9925,55658700
2007-04-25,16.2567,16.3667,16.2100,16.2700,11.0196,43509000
2007-04-26,16.2600,16.3533,16.1900,16.2333,10.9948,27693300
2007-04-27,16.1733,16.2300,16.1067,16.1133,10.9135,27906300
2007-04-30,16.0833,16.2200,15.9567,15.9733,10.8187,41966100
2007-05-01,15.9733,16.1867,15.8367,16.1100,10.9112,44356800
2007-05-02,16.1000,16.2467,16.0567,16.0933,10.9000,36355200
2007-05-03,16.1733,16.2500,16.0667,16.1200,10.9180,32854800
2007-05-04,16.1333,16.1667,16.0167,16.0900,10.8977,28817400
2007-05-07,16.1433,16.2933,16.0933,16.2033,10.9745,26679900
2007-05-08,16.1233,16.2133,16.0267,16.0333,10.8593,30517500
2007-05-09,16.0233,16.0933,15.9467,15.9767,10.8209,45677400
2007-05-10,15.8333,16.1100,15.8167,15.9167,10.7803,53550600
2007-05-11,15.9467,15.9700,15.8033,15.9267,10.7871,47667900
2007-05-14,15.8800,16.0000,15.8300,15.9467,10.8006,38914200
2007-05-15,15.9867,16.0333,15.8033,15.8733,10.7509,58139400
2007-05-16,15.8300,15.9133,15.6600,15.7267,10.7010,49549500
2007-05-17,15.8233,15.8233,15.6733,15.7033,10.6852,37878000
2007-05-18,15.7733,15.7900,15.7267,15.7567,10.7215,41229300
2007-05-21,15.7100,15.8000,15.5400,15.5400,10.5740,63066900
2007-05-22,15.5233,15.6000,15.4900,15.5133,10.5559,33590700
2007-05-23,15.6267,15.7133,15.4400,15.4433,10.5083,42760800
2007-05-24,15.4700,15.6500,15.4500,15.5500,10.5808,44194200
2007-05-25,15.6000,15.6667,15.5467,15.6367,10.6398,26388000
2007-05-29,15.7233,15.8467,15.5867,15.6467,10.6466,44844600
2007-05-30,15.5500,15.7167,15.4900,15.7067,10.6874,48114900
2007-05-31,15.7000,15.9333,15.7000,15.8667,10.7963,52451700
2007-06-01,15.9667,16.6467,15.9100,16.4900,11.2204,147313200
2007-06-04,16.7167,17.1467,16.7167,17.0700,11.6151,164037900
2007-06-05,16.9700,17.0667,16.7867,16.8400,11.4586,98185500
2007-06-06,16.7200,17.0133,16.7167,16.9167,11.5108,75783300
2007-06-07,16.7967,16.9167,16.5367,16.5867,11.2862,74399400
2007-06-08,16.6300,16.7167,16.5333,16.6933,11.3588,44208300
2007-06-11,16.6333,16.7067,16.5167,16.6033,11.2976,37919100
2007-06-12,16.5367,16.6033,16.3000,16.3033,11.0934,57197400
2007-06-13,16.3933,16.5133,16.3233,16.5000,11.2273,42428400
2007-06-14,16.4333,16.5500,16.3267,16.4267,11.1774,40100400
2007-06-15,16.4467,16.5600,16.4033,16.4467,11.1910,68178900
2007-06-18,16.4400,16.4833,16.3567,16.3700,11.1388,33091800
2007-06-19,16.3100,16.3233,15.9233,16.2700,11.0708,44540700
2007-06-20,16.2833,16.4167,16.1867,16.1967,11.0209,53974200
2007-06-21,16.2367,16.2633,16.0267,16.1300,10.9755,49538100
2007-06-22,16.0833,16.1433,15.9433,15.9433,10.8485,61351800
2007-06-25,16.0000,16.0400,15.8967,15.9400,10.8462,53461800
2007-06-26,15.9700,16.1633,15.9167,15.9900,10.8802,48224700
2007-06-27,15.9433,16.1633,15.9200,16.1533,10.9914,53705400
2007-06-28,16.1100,16.1667,16.0567,16.0700,10.9347,40659600
2007-06-29,16.1667,16.2167,15.9567,16.0367,10.9120,42394500
2007-07-02,16.0667,16.1633,16.0467,16.1100,10.9619,31632600
2007-07-03,16.1133,16.1567,16.0433,16.1567,10.9936,18636300
2007-07-05,16.1200,16.1533,16.0267,16.0300,10.9074,33595800
2007-07-06,16.0300,16.1633,15.9967,16.1300,10.9755,39320100
2007-07-09,16.1367,16.2767,16.0867,16.1667,11.0004,32103900
2007-07-10,16.1300,16.1300,15.8300,15.8600,10.7918,50195100
2007-07-11,15.9000,15.9633,15.7433,15.8933,10.8145,41057700
2007-07-12,16.3000,16.4133,15.8933,16.2767,11.0753,74922300
2007-07-13,16.2533,16.4200,16.2233,16.3833,11.1479,39303000
2007-07-16,16.3800,16.3800,16.2333,16.3133,11.1002,35248500
2007-07-17,16.2533,16.2933,16.1000,16.1167,10.9664,42296700
2007-07-18,16.1433,16.2467,15.9867,16.0133,10.8961,58868400
2007-07-19,16.1200,16.3267,16.0333,16.2633,11.0662,46246800
2007-07-20,16.1667,16.2900,15.9733,16.0200,10.9006,56925600
2007-07-23,16.1000,16.1333,15.9833,16.0367,10.9120,38086200
2007-07-24,15.9067,16.2200,15.9067,16.0067,10.8916,65639700
2007-07-25,16.1333,16.1500,15.8500,15.9567,10.8575,46463700
2007-07-26,15.8367,15.9233,15.5100,15.6067,10.6194,79928400
2007-07-27,15.5733,15.6267,15.2433,15.3133,10.4198,70263900
2007-07-30,15.4000,15.4867,15.2667,15.4033,10.4810,53850000
2007-07-31,15.4467,15.6033,15.3000,15.3167,10.4221,81560100
2007-08-01,15.3500,15.4167,15.1600,15.4067,10.4833,66111000
2007-08-02,15.4000,15.7033,15.3600,15.5767,10.5990,50003400
2007-08-03,15.5667,15.6667,15.1667,15.1733,10.3245,61352400
2007-08-06,15.2333,15.6833,15.2333,15.6733,10.6648,61953600
2007-08-07,15.6000,15.8267,15.5167,15.6867,10.6738,57748800
2007-08-08,15.6900,16.1400,15.5667,16.1400,10.9823,73293000
2007-08-09,15.8333,16.0000,15.4633,15.4833,10.5355,70726800
2007-08-10,15.4033,15.7567,15.2333,15.3567,10.4493,65011500
2007-08-13,15.5633,15.5767,15.3600,15.3900,10.4720,46698600
2007-08-14,14.6867,14.7300,14.5067,14.6067,9.9390,189981000
2007-08-15,14.6600,14.6600,14.3633,14.4267,9.8660,86341500
2007-08-16,14.3500,14.6500,14.3067,14.5000,9.9162,108804600
2007-08-17,14.8967,14.9000,14.3967,14.4967,9.9139,91322400
2007-08-20,14.5667,14.6067,14.3200,14.5300,9.9367,68875800
2007-08-21,14.5267,14.5833,14.3967,14.5667,9.9617,58793100
2007-08-22,14.5967,14.6300,14.4767,14.5833,9.9732,56742900
2007-08-23,14.5833,14.6100,14.3433,14.3900,9.8409,71297100
2007-08-24,14.3867,14.6400,14.3767,14.5800,9.9709,53884800
2007-08-27,14.5900,14.6767,14.5200,14.6067,9.9891,59365200
2007-08-28,14.5500,14.7333,14.4667,14.4667,9.8934,83790000
2007-08-29,14.5233,14.7733,14.4833,14.7300,10.0735,67777500
2007-08-30,14.4033,14.5500,14.3867,14.4400,9.8751,71853900
2007-08-31,14.5167,14.6467,14.4500,14.5433,9.9458,62468700
2007-09-04,14.5033,14.5467,14.4233,14.4333,9.8706,58165800
2007-09-05,14.4067,14.4067,14.1167,14.1500,9.6768,92355300
2007-09-06,14.5000,14.5333,14.2167,14.2533,9.7475,88295700
2007-09-07,14.1467,14.2933,14.1033,14.1300,9.6631,76145400
2007-09-10,14.1967,14.2267,14.0300,14.0900,9.6358,54646800
2007-09-11,14.1300,14.3400,14.1033,14.3133,9.7885,56692200
2007-09-12,14.2667,14.4000,14.1933,14.2367,9.7361,46953300
2007-09-13,14.2867,14.4900,14.2567,14.3533,9.8159,51424500
2007-09-14,14.2700,14.5133,14.2167,14.4400,9.8751,44528100
2007-09-17,14.4100,14.5133,14.3300,14.4400,9.8751,42075600
2007-09-18,14.4967,14.8833,14.4500,14.8133,10.1304,83757900
2007-09-19,14.8567,15.0167,14.8033,14.9167,10.2011,66558600
2007-09-20,14.8933,14.9433,14.6533,14.7733,10.1031,50306100
2007-09-21,14.8567,14.9300,14.7167,14.7433,10.0826,63128700
2007-09-24,14.7733,14.8233,14.6200,14.6567,10.0233,50254800
2007-09-25,14.4300,14.4333,14.2267,14.3867,9.8387,63953400
2007-09-26,14.4333,14.5333,14.3167,14.4333,9.8706,57439800
2007-09-27,14.5200,14.6733,14.4933,14.5367,9.9412,42612900
2007-09-28,14.5367,14.6667,14.5033,14.5500,9.9504,39167100
2007-10-01,14.6100,14.8900,14.5533,14.8233,10.1373,45557700
2007-10-02,14.8167,15.0367,14.7867,14.9567,10.2285,55058700
2007-10-03,14.8967,15.2000,14.8300,15.0433,10.2877,51161100
2007-10-04,15.0200,15.1133,14.9233,15.0000,10.2581,28660800
2007-10-05,15.1500,15.2933,14.9900,15.1233,10.3424,39368100
2007-10-08,15.0667,15.1333,15.0267,15.0900,10.3196,24210600
2007-10-09,15.0100,15.1633,14.8767,15.0700,10.3060,36743400
2007-10-10,15.0333,15.2467,15.0333,15.1967,10.3926,47490000
2007-10-11,15.7833,15.9000,15.5733,15.6333,10.6912,123289800
2007-10-12,15.6600,15.7600,15.6000,15.6867,10.7277,41990100
2007-10-15,15.6700,15.6900,15.4200,15.4833,10.5886,49338000
2007-10-16,15.4267,15.4333,15.1933,15.2867,10.4541,54055500
2007-10-17,15.3800,15.4533,15.0933,15.3300,10.4838,71746800
2007-10-18,15.2600,15.3467,15.1133,15.2967,10.4610,57064800
2007-10-19,15.2800,15.3400,14.9867,14.9933,10.2535,68912400
2007-10-22,14.9333,15.1533,14.8800,15.0833,10.3151,63655500
2007-10-23,15.1700,15.1933,14.5000,14.6433,10.0142,114216000
2007-10-24,14.7000,14.7267,14.4233,14.6233,10.0005,66849900
2007-10-25,14.6533,14.7500,14.4267,14.6267,10.0028,63851400
2007-10-26,14.8500,14.9367,14.7033,14.8800,10.1760,51100500
2007-10-29,14.9067,15.0467,14.8733,15.0033,10.2604,41109000
2007-10-30,14.9133,15.2833,14.8967,15.1233,10.3424,49287000
2007-10-31,15.2367,15.2700,14.8433,15.0700,10.3060,66366900
2007-11-01,14.9000,14.9800,14.6467,14.6767,10.0370,59600400
2007-11-02,14.7200,14.7933,14.5533,14.7300,10.0735,54106200
2007-11-05,14.7500,14.7933,14.5933,14.6767,10.0370,37737600
2007-11-06,14.6700,14.8000,14.6033,14.7633,10.0962,37687200
2007-11-07,14.6667,14.8633,14.6067,14.6433,10.0142,52828800
2007-11-08,14.7300,14.7933,14.2733,14.5400,9.9435,62400600
2007-11-09,14.3833,14.4700,14.1667,14.3000,9.7794,61294200
2007-11-12,14.3267,14.8567,14.2200,14.4400,9.8751,76438500
2007-11-13,15.0000,15.4500,15.0000,15.3233,10.4792,122207700
2007-11-14,15.4133,15.6933,15.3733,15.5033,10.6023,87331200
2007-11-15,15.4300,15.6867,15.2900,15.4000,10.5316,65489700
2007-11-16,15.4733,15.5333,15.2067,15.4467,10.5636,56775600
2007-11-19,15.3333,15.4500,15.0833,15.1567,10.3652,44969400
2007-11-20,15.1500,15.4033,14.9000,15.1667,10.3721,76708500
2007-11-21,15.0100,15.1367,14.8933,14.9533,10.2262,52436700
2007-11-23,15.0767,15.4167,14.9567,15.2433,10.4245,40749300
2007-11-26,15.3333,15.4600,15.0000,15.0100,10.2649,65968800
2007-11-27,15.0900,15.3933,15.0500,15.2767,10.4473,63041400
2007-11-28,15.3600,15.8400,15.3333,15.7433,10.7664,85763400
2007-11-29,15.6000,15.9500,15.5867,15.8467,10.8371,44294400
2007-11-30,15.9000,16.0767,15.8667,15.9667,10.9192,49191900
2007-12-03,15.9033,16.1033,15.8567,15.9567,10.9123,36828300
2007-12-04,15.8300,16.1867,15.8300,16.0633,10.9853,49381500
2007-12-05,16.1800,16.3733,16.1700,16.3000,11.1471,52347600
2007-12-06,16.1633,16.4700,16.0000,16.4233,11.2315,60868200
2007-12-07,16.4200,16.4633,16.2667,16.3400,11.1745,43161000
2007-12-10,16.3533,16.5600,16.3067,16.4767,11.2679,37674300
2007-12-11,16.4700,16.6833,16.2067,16.3433,11.1768,78168000
2007-12-12,16.5400,16.5467,15.8700,16.0767,11.0440,71838000
2007-12-13,15.9367,16.1600,15.9167,16.1100,11.0669,49199700
2007-12-14,16.0567,16.0667,15.8667,15.8767,10.9066,40764600
2007-12-17,15.8667,16.0533,15.7533,15.9433,10.9524,49522500
2007-12-18,16.0267,16.1833,15.6233,16.0800,11.0462,50591700
2007-12-19,16.0500,16.1633,15.9500,16.0267,11.0096,39363300
2007-12-20,16.0267,16.1133,15.7733,15.9500,10.9569,42476100
2007-12-21,15.9400,16.1667,15.9333,16.0700,11.0394,69742800
2007-12-24,16.0400,16.3600,16.0400,16.2467,11.1607,18975000
2007-12-26,16.0667,16.1667,15.9733,16.1267,11.0783,28039800
2007-12-27,16.0700,16.1000,15.8733,15.9233,10.9386,32275200
2007-12-28,16.0000,16.1567,15.9233,16.0267,11.0096,25832700
2007-12-31,15.9467,16.0267,15.7767,15.8433,10.8837,36529200
2008-01-02,15.8033,15.8767,15.4867,15.6333,10.7394,59755800
2008-01-03,15.5733,15.6333,15.4100,15.4600,10.6203,59403000
2008-01-04,15.3033,15.4567,15.1233,15.2400,10.4692,61053600
2008-01-07,15.2667,15.6033,15.1967,15.5200,10.6615,60979500
2008-01-08,15.5300,15.6933,15.2933,15.3233,10.5264,57051300
2008-01-09,15.3233,15.6667,15.0800,15.6333,10.7394,81592800
2008-01-10,15.7000,16.2567,15.7000,16.1333,11.0829,107084400
2008-01-11,16.0200,16.2033,15.8333,15.9067,10.9272,84555000
2008-01-14,15.9933,15.9933,14.3700,15.8900,10.9157,61687800
2008-01-15,15.6633,15.8100,15.5900,15.6633,10.7600,73440300
2008-01-16,15.5600,16.0167,15.5600,15.8300,10.8745,75972900
2008-01-17,15.8500,15.9767,15.7000,15.8267,10.8722,83734200
2008-01-18,15.9633,16.1700,15.8067,15.8600,10.8951,101128200
2008-01-22,15.4900,16.5100,15.3633,16.4000,11.2661,135385500
2008-01-23,16.1667,16.7867,16.1033,16.7200,11.4859,151266600
2008-01-24,16.7367,16.7467,16.1600,16.3033,11.1997,107149500
2008-01-25,16.3633,16.4200,15.9967,16.0300,11.0119,74927100
2008-01-28,16.0200,16.2600,15.9667,16.2367,11.1539,70322700
2008-01-29,16.3667,16.3967,16.0433,16.3367,11.2226,65224500
2008-01-30,16.2667,16.6667,16.1667,16.3867,11.2569,73460100
2008-01-31,16.2833,17.1000,16.2433,16.9133,11.6187,138653700
2008-02-01,16.9667,17.1600,16.7700,17.0600,11.7195,77237400
2008-02-04,17.0000,17.0833,16.6100,16.6900,11.4653,60963900
2008-02-05,16.4867,16.8867,16.4867,16.5200,11.3485,85211100
2008-02-06,16.5333,16.6767,16.1700,16.2767,11.1813,85476900
2008-02-07,15.9500,16.6667,15.9467,16.6133,11.4126,108858600
2008-02-08,16.5567,16.7000,16.2133,16.2533,11.1653,67626900
2008-02-11,16.2800,16.5600,16.1133,16.5333,11.3577,64658700
2008-02-12,16.4933,16.9067,16.4933,16.7500,11.5065,70102200
2008-02-13,16.8733,17.0033,16.7400,16.8867,11.6004,48235800
2008-02-14,16.8600,16.9667,16.5867,16.6567,11.4424,54035700
2008-02-15,16.5600,16.6667,16.3700,16.4800,11.3210,77497500
2008-02-19,16.7000,16.7733,16.4333,16.5533,11.3714,66081600
2008-02-20,16.4333,16.6567,16.3367,16.5667,11.3806,65030400
2008-02-21,16.6167,16.7433,16.5333,16.5967,11.4012,67199100
2008-02-22,16.6333,16.7333,16.4900,16.6567,11.4424,58556700
2008-02-25,16.7300,16.8000,16.5667,16.7767,11.5248,76609200
2008-02-26,16.7300,17.1600,16.7300,17.1333,11.7698,93085800
2008-02-27,16.9967,17.1900,16.9733,17.1433,11.7767,87573900
2008-02-28,17.0433,17.1333,16.8767,16.9000,11.6096,55191000
2008-02-29,16.7933,16.8900,16.5100,16.5300,11.3554,60658200
2008-03-03,16.4767,16.6733,16.4067,16.6300,11.4241,59256300
2008-03-04,16.5767,16.6733,16.5400,16.6233,11.4195,74967300
2008-03-05,16.6533,16.7300,16.4200,16.5167,11.3462,68984400
2008-03-06,16.7467,16.8000,16.6167,16.6600,11.4447,82549200
2008-03-07,16.5600,16.9133,16.5600,16.6333,11.4264,73038900
2008-03-10,16.6667,16.6667,16.2133,16.2833,11.1859,72975900
2008-03-11,16.6167,16.7967,16.5133,16.7500,11.5065,85064100
2008-03-12,16.6733,16.9067,16.6467,16.7633,11.5705,78821100
2008-03-13,16.6433,16.8900,16.4867,16.8667,11.6418,89558700
2008-03-14,16.9033,16.9033,16.3900,16.6067,11.4623,82444200
2008-03-17,16.4467,16.8000,16.4300,16.6500,11.4922,66378300
2008-03-18,16.7533,17.0033,16.7400,16.9933,11.7292,79140000
2008-03-19,16.9400,17.1500,16.8867,16.9267,11.6832,77489700
2008-03-20,16.9500,17.8300,16.9333,17.7433,12.2469,133599900
2008-03-24,17.8167,18.0500,17.7433,17.8767,12.3389,66739200
2008-03-25,17.8433,17.9033,17.6367,17.6833,12.2055,60982500
2008-03-26,17.6267,17.8000,17.5533,17.6333,12.1710,57679200
2008-03-27,17.6700,17.7400,17.4267,17.4567,12.0490,56943900
2008-03-28,17.3367,17.5567,17.2567,17.3733,11.9915,45144000
2008-03-31,17.4000,17.7033,17.2100,17.5600,12.1203,58783200
2008-04-01,17.7300,18.0533,17.6033,18.0267,12.4424,72697800
2008-04-02,18.1033,18.2967,18.0000,18.1533,12.5299,65160900
2008-04-03,18.0333,18.4000,17.9967,18.3100,12.6380,69571200
2008-04-04,18.3033,18.3167,18.0733,18.1333,12.5161,62184300
2008-04-07,18.2300,18.2700,17.9700,18.0767,12.4770,56574300
2008-04-08,18.0033,18.2833,17.9967,18.1500,12.5276,47271000
2008-04-09,18.1233,18.2000,17.9133,18.0467,12.4563,58592400
2008-04-10,18.1833,18.4433,18.1367,18.2200,12.5759,86902800
2008-04-11,18.0833,18.3800,18.0433,18.2667,12.6081,70383300
2008-04-14,18.2967,18.4467,18.2867,18.3833,12.6886,52270500
2008-04-15,18.4033,18.7967,18.3967,18.7567,12.9463,76900500
2008-04-16,18.8167,19.0400,18.7833,19.0233,13.1304,84398400
2008-04-17,18.9267,18.9867,18.7300,18.8900,13.0383,62940300
2008-04-18,19.0000,19.1200,18.7133,18.7700,12.9555,59207100
2008-04-21,18.6900,18.8267,18.5833,18.7933,12.9716,43120500
2008-04-22,18.7500,18.8533,18.6133,18.8500,13.0107,43611900
2008-04-23,18.7700,19.0900,18.7700,18.9733,13.0959,45650400
2008-04-24,19.0067,19.2267,19.0033,19.1500,13.2178,58024500
2008-04-25,19.3100,19.3467,19.0467,19.2167,13.2638,50947200
2008-04-28,19.1667,19.3133,19.0667,19.1167,13.1948,37407300
2008-04-29,19.1367,19.6000,19.1333,19.5367,13.4847,53074200
2008-04-30,19.5667,19.6800,19.2933,19.3267,13.3397,60805200
2008-05-01,19.4000,19.6967,19.2100,19.3567,13.3604,55959000
2008-05-02,19.6300,19.6300,18.9667,19.1667,13.2293,58466400
2008-05-05,19.0267,19.1133,18.9367,18.9900,13.1074,55494600
2008-05-06,18.9967,19.0800,18.6767,18.7833,12.9647,63580200
2008-05-07,18.7567,18.9500,18.6767,18.9433,13.0752,75089400
2008-05-08,19.1300,19.2000,18.9167,19.0533,13.1511,79497000
2008-05-09,18.9433,19.1633,18.8700,19.0600,13.1557,38976000
2008-05-12,19.2300,19.4567,19.2133,19.3400,13.3489,54615300
2008-05-13,19.1167,19.1667,18.7900,18.8833,13.0337,87001800
2008-05-14,18.9600,19.2000,18.8833,19.1500,13.2736,52408200
2008-05-15,19.1900,19.1900,18.8833,19.0400,13.1973,50018100
2008-05-16,19.1300,19.1433,18.8633,19.0133,13.1788,43622700
2008-05-19,18.9833,19.0167,18.7200,18.8000,13.0310,46667700
2008-05-20,18.7167,18.7967,18.4933,18.6500,12.9270,65506800
2008-05-21,18.6467,18.7333,18.3500,18.4100,12.7606,61101900
2008-05-22,18.4000,18.7367,18.3633,18.6833,12.9501,45195600
2008-05-23,18.6267,18.6600,18.4667,18.5833,12.8808,40674600
2008-05-27,18.6000,18.8933,18.6000,18.8000,13.0310,51840600
2008-05-28,18.9367,19.0800,18.8533,19.0300,13.1904,61251900
2008-05-29,18.9767,19.3833,18.9767,19.3133,13.3868,55637400
2008-05-30,19.3267,19.3600,19.1667,19.2467,13.3406,36368100
2008-06-02,19.1367,19.3300,18.8400,19.0667,13.2158,51842400
2008-06-03,19.2633,19.3500,19.1200,19.2567,13.3475,51219300
2008-06-04,19.1633,19.3400,19.1133,19.2267,13.3267,44131800
2008-06-05,19.5000,19.9667,19.4700,19.9333,13.8165,107220600
2008-06-06,19.7767,19.8567,19.4433,19.4567,13.4861,70562700
2008-06-09,19.6600,19.9133,19.4800,19.8567,13.7634,70035000
2008-06-10,19.7533,19.9833,19.6833,19.9267,13.8119,63729600
2008-06-11,19.8833,19.9267,19.4900,19.5067,13.5208,62267100
2008-06-12,19.6400,19.9433,19.5767,19.7033,13.6571,57747300
2008-06-13,19.7933,19.9167,19.6200,19.7267,13.6733,62651700
2008-06-16,19.6333,19.7967,19.5000,19.7700,13.7033,54270300
2008-06-17,19.8300,19.8433,19.5000,19.5633,13.5601,40677000
2008-06-18,19.4000,19.8033,19.1967,19.2233,13.3244,66710100
2008-06-19,19.2067,19.4167,19.1233,19.2300,13.3290,62031300
2008-06-20,19.1333,19.2333,18.7333,18.7533,12.9986,81155700
2008-06-23,18.8667,19.0000,18.8100,18.8800,13.0864,42887400
2008-06-24,18.7733,19.2833,18.7500,19.1067,13.2435,58876800
2008-06-25,19.1400,19.5767,19.1167,19.3733,13.4284,66186900
2008-06-26,19.2500,19.4233,18.9433,18.9433,13.1303,63154800
2008-06-27,18.8833,19.1167,18.6167,18.7667,13.0079,85960500
2008-06-30,18.9100,19.2733,18.6733,18.7333,12.9848,66726600
2008-07-01,18.6667,19.0233,18.5367,19.0100,13.1765,68144700
2008-07-02,19.0833,19.2667,18.8167,18.8333,13.0541,62302500
2008-07-03,18.9533,19.1900,18.6767,18.8667,13.0772,35380800
2008-07-07,18.9167,19.2900,18.7333,18.9700,13.1488,66692700
2008-07-08,19.0567,19.7633,18.9700,19.7033,13.6571,98142900
2008-07-09,19.7633,19.7633,19.2000,19.2233,13.3244,76490100
2008-07-10,19.3500,19.3800,18.6900,19.0700,13.2181,89661900
2008-07-11,18.8933,19.1133,18.5467,18.7633,13.0056,83675100
2008-07-14,19.0000,19.0433,18.6600,18.7700,13.0102,63148800
2008-07-15,18.6600,18.9333,18.4467,18.7467,12.9940,79768800
2008-07-16,18.7333,19.0367,18.5467,18.9867,13.1604,79238100
2008-07-17,18.9933,19.3033,18.4733,19.2267,13.3267,74310900
2008-07-18,19.3000,19.3567,19.0200,19.3067,13.3822,61952100
2008-07-21,19.3600,19.5433,19.0000,19.1033,13.2412,49934100
2008-07-22,19.0700,19.8533,19.0500,19.6867,13.6455,77735700
2008-07-23,19.1667,19.6633,18.8967,19.3633,13.4214,93696900
2008-07-24,19.3300,19.3700,18.9300,18.9900,13.1627,63706500
2008-07-25,19.0333,19.2000,18.8600,18.9433,13.1303,49356600
2008-07-28,18.9300,19.0667,18.6500,18.6733,12.9432,46301100
2008-07-29,18.8000,19.1667,18.6967,19.1500,13.2736,52998300
2008-07-30,19.2033,19.6667,19.2033,19.5200,13.5300,58251600
2008-07-31,19.3567,19.7900,19.3033,19.5400,13.5439,55843500
2008-08-01,19.5833,19.5933,19.1200,19.2500,13.3429,51886800
2008-08-04,19.1933,19.6900,19.1833,19.4767,13.5000,41493300
2008-08-05,19.6733,20.3300,19.6100,20.1133,13.9413,112725300
2008-08-06,20.0567,20.3333,19.9000,20.2533,14.0383,71464500
2008-08-07,19.4633,19.6667,18.9600,18.9867,13.1604,113628300
2008-08-08,19.0200,19.4967,18.9367,19.2867,13.3683,71747400
2008-08-11,19.2900,19.9333,19.1133,19.5200,13.5300,73047600
2008-08-12,19.5700,19.9133,19.4667,19.7500,13.6894,60927000
2008-08-13,19.6333,19.6500,19.0767,19.2933,13.4268,67919100
2008-08-14,19.1733,19.6333,18.9633,19.3667,13.4779,80443500
2008-08-15,19.3767,19.9767,19.3767,19.7900,13.7725,67695300
2008-08-18,19.8333,19.8667,19.5433,19.6100,13.6472,38748600
2008-08-19,19.5000,19.6033,19.2967,19.4000,13.5011,46013100
2008-08-20,19.5067,19.5500,19.2267,19.4533,13.5382,38570700
2008-08-21,19.2967,19.5300,19.1600,19.5000,13.5707,34145700
2008-08-22,19.5700,19.8367,19.5700,19.8133,13.7887,38174700
2008-08-25,19.7567,19.7633,19.4333,19.5167,13.5823,35895600
2008-08-26,19.5167,19.7267,19.3467,19.6667,13.6867,32911800
2008-08-27,19.6633,19.9533,19.4933,19.7633,13.7539,35181600
2008-08-28,19.8067,20.0133,19.6733,19.9600,13.8908,36336000
2008-08-29,19.8700,19.9600,19.6867,19.6900,13.7029,38561400
2008-09-02,19.9667,20.3300,19.8333,19.8833,13.8375,69067800
2008-09-03,19.8633,20.0767,19.7200,19.9300,13.8699,47470500
2008-09-04,20.0000,20.2967,19.9000,19.9267,13.8676,82839000
2008-09-05,19.8000,20.2933,19.6733,20.2467,14.0903,68471100
2008-09-08,20.4633,20.6700,20.0833,20.6667,14.3826,85692300
2008-09-09,20.5500,20.7867,20.3033,20.3767,14.1808,76103700
2008-09-10,20.4833,20.8267,20.4033,20.6733,14.3872,70707000
2008-09-11,20.5067,21.0767,20.4233,21.0567,14.6540,86970300
2008-09-12,20.9033,20.9567,20.5267,20.8033,14.4777,57424800
2008-09-15,20.4000,20.8333,20.3633,20.5433,14.2968,77406900
2008-09-16,20.3333,21.0600,20.3333,20.7133,14.4151,100169700
2008-09-17,20.5600,20.6600,19.7400,19.8800,13.8351,123751800
2008-09-18,20.1800,20.5533,19.7000,20.4933,14.2620,125092200
2008-09-19,21.0733,21.2833,19.8167,19.9000,13.8491,133640100
2008-09-22,19.8167,19.9733,19.5833,19.6300,13.6611,66252900
2008-09-23,19.6367,19.9700,19.4433,19.4667,13.5475,66529800
2008-09-24,19.6333,19.7933,19.3833,19.6400,13.6681,51601200
2008-09-25,19.7800,20.1567,19.6733,20.0400,13.9465,64288500
2008-09-26,19.6933,20.3000,19.6933,20.2367,14.0833,63599400
2008-09-29,20.0167,20.2833,19.4233,19.4833,13.5591,82605600
2008-09-30,19.7267,20.0033,19.2467,19.9633,13.8931,80777100
2008-10-01,19.8367,20.1000,19.6633,19.8867,13.8398,70091100
2008-10-02,19.8867,19.9500,19.4100,19.6167,13.6519,63599700
2008-10-03,19.8000,20.0733,19.6233,19.9100,13.8560,93355800
2008-10-06,19.5633,19.8500,18.1833,19.3000,13.4315,119186400
2008-10-07,19.5733,19.5733,18.1500,18.2800,12.7216,103654200
2008-10-08,17.9033,18.9233,17.5833,18.1833,12.6544,143388300
2008-10-09,18.2233,18.4467,16.5867,17.1300,11.9213,123553800
2008-10-10,16.3433,18.0767,15.8000,16.9833,11.8193,154762500
2008-10-13,17.5600,18.2367,17.0667,18.1667,12.6428,88662300
2008-10-14,18.6767,18.6900,17.5733,18.1467,12.6288,85679700
2008-10-15,17.8133,17.8667,16.6267,16.6833,11.6105,83835600
2008-10-16,16.8567,18.3400,16.2433,18.2067,12.6706,142170300
2008-10-17,17.9167,18.4600,16.5700,17.9233,12.4734,93669000
2008-10-20,18.2167,18.2300,17.4600,18.1433,12.6265,85245000
2008-10-21,18.0600,18.5000,17.8533,17.8900,12.4502,58332900
2008-10-22,17.6933,17.8567,17.0467,17.4233,12.1255,84611100
2008-10-23,17.4567,17.7267,16.6667,17.5867,12.2391,104835900
2008-10-24,16.6667,17.6567,16.6633,17.1333,11.9236,89429400
2008-10-27,16.9500,17.3367,16.5333,16.5567,11.5223,80234400
2008-10-28,16.9800,18.5733,16.9333,18.3900,12.7982,126016200
2008-10-29,18.3767,18.9333,17.8500,18.3400,12.7634,102701700
2008-10-30,18.6533,18.6667,17.9367,18.2500,12.7008,69974100
2008-10-31,18.3333,18.9233,18.0900,18.6033,12.9467,78094500
2008-11-03,18.9200,19.0667,18.5867,18.6567,12.9838,56271300
2008-11-04,18.9333,19.0833,18.5200,18.7100,13.0209,69164100
2008-11-05,18.6267,18.6667,18.0000,18.0433,12.5569,66570000
2008-11-06,18.5267,18.7833,17.6867,17.8300,12.4085,97344300
2008-11-07,17.9533,18.2333,17.8000,18.1300,12.6172,58313100
2008-11-10,18.3700,18.5767,18.1167,18.3933,12.8005,54605700
2008-11-11,18.3300,18.5467,17.7067,18.2500,12.7008,71357400
2008-11-12,17.7167,18.2367,17.4400,17.5400,12.2066,85122300
2008-11-13,17.6567,18.3167,17.0200,18.3100,12.7425,113225700
2008-11-14,18.1333,18.3733,17.5000,17.5700,12.2275,77255100
2008-11-17,17.5900,17.6900,17.0600,17.2700,12.0187,80894700
2008-11-18,17.2267,17.8567,16.9900,17.5733,12.2298,109886100
2008-11-19,17.5000,17.9333,16.9100,17.0000,11.8308,89328600
2008-11-20,16.8700,17.8333,16.7867,16.8867,11.7520,122490000
2008-11-21,17.1333,17.6800,16.7333,17.6400,12.2762,120777600
2008-11-24,17.7667,18.0367,17.4100,17.5900,12.2414,91222800
2008-11-25,17.9167,18.3833,17.7833,18.2267,12.6845,82114200
2008-11-26,17.9367,18.9167,17.9000,18.8967,13.1508,71235900
2008-11-28,18.8600,19.0000,18.5033,18.6267,12.9629,27215400
2008-12-01,18.4567,18.5767,17.6467,17.6700,12.2971,77836200
2008-12-02,17.9233,18.0867,17.4067,17.8167,12.3992,73387500
2008-12-03,17.5633,18.1700,17.5000,18.1267,12.6149,75645900
2008-12-04,18.3700,18.7333,18.0000,18.3700,12.7843,86379000
2008-12-05,18.0967,19.5700,18.0000,19.4033,13.5034,112969500
2008-12-08,19.5267,19.7433,18.8367,19.1867,13.3526,81184800
2008-12-09,19.0600,19.1100,18.3033,18.6033,12.9467,91214400
2008-12-10,18.6533,18.7100,18.0600,18.4167,12.8168,63895800
2008-12-11,18.1667,18.4867,18.0333,18.2633,12.7650,74848800
2008-12-12,17.9167,18.2933,17.9167,18.2100,12.7278,70874400
2008-12-15,18.3300,18.3733,18.0033,18.2367,12.7464,50157000
2008-12-16,18.3367,18.6567,18.0467,18.4133,12.8699,68988000
2008-12-17,18.3967,18.6933,18.2233,18.3967,12.8582,66586800
2008-12-18,18.4867,18.7367,18.2600,18.4700,12.9095,80824200
2008-12-19,18.5600,18.9700,18.5100,18.5800,12.9864,97314600
2008-12-22,18.6633,18.8333,18.4933,18.6633,13.0446,51045900
2008-12-23,18.7167,18.8000,18.3900,18.4300,12.8815,38562900
2008-12-24,18.5433,18.6067,18.4233,18.4800,12.9165,13682100
2008-12-26,18.5667,18.5800,18.4000,18.4500,12.8955,19121100
2008-12-29,18.4500,18.4667,18.1733,18.3700,12.8396,30142800
2008-12-30,18.4133,18.4667,18.1100,18.3500,12.8256,41927100
2008-12-31,18.4233,18.7767,18.2567,18.6867,13.0609,41645700
2009-01-02,18.6600,19.1700,18.5933,19.0600,13.3218,48164400
2009-01-05,18.9867,19.1167,18.5600,18.8400,13.1681,48063900
2009-01-06,18.8700,18.9333,18.5333,18.6733,13.0516,57438000
2009-01-07,18.4967,18.7367,18.3533,18.5133,12.9398,50346000
2009-01-08,17.1033,17.2733,16.7700,17.1267,11.9706,278516400
2009-01-09,17.1933,17.4700,17.0833,17.1933,12.0172,86091900
2009-01-12,17.1667,17.3967,17.0533,17.1300,11.9729,55306200
2009-01-13,17.1967,17.5667,17.1867,17.3733,12.1430,74980200
2009-01-14,17.0933,17.3333,17.0800,17.1867,12.0125,61431000
2009-01-15,17.1867,17.2800,16.7767,17.1167,11.9636,84182100
2009-01-16,17.3000,17.3500,17.0033,17.1867,12.0125,65023800
2009-01-20,17.1367,17.2133,16.8133,16.8533,11.7795,67708200
2009-01-21,16.7400,16.7733,16.1733,16.3800,11.4487,117235200
2009-01-22,16.3133,16.5333,15.9233,16.2900,11.3858,93343200
2009-01-23,16.0300,16.2000,16.0000,16.1167,11.2646,69273900
2009-01-26,16.2133,16.3300,16.0100,16.2000,11.3229,56647200
2009-01-27,16.3167,16.4333,16.1767,16.2633,11.3671,49435500
2009-01-28,16.5033,16.5467,16.1700,16.2433,11.3532,73991100
2009-01-29,16.1867,16.3567,15.9300,15.9533,11.1505,56619300
2009-01-30,16.0000,16.1000,15.6400,15.7067,10.9781,61844100
2009-02-02,15.5233,15.6733,15.4167,15.5233,10.8499,62583300
2009-02-03,15.6767,16.0000,15.5233,15.9367,11.1388,67655400
2009-02-04,15.6300,15.8633,15.4300,15.4733,10.8150,79518300
2009-02-05,15.7233,16.3267,15.7200,16.1867,11.3136,99879300
2009-02-06,16.2800,16.6933,16.1767,16.5433,11.5628,84891300
2009-02-09,16.5200,16.5200,16.2567,16.4267,11.4813,48831900
2009-02-10,16.3333,16.4267,15.7800,15.9067,11.1179,76822800
2009-02-11,15.9933,16.1733,15.9167,16.0767,11.2367,53277900
2009-02-12,15.9933,16.0967,15.6767,16.0433,11.2134,67178100
2009-02-13,15.9167,16.0367,15.4933,15.5100,10.8406,77000700
2009-02-17,15.8433,16.2933,15.7667,16.0800,11.2390,116757300
2009-02-18,16.3133,16.6667,16.1733,16.6667,11.6490,142068000
2009-02-19,16.4800,16.8900,16.4800,16.8167,11.7539,81933000
2009-02-20,16.6633,16.8833,16.5100,16.6733,11.6537,88744200
2009-02-23,16.7833,16.8133,16.2633,16.2933,11.3881,70857000
2009-02-24,16.2600,16.7867,16.2300,16.6700,11.6514,78678900
2009-02-25,16.3233,16.6867,16.1867,16.4033,11.4650,76429800
2009-02-26,16.5033,16.5467,16.0467,16.0833,11.2413,69507300
2009-02-27,15.9567,16.6667,15.8600,16.4133,11.4720,84485100
2009-03-02,16.2700,16.4967,15.9867,16.0133,11.1924,76052400
2009-03-03,16.1133,16.1900,15.6667,15.7933,11.0386,84125400
2009-03-04,15.9867,16.4000,15.7167,16.1633,11.2972,95431200
2009-03-05,16.7833,17.0000,16.4300,16.5833,11.5908,138795600
2009-03-06,16.7167,16.7167,16.0333,16.3033,11.3951,101318400
2009-03-09,16.1867,16.3700,15.7667,15.8367,11.0689,79526700
2009-03-10,15.8700,16.3067,15.7567,16.2233,11.3392,97597500
2009-03-11,16.2200,16.2700,15.7167,15.8200,11.1196,78197700
2009-03-12,15.9567,16.3733,15.7733,16.3133,11.4664,75390000
2009-03-13,16.2233,16.4900,16.1133,16.3967,11.5250,61714500
2009-03-16,16.4467,16.5167,16.2200,16.2667,11.4336,49141500
2009-03-17,16.3000,16.6667,16.2633,16.6667,11.7148,55867800
2009-03-18,16.3167,17.0333,16.3167,16.8133,11.8179,60572700
2009-03-19,16.9333,16.9700,16.5367,16.6500,11.7030,62254500
2009-03-20,16.7133,16.7967,16.3300,16.5300,11.6187,78924900
2009-03-23,16.7600,17.1600,16.4500,17.1600,12.0615,59039100
2009-03-24,17.0000,17.2000,16.8633,17.0267,11.9678,61909800
2009-03-25,17.0900,17.4300,16.8800,17.2267,12.1084,70334100
2009-03-26,17.3533,17.6667,17.3167,17.5867,12.3614,75148500
2009-03-27,17.4533,17.6667,17.3467,17.5233,12.3169,60853200
2009-03-30,17.3333,17.3867,17.0867,17.2533,12.1271,50155200
2009-03-31,17.3467,17.4833,17.0200,17.3667,12.2068,63535800
2009-04-01,17.1267,17.6833,17.0733,17.6067,12.3755,67957200
2009-04-02,17.7800,18.1900,17.7333,17.8800,12.5676,65542800
2009-04-03,17.9000,18.1000,17.6500,17.9333,12.6051,49566900
2009-04-06,17.8033,17.9167,17.6333,17.8100,12.5184,46532400
2009-04-07,17.6533,17.6733,17.3333,17.4633,12.2747,42833100
2009-04-08,17.5533,17.6733,17.4233,17.5367,12.3263,51762900
2009-04-09,16.6800,17.1133,16.5500,16.8867,11.8694,126973500
2009-04-13,16.9333,17.3267,16.8733,17.1767,12.0732,58039800
2009-04-14,17.0667,17.1000,16.8500,17.0400,11.9772,53807100
2009-04-15,16.9200,17.1400,16.8733,17.0967,12.0170,39026100
2009-04-16,17.1000,17.1633,16.7567,16.9267,11.8975,63739500
2009-04-17,17.0633,17.0833,16.7133,16.7333,11.7616,72072000
2009-04-20,16.6967,16.8133,16.3967,16.4233,11.5437,60895200
2009-04-21,16.5533,16.6667,16.3100,16.6100,11.6749,46714800
2009-04-22,16.5300,16.7433,16.2733,16.3200,11.4711,61171500
2009-04-23,16.3333,16.3933,16.0900,16.2867,11.4477,48756600
2009-04-24,16.2733,16.5200,15.9067,15.9567,11.2157,80793000
2009-04-27,15.9200,16.3133,15.8800,16.1700,11.3657,61824300
2009-04-28,16.0933,16.4567,16.0100,16.1567,11.3563,81424800
2009-04-29,16.2833,17.0333,16.1667,16.8167,11.8202,102965700
2009-04-30,16.9467,16.9500,16.6433,16.8000,11.8085,69167100
2009-05-01,16.8333,16.8400,16.4100,16.6833,11.7265,47331900
2009-05-04,16.7367,17.1167,16.7300,16.9467,11.9116,63605700
2009-05-05,16.8900,17.1267,16.6500,16.8200,11.8225,58946100
2009-05-06,16.8900,17.0300,16.3567,16.5033,11.6000,78267900
2009-05-07,16.9533,17.0500,16.5133,16.6300,11.6890,93789300
2009-05-08,16.8000,16.8000,16.5833,16.7133,11.7476,55603800
2009-05-11,16.6567,17.0100,16.5767,16.8767,11.8624,53983500
2009-05-12,16.9600,17.1100,16.8867,16.9667,11.9256,51612300
2009-05-13,16.7667,16.7667,16.5133,16.6767,11.7850,57554400
2009-05-14,16.7000,16.7900,16.2500,16.3667,11.5659,78991500
2009-05-15,16.3200,16.4467,16.0400,16.0500,11.3421,60168300
2009-05-18,16.2667,16.6600,16.2300,16.6400,11.7591,56515200
2009-05-19,16.6400,16.6667,16.4500,16.4533,11.6272,43863000
2009-05-20,16.5867,16.7667,16.2833,16.3133,11.5282,60555900
2009-05-21,16.2700,16.5100,16.2233,16.3700,11.5683,47151000
2009-05-22,16.4567,16.5900,16.3700,16.4167,11.6013,34034100
2009-05-26,16.3933,16.8867,16.3867,16.6667,11.7779,52041900
2009-05-27,16.7467,16.9400,16.4167,16.4400,11.6178,52394400
2009-05-28,16.5033,16.5967,16.3067,16.5167,11.6719,46216800
2009-05-29,16.6333,16.6567,16.3567,16.5800,11.7167,38519700
2009-06-01,16.7267,16.9000,16.5267,16.8633,11.9169,59977500
2009-06-02,16.7933,16.9500,16.6233,16.6433,11.7614,52197900
2009-06-03,16.5833,16.9933,16.5667,16.9600,11.9852,59210700
2009-06-04,16.9433,17.0000,16.7500,16.9567,11.9829,45876000
2009-06-05,17.0400,17.2500,16.7367,17.0233,12.0300,75981600
2009-06-08,16.9967,17.0200,16.8000,16.9367,11.9687,56925600
2009-06-09,16.9533,17.0533,16.8333,16.8700,11.9216,43213800
2009-06-10,16.9367,16.9500,16.5767,16.6867,11.7921,59491500
2009-06-11,16.6833,16.7500,16.4300,16.4400,11.6178,64824000
2009-06-12,16.4500,16.6200,16.4033,16.6133,11.7402,46015200
2009-06-15,16.3667,16.4000,16.0733,16.1533,11.4152,73821300
2009-06-16,16.1700,16.2067,16.0167,16.0833,11.3657,62130300
2009-06-17,16.1000,16.2967,16.0333,16.1867,11.4387,57816000
2009-06-18,16.2167,16.2967,16.1333,16.2267,11.4670,41781300
2009-06-19,16.3500,16.3500,16.0333,16.0567,11.3469,71303400
2009-06-22,16.0333,16.3000,16.0067,16.1967,11.4458,60085200
2009-06-23,16.2400,16.2767,16.0833,16.1167,11.3893,48711600
2009-06-24,16.1667,16.2567,16.0367,16.1700,11.4269,50043900
2009-06-25,16.1467,16.4833,16.1067,16.3833,11.5777,59588700
2009-06-26,16.3467,16.3533,16.1433,16.2100,11.4552,61609800
2009-06-29,16.2367,16.3000,16.1333,16.2533,11.4858,51972900
2009-06-30,16.2867,16.3600,16.1000,16.1467,11.4105,50517300
2009-07-01,16.1833,16.2133,16.0567,16.1233,11.3940,55294800
2009-07-02,16.0867,16.1333,15.9200,15.9300,11.2573,59958600
2009-07-06,15.9133,16.0600,15.8567,15.9100,11.2432,60765600
2009-07-07,15.9667,16.0167,15.9100,15.9467,11.2691,45279300
2009-07-08,16.0367,16.1667,15.9933,16.1233,11.3940,56639400
2009-07-09,16.2667,16.2833,15.9600,16.0267,11.3257,45369600
2009-07-10,15.9800,16.0800,15.7833,15.8567,11.2055,47913300
2009-07-13,15.8667,15.9800,15.8067,15.9433,11.2668,48102900
2009-07-14,15.9533,16.0500,15.8467,16.0433,11.3374,40399200
2009-07-15,16.1167,16.1900,15.9867,16.1833,11.4364,56225100
2009-07-16,16.1167,16.1967,15.9967,16.1700,11.4269,56589900
2009-07-17,16.2033,16.2367,16.0067,16.1633,11.4222,43236900
2009-07-20,16.2200,16.2833,16.0733,16.2733,11.5000,51321600
2009-07-21,16.3033,16.3167,16.1500,16.2867,11.5094,51564300
2009-07-22,16.2667,16.5100,16.2200,16.3900,11.5824,45115500
2009-07-23,16.3933,16.4967,16.2133,16.2533,11.4858,79989000
2009-07-24,16.2700,16.3967,16.2533,16.3133,11.5282,39274200
2009-07-27,16.3667,16.3667,16.1767,16.3233,11.5353,42810600
2009-07-28,16.2533,16.3300,16.2200,16.3067,11.5235,35418000
2009-07-29,16.3067,16.5233,16.2667,16.4567,11.6295,49822500
2009-07-30,16.5167,16.8000,16.5000,16.6600,11.7732,52130700
2009-07-31,16.6833,16.8100,16.5900,16.6267,11.7497,43985700
2009-08-03,16.7400,16.7400,16.5067,16.6133,11.7402,45601500
2009-08-04,16.5367,16.7600,16.5000,16.6167,11.7426,54801600
2009-08-05,16.6467,16.6567,16.3933,16.4000,11.5895,53149200
2009-08-06,16.4167,16.4600,16.2500,16.3267,11.5377,48633000
2009-08-07,16.4267,16.5000,16.3133,16.4300,11.6107,40184700
2009-08-10,16.4600,16.5767,16.3367,16.5733,11.7120,39144300
2009-08-11,16.5700,16.7833,16.5067,16.6800,11.7873,48754800
2009-08-12,16.7000,16.9467,16.7000,16.8367,11.9633,54929400
2009-08-13,17.2767,17.3333,16.8500,17.2933,12.2878,96432000
2009-08-14,17.2900,17.4167,17.1800,17.2633,12.2665,51714000
2009-08-17,17.1000,17.2867,17.0467,17.1900,12.2144,53142600
2009-08-18,17.2133,17.2833,17.0800,17.1200,12.1647,36855300
2009-08-19,17.0233,17.2833,16.9833,17.2233,12.2381,42990300
2009-08-20,17.2000,17.2733,17.0833,17.2367,12.2476,27902700
2009-08-21,17.3233,17.3667,17.0833,17.1200,12.1647,63281400
2009-08-24,17.1733,17.2333,17.0500,17.1833,12.2097,34857300
2009-08-25,17.2267,17.5200,17.1867,17.2233,12.2381,49747200
2009-08-26,17.2467,17.4133,17.1867,17.2667,12.2689,42874800
2009-08-27,17.2167,17.2467,17.0400,17.0800,12.1362,51652200
2009-08-28,17.1200,17.1333,16.8700,17.0433,12.1102,44379900
2009-08-31,17.0067,17.1567,16.9100,16.9567,12.0486,51727800
2009-09-01,16.9367,17.1267,16.8800,16.9900,12.0723,49847100
2009-09-02,16.9300,17.0167,16.9233,16.9733,12.0604,40324200
2009-09-03,17.0500,17.2833,16.9967,17.2467,12.2547,48886800
2009-09-04,17.2333,17.3667,17.1667,17.2267,12.2405,39809700
2009-09-08,17.2400,17.2667,17.1100,17.1333,12.1741,42396600
2009-09-09,17.1733,17.1733,16.9467,17.0367,12.1054,45269700
2009-09-10,16.9700,17.0967,16.9100,17.0100,12.0865,68593200
2009-09-11,16.9967,17.0133,16.8733,16.9067,12.0131,48269400
2009-09-14,16.7900,16.8433,16.7333,16.7933,11.9325,49630500
2009-09-15,16.8400,16.8600,16.6100,16.6433,11.8260,79187700
2009-09-16,16.6600,16.7267,16.5833,16.6800,11.8520,52833600
2009-09-17,16.7000,16.7133,16.6167,16.6533,11.8331,53304300
2009-09-18,16.6667,16.8000,16.6467,16.7033,11.8686,100336800
2009-09-21,16.6767,16.9900,16.6733,16.9700,12.0581,45849300
2009-09-22,17.0100,17.1000,16.9733,16.9967,12.0770,43624500
2009-09-23,17.0133,17.0433,16.8000,16.8000,11.9373,42050400
2009-09-24,16.8867,16.9467,16.7800,16.9000,12.0083,35829000
2009-09-25,16.8000,16.8800,16.4733,16.4900,11.7170,79026300
2009-09-28,16.5333,16.5667,16.4433,16.5000,11.7241,44375700
2009-09-29,16.5500,16.5600,16.3933,16.4100,11.6602,51301200
2009-09-30,16.4267,16.4367,16.2433,16.3633,11.6270,66273900
2009-10-01,16.3567,16.4567,16.2433,16.3333,11.6057,67401300
2009-10-02,16.2967,16.4467,16.2800,16.3600,11.6246,45281400
2009-10-05,16.3333,16.3967,16.2833,16.3533,11.6199,42652500
2009-10-06,16.4100,16.5467,16.3767,16.4933,11.7194,52748400
2009-10-07,16.5100,16.5667,16.4400,16.4967,11.7217,34860600
2009-10-08,16.5100,16.6233,16.4667,16.5800,11.7810,44885400
2009-10-09,16.6033,16.6767,16.5400,16.6567,11.8354,49148400
2009-10-12,16.6767,16.7367,16.4900,16.5367,11.7502,49072800
2009-10-13,16.5600,16.8600,16.5500,16.7800,11.9231,62561700
2009-10-14,16.8767,16.8800,16.7000,16.7300,11.8875,48216600
2009-10-15,16.7600,16.9967,16.7333,16.9833,12.0675,65054700
2009-10-16,16.9333,17.1367,16.8733,17.0733,12.1315,49629900
2009-10-19,17.1167,17.3233,17.0833,17.2967,12.2902,46234200
2009-10-20,17.3267,17.3333,17.1667,17.2333,12.2452,39724200
2009-10-21,17.2233,17.3233,16.7867,16.8767,11.9918,65711400
2009-10-22,16.8733,16.9167,16.6767,16.8267,11.9562,73812600
2009-10-23,16.8933,16.9033,16.6600,16.8133,11.9468,45340200
2009-10-26,16.8600,16.8700,16.6067,16.6133,11.8046,45821100
2009-10-27,16.6533,16.7033,16.5900,16.6233,11.8118,46772100
2009-10-28,16.6033,16.7900,16.5767,16.6333,11.8189,51051300
2009-10-29,16.7167,16.8233,16.6033,16.8000,11.9373,43167300
2009-10-30,16.7967,16.8167,16.5400,16.5600,11.7667,52905300
2009-11-02,16.6033,16.7833,16.5633,16.7600,11.9089,45113100
2009-11-03,16.7200,16.8567,16.5067,16.6333,11.8189,48612900
2009-11-04,16.6800,16.9267,16.6200,16.7933,11.9325,43565100
2009-11-05,16.8367,17.1167,16.8300,17.0933,12.1457,50059200
2009-11-06,17.0100,17.0900,16.9000,17.0833,12.1386,37095900
2009-11-09,17.2200,17.3433,17.1367,17.3333,12.3162,45853500
2009-11-10,17.2567,17.4900,17.2533,17.4367,12.3897,50464500
2009-11-11,17.5300,17.6667,17.3933,17.6567,12.5460,69892200
2009-11-12,17.7900,17.9133,17.7033,17.7467,12.6099,84795300
2009-11-13,17.7600,17.8500,17.6867,17.7333,12.6005,52907100
2009-11-16,17.7833,17.8200,17.6033,17.7200,12.5910,46039200
2009-11-17,17.8000,17.9333,17.7000,17.8867,12.7094,53133900
2009-11-18,17.9333,18.1333,17.8700,18.0500,12.8255,40082700
2009-11-19,18.0000,18.2167,17.9200,18.1800,12.9178,52104900
2009-11-20,18.1767,18.2900,18.0000,18.0933,12.8563,45151500
2009-11-23,18.2600,18.2833,18.1733,18.2267,12.9510,35796600
2009-11-24,18.2533,18.3067,18.1767,18.2833,12.9913,31799700
2009-11-25,18.2867,18.3633,18.2600,18.3200,13.0173,27189600
2009-11-27,18.0300,18.2800,18.0300,18.2100,12.9392,22586100
2009-11-30,18.1767,18.2333,18.0333,18.1833,12.9202,35786100
2009-12-01,18.2833,18.3600,18.2067,18.2500,12.9676,36022800
2009-12-02,18.2233,18.2933,18.1600,18.1900,12.9250,30120900
2009-12-03,18.2433,18.2567,18.1033,18.1467,12.8942,34223700
2009-12-04,18.2367,18.2667,17.9833,18.0800,12.8468,33363600
2009-12-07,18.0467,18.3267,18.0467,18.3100,13.0102,34088100
2009-12-08,18.2733,18.2833,18.0200,18.1367,12.8870,47524800
2009-12-09,18.0800,18.0900,17.9200,18.0233,12.8711,38048400
2009-12-10,18.0933,18.2900,18.0700,18.2300,13.0187,30339300
2009-12-11,18.2733,18.3333,18.2133,18.2167,13.0092,34198800
2009-12-14,18.1933,18.2000,17.9367,18.0233,12.8711,44623200
2009-12-15,17.9867,18.0233,17.8300,17.9933,12.8497,45641100
2009-12-16,18.0700,18.0767,17.7100,17.7733,12.6926,51537600
2009-12-17,17.7000,17.7333,17.4533,17.5867,12.5593,46921200
2009-12-18,17.6867,17.6867,17.4367,17.6167,12.5807,78155700
2009-12-21,17.6467,17.8467,17.6433,17.8000,12.7116,40296300
2009-12-22,17.8200,17.9167,17.7500,17.7800,12.6973,35872200
2009-12-23,17.8167,17.8700,17.7500,17.7733,12.6926,25893000
2009-12-24,17.8067,17.9133,17.7900,17.8667,12.7592,13419300
2009-12-28,17.9300,17.9967,17.8700,17.9933,12.8497,22275900
2009-12-29,17.9900,18.0667,17.9667,18.0367,12.8806,21792600
2009-12-30,17.9767,18.1167,17.9633,18.1000,12.9259,20391000
2009-12-31,18.0833,18.1233,17.8067,17.8167,12.7235,29294400
2010-01-04,17.9133,18.2233,17.8900,18.0767,12.9092,62259300
2010-01-05,18.0300,18.0633,17.8567,17.8967,12.7806,46945200
2010-01-06,17.8333,17.9433,17.8067,17.8567,12.7521,37551600
2010-01-07,17.9067,17.9167,17.7533,17.8667,12.7592,31988100
2010-01-08,17.8100,17.8433,17.6733,17.7767,12.6949,34089600
2010-01-11,17.7767,18.1467,17.7000,18.0700,12.9044,41963100
2010-01-12,18.0000,18.2500,17.9533,18.2433,13.0282,45351000
2010-01-13,18.2633,18.4000,18.1367,18.3367,13.0949,39872100
2010-01-14,18.2433,18.2800,18.0533,18.0700,12.9044,41316000
2010-01-15,18.1133,18.1833,17.8667,17.8933,12.7783,57262500
2010-01-19,17.9700,18.0867,17.8333,18.0100,12.8616,43855500
2010-01-20,17.9733,17.9800,17.7433,17.9533,12.8211,39925800
2010-01-21,18.0233,18.0233,17.6133,17.6400,12.5974,48086100
2010-01-22,17.6533,17.8233,17.5633,17.6467,12.6021,58247700
2010-01-25,17.7133,17.7400,17.5933,17.6267,12.5878,36009900
2010-01-26,17.6067,17.9533,17.5767,17.8700,12.7616,46752000
2010-01-27,17.8400,17.9233,17.7000,17.8000,12.7116,39576300
2010-01-28,17.7933,17.8167,17.5033,17.5367,12.5236,50880300
2010-01-29,17.8933,18.0500,17.8000,17.8100,12.7188,72842400
2010-02-01,17.8733,17.9267,17.7700,17.8267,12.7307,33058500
2010-02-02,17.8633,17.9067,17.7767,17.8300,12.7330,34163700
2010-02-03,17.9100,18.1667,17.8800,18.0900,12.9187,53966700
2010-02-04,17.9600,18.1000,17.6533,17.6567,12.6093,63089700
2010-02-05,17.5900,17.8433,17.5867,17.8167,12.7235,46637400
2010-02-08,17.7933,17.8467,17.6400,17.6433,12.5997,31517700
2010-02-09,17.7367,17.8733,17.6067,17.7500,12.6759,32475000
2010-02-10,17.7567,17.8333,17.6533,17.7467,12.6735,28225200
2010-02-11,17.7100,17.8167,17.6367,17.6933,12.6354,34738800
2010-02-12,17.7033,17.7033,17.5533,17.6333,12.5926,51115200
2010-02-16,17.7467,17.9067,17.6333,17.8533,12.7497,47313600
2010-02-17,17.8967,18.0833,17.8833,18.0200,12.8687,46602600
2010-02-18,17.7333,17.8333,17.6367,17.8233,12.7283,88372500
2010-02-19,17.7300,17.8600,17.6900,17.8300,12.7330,45271200
2010-02-22,17.8400,17.9733,17.7800,17.9433,12.8140,36291600
2010-02-23,17.9167,18.0267,17.8167,17.8733,12.7640,42414000
2010-02-24,17.9133,17.9833,17.8267,17.9733,12.8354,31872600
2010-02-25,17.8200,18.0933,17.7500,18.0500,12.8901,40530300
2010-02-26,18.0733,18.0800,17.8333,18.0233,12.8711,47858700
2010-03-01,18.0133,18.0433,17.8467,17.9667,12.8306,36386100
2010-03-02,17.9433,17.9633,17.8233,17.8633,12.7568,42245100
2010-03-03,17.7833,17.9167,17.7167,17.8867,12.7735,34893600
2010-03-04,18.0067,18.0300,17.9167,17.9867,12.8449,33635400
2010-03-05,17.9900,18.0567,17.8333,18.0467,12.8878,34125300
2010-03-08,18.0033,18.0933,17.9767,18.0500,12.8901,22670100
2010-03-09,18.0400,18.1667,17.9733,18.0200,12.8687,37753800
2010-03-10,17.8900,18.0067,17.8433,17.8767,12.8383,38091000
2010-03-11,17.8800,17.9967,17.8433,17.9900,12.9197,32021700
2010-03-12,18.0533,18.0800,17.9300,17.9667,12.9030,31433700
2010-03-15,18.1300,18.5133,18.1167,18.4733,13.2668,73121700
2010-03-16,18.6267,18.7567,18.5333,18.6633,13.4033,55359000
2010-03-17,18.6833,18.7100,18.5533,18.6400,13.3865,37485600
2010-03-18,18.6300,18.6500,18.5133,18.6467,13.3913,28416600
2010-03-19,18.4467,18.7567,18.3833,18.4467,13.2477,51552300
2010-03-22,18.4367,18.6467,18.3767,18.5400,13.3147,29622300
2010-03-23,18.5433,18.6667,18.5367,18.6300,13.3793,28107900
2010-03-24,18.5767,18.6667,18.4767,18.5267,13.3051,26096700
2010-03-25,18.5433,18.6633,18.5333,18.5367,13.3123,29379300
2010-03-26,18.5367,18.6533,18.4900,18.5033,13.2884,29841900
2010-03-29,18.5000,18.5833,18.4767,18.5800,13.3434,29329500
2010-03-30,18.5933,18.6833,18.5533,18.6367,13.3841,20823900
2010-03-31,18.6033,18.6333,18.5000,18.5333,13.3099,29900700
2010-04-01,18.5833,18.6167,18.3900,18.4967,13.2836,35364300
2010-04-05,18.5667,18.5767,18.4067,18.4967,13.2836,32246400
2010-04-06,18.4800,18.5433,18.4300,18.5100,13.2932,28701600
2010-04-07,18.5000,18.6333,18.3800,18.4267,13.2333,38805600
2010-04-08,18.4300,18.5667,18.3867,18.4600,13.2572,33419100
2010-04-09,18.4600,18.4600,18.2100,18.3567,13.1830,37605300
2010-04-12,18.3400,18.3667,18.1933,18.3400,13.1711,35862900
2010-04-13,18.3033,18.4033,18.2200,18.2400,13.0992,38553300
2010-04-14,18.2100,18.3033,18.1133,18.2133,13.0801,44060700
2010-04-15,18.0500,18.1200,17.9733,18.0433,12.9580,52977900
2010-04-16,18.0367,18.1967,17.9467,18.0367,12.9532,57696000
2010-04-19,18.0000,18.1600,18.0000,18.1300,13.0203,33946800
2010-04-20,18.1633,18.2733,18.1267,18.1733,13.0514,27276900
2010-04-21,18.1467,18.1900,18.0600,18.1567,13.0394,34497900
2010-04-22,18.1233,18.2167,18.0500,18.1633,13.0442,32763600
2010-04-23,18.1567,18.2033,17.9733,18.1767,13.0538,49787400
2010-04-26,18.1767,18.2333,18.0033,18.0133,12.9365,44253000
2010-04-27,17.8667,18.1400,17.8433,18.0133,12.9365,57523800
2010-04-28,17.9733,18.0333,17.8400,17.8700,12.8335,44712600
2010-04-29,17.8867,18.0767,17.8500,17.9000,12.8551,39960000
2010-04-30,17.9400,18.0500,17.8800,17.8800,12.8407,48838200
2010-05-03,17.9600,17.9833,17.8233,17.9133,12.8647,36903000
2010-05-04,17.8633,18.1900,17.8500,18.0067,12.9317,56012700
2010-05-05,18.0367,18.3167,17.9400,18.2567,13.1112,49829700
2010-05-06,18.1167,18.2600,17.1767,17.7433,12.7426,72202500
2010-05-07,17.6800,17.8733,17.2667,17.4667,12.5439,86835300
2010-05-10,17.6867,17.7467,17.2767,17.5267,12.5870,81270900
2010-05-11,17.4500,17.5900,17.3900,17.4867,12.5582,58869900
2010-05-12,17.5000,17.5200,17.3767,17.4933,12.6360,40830300
2010-05-13,17.5433,17.6567,17.4533,17.4667,12.6167,37374000
2010-05-14,17.4700,17.5667,17.3400,17.3733,12.5493,55944900
2010-05-17,17.4700,17.6400,17.3467,17.5767,12.6962,50836200
2010-05-18,17.7733,18.1500,17.7333,17.9033,12.9322,96683100
2010-05-19,17.8433,17.9200,17.5967,17.6800,12.7708,61256100
2010-05-20,17.4567,17.6533,17.1000,17.1000,12.3519,81768000
2010-05-21,16.9100,17.1233,16.8367,17.1233,12.3687,73645800
2010-05-24,17.0133,17.1800,16.9667,17.0000,12.2797,40673400
2010-05-25,16.7500,16.8333,16.6667,16.7600,12.1063,72187200
2010-05-26,16.7867,16.8667,16.6700,16.6733,12.0437,57234300
2010-05-27,16.8400,16.9100,16.7733,16.9000,12.2074,41941200
2010-05-28,16.9167,16.9767,16.8333,16.8533,12.1737,42058500
2010-06-01,16.9333,17.1700,16.8400,16.9733,12.2604,48160800
2010-06-02,17.0767,17.2467,17.0067,17.2400,12.4530,40997400
2010-06-03,17.2433,17.3600,17.1600,17.2400,12.4530,31527300
2010-06-04,17.1367,17.2333,16.7400,16.8000,12.1352,72125700
2010-06-07,16.8200,17.1233,16.7733,16.9133,12.2171,58501800
2010-06-08,16.9300,16.9933,16.8433,16.9267,12.2267,60946500
2010-06-09,16.9867,17.1200,16.8633,16.9967,12.2772,49592700
2010-06-10,17.0700,17.2267,17.0200,17.0733,12.3326,47551500
2010-06-11,16.9900,17.0900,16.8500,16.9533,12.2459,42082200
2010-06-14,17.0367,17.1533,16.9633,17.0800,12.3374,41700300
2010-06-15,17.0667,17.2167,17.0200,17.2133,12.4338,42932400
2010-06-16,17.1667,17.1933,16.9733,16.9933,12.2748,47702100
2010-06-17,17.0167,17.1633,16.9867,17.1367,12.3784,38001900
2010-06-18,17.1367,17.3033,17.1367,17.1833,12.4121,76277400
2010-06-21,17.2367,17.2933,16.9033,17.0067,12.2845,43965600
2010-06-22,17.0233,17.1567,16.8667,16.8933,12.2026,40974600
2010-06-23,16.9200,17.0133,16.8000,16.9367,12.2339,47837700
2010-06-24,16.9100,16.9433,16.6500,16.6767,12.0461,44457600
2010-06-25,16.6500,16.7333,16.2667,16.2667,11.7499,135999600
2010-06-28,16.3533,16.5900,16.3367,16.5233,11.9353,44091600
2010-06-29,16.3900,16.4200,16.1433,16.3000,11.7740,61052400
2010-06-30,16.3200,16.3233,16.0033,16.0233,11.5742,55166400
2010-07-01,16.0333,16.1367,15.9233,16.1133,11.6392,54343200
2010-07-02,16.1467,16.1467,15.9467,16.0000,11.5573,40743900
2010-07-06,16.4467,16.4800,16.0867,16.1900,11.6946,54676800
2010-07-07,16.2200,16.3233,16.0533,16.3067,11.7788,48528600
2010-07-08,16.4400,16.4400,16.2633,16.3933,11.8414,37950000
2010-07-09,16.4167,16.5167,16.3833,16.4767,11.9016,34821600
2010-07-12,16.5933,16.7767,16.5600,16.7067,12.0678,40322700
2010-07-13,16.7833,16.8967,16.7000,16.8467,12.1689,39659400
2010-07-14,16.6833,16.7867,16.6800,16.7833,12.1231,32124900
2010-07-15,16.7800,16.8133,16.6367,16.8033,12.1376,36766800
2010-07-16,16.7167,16.7767,16.5067,16.5567,11.9594,47766600
2010-07-19,16.5733,16.6033,16.3633,16.5067,11.9233,35688000
2010-07-20,16.4200,17.0100,16.4200,16.9600,12.2508,48851700
2010-07-21,17.0000,17.0000,16.7033,16.7833,12.1231,36933300
2010-07-22,16.8500,17.0300,16.8367,16.9533,12.2459,35952600
2010-07-23,16.9700,17.2700,16.9667,17.2233,12.4410,39139200
2010-07-26,17.2233,17.2233,16.9700,17.0433,12.3110,42336300
2010-07-27,16.9333,17.1000,16.8867,16.9867,12.2700,36885600
2010-07-28,16.9333,17.1300,16.9333,17.0433,12.3110,27985500
2010-07-29,17.0767,17.2600,16.9333,17.0200,12.2941,28891500
2010-07-30,16.8700,17.0833,16.8333,17.0633,12.3254,40654200
2010-08-02,17.1833,17.2333,16.9833,17.1367,12.3784,41583000
2010-08-03,17.0833,17.2167,17.0100,17.0967,12.3495,32005800
2010-08-04,17.0133,17.2367,17.0033,17.2000,12.4241,24206700
2010-08-05,17.2133,17.2233,17.0733,17.2067,12.4289,22317000
2010-08-06,17.1400,17.2633,17.0367,17.2633,12.4699,24810900
2010-08-09,17.2767,17.4467,17.2667,17.3533,12.5349,24796200
2010-08-10,17.3033,17.4933,17.2300,17.4067,12.5734,26537400
2010-08-11,17.2067,17.2067,16.9933,17.0067,12.3562,33918900
2010-08-12,16.8533,16.9267,16.6700,16.8100,12.2133,38390700
2010-08-13,16.7767,16.9133,16.6667,16.8000,12.2060,30285900
2010-08-16,16.7233,16.8567,16.6867,16.8033,12.2084,28946100
2010-08-17,16.9300,17.2067,16.8867,17.0067,12.3562,48946500
2010-08-18,17.0000,17.1067,16.8733,16.9533,12.3174,47235000
2010-08-19,16.9000,16.9867,16.6667,16.6867,12.1237,46902300
2010-08-20,16.7233,16.8233,16.6767,16.7400,12.1624,35105100
2010-08-23,16.8567,17.1667,16.7967,17.0467,12.3852,43973400
2010-08-24,16.8900,17.2400,16.8667,17.1000,12.4240,50102400
2010-08-25,17.0833,17.2633,17.0300,17.1833,12.4845,44527200
2010-08-26,17.2067,17.2067,16.9167,16.9900,12.3441,35696100
2010-08-27,17.0067,17.0833,16.9067,17.0000,12.3513,35805000
2010-08-30,17.0067,17.0833,16.8433,16.8500,12.2423,25507500
2010-08-31,16.8367,17.0333,16.7067,16.7133,12.1430,76078200
2010-09-01,16.8300,17.1433,16.8200,17.0667,12.3998,40294500
2010-09-02,17.0400,17.2700,17.0400,17.2533,12.5354,33618300
2010-09-03,17.2867,17.3633,17.1833,17.3467,12.6032,28839300
2010-09-07,17.3567,17.5200,17.2800,17.2867,12.5596,31751400
2010-09-08,17.2967,17.3267,17.1733,17.2767,12.5523,26880000
2010-09-09,17.3533,17.3667,17.2800,17.3033,12.5717,21869100
2010-09-10,17.3000,17.3567,17.2400,17.3233,12.5862,24481200
2010-09-13,17.4167,17.4900,17.3367,17.4033,12.6444,23604000
2010-09-14,17.3867,17.6767,17.3833,17.5533,12.7534,33604200
2010-09-15,17.4900,17.7000,17.4700,17.6200,12.8018,30594300
2010-09-16,17.5533,17.7600,17.5167,17.7167,12.8720,32228100
2010-09-17,17.7233,17.7767,17.6267,17.6700,12.8381,62399400
2010-09-20,17.7000,17.8900,17.6967,17.8467,12.9665,27780300
2010-09-21,17.8400,17.9867,17.7733,17.8567,12.9737,28275300
2010-09-22,17.8400,18.0000,17.8167,17.9400,13.0343,29730000
2010-09-23,17.9100,17.9733,17.8433,17.8833,12.9931,21873600
2010-09-24,17.9833,18.1300,17.9467,18.0267,13.0972,29305200
2010-09-27,17.9700,18.0033,17.8233,17.8267,12.9519,25986600
2010-09-28,17.8433,17.9967,17.6833,17.9400,13.0343,33441900
2010-09-29,17.9333,17.9367,17.7033,17.7833,12.9204,29592300
2010-09-30,17.8433,17.9967,17.7133,17.8400,12.9616,32703000
2010-10-01,17.8667,17.8733,17.7333,17.7867,12.9229,24688200
2010-10-04,17.7800,17.9000,17.7133,17.8567,12.9737,21427500
2010-10-05,17.9800,18.0833,17.9433,18.0000,13.0779,30648000
2010-10-06,17.9733,18.2100,17.9667,18.1867,13.2135,31241400
2010-10-07,18.2200,18.2733,18.0133,18.1200,13.1651,23309400
2010-10-08,18.1167,18.1967,18.0067,18.1367,13.1772,26380800
2010-10-11,18.1733,18.2467,18.1433,18.2033,13.2256,21111900
2010-10-12,18.1500,18.1500,17.9167,17.9733,13.0585,45104400
2010-10-13,18.0600,18.1733,17.9100,17.9400,13.0343,40840800
2010-10-14,17.9567,17.9567,17.6433,17.7500,12.8962,46640700
2010-10-15,17.7867,17.8600,17.6733,17.7833,12.9204,37677000
2010-10-18,17.7500,17.9667,17.7500,17.9200,13.0197,27689700
2010-10-19,17.8167,17.9200,17.7100,17.7733,12.9132,30675000
2010-10-20,17.7633,17.9467,17.7500,17.8233,12.9495,29226900
2010-10-21,17.8967,18.1133,17.8633,18.0100,13.0851,28806600
2010-10-22,17.9867,18.0333,17.9533,18.0200,13.0924,17386500
2010-10-25,18.0600,18.1333,17.9667,17.9833,13.0658,23889300
2010-10-26,17.9467,18.2433,17.9433,18.1867,13.2135,30880800
2010-10-27,18.0800,18.2100,17.8500,17.9567,13.0464,39060900
2010-10-28,18.0633,18.0767,17.8633,18.0267,13.0972,24550800
2010-10-29,18.0133,18.1967,17.8700,18.0567,13.1190,24098700
2010-11-01,18.0167,18.1667,18.0067,18.1033,13.1529,24622500
2010-11-02,18.1833,18.3300,18.1633,18.2633,13.2692,26547600
2010-11-03,18.2567,18.3167,18.0733,18.3033,13.2983,27567600
2010-11-04,18.3333,18.5000,18.3167,18.4533,13.4072,39740400
2010-11-05,18.4833,18.5733,18.3000,18.4000,13.3685,30784200
2010-11-08,18.3033,18.3600,18.1700,18.3033,13.2983,29823300
2010-11-09,18.3600,18.4033,18.2767,18.3500,13.3322,30141300
2010-11-10,18.2533,18.2533,18.0300,18.1700,13.2014,33710700
2010-11-11,18.1733,18.1733,17.9867,18.1133,13.1602,37698300
2010-11-12,18.0333,18.1133,17.9533,18.0433,13.1094,32033400
2010-11-15,18.0567,18.1167,17.9567,17.9833,13.0658,34378500
2010-11-16,18.1900,18.4500,18.0800,18.0867,13.1408,70665600
2010-11-17,18.1167,18.1467,17.8533,17.9233,13.0222,43514100
2010-11-18,18.0467,18.2167,17.9667,17.9933,13.0730,34761900
2010-11-19,18.0333,18.1500,17.9833,18.1300,13.1723,30922500
2010-11-22,18.0667,18.2000,17.9733,18.1267,13.1699,28505400
2010-11-23,18.0667,18.0867,17.8533,17.8900,12.9980,41554200
2010-11-24,17.9133,18.0600,17.9133,18.0033,13.0803,30937200
2010-11-26,17.8967,17.9767,17.8567,17.9133,13.0149,12465000
2010-11-29,17.8833,17.9733,17.8100,17.9500,13.0415,32362800
2010-11-30,17.9200,18.1433,17.8667,18.0300,13.0997,52670700
2010-12-01,18.1400,18.2833,18.1300,18.2333,13.2474,53648700
2010-12-02,18.2367,18.3000,18.1267,18.2500,13.2595,47324700
2010-12-03,18.2100,18.2533,18.1033,18.2067,13.2280,30290700
2010-12-06,18.2933,18.3133,18.1567,18.1633,13.1965,25898700
2010-12-07,18.1800,18.4467,18.1800,18.3633,13.3419,47679900
2010-12-08,18.2867,18.3167,18.1500,18.1633,13.2695,37439100
2010-12-09,18.2400,18.2567,18.1067,18.1133,13.2330,32198400
2010-12-10,18.1033,18.1333,18.0467,18.0933,13.2184,36149700
2010-12-13,18.1033,18.1333,18.0000,18.0700,13.2013,33975600
2010-12-14,18.0333,18.1933,18.0067,18.1500,13.2598,32238600
2010-12-15,18.0767,18.1133,18.0133,18.0767,13.2062,31650600
2010-12-16,18.0300,18.2100,18.0000,18.2100,13.3036,37005900
2010-12-17,18.2267,18.2500,18.1267,18.1367,13.2500,64686600
2010-12-20,18.1867,18.1867,17.8700,17.9233,13.0942,40846800
2010-12-21,17.9200,17.9533,17.8800,17.8833,13.0650,24875700
2010-12-22,17.8633,17.8833,17.7200,17.7700,12.9822,34376400
2010-12-23,17.7233,17.8967,17.7133,17.8667,13.0528,27185100
2010-12-27,17.8533,17.9100,17.7433,17.8567,13.0455,17628600
2010-12-28,17.8767,17.9767,17.8367,17.9133,13.0869,20367300
2010-12-29,17.8567,18.0867,17.8567,18.0267,13.1697,22886100
2010-12-30,18.0000,18.0633,17.9467,18.0233,13.1672,18911400
2010-12-31,17.9900,18.0833,17.9300,17.9767,13.1332,21281700
2011-01-03,18.0767,18.2667,18.0500,18.1867,13.2866,42894900
2011-01-04,18.2033,18.2933,18.0933,18.2567,13.3377,36463200
2011-01-05,18.2500,18.3567,18.1067,18.1367,13.2500,42646800
2011-01-06,18.1033,18.1267,17.9267,17.9867,13.1405,46756500
2011-01-07,17.9633,18.0500,17.9200,18.0267,13.1697,23905800
2011-01-10,17.8833,18.0367,17.8467,17.9100,13.0844,31437900
2011-01-11,17.9833,18.1733,17.9100,18.0967,13.2208,36070200
2011-01-12,18.1733,18.4400,18.1133,18.2833,13.3572,40659900
2011-01-13,18.2333,18.4533,18.2300,18.2633,13.3426,38596800
2011-01-14,18.2433,18.3300,18.1400,18.2700,13.3475,27856800
2011-01-18,18.3700,18.4667,18.2500,18.3800,13.4278,31602600
2011-01-19,18.3467,18.3833,18.2367,18.3433,13.4010,29685000
2011-01-20,18.3733,18.7567,18.3733,18.6633,13.6348,58837500
2011-01-21,18.7167,18.7467,18.4600,18.5767,13.5715,38876400
2011-01-24,18.4633,18.6833,18.4333,18.6833,13.6494,33222600
2011-01-25,18.7067,19.0967,18.6000,19.0867,13.9441,61443300
2011-01-26,19.1300,19.2500,19.0000,19.1067,13.9587,39633600
2011-01-27,19.1533,19.2633,19.0067,19.1900,14.0196,30519600
2011-01-28,19.2300,19.3000,18.8333,18.9000,13.8077,43794600
2011-01-31,18.8167,18.8533,18.5667,18.6900,13.6543,47065500
2011-02-01,18.7900,18.8600,18.6367,18.7767,13.7176,38554800
2011-02-02,18.7200,18.7267,18.5500,18.6200,13.6032,42115800
2011-02-03,18.6400,18.6800,18.4633,18.6400,13.6178,33850800
2011-02-04,18.6800,18.7000,18.5567,18.6767,13.6445,21318000
2011-02-07,18.6900,18.7467,18.6100,18.6900,13.6543,20162100
2011-02-08,18.7000,18.8233,18.6500,18.7933,13.7298,26458200
2011-02-09,18.7533,18.9100,18.7000,18.9100,13.8150,25743900
2011-02-10,18.7167,18.7200,18.4333,18.5300,13.5374,47286000
2011-02-11,18.5100,18.6267,18.4367,18.5633,13.5618,28747500
2011-02-14,18.4200,18.4367,18.2233,18.2667,13.3450,48821700
2011-02-15,18.2600,18.3500,18.1700,18.3167,13.3815,33992100
2011-02-16,18.3000,18.4000,18.1433,18.1833,13.2841,46191300
2011-02-17,18.1733,18.3000,18.1167,18.2500,13.3328,25617000
2011-02-18,18.2267,18.5233,18.1667,18.4600,13.4863,59923800
2011-02-22,17.9367,18.0033,17.6500,17.8900,13.0698,86089800
2011-02-23,17.8200,17.8667,17.6333,17.6767,12.9140,60355800
2011-02-24,17.7100,17.7233,17.2933,17.3633,12.6851,70616100
2011-02-25,17.3633,17.3900,17.1733,17.2500,12.6023,60968400
2011-02-28,17.2500,17.4767,17.2267,17.3267,12.6583,53704500
2011-03-01,17.3867,17.5333,17.3167,17.3567,12.6802,52932000
2011-03-02,17.4233,17.4567,17.2400,17.3233,12.6558,33432600
2011-03-03,17.3967,17.4233,17.2333,17.3367,12.6656,37542000
2011-03-04,17.4667,17.4967,17.2433,17.3567,12.6802,47178000
2011-03-07,17.4200,17.4300,17.2500,17.3400,12.6680,39093600
2011-03-08,17.3667,17.5133,17.3367,17.4800,12.7703,35746500
2011-03-09,17.4233,17.6133,17.4067,17.5567,12.9162,34149000
2011-03-10,17.4500,17.9600,17.4200,17.5500,12.9113,54933900
2011-03-11,17.5467,17.6500,17.3800,17.5300,12.8966,43617900
2011-03-14,17.4500,17.5067,17.3533,17.4400,12.8304,30649200
2011-03-15,17.2567,17.4500,17.1267,17.3533,12.7666,41569800
2011-03-16,17.1733,17.2900,16.9900,17.1267,12.5999,49214400
2011-03-17,17.2467,17.2900,17.0133,17.1233,12.5974,32648100
2011-03-18,17.2100,17.2967,17.0833,17.1733,12.6342,35415600
2011-03-21,17.2433,17.3333,17.2267,17.3067,12.7323,26150100
2011-03-22,17.3233,17.3800,17.2633,17.3333,12.7519,25284000
2011-03-23,17.2833,17.2933,17.1267,17.2133,12.6636,40587000
2011-03-24,17.2767,17.6500,17.2567,17.5300,12.8966,45207900
2011-03-25,17.5200,17.5567,17.4267,17.4500,12.8377,22837800
2011-03-28,17.4367,17.5000,17.3367,17.3967,12.7985,25064100
2011-03-29,17.3500,17.4600,17.3467,17.4200,12.8157,26129100
2011-03-30,17.5100,17.5800,17.3600,17.4533,12.8402,25660200
2011-03-31,17.3833,17.4400,17.2967,17.3500,12.7642,32699100
2011-04-01,17.4167,17.4533,17.3067,17.3767,12.7838,23879700
2011-04-04,17.4367,17.6100,17.3533,17.5500,12.9113,27660300
2011-04-05,17.5667,17.7300,17.5567,17.5800,12.9334,26605200
2011-04-06,17.5567,17.7367,17.5567,17.6600,12.9922,25095300
2011-04-07,17.6167,17.7467,17.5833,17.6667,12.9971,36501300
2011-04-08,17.6700,17.7167,17.4233,17.5133,12.8843,29199900
2011-04-11,17.5133,17.6400,17.4667,17.6067,12.9530,22400100
2011-04-12,17.5633,17.9167,17.5567,17.8400,13.1247,40248900
2011-04-13,17.9067,17.9867,17.8333,17.8767,13.1516,25788900
2011-04-14,17.8267,17.9133,17.7400,17.8333,13.1198,22244400
2011-04-15,17.8500,17.8967,17.7667,17.8500,13.1320,26143800
2011-04-18,17.6933,17.8833,17.6367,17.7700,13.0732,28522200
2011-04-19,17.7533,17.8233,17.7000,17.7833,13.0830,18443400
2011-04-20,17.9167,17.9833,17.8800,17.8967,13.1663,22202400
2011-04-21,17.9400,17.9767,17.8067,17.8600,13.1394,17559900
2011-04-25,17.8667,17.8867,17.7433,17.7900,13.0879,17441400
2011-04-26,17.7967,18.0767,17.7600,17.9700,13.2203,35973600
2011-04-27,17.9600,18.2033,17.9600,18.1400,13.3454,29148300
2011-04-28,18.0967,18.2667,18.0933,18.2300,13.4116,29473800
2011-04-29,18.1367,18.3867,18.1100,18.3267,13.4827,29445600
2011-05-02,18.3600,18.3600,18.2233,18.3467,13.4974,24530100
2011-05-03,18.3600,18.5900,18.3200,18.4867,13.6004,33367800
2011-05-04,18.4367,18.5967,18.4000,18.4567,13.5783,24491400
2011-05-05,18.3833,18.5333,18.2967,18.3567,13.5048,33390300
2011-05-06,18.4333,18.5167,18.2867,18.3400,13.4925,24127800
2011-05-09,18.3233,18.4533,18.2333,18.3667,13.5121,19639500
2011-05-10,18.3833,18.5333,18.3667,18.5100,13.6176,26265300
2011-05-11,18.3700,18.5367,18.3467,18.3900,13.6188,28266600
2011-05-12,18.4133,18.6100,18.3033,18.5733,13.7546,26850000
2011-05-13,18.5900,18.6767,18.4467,18.5733,13.7546,26857500
2011-05-16,18.5367,18.8233,18.4933,18.6867,13.8385,42520500
2011-05-17,18.5200,18.7633,18.4133,18.5133,13.7101,43771500
2011-05-18,18.5000,18.5133,18.3167,18.3933,13.6213,34248300
2011-05-19,18.4100,18.5333,18.3467,18.4933,13.6953,23075400
2011-05-20,18.5167,18.5633,18.3933,18.4300,13.6484,26396700
2011-05-23,18.3300,18.5000,18.3300,18.4067,13.6311,22018200
2011-05-24,18.4133,18.4367,18.2033,18.2600,13.5225,36721800
2011-05-25,18.2100,18.2333,18.0667,18.1867,13.4682,30593400
2011-05-26,18.1767,18.2333,18.0633,18.2067,13.4830,17315100
2011-05-27,18.2500,18.3633,18.2067,18.2333,13.5028,15946500
2011-05-31,18.2933,18.4067,18.2700,18.4067,13.6311,26703300
2011-06-01,18.3267,18.3900,18.0833,18.1000,13.4041,33544800
2011-06-02,18.0700,18.0700,17.7167,17.8500,13.2189,44354700
2011-06-03,17.7167,17.9500,17.6800,17.8867,13.2461,39862200
2011-06-06,17.9533,18.0633,17.8333,17.9200,13.2707,33726900
2011-06-07,17.9800,18.1000,17.9233,17.9433,13.2880,29724900
2011-06-08,17.8700,17.9733,17.8100,17.8967,13.2535,34981800
2011-06-09,17.9100,18.0767,17.8700,17.8733,13.2362,34022400
2011-06-10,17.8900,17.9467,17.5633,17.5733,13.0140,43756200
2011-06-13,17.6367,17.7500,17.5267,17.5400,12.9893,37635300
2011-06-14,17.6200,17.7533,17.5900,17.6367,13.0609,26392200
2011-06-15,17.5467,17.5467,17.2633,17.4400,12.9153,45972000
2011-06-16,17.4867,17.6567,17.4000,17.6100,13.0412,35231100
2011-06-17,17.6867,17.7633,17.6067,17.6067,13.0387,61692900
2011-06-20,17.5667,17.8333,17.5667,17.6800,13.0930,45594300
2011-06-21,17.7000,17.7633,17.5833,17.7633,13.1547,32673000
2011-06-22,17.7000,17.7633,17.6100,17.6700,13.0856,31747500
2011-06-23,17.7867,17.9000,17.5567,17.7633,13.1547,54463200
2011-06-24,17.7300,17.8067,17.4500,17.4700,12.9375,62301300
2011-06-27,17.4400,17.5867,17.4233,17.4300,12.9079,30501000
2011-06-28,17.4800,17.5100,17.3800,17.5100,12.9671,32963100
2011-06-29,17.5400,17.5967,17.4767,17.5467,12.9943,26600400
2011-06-30,17.5533,17.7200,17.5167,17.7133,13.1177,29952900
2011-07-01,17.7300,17.8833,17.6667,17.8367,13.2090,28439400
2011-07-05,17.7800,17.8533,17.6733,17.7967,13.1794,27637500
2011-07-06,17.8100,17.9833,17.8100,17.9067,13.2609,24234600
2011-07-07,18.1900,18.2700,18.0633,18.1633,13.4509,38460900
2011-07-08,18.0833,18.1067,17.9233,18.0267,13.3497,27399900
2011-07-11,17.9400,18.0267,17.9000,17.9567,13.2979,22645200
2011-07-12,17.9533,18.1400,17.9200,17.9800,13.3152,28457100
2011-07-13,18.0233,18.0900,17.9467,18.0067,13.3349,30460200
2011-07-14,17.8400,17.9000,17.7933,17.8767,13.2387,46566300
2011-07-15,17.9100,17.9900,17.8200,17.8767,13.2387,30550500
2011-07-18,17.8033,17.8467,17.7267,17.7733,13.1621,24658200
2011-07-19,17.8000,18.0100,17.7800,17.9900,13.3226,25756200
2011-07-20,17.9700,17.9900,17.8667,17.9633,13.3028,26573700
2011-07-21,18.0000,18.2300,17.9700,18.1567,13.4460,31831800
2011-07-22,18.1933,18.2400,18.0833,18.1733,13.4584,20407500
2011-07-25,18.0100,18.1333,17.9833,17.9900,13.3226,24532800
2011-07-26,18.0100,18.0300,17.8367,17.8633,13.2288,32794200
2011-07-27,17.8133,17.9167,17.7233,17.7500,13.1449,36600300
2011-07-28,17.7700,17.8500,17.6567,17.6633,13.0807,26725800
2011-07-29,17.5933,17.7167,17.5567,17.5700,13.0115,39579600
2011-08-01,17.5967,17.6633,17.3567,17.5400,12.9893,32064000
2011-08-02,17.4133,17.5167,17.2233,17.2267,12.7573,45718800
2011-08-03,17.2533,17.3500,17.0033,17.0933,12.6586,64366200
2011-08-04,16.9967,16.9967,16.6900,16.7000,12.3673,78213600
2011-08-05,16.8633,16.9733,16.5300,16.9500,12.5524,81896700
2011-08-08,16.9333,17.1100,16.2567,16.3067,12.0760,99128700
2011-08-09,16.4467,16.9700,16.2233,16.9400,12.5450,71966700
2011-08-10,16.6733,16.6867,16.1033,16.1367,12.0365,81008700
2011-08-11,16.2833,16.8000,16.2833,16.5767,12.3647,64798500
2011-08-12,16.7000,16.7700,16.4267,16.5833,12.3697,45481200
2011-08-15,16.6267,16.6933,16.4300,16.6600,12.4269,44489100
2011-08-16,17.1467,17.4933,17.0400,17.3067,12.9093,76786500
2011-08-17,17.2400,17.3933,17.0533,17.1833,12.8173,46540200
2011-08-18,16.8367,17.3167,16.7700,17.2633,12.8769,75137100
2011-08-19,17.1633,17.5800,17.1600,17.4333,13.0037,69107100
2011-08-22,17.4133,17.5467,17.3600,17.3967,12.9764,41313900
2011-08-23,17.3867,17.7367,17.3767,17.7367,13.2300,51510000
2011-08-24,17.6733,17.8067,17.6033,17.7900,13.2698,34187100
2011-08-25,17.7933,17.8300,17.5167,17.5667,13.1032,32912400
2011-08-26,17.5967,17.7467,17.3167,17.6333,13.1529,31380600
2011-08-29,17.7033,17.8133,17.6667,17.7300,13.2250,25431000
2011-08-30,17.6200,17.7100,17.4700,17.6067,13.1330,40452600
2011-08-31,17.6667,17.7933,17.6200,17.7300,13.2250,39690600
2011-09-01,17.7333,17.8500,17.5500,17.5500,13.0908,37477800
2011-09-02,17.4167,17.5467,17.3233,17.3433,12.9366,32428500
2011-09-06,17.1600,17.2633,16.9567,17.2267,12.8496,51343200
2011-09-07,17.3500,17.5200,17.2833,17.4733,13.0336,31210500
2011-09-08,17.3600,17.5833,17.3533,17.4033,12.9814,34807500
2011-09-09,17.3000,17.3933,17.0667,17.1200,12.7700,36083400
2011-09-12,16.9500,17.2767,16.9400,17.2733,12.8844,33687900
2011-09-13,17.2633,17.2667,17.0733,17.1967,12.8272,32312400
2011-09-14,17.2367,17.5967,17.1933,17.4000,12.9789,37522800
2011-09-15,17.4067,17.5033,17.3133,17.5033,13.0560,32997600
2011-09-16,17.5833,17.7167,17.5167,17.5500,13.0908,107053800
2011-09-19,17.3933,17.5400,17.3467,17.4833,13.0410,27086700
2011-09-20,17.4800,17.6400,17.3900,17.4300,13.0013,25263600
2011-09-21,17.4533,17.5300,17.0967,17.1067,12.7601,31421700
2011-09-22,16.8833,17.0767,16.6467,16.7600,12.5015,63960900
2011-09-23,16.7267,16.9867,16.6767,16.9333,12.6308,38109000
2011-09-26,16.9800,17.2833,16.9333,17.2767,12.8869,34081800
2011-09-27,17.4533,17.6200,17.2667,17.3433,12.9366,34477500
2011-09-28,17.3733,17.4733,17.0967,17.1033,12.7576,34380600
2011-09-29,17.2700,17.4667,17.1067,17.3100,12.9117,31033200
2011-09-30,17.2833,17.5300,17.2367,17.3000,12.9043,40857900
2011-10-03,17.2933,17.6400,17.2833,17.3200,12.9192,46500600
2011-10-04,17.2467,17.6600,17.2100,17.6267,13.1479,56092500
2011-10-05,17.5667,17.7500,17.3767,17.5500,13.0908,40813500
2011-10-06,17.5800,17.6333,17.4433,17.5833,13.1156,30063600
2011-10-07,17.6933,18.0100,17.6333,17.9000,13.3518,41738700
2011-10-10,18.0633,18.3933,18.0633,18.2700,13.6278,36565200
2011-10-11,18.2600,18.2633,18.1300,18.2400,13.6054,30640500
2011-10-12,18.3500,18.7967,18.3333,18.4000,13.7248,66291900
2011-10-13,18.3467,18.4367,18.2400,18.3400,13.6800,31503300
2011-10-14,18.4267,18.4900,18.2100,18.4867,13.7894,32118000
2011-10-17,18.2633,18.4867,18.1600,18.2600,13.6204,26910600
2011-10-18,18.3133,18.7300,18.2700,18.6300,13.8963,42211200
2011-10-19,18.5700,18.8100,18.5667,18.7500,13.9859,38955600
2011-10-20,18.7333,18.9600,18.6833,18.7900,14.0157,37937400
2011-10-21,18.9133,19.1400,18.8833,18.9733,14.1524,43495800
2011-10-24,18.9600,19.0000,18.8667,18.9267,14.1176,27838500
2011-10-25,18.8867,19.0500,18.8500,18.9033,14.1002,30312900
2011-10-26,19.0333,19.1467,18.8667,19.1233,14.2643,38174100
2011-10-27,19.2667,19.3200,19.1500,19.2700,14.3737,45976500
2011-10-28,19.2833,19.2900,18.9867,19.0500,14.2096,33878400
2011-10-31,18.8600,19.0967,18.8600,18.9067,14.1027,28442700
2011-11-01,18.6067,18.9133,18.5600,18.7433,13.9809,41364300
2011-11-02,18.9233,19.0633,18.8467,18.9533,14.1375,26760900
2011-11-03,19.0167,19.1767,18.8667,19.1400,14.2768,28726800
2011-11-04,19.0267,19.1667,18.9667,19.1667,14.2967,21018300
2011-11-07,19.1133,19.3200,19.0167,19.3133,14.4060,25560300
2011-11-08,19.3400,19.8000,19.2833,19.7733,14.7492,60312900
2011-11-09,19.5100,19.6433,19.2000,19.3500,14.4334,41840400
2011-11-10,19.4433,19.4967,19.1700,19.3767,14.4533,28230000
2011-11-11,19.5033,19.7500,19.4600,19.7333,14.7193,25193700
2011-11-14,19.6033,19.6600,19.4533,19.6300,14.6423,31656300
2011-11-15,19.3233,19.3500,19.0767,19.1533,14.2867,48017700
2011-11-16,19.0333,19.1400,18.8800,18.8933,14.0928,35342400
2011-11-17,18.8467,19.0633,18.7533,18.9100,14.1052,30671400
2011-11-18,19.0100,19.1200,18.8700,19.0767,14.2295,26946900
2011-11-21,18.9767,19.0967,18.7933,18.8867,14.0878,29796600
2011-11-22,18.8533,19.0433,18.8333,18.9500,14.1350,22491900
2011-11-23,18.8833,19.0000,18.7733,18.8800,14.0828,24781200
2011-11-25,18.8967,19.1100,18.8967,18.9633,14.1450,12776400
2011-11-28,19.1767,19.3333,19.0000,19.0833,14.2345,27864300
2011-11-29,19.1133,19.4333,19.1133,19.3900,14.4632,32451600
2011-11-30,19.5867,19.6667,19.4367,19.6333,14.6447,44535600
2011-12-01,19.5467,19.7167,19.4867,19.5367,14.5726,26361900
2011-12-02,19.6267,19.6567,19.3467,19.3633,14.4433,33597300
2011-12-05,19.4200,19.5033,19.3333,19.4467,14.5055,31545600
2011-12-06,19.5233,19.6700,19.4667,19.5933,14.6149,34204800
2011-12-07,19.4500,19.7333,19.4200,19.5033,14.6387,47263800
2011-12-08,19.4633,19.5167,19.2900,19.3267,14.5061,31050900
2011-12-09,19.3867,19.4967,19.1567,19.4400,14.5911,30176700
2011-12-12,19.2900,19.4800,19.2533,19.3633,14.5336,30111300
2011-12-13,19.3767,19.4500,19.1400,19.2000,14.4110,32916300
2011-12-14,19.2400,19.3733,19.1733,19.2167,14.4235,26952600
2011-12-15,19.2767,19.4667,19.2767,19.3167,14.4986,25672200
2011-12-16,19.4333,19.4967,19.3633,19.4233,14.5786,44741700
2011-12-19,19.4333,19.5233,19.2033,19.2600,14.4560,21706200
2011-12-20,19.4567,19.7567,19.4133,19.7300,14.8088,33202200
2011-12-21,19.7300,19.8867,19.7200,19.7967,14.8588,25723500
2011-12-22,19.8033,19.8467,19.6833,19.7300,14.8088,23705100
2011-12-23,19.7733,20.0000,19.7133,19.9967,15.0090,18571800
2011-12-27,19.9833,19.9933,19.8867,19.9433,14.9689,14599200
2011-12-28,19.9233,19.9800,19.8767,19.9100,14.9439,15725100
2011-12-29,19.9067,19.9967,19.7800,19.9967,15.0090,18996600
2011-12-30,19.9633,19.9800,19.8967,19.9200,14.9514,13995900
2012-01-03,19.9900,20.3533,19.9567,20.1100,15.0940,38006400
2012-01-04,20.0700,20.1167,19.8233,19.9033,14.9389,28779900
2012-01-05,19.7833,19.8733,19.4567,19.8067,14.8664,38304600
2012-01-06,19.8067,19.8167,19.6233,19.6667,14.7613,24208200
2012-01-09,19.6767,19.8500,19.6400,19.7267,14.8063,20037900
2012-01-10,19.8100,19.9033,19.6600,19.6800,14.7713,20721900
2012-01-11,19.6867,19.8433,19.6800,19.8000,14.8613,19096800
2012-01-12,19.9300,20.0000,19.8000,19.8333,14.8864,21709200
2012-01-13,19.7267,19.8700,19.6700,19.8467,14.8964,23187900
2012-01-17,19.9567,20.0367,19.8400,19.9500,14.9739,25500000
2012-01-18,19.9300,20.0100,19.8833,20.0033,15.0140,17734200
2012-01-19,19.9767,20.2433,19.9167,20.2033,15.1641,27703800
2012-01-20,20.2500,20.4167,20.2233,20.3367,15.2642,31136400
2012-01-23,20.2700,20.3267,20.1700,20.3033,15.2391,21402300
2012-01-24,20.2500,20.6667,20.2500,20.4633,15.3592,22088400
2012-01-25,20.3933,20.5367,20.3467,20.4900,15.3792,17747400
2012-01-26,20.6000,20.6133,20.2567,20.3233,15.2541,22308600
2012-01-27,20.2867,20.3733,20.1800,20.2367,15.1891,18861900
2012-01-30,20.1567,20.4400,20.1167,20.4333,15.3367,22910700
2012-01-31,20.5100,20.5233,20.1933,20.4533,15.3517,29284500
2012-02-01,20.5967,20.8767,20.5967,20.7267,15.5569,36391800
2012-02-02,20.8000,20.8233,20.6067,20.6467,15.4968,18633900
2012-02-03,20.7733,20.8100,20.5667,20.6767,15.5194,23181600
2012-02-06,20.6167,20.6600,20.5667,20.6267,15.4818,16441800
2012-02-07,20.5400,20.6333,20.5400,20.5633,15.4343,18253200
2012-02-08,20.6367,20.6733,20.4100,20.5400,15.4168,21780000
2012-02-09,20.5267,20.7200,20.5267,20.6533,15.5018,19359300
2012-02-10,20.5600,20.6367,20.4600,20.6333,15.4868,16503000
2012-02-13,20.6700,20.6933,20.5767,20.5967,15.4593,12525000
2012-02-14,20.6367,20.7467,20.5967,20.7400,15.5669,15519300
2012-02-15,20.7733,20.8133,20.5300,20.5867,15.4518,17501100
2012-02-16,20.5900,20.7300,20.5667,20.6800,15.5218,21769200
2012-02-17,20.7733,20.8567,20.6367,20.8267,15.6319,24575400
2012-02-21,20.1100,20.1667,19.8900,20.0233,15.0290,71684400
2012-02-22,19.8600,19.9667,19.4567,19.5333,14.6612,85890600
2012-02-23,19.5300,19.6333,19.4033,19.5133,14.6462,44640900
2012-02-24,19.5833,19.6500,19.5000,19.5967,14.7087,29777700
2012-02-27,19.5667,19.5933,19.4300,19.4867,14.6262,36776400
2012-02-28,19.4800,19.7000,19.4500,19.6433,14.7438,32285700
2012-02-29,19.6133,19.7767,19.5733,19.6933,14.7813,34453200
2012-03-01,19.7867,19.8067,19.5467,19.6067,14.7162,48851700
2012-03-02,19.6633,19.7600,19.6000,19.6700,14.7638,29544300
2012-03-05,19.6533,19.8633,19.5833,19.8000,14.8613,28953000
2012-03-06,19.6800,19.7400,19.5833,19.6567,14.7538,27171300
2012-03-07,19.7033,19.9533,19.7033,19.9533,14.9764,44750700
2012-03-08,19.9467,19.9833,19.8167,19.9233,15.0540,23386800
2012-03-09,19.9433,20.0667,19.9433,20.0267,15.1321,18878700
2012-03-12,20.0567,20.3000,20.0300,20.2267,15.2832,22730400
2012-03-13,20.3100,20.3600,20.1733,20.3333,15.3638,26203800
2012-03-14,20.2800,20.3833,20.2300,20.3600,15.3840,19125000
2012-03-15,20.2967,20.4200,20.2600,20.4100,15.4217,20265000
2012-03-16,20.4700,20.4900,20.2567,20.2800,15.3235,36231300
2012-03-19,20.1933,20.2933,20.1533,20.2467,15.2983,24755700
2012-03-20,20.1100,20.2867,20.0967,20.2000,15.2631,23734500
2012-03-21,20.1500,20.2400,20.1233,20.1867,15.2530,21908400
2012-03-22,20.0767,20.2567,20.0767,20.2167,15.2757,17132400
2012-03-23,20.2033,20.2833,20.1367,20.2500,15.3008,20873100
2012-03-26,20.3000,20.4400,20.2533,20.4000,15.4142,18644400
2012-03-27,20.4500,20.5000,20.3400,20.3633,15.3865,22054800
2012-03-28,20.3833,20.4933,20.3267,20.3967,15.4117,21372000
2012-03-29,20.2567,20.3167,20.2067,20.2733,15.3185,20075100
2012-03-30,20.3567,20.4733,20.3067,20.4000,15.4142,20824200
2012-04-02,20.3600,20.4967,20.3233,20.4533,15.4545,19397700
2012-04-03,20.3800,20.4700,20.0800,20.2167,15.2757,33540300
2012-04-04,20.1767,20.1967,20.0067,20.0867,15.1774,32555100
2012-04-05,20.0667,20.2300,20.0233,20.2233,15.2807,19586100
2012-04-09,20.0733,20.1133,20.0267,20.0433,15.1447,20495100
2012-04-10,20.0100,20.1300,19.8500,19.9767,15.0943,28659300
2012-04-11,20.0967,20.0967,19.8867,19.9333,15.0616,23243100
2012-04-12,19.9333,20.0667,19.8533,20.0467,15.1472,22103100
2012-04-13,20.0000,20.0700,19.9167,19.9233,15.0540,20077800
2012-04-16,19.9800,20.2700,19.9567,20.1933,15.2580,20533800
2012-04-17,20.3700,20.6500,20.3633,20.6233,15.5829,32029200
2012-04-18,20.5167,20.7500,20.5167,20.6867,15.6308,23871900
2012-04-19,20.6533,20.6833,20.4900,20.5833,15.5527,19138800
2012-04-20,20.5667,20.8300,20.5533,20.8167,15.7290,26993100
2012-04-23,19.7167,20.0800,19.7100,19.8467,14.9961,114021900
2012-04-24,19.7533,19.7833,19.2167,19.2567,14.5503,90271800
2012-04-25,19.3033,19.4767,19.0600,19.1200,14.4470,84035400
2012-04-26,19.1967,19.8100,19.1900,19.6500,14.8475,75278700
2012-04-27,19.7267,19.8200,19.6467,19.6767,14.8676,27083700
2012-04-30,19.6067,19.6633,19.5100,19.6367,14.8374,22447800
2012-05-01,19.6500,19.7567,19.4933,19.6900,14.8777,29747100
2012-05-02,19.6533,19.7733,19.6067,19.6700,14.8626,22043100
2012-05-03,19.7333,19.7333,19.6033,19.6633,14.8576,20675700
2012-05-04,19.6200,19.7267,19.5600,19.5667,14.7845,20833500
2012-05-07,19.5167,19.7867,19.5167,19.7300,14.9079,25974600
2012-05-08,19.6867,19.7900,19.5433,19.6833,14.8727,30819900
2012-05-09,19.4933,19.7467,19.4233,19.6767,14.9685,33472800
2012-05-10,19.7833,19.8700,19.6967,19.7300,15.0091,23222100
2012-05-11,19.6933,19.8833,19.6033,19.8067,15.0674,22420800
2012-05-14,19.6967,19.8500,19.6400,19.6900,14.9787,18603000
2012-05-15,19.6500,19.8833,19.6500,19.7833,15.0497,31684200
2012-05-16,19.8433,19.8867,19.7167,19.7300,15.0091,32514300
2012-05-17,20.4467,20.8333,20.4167,20.5600,15.6405,87877200
2012-05-18,20.6233,20.8767,20.5867,20.8100,15.8307,49892100
2012-05-21,20.7933,21.0333,20.7133,21.0133,15.9853,33449700
2012-05-22,20.9967,21.3167,20.9667,21.2433,16.1603,36223200
2012-05-23,21.1300,21.5633,21.0967,21.5267,16.3759,47046600
2012-05-24,21.5700,21.7267,21.4867,21.6900,16.5001,33908100
2012-05-25,21.6200,21.8333,21.6000,21.7700,16.5610,30539700
2012-05-29,21.8000,21.9200,21.7367,21.8933,16.6548,30110700
2012-05-30,21.8033,21.9833,21.7767,21.8133,16.5939,29939100
2012-05-31,21.8000,22.2200,21.7933,21.9400,16.6903,50296500
2012-06-01,21.8100,21.9600,21.7100,21.8500,16.6218,45902100
2012-06-04,21.9667,22.0433,21.8000,21.9967,16.7334,41630400
2012-06-05,21.9133,21.9667,21.8100,21.8333,16.6091,28023000
2012-06-06,21.8667,21.9900,21.8200,21.9767,16.7182,32540700
2012-06-07,22.0267,22.0267,21.9267,21.9567,16.7030,37640100
2012-06-08,22.0633,22.7433,22.0267,22.7400,17.2989,54037800
2012-06-11,22.7967,22.8267,22.4900,22.5100,17.1239,31474200
2012-06-12,22.5567,22.6167,22.4333,22.5733,17.1721,26963400
2012-06-13,22.5300,22.5833,22.3200,22.3567,17.0073,32246700
2012-06-14,22.3667,22.5967,22.3633,22.5433,17.1493,29983200
2012-06-15,22.6833,22.6867,22.5300,22.5833,17.1797,38226000
2012-06-18,22.4900,22.7600,22.4767,22.7067,17.2735,22660500
2012-06-19,22.6967,22.7500,22.5667,22.6033,17.1949,23718000
2012-06-20,22.6200,22.8467,22.5933,22.8400,17.3749,26969400
2012-06-21,22.8300,22.8867,22.5600,22.5667,17.1670,29530800
2012-06-22,22.6967,22.7833,22.3967,22.4333,17.0656,34202100
2012-06-25,22.3533,22.7433,22.3533,22.7267,17.2887,35491800
2012-06-26,22.8267,22.9733,22.7500,22.8600,17.3902,32435400
2012-06-27,22.8633,22.9167,22.7533,22.8633,17.3927,26393400
2012-06-28,22.6400,22.7833,22.4967,22.7667,17.3192,25735200
2012-06-29,22.9800,23.2400,22.8533,23.2400,17.6792,31990200
2012-07-02,23.2000,23.3167,23.0500,23.1167,17.5854,31275600
2012-07-03,23.2167,23.5900,23.1000,23.5833,17.9404,28184100
2012-07-05,23.4567,23.7667,23.4567,23.6933,18.0241,37321500
2012-07-06,23.5767,23.7867,23.5767,23.7867,18.0951,24027600
2012-07-09,23.7533,23.9200,23.6733,23.9200,18.1965,33451200
2012-07-10,23.9767,24.1933,23.8800,24.0367,18.2853,39984600
2012-07-11,24.0433,24.1467,23.9267,24.0867,18.3233,36731700
2012-07-12,24.0233,24.2067,23.8800,24.1033,18.3360,30587400
2012-07-13,24.0900,24.4133,24.0500,24.3933,18.5566,24540300
2012-07-16,24.3067,24.3933,24.1933,24.3267,18.5059,24241800
2012-07-17,24.3000,24.3667,24.1033,24.3667,18.5363,36528900
2012-07-18,24.2967,24.4867,24.2400,24.2833,18.4729,28485300
2012-07-19,24.2833,24.2867,23.4100,23.8433,18.1382,50634000
2012-07-20,23.8200,24.1633,23.7700,24.0833,18.3208,33156000
2012-07-23,23.8733,23.9967,23.7533,23.9500,18.2193,19969500
2012-07-24,23.8933,24.0800,23.8167,24.0467,18.2929,22427100
2012-07-25,24.0867,24.1533,23.9567,24.0267,18.2777,20945700
2012-07-26,24.2333,24.6500,24.2300,24.5567,18.6809,24577200
2012-07-27,24.6133,24.9333,24.5967,24.8400,18.8964,32584500
2012-07-30,24.8200,25.0800,24.8167,24.9933,19.0130,27436800
2012-07-31,24.9200,24.9933,24.8100,24.8100,18.8736,24968700
2012-08-01,24.9000,24.9300,24.4733,24.5400,18.6682,29097000
2012-08-02,24.3500,24.7200,24.3133,24.6833,18.7772,24279000
2012-08-03,24.9133,24.9867,24.7500,24.8500,18.9040,26220000
2012-08-06,24.9733,24.9733,24.7600,24.7600,18.8355,18352500
2012-08-07,24.8033,24.8667,24.6567,24.6633,18.7620,22843500
2012-08-08,24.5500,24.8367,24.4767,24.7700,18.9450,19734900
2012-08-09,24.7600,24.8400,24.5867,24.6167,18.8278,15854100
2012-08-10,24.6167,24.7500,24.4767,24.5600,18.7844,16932600
2012-08-13,24.4700,24.5633,24.3933,24.4667,18.7130,18903000
2012-08-14,24.6133,24.7567,24.5233,24.6700,18.8686,21726000
2012-08-15,24.6367,24.8400,24.6067,24.8167,18.9807,23323200
2012-08-16,24.1933,24.2500,23.9267,24.0500,18.3944,53439600
2012-08-17,24.1367,24.2300,23.9467,23.9967,18.3536,29204700
2012-08-20,24.0033,24.1367,23.8867,24.1000,18.4326,16646100
2012-08-21,24.1000,24.1133,23.8100,23.8100,18.2108,22902600
2012-08-22,23.7833,23.9500,23.7833,23.9233,18.2975,19983000
2012-08-23,23.9333,23.9800,23.8000,23.8533,18.2439,18015300
2012-08-24,23.7967,24.0667,23.7833,24.0367,18.3842,15570300
2012-08-27,24.0567,24.2633,24.0233,24.1667,18.4836,17300700
2012-08-28,24.0600,24.2367,24.0533,24.1367,18.4606,14468100
2012-08-29,24.2033,24.3400,24.1433,24.2567,18.5524,12692400
2012-08-30,24.2100,24.2500,24.0500,24.0833,18.4199,15711600
2012-08-31,24.1967,24.3167,24.1200,24.2000,18.5091,17655300
2012-09-04,24.2567,24.6133,24.1900,24.5033,18.7411,25572300
2012-09-05,24.6200,24.6500,24.4567,24.5167,18.7513,23892300
2012-09-06,24.6600,24.9367,24.6133,24.9367,19.0725,19525500
2012-09-07,24.9000,24.9333,24.5000,24.6067,18.8201,19864200
2012-09-10,24.6300,24.7067,24.5000,24.5033,18.7411,19500300
2012-09-11,24.5733,24.8067,24.5167,24.6867,18.8813,15874200
2012-09-12,24.6867,24.7833,24.5833,24.6900,18.8839,12893400
2012-09-13,24.6500,25.0633,24.6500,25.0467,19.1567,22222200
2012-09-14,24.9467,24.9967,24.7533,24.8333,18.9935,25607100
2012-09-17,24.7867,24.8933,24.6233,24.6633,18.8635,20563800
2012-09-18,24.6167,24.7233,24.5600,24.6500,18.8533,15912300
2012-09-19,24.7500,24.8767,24.6633,24.7900,18.9604,16967700
2012-09-20,24.7733,24.9400,24.7733,24.9167,19.0572,13569600
2012-09-21,24.9867,25.0300,24.7767,24.8167,18.9807,31686900
2012-09-24,24.7333,24.9867,24.7267,24.9133,19.0547,13241100
2012-09-25,24.9700,25.0167,24.7533,24.7533,18.9323,19274100
2012-09-26,24.7200,24.9467,24.7133,24.7300,18.9144,14414700
2012-09-27,24.7900,24.8333,24.6100,24.6600,18.8609,16170300
2012-09-28,24.6200,24.6867,24.4733,24.6000,18.8150,18063000
2012-10-01,24.6000,24.8300,24.6000,24.6833,18.8788,13986900
2012-10-02,24.6600,24.7867,24.5433,24.5833,18.8023,12709500
2012-10-03,24.6767,24.9167,24.5833,24.7333,18.9170,24494100
2012-10-04,24.8367,25.0033,24.8367,24.9067,19.0496,15002700
2012-10-05,24.9800,25.1667,24.9633,25.0433,19.1541,15615300
2012-10-08,25.0533,25.1833,25.0200,25.0833,19.1847,13637700
2012-10-09,25.0533,25.1267,24.7100,24.7133,18.9017,24921900
2012-10-10,24.8833,25.6033,24.8800,25.1400,19.2280,58094400
2012-10-11,25.5333,25.5367,24.9833,25.0033,19.1235,24976500
2012-10-12,25.1400,25.3467,25.1000,25.2700,19.3275,24087900
2012-10-15,25.2900,25.7833,25.1867,25.7167,19.6691,29008800
2012-10-16,25.8667,25.8667,25.5633,25.6367,19.6079,18930300
2012-10-17,25.7767,25.8333,25.4933,25.6767,19.6385,22483500
2012-10-18,25.6733,25.7433,25.3900,25.5200,19.5187,21977100
2012-10-19,25.5267,25.5700,25.1433,25.2067,19.2790,20827500
2012-10-22,25.2267,25.2600,25.0300,25.2167,19.2867,16276200
2012-10-23,25.0167,25.1633,24.8367,24.9200,19.0598,17501700
2012-10-24,24.9767,25.0000,24.8400,24.9400,19.0751,13749600
2012-10-25,25.1000,25.1667,24.9633,25.1067,19.2025,13298700
2012-10-26,25.0667,25.1400,24.8933,25.0367,19.1490,13340700
2012-10-31,25.0833,25.2267,24.7100,25.0067,19.1261,19653600
2012-11-01,25.0433,25.0533,24.3833,24.4833,18.7258,38830800
2012-11-02,24.4867,24.5233,24.2367,24.2567,18.5524,25690500
2012-11-05,24.2200,24.4000,24.2167,24.3800,18.6468,14303100
2012-11-06,24.3900,24.7600,24.3767,24.5867,18.8048,16003200
2012-11-07,24.4733,24.6333,24.2867,24.3700,18.6391,20429700
2012-11-08,24.3367,24.6600,24.1600,24.1600,18.4785,21411300
2012-11-09,24.0433,24.2000,23.9733,24.1033,18.4352,20674200
2012-11-12,24.0900,24.2000,23.9667,24.1600,18.4785,13148400
2012-11-13,23.9900,24.1000,23.7267,23.9367,18.3077,26932200
2012-11-14,23.9533,24.0000,23.6933,23.7700,18.1802,27333900
2012-11-15,23.2200,23.2300,22.6167,22.9067,17.5199,69146700
2012-11-16,22.8633,22.8967,22.6267,22.6767,17.3440,36771300
2012-11-19,22.7167,23.0433,22.5500,23.0067,17.5964,38507100
2012-11-20,23.0800,23.0800,22.8167,23.0000,17.5913,28183800
2012-11-21,22.9533,23.0200,22.8933,22.9633,17.5632,21118800
2012-11-23,23.1133,23.4133,22.9600,23.4000,17.8972,15404700
2012-11-26,23.3767,23.4100,23.1500,23.3033,17.8233,27219600
2012-11-27,23.3000,23.3900,23.1500,23.1667,17.7188,22146900
2012-11-28,23.1533,23.6033,23.0967,23.5200,17.9890,31489200
2012-11-29,23.4933,23.6800,23.3767,23.6100,18.0578,28861500
2012-11-30,23.6567,24.0400,23.6167,24.0067,18.3612,37455600
2012-12-03,24.0367,24.1133,23.7800,23.7800,18.1879,27260400
2012-12-04,23.8233,24.2000,23.8167,24.0400,18.3867,38461500
2012-12-05,23.9800,24.0067,23.7433,23.8833,18.3683,28539600
2012-12-06,23.8900,23.9500,23.7000,23.8633,18.3529,21498300
2012-12-07,23.9667,24.1967,23.9500,24.0967,18.5323,21849000
2012-12-10,24.0267,24.1133,23.9300,24.0500,18.4964,17704800
2012-12-11,24.0833,24.2333,23.6067,23.6300,18.1734,43785000
2012-12-12,23.4000,23.4500,22.9700,22.9800,17.6735,70205700
2012-12-13,23.0133,23.1200,23.0000,23.0133,17.6992,42730500
2012-12-14,23.0167,23.1000,22.9133,22.9167,17.6248,31506900
2012-12-17,22.9867,23.1700,22.9633,23.0667,17.7402,31595100
2012-12-18,23.0367,23.2200,22.9700,23.1667,17.8171,34769400
2012-12-19,23.1433,23.1667,22.8400,22.8400,17.5658,29919600
2012-12-20,22.7767,23.0200,22.7233,23.0000,17.6889,29058900
2012-12-21,22.9567,23.0533,22.7567,22.8833,17.5992,39693000
2012-12-24,22.8367,22.9367,22.7700,22.8567,17.5787,8714400
2012-12-26,22.8533,22.8833,22.5767,22.6633,17.4300,18278700
2012-12-27,22.6767,22.8067,22.5967,22.7300,17.4813,22152600
2012-12-28,22.6367,22.7833,22.5133,22.5367,17.3326,16540200
2012-12-31,22.4967,22.7667,22.4567,22.7433,17.4915,21037500
2013-01-02,22.9767,23.0800,22.8167,23.0800,17.7504,31172400
2013-01-03,23.0833,23.1167,22.7933,22.9333,17.6376,26730300
2013-01-04,22.9100,23.0600,22.7800,23.0200,17.7043,19314000
2013-01-07,22.9433,22.9733,22.7100,22.8000,17.5351,18604200
2013-01-08,22.7600,22.9633,22.7367,22.8633,17.5838,17600700
2013-01-09,22.8867,22.9033,22.7400,22.8567,17.5787,15165600
2013-01-10,22.8867,23.0100,22.5733,22.7867,17.5248,34361400
2013-01-11,22.8667,22.9300,22.7367,22.8767,17.5940,18673500
2013-01-14,22.8300,22.8900,22.7033,22.7667,17.5094,16471200
2013-01-15,22.7300,23.0800,22.7000,22.9933,17.6838,18421200
2013-01-16,22.9800,23.1233,22.9633,23.0700,17.7427,14753700
2013-01-17,23.1000,23.1067,22.9033,22.9500,17.6504,21697800
2013-01-18,22.9500,23.0667,22.9500,23.0667,17.7402,23440200
2013-01-22,23.0167,23.2167,22.9867,23.1933,17.8376,17243700
2013-01-23,23.1300,23.2133,23.0500,23.1633,17.8145,19096200
2013-01-24,23.2167,23.3300,23.1167,23.2633,17.8914,27417000
2013-01-25,23.3033,23.3333,22.9767,23.0000,17.6889,23903100
2013-01-28,23.0267,23.1667,22.9333,23.1167,17.7786,21164400
2013-01-29,23.0700,23.4000,23.0667,23.2967,17.9171,28682700
2013-01-30,23.3733,23.3733,23.1667,23.2500,17.8812,21061800
2013-01-31,23.2300,23.4800,23.2300,23.3167,17.9324,21048600
2013-02-01,23.3700,23.5133,23.3167,23.4967,18.0709,19349400
2013-02-04,23.1467,23.3000,23.0433,23.2100,17.8504,32277900
2013-02-05,23.2900,23.6900,23.2533,23.5900,18.1427,31576500
2013-02-06,23.4933,23.7733,23.4333,23.7700,18.2811,29273400
2013-02-07,23.8133,23.8800,23.6333,23.7433,18.2606,24920700
2013-02-08,23.7333,23.8800,23.6900,23.8267,18.3247,17719800
2013-02-11,23.7500,23.8367,23.5100,23.8000,18.3042,18607800
2013-02-12,23.8300,23.8867,23.7000,23.8000,18.3042,14286000
2013-02-13,23.7633,23.9000,23.7367,23.7967,18.3016,11905800
2013-02-14,23.7000,23.7433,23.5833,23.6067,18.1555,20463000
2013-02-15,23.1800,23.3333,22.7100,23.1000,17.7658,77051100
2013-02-19,23.0633,23.1500,22.8467,22.9200,17.6274,44046900
2013-02-20,22.9067,23.2833,22.7667,23.0700,17.7427,35920800
2013-02-21,23.3333,23.8233,23.2400,23.4200,18.0119,61239300
2013-02-22,23.4067,23.5133,23.2967,23.4667,18.0478,27495600
2013-02-25,23.5000,23.7800,23.4800,23.4800,18.0581,35452800
2013-02-26,23.5633,23.7967,23.5367,23.7033,18.2298,31672800
2013-02-27,23.6400,23.9867,23.5267,23.8867,18.3708,26457000
2013-02-28,23.8633,23.9600,23.5933,23.5933,18.1452,56650800
2013-03-01,23.5933,23.9667,23.5933,23.9133,18.3913,26706900
2013-03-04,23.8400,24.4200,23.8367,24.4200,18.7810,31701600
2013-03-05,24.4900,24.6800,24.3300,24.5733,18.8989,27426000
2013-03-06,24.5833,24.7100,24.4167,24.4600,18.8118,21448800
2013-03-07,24.4967,24.5367,24.4000,24.4400,18.7964,20040000
2013-03-08,24.4333,24.4633,24.2800,24.3433,18.8428,17233800
2013-03-11,24.3633,24.4133,24.2700,24.3267,18.8299,15446100
2013-03-12,24.3167,24.6333,24.2800,24.5333,18.9899,24460200
2013-03-13,24.6300,24.7333,24.5133,24.5500,19.0028,15978300
2013-03-14,24.6233,24.6667,24.3767,24.4067,18.8918,19059600
2013-03-15,24.3367,24.5000,24.1433,24.1667,18.7061,51585300
2013-03-18,24.0967,24.2433,24.0033,24.0833,18.6416,17313000
2013-03-19,24.1400,24.2900,24.0633,24.1500,18.6932,17258400
2013-03-20,24.2700,24.4600,24.2467,24.3300,18.8325,18960900
2013-03-21,24.2900,24.4900,24.2833,24.3767,18.8686,16520100
2013-03-22,24.4500,24.7633,24.4300,24.7600,19.1653,21971400
2013-03-25,24.7133,25.0367,24.7067,24.9500,19.3124,31316100
2013-03-26,24.9767,25.0300,24.8100,24.9233,19.2918,19927200
2013-03-27,24.7700,24.9867,24.7467,24.9267,19.2943,17910900
2013-03-28,24.9467,24.9900,24.7933,24.9433,19.3072,22104900
2013-04-01,25.0000,25.3100,24.9667,25.1433,19.4621,25246200
2013-04-02,25.1833,25.3500,25.1400,25.3400,19.6143,19928400
2013-04-03,25.4367,25.5600,25.2400,25.3333,19.6091,22361700
2013-04-04,25.3200,25.5267,25.3200,25.4000,19.6607,22524600
2013-04-05,25.1833,25.4700,25.1433,25.4633,19.7098,17640900
2013-04-08,25.3667,25.8167,25.2767,25.7633,19.9420,24225300
2013-04-09,25.7467,26.1533,25.6733,26.0400,20.1561,26009700
2013-04-10,26.0933,26.1267,25.7900,25.7900,19.9626,25797000
2013-04-11,25.7867,26.1233,25.7567,25.9300,20.0710,21387300
2013-04-12,25.8767,26.2833,25.8600,26.1867,20.2696,19010400
2013-04-15,26.1467,26.4267,26.1433,26.1567,20.2464,25636500
2013-04-16,26.0767,26.2867,26.0100,26.2267,20.3006,20563200
2013-04-17,26.1767,26.3567,26.0367,26.1700,20.2567,21745800
2013-04-18,26.2533,26.3500,25.5367,25.7200,19.9084,42656700
2013-04-19,25.8333,26.1467,25.8000,26.0967,20.2000,23521500
2013-04-22,26.0967,26.1467,25.8333,25.9900,20.1174,15464700
2013-04-23,26.0367,26.4067,26.0167,26.3633,20.4064,19960800
2013-04-24,26.4100,26.5000,25.9733,26.0100,20.1329,24250800
2013-04-25,26.0600,26.2767,25.9600,26.2167,20.2929,17187300
2013-04-26,26.1933,26.3833,26.1900,26.3467,20.3935,17770800
2013-04-29,26.3600,26.4167,26.0500,26.1300,20.2258,18470400
2013-04-30,26.0933,26.1000,25.7900,25.9067,20.0529,23897400
2013-05-01,25.9500,26.2200,25.8967,26.0200,20.1406,18780900
2013-05-02,25.9700,26.1633,25.9333,26.1533,20.2438,13558800
2013-05-03,26.3067,26.4467,26.3000,26.4167,20.4477,16812300
2013-05-06,26.3667,26.3867,26.2567,26.2767,20.3393,14417100
2013-05-07,26.3667,26.3800,26.2567,26.2767,20.3393,19713300
2013-05-08,26.1867,26.2200,25.9267,26.0833,20.3108,24025500
2013-05-09,26.1033,26.3200,25.9667,26.1333,20.3497,19550400
2013-05-10,26.1567,26.3033,26.0933,26.2967,20.4769,17493600
2013-05-13,26.2667,26.3133,25.9733,26.1667,20.3756,23141700
2013-05-14,25.9933,26.2867,25.8900,26.2600,20.4483,30041100
2013-05-15,26.2667,26.6533,26.2167,26.6200,20.7287,24003300
2013-05-16,26.0333,26.2867,25.7800,26.1667,20.3756,36385800
2013-05-17,26.1000,26.1967,25.8000,25.9567,20.2121,32007900
2013-05-20,25.9600,25.9667,25.7867,25.8000,20.0901,16747800
2013-05-21,25.8733,26.0600,25.7500,25.7967,20.0875,22452900
2013-05-22,25.7300,25.9333,25.5833,25.6767,19.9941,27093900
2013-05-23,25.6100,25.6467,25.4167,25.4433,19.8124,24144600
2013-05-24,25.4400,25.8033,25.3833,25.7700,20.0668,22768800
2013-05-28,25.8400,26.0133,25.6867,25.7733,20.0694,18177600
2013-05-29,25.6833,25.6833,25.3533,25.4100,19.7864,17646900
2013-05-30,25.4967,25.5133,25.2033,25.2100,19.6307,18684000
2013-05-31,25.1200,25.2100,24.9400,24.9467,19.4256,29237100
2013-06-03,25.0200,25.2667,24.8800,25.2300,19.6463,25321500
2013-06-04,25.2567,25.4600,25.1567,25.3133,19.7112,28032000
2013-06-05,25.2400,25.3167,25.0233,25.0833,19.5321,20335800
2013-06-06,25.0900,25.2467,24.9467,25.2100,19.6307,28275300
2013-06-07,25.4600,25.6233,25.3967,25.4433,19.8124,25041600
2013-06-10,25.4267,25.5500,25.2200,25.2500,19.6618,20194500
2013-06-11,25.1400,25.2767,24.9967,25.0833,19.5321,18019200
2013-06-12,25.1567,25.2367,24.8833,24.9467,19.4256,14193300
2013-06-13,24.9267,25.1100,24.8533,25.0000,19.4672,21718500
2013-06-14,24.9467,25.0900,24.9333,24.9567,19.4334,19054500
2013-06-17,25.0000,25.1500,24.8367,24.9833,19.4542,19441800
2013-06-18,25.0000,25.2933,24.9333,25.2433,19.6567,20219100
2013-06-19,25.2467,25.3200,24.7800,24.8200,19.3270,24987300
2013-06-20,24.8333,24.8867,24.3367,24.3433,18.9558,27209100
2013-06-21,24.5067,24.7333,24.4167,24.5033,19.0804,43693500
2013-06-24,24.3500,24.9300,24.3000,24.7333,19.2595,29091900
2013-06-25,24.7567,24.9167,24.6133,24.7900,19.3037,21653400
2013-06-26,24.8733,25.0600,24.8467,25.0033,19.4698,16435200
2013-06-27,25.1600,25.3700,25.0800,25.0867,19.5347,21263400
2013-06-28,25.0367,25.2200,24.8167,24.8300,19.3348,43644900
2013-07-01,24.9967,25.0933,24.7000,24.8633,19.3608,20093100
2013-07-02,24.7700,25.2267,24.7367,24.9033,19.3919,20179200
2013-07-03,24.8033,25.0400,24.6967,24.9200,19.4049,6949200
2013-07-05,25.0500,25.0867,24.8033,25.0700,19.5217,16331700
2013-07-08,25.2267,25.5900,25.2267,25.5700,19.9110,20140200
2013-07-09,25.6533,25.8133,25.5800,25.6767,19.9941,15819300
2013-07-10,25.6533,25.8333,25.4833,25.5900,19.9266,15432900
2013-07-11,25.8167,25.9167,25.7767,25.8767,20.1498,14042100
2013-07-12,25.8700,25.8900,25.7767,25.8767,20.1498,13373100
2013-07-15,25.7667,25.7667,25.5667,25.6767,19.9941,14661600
2013-07-16,25.6600,25.8167,25.6333,25.7900,20.0823,14122800
2013-07-17,25.8733,25.9300,25.6967,25.7333,20.0382,16053900
2013-07-18,25.7400,25.8500,25.6700,25.7800,20.0746,12449700
2013-07-19,25.8167,26.0567,25.7800,26.0267,20.2666,20477700
2013-07-22,25.9633,26.0833,25.9100,25.9567,20.2121,12474600
2013-07-23,25.9867,26.2100,25.9333,26.1833,20.3886,15758700
2013-07-24,26.2267,26.2300,25.9067,26.0767,20.3056,14790000
2013-07-25,26.0167,26.1533,25.8767,26.0033,20.2485,17760600
2013-07-26,25.9767,26.0100,25.7000,26.0000,20.2459,16047300
2013-07-29,25.9433,26.0833,25.9267,25.9967,20.2433,10395000
2013-07-30,26.0700,26.1200,25.8967,25.9633,20.2173,13601100
2013-07-31,25.9733,26.1600,25.9100,25.9800,20.2303,18122400
2013-08-01,26.1400,26.2233,26.0367,26.0733,20.3030,15506100
2013-08-02,26.0833,26.2500,26.0000,26.2500,20.4405,18371700
2013-08-05,26.2067,26.3333,26.1433,26.2567,20.4457,11718300
2013-08-06,26.1867,26.1900,25.8533,25.9567,20.2121,20102700
2013-08-07,25.7200,25.8767,25.5400,25.7900,20.2043,17459100
2013-08-08,25.8367,25.9633,25.6433,25.7500,20.1730,13424100
2013-08-09,25.7367,25.7733,25.5900,25.6333,20.0816,17293800
2013-08-12,25.5200,25.7967,25.4967,25.6933,20.1286,17361000
2013-08-13,25.7233,25.7500,25.4067,25.6200,20.0711,19143000
2013-08-14,25.6033,25.7400,25.4100,25.4667,19.9510,20460300
2013-08-15,24.8200,25.0267,24.6767,24.8033,19.4313,39664500
2013-08-16,24.7067,24.8333,24.5667,24.7033,19.3530,21763500
2013-08-19,24.6267,24.6433,24.4033,24.5267,19.2146,16094700
2013-08-20,24.5167,24.5400,24.4000,24.4100,19.1232,19989300
2013-08-21,24.3867,24.7100,24.3100,24.5167,19.2067,24233700
2013-08-22,24.6033,24.6767,24.4133,24.4867,19.1832,11842200
2013-08-23,24.5500,24.5833,24.3433,24.4800,19.1780,16422300
2013-08-26,24.5467,24.5833,24.3433,24.3433,19.0709,16044600
2013-08-27,24.2267,24.3700,24.1700,24.2867,19.0266,17362800
2013-08-28,24.2200,24.2867,24.0900,24.1267,18.9012,16825800
2013-08-29,24.1167,24.2933,24.0767,24.1433,18.9143,12264600
2013-08-30,24.2133,24.3567,24.1933,24.3267,19.0579,18198600
2013-09-03,24.4933,24.5267,24.1800,24.2267,18.9795,21471000
2013-09-04,24.2333,24.3733,24.1500,24.3033,19.0396,14002500
2013-09-05,24.2800,24.4933,24.2067,24.2233,18.9769,14041500
2013-09-06,24.2333,24.3867,24.0633,24.1967,18.9560,17370600
2013-09-09,24.2833,24.5500,24.2333,24.5033,19.1963,16569000
2013-09-10,24.5533,24.7367,24.5233,24.6533,19.3138,20535900
2013-09-11,24.6667,24.7467,24.5533,24.6833,19.3373,16007400
2013-09-12,24.7267,24.8400,24.5900,24.6367,19.3008,15785400
2013-09-13,24.7100,24.8000,24.6600,24.7867,19.4183,12061200
2013-09-16,24.9667,25.0633,24.8967,24.9267,19.5279,12601800
2013-09-17,24.9467,25.1567,24.9300,25.0500,19.6246,12875400
2013-09-18,25.0533,25.5100,24.9667,25.4733,19.9562,20645100
2013-09-19,25.5000,25.5100,25.2067,25.4033,19.9014,21328500
2013-09-20,25.4400,25.4833,25.2767,25.2767,19.8021,26542800
2013-09-23,25.1300,25.4767,25.0667,25.4733,19.9562,16814100
2013-09-24,25.4667,25.5767,25.2300,25.2500,19.7812,20624400
2013-09-25,25.3033,25.3133,24.5200,24.8833,19.4940,44916900
2013-09-26,24.9267,24.9933,24.7400,24.8733,19.4862,15234300
2013-09-27,24.7933,24.8200,24.6900,24.7867,19.4183,12643800
2013-09-30,24.7600,24.8667,24.5800,24.6533,19.3138,20257500
2013-10-01,24.6233,24.6300,24.4400,24.5300,19.2172,17026500
2013-10-02,24.4633,24.5733,24.3467,24.5733,19.2511,22128300
2013-10-03,24.5100,24.5100,24.3167,24.3867,19.1049,21538800
2013-10-04,24.3367,24.4600,24.2633,24.2667,19.0109,17243100
2013-10-07,24.1400,24.1400,23.8367,23.9567,18.7680,20659200
2013-10-08,23.9500,24.3967,23.9333,24.3000,19.0370,27672600
2013-10-09,24.2767,24.4467,24.1900,24.3333,19.0631,19402200
2013-10-10,24.4933,24.9567,24.4233,24.9300,19.5305,23040600
2013-10-11,24.8700,24.9433,24.6100,24.9400,19.5384,19587600
2013-10-14,24.7800,24.9033,24.5833,24.8933,19.5018,17712000
2013-10-15,24.8100,25.1233,24.6633,24.7900,19.4209,26979900
2013-10-16,24.9367,25.2067,24.8567,25.2000,19.7421,17743500
2013-10-17,25.1633,25.3733,23.8967,25.2600,19.7891,19185300
2013-10-18,25.2667,25.3100,25.1600,25.2367,19.7708,20365500
2013-10-21,25.2400,25.2733,24.9400,25.0500,19.6246,16092300
2013-10-22,25.1433,25.4967,25.0700,25.4400,19.9301,20845500
2013-10-23,25.3933,25.4500,25.2700,25.3000,19.8204,17610300
2013-10-24,25.3433,25.5033,25.2733,25.4733,19.9562,17592900
2013-10-25,25.4567,25.5867,25.2600,25.3600,19.8674,19376400
2013-10-28,25.3867,25.7367,25.3500,25.7133,20.1442,21097200
2013-10-29,25.7500,25.8767,25.5833,25.6867,20.1233,22312800
2013-10-30,25.7567,25.8433,25.5200,25.6367,20.0842,13938000
2013-10-31,25.6267,25.7167,25.5333,25.5833,20.0424,13837200
2013-11-01,25.6567,25.8000,25.5300,25.6900,20.1259,15348300
2013-11-04,25.7400,25.8833,25.7333,25.7767,20.1938,14112300
2013-11-05,25.6033,25.8700,25.5733,25.8067,20.2174,15256500
2013-11-06,25.8800,26.0933,25.7667,26.0533,20.4106,14487600
2013-11-07,26.0633,26.0733,25.7467,25.8367,20.2408,25042800
2013-11-08,25.8300,25.9867,25.5967,25.9867,20.3584,17381400
2013-11-11,25.9533,26.3567,25.9300,26.3367,20.6326,22351500
2013-11-12,26.2833,26.3233,26.0833,26.2367,20.5542,15798300
2013-11-13,26.1400,26.3300,26.1167,26.3000,20.6038,24860100
2013-11-14,25.9167,26.5100,25.8933,26.3600,20.6508,27906300
2013-11-15,26.3100,26.4300,26.2500,26.4067,20.6874,17733300
2013-11-18,26.4100,26.4400,26.3033,26.4067,20.6874,17888100
2013-11-19,26.4333,26.4500,26.2933,26.4167,20.6952,13365000
2013-11-20,26.4367,26.4633,26.1633,26.3000,20.6038,13533900
2013-11-21,26.2467,26.4000,26.1833,26.2867,20.5934,11523000
2013-11-22,26.2900,26.6233,26.2500,26.6033,20.8415,14436300
2013-11-25,26.6867,26.8567,26.6367,26.8100,21.0034,17011200
2013-11-26,26.8133,26.8933,26.7033,26.8933,21.0687,16613400
2013-11-27,26.8500,27.0000,26.7933,26.9767,21.1339,14439900
2013-11-29,27.0567,27.1167,26.9400,27.0033,21.1548,10341600
2013-12-02,26.9633,27.0933,26.7900,27.0367,21.1809,18535200
2013-12-03,27.0700,27.1100,26.9000,27.0700,21.2071,22519200
2013-12-04,26.8800,27.1233,26.6367,26.7400,21.0705,22923600
2013-12-05,26.5733,26.5900,26.2900,26.4800,20.8656,19350000
2013-12-06,26.5700,26.7433,26.5467,26.6467,20.9969,15264300
2013-12-09,26.7467,26.8100,26.5667,26.6500,20.9996,13474800
2013-12-10,26.5733,26.6000,26.3500,26.3600,20.7710,18857100
2013-12-11,26.3667,26.5733,26.3500,26.3633,20.7737,17996400
2013-12-12,26.3700,26.4200,26.1333,26.1667,20.6187,17074800
2013-12-13,26.2433,26.2567,25.9767,26.0267,20.5084,14943600
2013-12-16,26.0833,26.1667,25.8667,25.9133,20.4191,18440700
2013-12-17,25.9133,25.9633,25.7400,25.7500,20.2904,17296200
2013-12-18,25.7600,25.9933,25.6033,25.9800,20.4716,31901100
2013-12-19,25.8900,25.9433,25.7333,25.7467,20.2878,17866200
2013-12-20,25.7600,25.9600,25.7500,25.8100,20.3377,28706400
2013-12-23,25.9100,25.9967,25.7900,25.9567,20.4532,13475700
2013-12-24,25.9833,26.0800,25.8767,26.0033,20.4900,6284700
2013-12-26,26.0200,26.1733,25.9900,26.1300,20.5898,8334600
2013-12-27,26.2000,26.3100,26.1000,26.1567,20.6108,9150000
2013-12-30,26.2033,26.2933,26.1433,26.2100,20.6528,9259500
2013-12-31,26.2200,26.2900,26.1167,26.2300,20.6686,11577300
2014-01-02,26.2400,26.4900,26.1667,26.3033,20.7264,20634000
2014-01-03,26.2700,26.3767,26.1733,26.2167,20.6581,14872200
2014-01-06,26.2867,26.3033,25.9300,26.0700,20.5425,21840600
2014-01-07,26.0567,26.2833,25.9733,26.1500,20.6056,15036900
2014-01-08,26.1667,26.1700,25.8667,25.9433,20.4427,17865600
2014-01-09,26.1300,26.1333,25.8300,26.0300,20.5110,17748900
2014-01-10,26.1033,26.2400,25.8467,26.0133,20.4979,15543900
2014-01-13,25.8667,25.9900,25.7467,25.8300,20.3534,18473700
2014-01-14,25.8200,26.0000,25.7933,25.9867,20.4769,12264600
2014-01-15,25.9867,26.0333,25.8567,25.8867,20.3981,14977200
2014-01-16,25.7967,25.8233,25.4500,25.5867,20.1617,21604500
2014-01-17,25.5767,25.6067,25.3433,25.3967,20.0120,34322100
2014-01-21,25.4167,25.4633,24.9533,25.2800,19.9200,26913300
2014-01-22,25.3600,25.3600,25.0100,25.1167,19.7913,17561100
2014-01-23,24.9467,25.0400,24.8233,24.9867,19.6889,18018900
2014-01-24,24.9100,25.0400,24.7433,24.8067,19.5471,27998400
2014-01-27,24.7100,24.7900,24.6100,24.7167,19.4761,27266100
2014-01-28,24.7533,25.1333,24.7000,24.8900,19.6127,18070200
2014-01-29,25.0967,25.1233,24.6900,24.7000,19.4630,25301100
2014-01-30,24.8467,25.0300,24.7867,24.9167,19.6337,20198700
2014-01-31,24.6400,25.0633,24.5467,24.8933,19.6154,31634400
2014-02-03,24.7300,24.8333,24.1800,24.2200,19.0848,31292100
2014-02-04,24.2233,24.3667,24.1000,24.2433,19.1032,23266500
2014-02-05,24.0900,24.3867,24.0900,24.2900,19.1399,14322900
2014-02-06,24.3233,24.4033,24.1667,24.2733,19.1268,22059300
2014-02-07,24.3500,24.6000,24.1667,24.5833,19.3711,21862800
2014-02-10,24.5300,24.5867,24.3200,24.5867,19.3737,18612300
2014-02-11,24.6333,24.9500,24.5567,24.9333,19.6469,19533600
2014-02-12,24.7400,25.0600,24.7400,24.9867,19.6889,16019400
2014-02-13,24.8933,25.1633,24.8533,25.1200,19.7940,15750600
2014-02-14,25.1333,25.3300,25.0333,25.2633,19.9069,14726700
2014-02-18,25.1633,25.2167,24.9533,25.1100,19.7861,17981400
2014-02-19,25.0033,25.1067,24.8033,24.9500,19.6600,24390900
2014-02-20,24.3500,24.6667,24.2700,24.5067,19.3107,39237300
2014-02-21,24.3967,24.4667,24.2733,24.3733,19.2056,26913000
2014-02-24,24.4133,24.6067,24.3800,24.4500,19.2660,21964500
2014-02-25,24.3933,24.5800,24.3633,24.4500,19.2660,28448100
2014-02-26,24.6467,25.0333,24.5967,24.9267,19.6416,27066600
2014-02-27,24.9267,24.9267,24.6967,24.8533,19.5838,16344600
2014-02-28,24.8267,25.0633,24.7333,24.9000,19.6206,22333800
2014-03-03,24.8300,24.8900,24.6100,24.7067,19.4683,16042800
2014-03-04,24.9233,25.1633,24.8867,25.0433,19.7335,22631400
2014-03-05,25.1067,25.1100,24.8600,24.9333,19.6469,16574400
2014-03-06,24.9533,25.0367,24.8367,24.9600,19.6679,15319800
2014-03-07,24.9867,24.9867,24.7867,24.8600,19.7155,15163800
2014-03-10,24.8400,24.8667,24.6833,24.8100,19.6758,14481000
2014-03-11,24.9067,24.9900,24.7333,24.9733,19.8053,27016800
2014-03-12,24.9500,25.2500,24.9400,25.1767,19.9666,25882800
2014-03-13,25.2367,25.3933,24.9700,24.9767,19.8080,17473500
2014-03-14,24.8900,25.0233,24.7567,24.7600,19.6362,19857000
2014-03-17,24.7667,24.9500,24.6700,24.8933,19.7419,17341200
2014-03-18,24.8867,24.9967,24.8167,24.9233,19.7657,11831400
2014-03-19,24.8533,25.0367,24.6733,24.7933,19.6626,17283300
2014-03-20,24.6733,25.2267,24.6200,25.1267,19.9269,25912500
2014-03-21,25.2967,25.6733,25.1500,25.3667,20.1173,51480600
2014-03-24,25.4033,25.6000,25.3700,25.5867,20.2918,21838500
2014-03-25,25.6267,25.7133,25.3867,25.6233,20.3208,22146600
2014-03-26,25.6933,25.8433,25.4100,25.4100,20.1517,23183400
2014-03-27,25.4600,25.6067,25.3467,25.3800,20.1279,16789800
2014-03-28,25.4200,25.5333,25.2567,25.3367,20.0935,17613300
2014-03-31,25.4500,25.5933,25.3400,25.4767,20.2045,14086800
2014-04-01,25.5867,25.7500,25.5133,25.5900,20.2944,17310000
2014-04-02,25.5267,25.7300,25.4467,25.7267,20.4028,18234300
2014-04-03,25.7333,25.8500,25.6667,25.8200,20.4768,18121500
2014-04-04,25.8600,25.9667,25.7500,25.7700,20.4372,20280600
2014-04-07,25.7433,25.9067,25.6967,25.7700,20.4372,23027100
2014-04-08,25.6967,26.1033,25.6000,26.0600,20.6671,22496100
2014-04-09,26.0667,26.0733,25.7600,25.9900,20.6116,20633400
2014-04-10,25.9833,26.0467,25.5500,25.6300,20.3261,22798800
2014-04-11,25.5933,25.7433,25.4300,25.5000,20.2230,23937000
2014-04-14,25.6467,25.8500,25.5967,25.7933,20.4557,16127700
2014-04-15,25.6767,25.7700,25.4800,25.6267,20.3235,20785800
2014-04-16,25.7700,25.8233,25.6767,25.7400,20.4134,15110400
2014-04-17,25.6933,25.9167,25.6933,25.8867,20.5297,20894100
2014-04-21,25.8033,25.9100,25.7267,25.8667,20.5138,13785300
2014-04-22,25.8400,25.9433,25.7967,25.8533,20.5032,19396500
2014-04-23,25.9400,26.0933,25.8567,26.0133,20.6301,17418600
2014-04-24,26.0567,26.1567,25.9000,26.1033,20.7015,13042500
2014-04-25,26.1033,26.2600,26.0067,26.2067,20.7835,16177800
2014-04-28,26.2867,26.6633,26.2767,26.5867,21.0848,28796100
2014-04-29,26.6133,26.6233,26.5233,26.5567,21.0610,14087100
2014-04-30,26.5300,26.6433,26.5033,26.5700,21.0716,18335100
2014-05-01,26.5767,26.5767,26.3867,26.5667,21.0689,15294000
2014-05-02,26.5333,26.5867,26.3367,26.3733,20.9156,16860000
2014-05-05,26.2867,26.3167,26.1700,26.2067,20.7835,13773000
2014-05-06,26.1100,26.1300,25.9900,26.0033,20.6222,16916700
2014-05-07,25.9500,26.0333,25.8433,25.9867,20.7366,18258600
2014-05-08,26.0000,26.2767,26.0000,26.2300,20.9307,14461800
2014-05-09,26.1733,26.4267,26.1733,26.4000,21.0664,14689200
2014-05-12,26.3167,26.4100,26.2167,26.3833,21.0531,17999400
2014-05-13,26.3900,26.4567,26.3300,26.3800,21.0504,13091100
2014-05-14,26.3500,26.3500,26.0233,26.2467,20.9440,16824900
2014-05-15,25.4267,25.8133,25.4167,25.6100,20.4360,39107400
2014-05-16,25.6667,25.7933,25.5500,25.6700,20.4839,21731400
2014-05-19,25.7033,25.7100,25.5000,25.5367,20.3775,18393900
2014-05-20,25.4533,25.4567,25.1733,25.2300,20.1328,22310100
2014-05-21,25.3133,25.3200,25.0900,25.2200,20.1248,17112300
2014-05-22,25.2633,25.3067,25.0800,25.1300,20.0530,15731100
2014-05-23,25.1867,25.2500,25.1433,25.2033,20.1115,11110800
2014-05-27,25.2367,25.2700,25.0967,25.1967,20.1062,16112400
2014-05-28,25.1267,25.3133,25.1133,25.1767,20.0902,15110700
2014-05-29,25.2233,25.3967,25.1900,25.3267,20.2099,12010500
2014-05-30,25.3533,25.6033,25.3367,25.5900,20.4200,17894400
2014-06-02,25.5267,25.7033,25.4900,25.5867,20.4174,13171200
2014-06-03,25.5800,25.6567,25.4533,25.5700,20.4041,21640800
2014-06-04,25.5333,25.7667,25.5100,25.7100,20.5158,18599700
2014-06-05,25.6833,25.8133,25.6233,25.7733,20.5663,14087400
2014-06-06,25.8200,25.8633,25.6900,25.7367,20.5371,12566700
2014-06-09,25.6900,25.9200,25.5667,25.6700,20.4839,16642800
2014-06-10,25.6033,25.6467,25.5033,25.5400,20.3801,10097100
2014-06-11,25.5167,25.5800,25.3500,25.3867,20.2578,13389900
2014-06-12,25.3500,25.3967,25.1933,25.2433,20.1434,16009800
2014-06-13,25.2233,25.2533,25.0400,25.0933,20.0237,14944500
2014-06-16,25.0367,25.1600,25.0067,25.1133,20.0397,11540700
2014-06-17,25.0967,25.1400,24.9733,24.9967,19.9466,19632600
2014-06-18,25.0133,25.3200,24.9733,25.2333,20.1354,20222100
2014-06-19,25.2933,25.4267,25.2667,25.2900,20.1807,15765900
2014-06-20,25.3867,25.3900,25.0400,25.2267,20.1301,33992100
2014-06-23,25.1867,25.3133,25.1000,25.2633,20.1594,12802200
2014-06-24,25.3433,25.4033,25.2267,25.3233,20.2073,16956900
2014-06-25,25.2533,25.2800,25.0933,25.2067,20.1142,12954600
2014-06-26,25.1733,25.2033,24.9000,24.9700,19.9253,20766300
2014-06-27,24.9333,25.1267,24.8900,25.1133,20.0397,41882400
2014-06-30,25.1333,25.2300,24.9800,25.0233,19.9679,19961400
2014-07-01,25.0900,25.1400,24.9167,25.0933,20.0237,19813500
2014-07-02,25.0867,25.3000,25.0833,25.2067,20.1142,13100400
2014-07-03,25.2033,25.3500,25.1733,25.2500,20.1487,8622000
2014-07-07,25.2300,25.4033,25.1833,25.3567,20.2338,15084000
2014-07-08,25.3633,25.6600,25.3433,25.5500,20.3881,23881500
2014-07-09,25.5900,25.7767,25.5400,25.7367,20.5371,18720300
2014-07-10,25.6367,25.8567,25.6367,25.6867,20.4972,16117500
2014-07-11,25.6233,25.6567,25.5200,25.6067,20.4333,13642500
2014-07-14,25.7100,25.7500,25.4933,25.5167,20.3615,14468700
2014-07-15,25.5200,25.6433,25.5200,25.6133,20.4387,13970700
2014-07-16,25.6333,25.6833,25.5667,25.6200,20.4440,11172600
2014-07-17,25.5267,25.6833,25.4800,25.5367,20.3775,13890900
2014-07-18,25.5400,25.7000,25.5033,25.6967,20.5052,14739900
2014-07-21,25.5867,25.6367,25.4933,25.5900,20.4200,10372800
2014-07-22,25.6133,25.6300,25.4667,25.5467,20.3855,13149600
2014-07-23,25.5433,25.6867,25.5300,25.6633,20.4786,11982900
2014-07-24,25.5600,25.5967,25.3967,25.4500,20.3083,21684900
2014-07-25,25.3967,25.4533,25.2667,25.3233,20.2073,11845200
2014-07-28,25.1433,25.3100,25.1200,25.2367,20.1381,16529700
2014-07-29,25.0700,25.3367,25.0500,25.1467,20.0663,18880500
2014-07-30,25.2933,25.3067,24.8900,24.9267,19.8907,29931600
2014-07-31,24.6633,24.7500,24.5133,24.5267,19.5715,28894800
2014-08-01,24.4400,24.6267,24.4067,24.5133,19.5609,24671700
2014-08-04,24.4600,24.5433,24.3533,24.5133,19.5609,16206300
2014-08-05,24.4367,24.5067,24.2567,24.4467,19.5077,31739700
2014-08-06,24.3967,24.7633,24.3933,24.7333,19.8665,23804400
2014-08-07,24.7800,24.9367,24.5867,24.6500,19.7995,21147000
2014-08-08,24.6867,24.9100,24.6167,24.8900,19.9923,14988900
2014-08-11,24.7633,24.8667,24.6733,24.7867,19.9093,14164200
2014-08-12,24.7700,24.8133,24.6700,24.7400,19.8718,11784600
2014-08-13,24.7567,24.8033,24.5033,24.6767,19.8210,19857300
2014-08-14,24.6300,24.8100,24.5367,24.7967,19.9173,18408900
2014-08-15,24.8833,24.8833,24.4967,24.6333,19.7861,20828100
2014-08-18,24.7167,24.8933,24.6833,24.8300,19.9441,12047100
2014-08-19,24.9367,24.9800,24.7133,24.9600,20.0485,15143700
2014-08-20,24.9433,25.0167,24.8367,24.9867,20.0700,14694900
2014-08-21,25.0200,25.3033,25.0000,25.1833,20.2279,15781800
2014-08-22,25.2600,25.4000,25.2133,25.2433,20.2761,12413400
2014-08-25,25.3100,25.3400,25.1700,25.2300,20.2654,10180800
2014-08-26,25.2767,25.3833,25.1467,25.1733,20.2199,12668700
2014-08-27,25.1700,25.2867,25.1467,25.2833,20.3082,9601200
2014-08-28,25.1567,25.3133,25.1567,25.3000,20.3216,8771100
2014-08-29,25.2500,25.2933,25.0967,25.1667,20.2145,15241500
2014-09-02,25.1400,25.3133,25.1367,25.2500,20.2815,13597200
2014-09-03,25.3167,25.4433,25.2933,25.3367,20.3511,14128200
2014-09-04,25.3867,25.5333,25.3700,25.5200,20.4983,15846900
2014-09-05,25.5067,25.9100,25.4933,25.8367,20.7527,23525400
2014-09-08,25.7100,25.7733,25.4767,25.5100,20.4903,17816700
2014-09-09,25.5200,25.6667,25.3900,25.5800,20.5465,16896000
2014-09-10,25.5967,25.6933,25.4567,25.5033,20.4850,20091300
2014-09-11,25.4500,25.4800,25.3633,25.3667,20.3752,14859900
2014-09-12,25.3233,25.3500,25.2200,25.2567,20.2868,16956900
2014-09-15,25.2600,25.2967,25.2033,25.2700,20.2975,11245500
2014-09-16,25.2133,25.5233,25.2000,25.4400,20.4341,12328500
2014-09-17,25.4533,25.4900,25.3367,25.4133,20.4127,12717000
2014-09-18,25.4367,25.5267,25.3033,25.4067,20.4073,14255100
2014-09-19,25.4833,25.6900,25.4600,25.6133,20.5733,39970500
2014-09-22,25.5967,25.6200,25.4167,25.4367,20.4314,13352100
2014-09-23,25.3333,25.4067,25.1900,25.2000,20.2413,20124000
2014-09-24,25.2433,25.7700,25.2333,25.6933,20.6376,25303800
2014-09-25,25.6433,25.6833,25.3733,25.3733,20.3805,14890500
2014-09-26,25.4167,25.5233,25.2867,25.4967,20.4796,11258700
2014-09-29,25.3533,25.4167,25.2167,25.3600,20.3698,14877900
2014-09-30,25.3467,25.5733,25.2567,25.4900,20.4742,16922100
2014-10-01,25.5033,25.6200,25.3033,25.3733,20.3805,19574700
2014-10-02,25.4033,25.6367,25.3200,25.4100,20.4100,14763600
2014-10-03,25.5233,25.8267,25.5100,25.7733,20.7018,17459100
2014-10-06,25.6833,25.9733,25.6633,25.7833,20.7099,16289100
2014-10-07,25.6767,25.8967,25.5733,25.7667,20.6965,21179700
2014-10-08,25.8033,26.1633,25.6033,26.0800,20.9481,24321300
2014-10-09,26.0367,26.2767,25.8867,25.9533,20.8464,21218100
2014-10-10,25.9767,26.4567,25.9767,26.0967,20.9615,30234000
2014-10-13,26.0100,26.1933,25.8167,25.8533,20.7661,24603600
2014-10-14,25.9433,26.2100,25.8900,25.9933,20.8785,23703300
2014-10-15,25.8600,25.8967,24.7867,25.0667,20.1342,63173100
2014-10-16,24.4100,24.6900,24.2033,24.6067,19.7647,43039800
2014-10-17,24.7267,24.8333,24.3433,24.7000,19.8397,34386900
2014-10-20,24.7133,25.0733,24.6400,25.0467,20.1182,21122100
2014-10-21,25.0600,25.4000,25.0033,25.3400,20.3538,24899100
2014-10-22,25.4900,25.5533,25.3367,25.3433,20.3564,17782800
2014-10-23,25.4567,25.5500,25.2600,25.4167,20.4153,19101300
2014-10-24,25.3767,25.5000,25.1667,25.4600,20.4501,13438800
2014-10-27,25.4433,25.6600,25.4367,25.5300,20.5064,12322200
2014-10-28,25.5433,25.6000,25.3333,25.4500,20.4421,14938800
2014-10-29,25.5167,25.5467,25.3233,25.4633,20.4528,17279100
2014-10-30,25.3900,25.5333,25.3267,25.4833,20.4689,14617200
2014-10-31,25.6300,25.8000,25.3367,25.4233,20.4207,22712100
2014-11-03,25.4500,25.4600,25.1967,25.4267,20.4234,20683200
2014-11-04,25.4967,25.7900,25.4267,25.7533,20.6858,20714700
2014-11-05,25.9567,26.0767,25.7667,25.9000,20.8036,17021400
2014-11-06,26.0500,26.0600,25.7233,25.9367,20.8330,13865700
2014-11-07,25.9467,26.3600,25.8700,26.2567,21.0901,28496400
2014-11-10,26.2000,26.7100,26.1400,26.4800,21.2694,37921500
2014-11-11,26.4667,26.4733,26.2833,26.3367,21.1543,16807200
2014-11-12,26.2767,26.4800,26.2167,26.4000,21.2052,20373600
2014-11-13,26.9867,27.6867,26.9533,27.6467,22.2065,68437200
2014-11-14,27.5267,27.7167,27.3667,27.6533,22.2119,31909800
2014-11-17,27.5267,27.9067,27.5100,27.8567,22.3752,23980200
2014-11-18,27.8333,27.9733,27.7800,27.9300,22.4341,18289200
2014-11-19,27.9867,28.5467,27.9733,28.3300,22.7554,36569400
2014-11-20,28.2700,28.4300,28.0133,28.1933,22.6456,23438100
2014-11-21,28.4467,28.4800,28.1933,28.2167,22.6644,19948800
2014-11-24,28.2833,28.5367,28.2567,28.4667,22.8652,23986500
2014-11-25,28.5000,28.5033,28.1300,28.3167,22.7447,20026500
2014-11-26,28.3000,28.3700,28.1600,28.3267,22.7527,11828400
2014-11-28,28.7267,29.3633,28.6333,29.1800,23.4382,23461800
2014-12-01,28.9067,29.0233,28.5833,28.7400,23.0847,27422700
2014-12-02,28.7567,28.9000,28.6433,28.8000,23.1329,20298900
2014-12-03,28.6500,28.6667,28.2267,28.3133,22.8691,19122900
2014-12-04,28.0433,28.2733,27.8833,28.2533,22.8206,20704200
2014-12-05,28.2700,28.2733,27.8367,28.0400,22.6483,19710300
2014-12-08,28.0500,28.2233,27.9500,28.0767,22.6779,18798000
2014-12-09,27.8833,28.0700,27.5500,27.8533,22.4975,19900800
2014-12-10,27.9767,28.1033,27.6333,27.6600,22.3414,20920800
2014-12-11,27.7333,28.1667,27.7200,27.9433,22.5702,24098400
2014-12-12,27.8400,28.3333,27.8400,27.9367,22.5648,21852300
2014-12-15,28.0867,28.2333,27.6833,27.9800,22.5998,18953100
2014-12-16,27.8733,28.2533,27.6467,27.6533,22.3360,22312200
2014-12-17,27.7600,28.0867,27.6500,28.0767,22.6779,19923000
2014-12-18,28.2667,28.6500,28.0933,28.6467,23.1383,25937700
2014-12-19,28.7533,28.7800,28.3867,28.3867,22.9283,36206400
2014-12-22,28.4400,28.8000,28.4300,28.7933,23.2568,13727400
2014-12-23,28.8967,29.0267,28.7867,28.8867,23.3322,16657800
2014-12-24,28.9900,29.0233,28.7967,28.8100,23.2702,7475400
2014-12-26,28.7267,29.0467,28.6700,28.9700,23.3995,9747900
2014-12-29,28.8200,29.0233,28.8000,28.8800,23.3268,10816800
2014-12-30,28.8400,29.0433,28.8267,28.9300,23.3672,9796200
2014-12-31,29.0267,29.1467,28.6200,28.6267,23.1222,12454200
2015-01-02,28.7567,28.9067,28.5167,28.6333,23.1275,13505400
2015-01-05,28.5733,28.7733,28.5033,28.5500,23.0602,20937000
2015-01-06,28.6600,28.9167,28.5967,28.7700,23.2379,24615300
2015-01-07,28.9267,29.5600,28.8900,29.5333,23.8545,25495200
2015-01-08,29.7367,30.2233,29.6900,30.1567,24.3580,38140800
2015-01-09,30.1067,30.1300,29.7500,29.7833,24.0564,25567500
2015-01-12,29.7867,30.1033,29.7400,30.0067,24.2368,22117500
2015-01-13,30.2667,30.3233,29.6433,29.7700,24.0456,24646200
2015-01-14,29.2167,29.5067,28.8333,28.8700,23.3187,35862900
2015-01-15,29.0000,29.2600,28.9000,29.1267,23.5260,28238100
2015-01-16,29.0667,29.1533,28.7433,28.9233,23.3618,25226700
2015-01-20,28.9400,29.2333,28.5167,28.8967,23.3402,23559300
2015-01-21,28.7000,28.9700,28.5700,28.8800,23.3268,24521400
2015-01-22,29.0767,29.4667,28.9533,29.4333,23.7737,21371400
2015-01-23,29.4733,29.7533,29.2967,29.5033,23.8303,22697400
2015-01-26,29.4367,29.7200,29.3733,29.5433,23.8626,14000100
2015-01-27,29.4267,29.4867,29.0867,29.1767,23.5664,18061500
2015-01-28,29.3400,29.4100,28.9233,28.9400,23.3752,17810400
2015-01-29,29.0233,29.2400,28.7567,29.2400,23.6176,19568400
2015-01-30,28.9267,29.1200,28.3000,28.3267,22.8798,30840600
2015-02-02,28.2633,28.6233,27.9767,28.5700,23.0764,20781600
2015-02-03,28.6100,28.8433,28.5533,28.7300,23.2056,24850500
2015-02-04,28.7033,29.0133,28.6667,28.8833,23.3295,26796900
2015-02-05,29.0367,29.1200,28.8533,29.0933,23.4991,15272400
2015-02-06,29.0867,29.3333,28.9267,29.1100,23.5126,16852800
2015-02-09,28.9900,29.0633,28.5467,28.6367,23.1302,16368600
2015-02-10,28.8733,29.1367,28.8067,29.0967,23.5018,17196300
2015-02-11,28.8767,29.0400,28.6400,28.7800,23.2460,17559300
2015-02-12,28.8533,28.8933,28.4100,28.6300,23.1249,20824800
2015-02-13,28.6133,28.7200,28.4400,28.6033,23.1033,16791000
2015-02-17,28.4767,28.6567,28.3233,28.6533,23.1437,15261600
2015-02-18,28.6533,28.7667,28.5067,28.7633,23.2325,18098100
2015-02-19,28.1667,28.2667,27.7967,27.8400,22.4868,55940400
2015-02-20,27.5767,28.1267,27.5167,28.1000,22.6968,41521200
2015-02-23,28.1300,28.2867,28.0767,28.2000,22.7775,20191200
2015-02-24,28.1733,28.2733,27.9733,28.1900,22.7695,15593100
2015-02-25,28.2100,28.2400,27.8400,27.8567,22.5002,20425200
2015-02-26,27.9500,27.9533,27.7567,27.9333,22.5621,17664300
2015-02-27,27.9067,28.0533,27.8000,27.9767,22.5971,17632200
2015-03-02,27.9767,28.0000,27.7333,27.9867,22.6052,18184500
2015-03-03,27.8867,27.9400,27.7233,27.7900,22.4464,19382400
2015-03-04,27.7367,27.7367,27.4000,27.5267,22.2337,18643200
2015-03-05,27.7167,27.9567,27.6533,27.8567,22.5002,17992500
2015-03-06,27.6033,27.7000,27.4600,27.5300,22.2364,17193000
2015-03-09,27.5300,27.7800,27.5133,27.6267,22.3144,14014500
2015-03-10,27.4233,27.5000,27.3567,27.3567,22.0964,18933300
2015-03-11,27.2733,27.3233,26.8467,26.8967,21.8553,18482700
2015-03-12,26.9367,27.3733,26.9267,27.3000,22.1830,15677400
2015-03-13,27.3167,27.4167,27.0967,27.3000,22.1830,14286600
2015-03-16,27.4833,27.7900,27.4800,27.7633,22.5595,19557300
2015-03-17,27.6600,27.6700,27.4133,27.5400,22.3781,14406000
2015-03-18,27.3267,27.6533,27.0533,27.5100,22.3537,30756900
2015-03-19,27.4433,27.4800,27.1233,27.1733,22.0801,21638700
2015-03-20,27.2767,27.8300,27.2367,27.7467,22.5460,37095900
2015-03-23,27.7267,27.9667,27.7067,27.7700,22.5649,19517100
2015-03-24,27.7300,27.9033,27.6533,27.6833,22.4945,16077300
2015-03-25,27.6967,27.7500,27.1033,27.1067,22.0259,19937700
2015-03-26,26.9767,27.4367,26.8833,27.2967,22.1803,24801600
2015-03-27,27.2833,27.3933,27.0833,27.1167,22.0341,17152200
2015-03-30,27.2333,27.6000,27.1433,27.5100,22.3537,17105100
2015-03-31,27.4633,27.6800,27.4167,27.4167,22.2778,16763100
2015-04-01,27.4267,27.4267,26.8100,26.9033,21.8607,24920100
2015-04-02,26.9100,27.1067,26.8500,26.9100,21.8661,17387100
2015-04-06,26.8200,27.1100,26.7167,26.9967,21.9366,19142100
2015-04-07,27.0300,27.0967,26.8200,26.8333,21.8038,19818300
2015-04-08,26.7967,27.0767,26.7867,27.0100,21.9474,20084100
2015-04-09,26.9467,27.1300,26.8600,26.9467,21.8959,11770800
2015-04-10,26.9533,27.0000,26.8500,26.8833,21.8445,16440900
2015-04-13,26.8000,26.9733,26.7567,26.7633,21.7470,14094300
2015-04-14,26.7633,26.8067,26.5600,26.7167,21.7090,16595100
2015-04-15,26.8600,26.9933,26.5500,26.5800,21.5980,18601200
2015-04-16,26.5000,26.6300,26.3767,26.4133,21.4626,24045300
2015-04-17,26.3133,26.3833,25.8500,25.9600,21.0942,35468400
2015-04-20,26.1300,26.2767,26.0067,26.0467,21.1646,26542800
2015-04-21,26.2033,26.2800,25.9700,26.0100,21.1348,18600600
2015-04-22,25.9100,26.2133,25.8500,26.1433,21.2432,22784100
2015-04-23,26.1267,26.5133,26.0667,26.3933,21.4463,22406700
2015-04-24,26.4600,26.9767,26.4133,26.6133,21.6251,20603400
2015-04-27,26.5900,26.6200,26.4300,26.4567,21.4978,19349400
2015-04-28,26.4867,26.4933,26.2567,26.3667,21.4246,14687700
2015-04-29,26.2333,26.2633,25.9300,25.9600,21.0942,21325200
2015-04-30,25.9433,26.1600,25.8633,26.0167,21.1402,26387700
2015-05-01,26.0667,26.2533,26.0567,26.2000,21.2892,14999100
2015-05-04,26.3267,26.5167,26.1533,26.3933,21.4463,20007600
2015-05-05,26.3367,26.3367,26.0200,26.0433,21.1619,17566200
2015-05-06,25.9733,26.0400,25.7233,25.8833,21.1646,16440300
2015-05-07,25.9100,26.1133,25.7667,26.0100,21.2682,16614300
2015-05-08,26.2000,26.4167,26.1333,26.1767,21.4045,16042200
2015-05-11,26.1067,26.2033,26.0100,26.0333,21.2873,11234700
2015-05-12,26.0067,26.4933,25.9567,26.3200,21.5217,25347000
2015-05-13,26.3933,26.4767,25.9933,26.0533,21.3036,25263600
2015-05-14,26.1233,26.2567,26.0067,26.2400,21.4563,18510600
2015-05-15,26.2367,26.4167,26.1900,26.4133,21.5980,19851600
2015-05-18,26.4567,26.6467,26.3867,26.6400,21.7834,24900900
2015-05-19,26.0600,26.1200,25.4100,25.4767,20.8321,67375800
2015-05-20,25.4933,25.5000,25.2767,25.3000,20.6876,31625700
2015-05-21,25.2667,25.4733,25.1867,25.3700,20.7449,20268600
2015-05-22,25.4000,25.4600,25.2867,25.2867,20.6767,20445000
2015-05-26,25.2567,25.2767,24.9400,24.9667,20.4151,31720800
2015-05-27,25.0033,25.1700,25.0000,25.0633,20.4941,20961300
2015-05-28,25.0233,25.0533,24.8833,24.9467,20.3987,15076500
2015-05-29,24.9400,24.9600,24.7167,24.7567,20.2434,19125300
2015-06-01,24.8967,25.0267,24.8033,24.9100,20.3687,16938000
2015-06-02,24.8467,25.0000,24.8067,24.8433,20.3142,17393400
2015-06-03,24.9000,25.0667,24.8233,24.9633,20.4124,18281400
2015-06-04,24.8200,24.9933,24.6500,24.7167,20.2107,26948400
2015-06-05,24.7233,24.7567,24.3267,24.3533,19.9136,31905300
2015-06-08,24.4767,24.4967,24.2000,24.2033,19.7909,28779000
2015-06-09,24.2333,24.2833,24.1200,24.1567,19.7528,25006800
2015-06-10,24.2367,24.4433,24.1133,24.3100,19.8781,33647400
2015-06-11,24.4100,24.5567,24.2800,24.3133,19.8809,22260000
2015-06-12,24.2467,24.3000,24.1333,24.1433,19.7419,21739800
2015-06-15,24.0667,24.1333,23.9000,23.9767,19.6056,22700400
2015-06-16,24.0733,24.1933,23.9067,24.1167,19.7200,18646800
2015-06-17,24.2100,24.3000,24.1133,24.2433,19.8236,17111700
2015-06-18,24.2467,24.4933,24.2467,24.3267,19.8918,25129800
2015-06-19,24.2667,24.4067,24.2333,24.2467,19.8263,43652100
2015-06-22,24.3267,24.3967,24.2300,24.2633,19.8400,19468500
2015-06-23,24.2967,24.3133,24.1133,24.1900,19.7800,23628900
2015-06-24,24.1867,24.2167,24.0467,24.1267,19.7282,22015200
2015-06-25,24.1500,24.2100,23.9433,23.9533,19.5865,15879600
2015-06-26,23.9867,24.1533,23.9567,24.0400,19.6574,20693400
2015-06-29,23.9333,24.0000,23.8033,23.8067,19.4666,24563400
2015-06-30,23.9367,23.9367,23.5933,23.6433,19.3330,33307800
2015-07-01,23.8667,23.9833,23.4533,23.9600,19.5919,32321700
2015-07-02,24.0067,24.1867,23.8867,23.9533,19.5865,19758300
2015-07-06,23.7933,24.2300,23.7933,24.1767,19.7691,31609500
2015-07-07,24.2200,24.6200,24.0000,24.5967,20.1125,37263900
2015-07-08,24.4333,24.5300,24.3000,24.3533,19.9136,23373000
2015-07-09,24.5567,24.5767,24.2367,24.2600,19.8372,26087400
2015-07-10,24.3600,24.5167,24.3600,24.3733,19.9299,16737900
2015-07-13,24.5033,24.7033,24.5033,24.6267,20.1371,18253500
2015-07-14,24.6600,24.6967,24.4933,24.5967,20.1125,16554600
2015-07-15,24.5300,24.6333,24.3967,24.5500,20.0744,13700100
2015-07-16,24.6567,24.7133,24.5867,24.6100,20.1234,15695100
2015-07-17,24.5800,24.6900,24.4367,24.4633,20.0035,17041800
2015-07-20,24.4500,24.4800,24.3533,24.3667,19.9245,15256800
2015-07-21,24.3667,24.4300,24.1767,24.2467,19.8263,19323300
2015-07-22,24.2600,24.6067,24.2600,24.3867,19.9408,20884800
2015-07-23,24.3567,24.4067,24.1400,24.1700,19.7637,12758700
2015-07-24,24.1767,24.1867,23.8333,23.8600,19.5102,17853300
2015-07-27,23.7933,23.8833,23.6700,23.7933,19.4557,18592800
2015-07-28,23.8433,24.1300,23.7433,24.0333,19.6519,25776900
2015-07-29,24.0833,24.2100,24.0300,24.0767,19.6873,14819100
2015-07-30,24.0100,24.1767,23.9267,24.0533,19.6683,13813500
2015-07-31,24.1467,24.1633,23.8867,23.9933,19.6192,23785200
2015-08-03,23.9467,24.1267,23.9467,24.0600,19.6737,15395400
2015-08-04,24.1400,24.2667,23.9767,24.0833,19.6928,17620200
2015-08-05,24.1300,24.5633,24.0833,24.5033,20.1730,26147400
2015-08-06,24.4500,24.4600,24.2200,24.2633,19.9754,19103100
2015-08-07,24.2367,24.2767,23.7233,23.7500,19.5528,23392500
2015-08-10,23.8333,23.9167,23.7800,23.8267,19.6159,18060300
2015-08-11,23.7500,24.1233,23.7167,23.9767,19.7394,20487600
2015-08-12,23.8433,24.2200,23.7567,24.1933,19.9178,26524200
2015-08-13,24.1333,24.2567,23.9900,24.0367,19.7888,22957200
2015-08-14,24.1000,24.2000,24.0133,24.1267,19.8629,17737500
2015-08-17,23.9433,24.0767,23.9200,23.9700,19.7340,22813200
2015-08-18,23.3333,23.5000,23.0800,23.1600,19.0671,63945000
2015-08-19,22.9567,23.1300,22.5900,22.8567,18.8174,49000200
2015-08-20,22.6933,23.1000,22.6467,22.8100,18.7790,29580300
2015-08-21,22.6367,22.7700,22.1800,22.1800,18.2603,47239500
2015-08-24,21.2467,22.0533,20.5000,21.3167,17.5495,66718800
2015-08-25,21.8167,21.9033,21.0000,21.0333,17.3163,44403000
2015-08-26,21.4100,21.6167,21.0067,21.6100,17.7910,41784900
2015-08-27,21.7733,22.0600,21.6500,22.0267,18.1340,41738400
2015-08-28,22.0300,22.0400,21.4833,21.6467,17.8212,42909000
2015-08-31,21.6067,21.6667,21.4300,21.5767,17.7636,24525600
2015-09-01,21.2667,21.4400,21.0900,21.2733,17.5138,40181700
2015-09-02,21.5300,21.6467,21.3533,21.4800,17.6840,28543800
2015-09-03,21.5733,21.6700,21.4633,21.6200,17.7992,25571400
2015-09-04,21.3567,21.4333,21.1700,21.2967,17.5331,27697200
2015-09-08,21.7433,22.1667,21.7267,22.1267,18.2164,53120400
2015-09-09,22.2867,22.3367,21.6700,21.7067,17.8706,28392600
2015-09-10,21.3567,21.5500,21.2767,21.3733,17.5962,43574400
2015-09-11,21.3933,21.5600,21.3300,21.5500,17.7416,24187200
2015-09-14,21.5500,21.5567,21.2733,21.4267,17.6401,20870100
2015-09-15,21.4933,21.5667,21.3500,21.4400,17.6511,20582400
2015-09-16,21.5333,21.5900,21.3500,21.5633,17.7526,16876200
2015-09-17,21.5667,21.7633,21.3867,21.4900,17.6922,21399300
2015-09-18,21.2500,21.4100,21.0867,21.1133,17.3821,38655600
2015-09-21,21.2500,21.3333,21.1233,21.2400,17.4864,21358800
2015-09-22,21.0767,21.2733,20.9733,21.1967,17.4507,26402400
2015-09-23,21.2400,21.3100,21.0400,21.2400,17.4864,17629800
2015-09-24,21.1200,21.3267,21.1000,21.2767,17.5166,20868600
2015-09-25,21.3567,21.4867,21.2067,21.2600,17.5029,21489000
2015-09-28,21.2000,21.3167,21.1600,21.2200,17.4699,28183200
2015-09-29,21.2500,21.3467,21.0767,21.2600,17.5029,22920300
2015-09-30,21.4767,21.6467,21.3100,21.6133,17.7938,23937600
2015-10-01,21.5867,21.6467,21.2933,21.4233,17.6373,23511600
2015-10-02,21.2533,21.6600,21.1367,21.6600,17.8322,21252000
2015-10-05,21.7367,21.9733,21.7133,21.9567,18.0764,18900900
2015-10-06,21.8467,21.9833,21.7267,21.8933,18.0243,22232700
2015-10-07,21.9467,22.1200,21.9233,22.1200,18.2109,21408000
2015-10-08,22.0767,22.3300,22.0500,22.2933,18.3536,17923500
2015-10-09,22.3133,22.3400,22.1700,22.2300,18.3015,20262000
2015-10-12,22.2233,22.3333,22.1933,22.3100,18.3673,16931700
2015-10-13,22.2067,22.3133,22.0867,22.2433,18.3124,26575200
2015-10-14,22.2033,22.6500,20.0067,20.0100,16.4738,242694300
2015-10-15,19.9000,20.1567,19.5367,19.7767,16.2817,138760500
2015-10-16,19.8233,19.8300,19.4567,19.6300,16.1609,78585300
2015-10-19,19.5967,19.7667,19.5000,19.6167,16.1499,53417400
2015-10-20,19.6200,19.6667,19.5233,19.5833,16.1225,31271100
2015-10-21,19.6000,19.6800,19.5233,19.5467,16.0923,39352800
2015-10-22,19.6467,19.9867,19.5467,19.6333,16.1637,43765500
2015-10-23,19.7300,19.7600,19.4067,19.4333,15.9990,39121800
2015-10-26,19.4667,19.4833,19.3233,19.3400,15.9222,32519400
2015-10-27,19.3367,19.3467,19.1267,19.1600,15.7740,31534200
2015-10-28,19.2200,19.2400,19.0533,19.2133,15.8179,35504100
2015-10-29,19.2400,19.3733,19.1600,19.3200,15.9057,38566500
2015-10-30,19.2433,19.3733,19.0800,19.0800,15.7081,47416500
2015-11-02,19.0967,19.2033,18.9233,19.2033,15.8097,32157600
2015-11-03,19.1900,19.4433,19.1767,19.3700,15.9469,30761700
2015-11-04,19.5267,19.5867,19.3967,19.4567,16.0182,30169500
2015-11-05,19.5033,19.6600,19.4733,19.5367,16.0841,26581500
2015-11-06,19.6400,19.7333,19.4367,19.5933,16.1307,29931900
2015-11-09,19.5000,19.5933,19.3400,19.4967,16.0512,25321200
2015-11-10,19.4367,19.5700,19.4367,19.5600,16.1033,22844700
2015-11-11,19.5000,19.5767,19.1567,19.1933,15.8014,26069700
2015-11-12,19.2133,19.2567,18.9733,18.9833,15.6285,28654500
2015-11-13,18.9133,19.0200,18.7667,18.8067,15.4831,37544700
2015-11-16,18.7967,19.3433,18.7867,19.2900,15.8810,39964800
2015-11-17,19.7800,20.3000,19.7333,19.9733,16.4436,74037900
2015-11-18,20.0133,20.3567,19.8500,20.3100,16.7208,44633100
2015-11-19,20.3733,20.4533,20.1433,20.2333,16.6576,34698300
2015-11-20,20.3267,20.4900,20.0067,20.0233,16.4847,37113300
2015-11-23,20.0967,20.2467,19.9600,20.0867,16.5369,31731000
2015-11-24,19.9833,20.1400,19.9533,19.9733,16.4436,37361700
2015-11-25,20.0000,20.2367,19.9600,20.0800,16.5314,23460600
2015-11-27,20.1467,20.2300,19.9567,19.9633,16.4354,16022700
2015-11-30,19.9567,20.0200,19.5767,19.6133,16.1472,44827800
2015-12-01,19.7100,19.7633,19.5500,19.6633,16.1884,36612300
2015-12-02,19.5367,19.7633,19.4400,19.4500,16.1469,40760700
2015-12-03,19.5633,19.8867,19.5333,19.6800,16.3378,47532300
2015-12-04,19.6833,19.9500,19.6767,19.8867,16.5094,31305900
2015-12-07,19.8567,20.2433,19.8567,20.1667,16.7418,34787700
2015-12-08,20.0233,20.1633,19.8333,19.8700,16.4955,31132800
2015-12-09,19.7533,20.0367,19.6333,19.7100,16.3627,26945100
2015-12-10,19.7100,20.0300,19.6967,19.8533,16.4817,34078200
2015-12-11,19.6833,19.8433,19.6033,19.7867,16.4264,29235000
2015-12-14,19.7667,20.1467,19.6900,20.1300,16.7114,43574700
2015-12-15,20.2133,20.2800,19.8567,19.8800,16.5038,43846200
2015-12-16,20.0367,20.2167,19.9000,20.1000,16.6865,29881500
2015-12-17,20.1100,20.1100,19.6567,19.6600,16.3212,38928300
2015-12-18,19.6433,19.8000,19.5833,19.6167,16.2852,48770100
2015-12-21,19.6067,19.8600,19.5567,19.8500,16.4789,28936500
2015-12-22,19.9300,20.2333,19.8700,20.1800,16.7529,27798900
2015-12-23,20.3333,20.3733,20.1467,20.3633,16.9051,22559400
2015-12-24,20.2600,20.3667,20.2267,20.2767,16.8331,7448400
2015-12-28,20.1933,20.3233,20.1667,20.2500,16.8110,16265100
2015-12-29,20.3333,20.5833,20.3267,20.5367,17.0490,23650800
2015-12-30,20.5533,20.6233,20.4967,20.5600,17.0684,17150100
2015-12-31,20.4433,20.5733,20.3900,20.4333,16.9632,19725300
2016-01-04,20.1667,20.4967,20.1200,20.4867,17.0075,35967600
2016-01-05,20.6767,21.0167,20.6167,20.9733,17.4115,39978000
2016-01-06,20.8267,21.3167,20.8233,21.1833,17.5858,49693800
2016-01-07,20.9900,21.7433,20.9733,21.6767,17.9954,79290000
2016-01-08,21.6933,21.8033,21.1367,21.1800,17.5831,53303700
2016-01-11,21.2533,21.4900,21.2100,21.4067,17.7712,37961400
2016-01-12,21.4600,21.5767,21.1433,21.2067,17.6052,36587700
2016-01-13,21.2433,21.2433,20.6100,20.6400,17.1348,41177100
2016-01-14,20.6667,21.2067,20.6067,21.0200,17.4502,38804700
2016-01-15,20.5167,20.8233,20.4200,20.6433,17.1375,45523200
2016-01-19,20.7500,20.9333,20.6700,20.8533,17.3119,39153900
2016-01-20,20.6000,20.7767,20.0667,20.2800,16.8359,52107300
2016-01-21,20.3267,20.9300,20.3033,20.6267,17.1237,36267600
2016-01-22,20.8133,21.0867,20.7100,20.8967,17.3478,27592500
2016-01-25,20.9267,21.2733,20.8500,21.1500,17.5582,38470200
2016-01-26,21.1200,21.4900,21.0867,21.3333,17.7104,28323600
2016-01-27,21.3667,21.7267,21.2967,21.3167,17.6965,30642900
2016-01-28,21.3433,21.5033,21.1433,21.4067,17.7712,33834900
2016-01-29,21.5833,22.1767,21.5800,22.1200,18.3634,49317300
2016-02-01,21.9700,22.6433,21.9633,22.5000,18.6789,44185200
2016-02-02,22.4333,22.6133,22.0933,22.2867,18.5018,40757700
2016-02-03,22.4367,22.5000,21.6900,22.0900,18.3385,36946800
2016-02-04,21.9200,22.1833,21.6700,22.1400,18.3800,38500200
2016-02-05,22.2867,22.5100,21.9600,22.3333,18.5405,42589500
2016-02-08,22.1667,22.3833,21.7200,22.3000,18.5129,62230800
2016-02-09,21.8300,22.1367,21.5600,21.9367,18.2112,43927200
2016-02-10,22.0633,22.1967,21.8833,21.9300,18.2057,29127900
2016-02-11,21.6733,21.9200,21.5933,21.7733,18.0756,33560100
2016-02-12,21.8400,22.0833,21.6233,22.0600,18.3136,29086500
2016-02-16,22.2033,22.2667,21.8333,21.9667,18.2361,34081500
2016-02-17,22.0333,22.2033,21.9367,22.0367,18.2942,37280100
2016-02-18,21.2467,21.5933,20.7833,21.3733,17.7436,83683800
2016-02-19,21.2967,21.5900,21.1467,21.5533,17.8930,46686900
2016-02-22,21.5533,22.0467,21.5533,21.8767,18.1614,31761900
2016-02-23,21.9467,22.2000,21.7600,22.1600,18.3966,34296000
2016-02-24,22.0633,22.4433,21.9067,22.3733,18.5737,30873600
2016-02-25,22.4833,22.7100,22.4433,22.6800,18.8283,28743900
2016-02-26,22.6933,22.7333,22.1000,22.1700,18.4049,32952900
2016-02-29,22.2100,22.3167,22.0733,22.1133,18.3579,28035600
2016-03-01,22.2167,22.2967,22.0000,22.1533,18.3911,31288500
2016-03-02,22.0700,22.2233,22.0000,22.0700,18.3219,27496800
2016-03-03,21.9833,22.0667,21.6267,22.0467,18.3025,35540400
2016-03-04,22.0467,22.4267,22.0300,22.2600,18.4796,30031500
2016-03-07,22.2067,22.8267,22.0900,22.6300,18.7868,38476200
2016-03-08,22.5767,22.8233,22.4967,22.6800,18.8283,30203700
2016-03-09,22.5967,22.6633,22.3733,22.5100,18.8255,23474400
2016-03-10,22.5167,22.6800,22.1333,22.4700,18.7921,30677400
2016-03-11,22.5900,22.6467,22.2667,22.3900,18.7252,24872700
2016-03-14,22.3833,22.5567,22.3200,22.4533,18.7781,20137500
2016-03-15,22.3333,22.7833,22.3333,22.6967,18.9816,22700700
2016-03-16,22.6467,22.7800,22.4167,22.6633,18.9538,24654000
2016-03-17,22.6067,22.9733,22.4200,22.4833,18.8032,35514300
2016-03-18,22.4933,22.6767,22.2500,22.3167,18.6638,69459300
2016-03-21,22.3433,22.7933,22.3233,22.6567,18.9482,28247400
2016-03-22,22.6667,22.8933,22.5967,22.6233,18.9203,22543500
2016-03-23,22.6700,22.7000,22.4800,22.4867,18.8060,18331800
2016-03-24,22.4767,22.6800,22.4600,22.6667,18.9566,18914100
2016-03-28,22.6433,22.8600,22.6433,22.7067,18.9900,16810500
2016-03-29,22.7167,22.7367,22.4767,22.6767,18.9649,19473000
2016-03-30,22.7767,23.0000,22.7633,22.9333,19.1796,21625500
2016-03-31,22.9167,23.0633,22.8233,22.8300,19.0932,18850500
2016-04-01,22.6733,23.0667,22.6733,23.0200,19.2521,19807200
2016-04-04,23.0000,23.1233,22.9733,23.0333,19.2632,20470200
2016-04-05,23.0100,23.0833,22.7567,22.8800,19.1350,17337000
2016-04-06,22.9000,23.0200,22.8400,23.0133,19.2465,16088100
2016-04-07,22.9433,22.9767,22.6467,22.7400,19.0179,18331500
2016-04-08,22.7700,22.7967,22.6200,22.6867,18.9733,19548000
2016-04-11,22.6700,22.7900,22.4600,22.4667,18.7893,23596200
2016-04-12,22.5233,22.9567,22.4833,22.9333,19.1796,23203800
2016-04-13,23.0033,23.1400,22.9567,23.0500,19.2771,18788100
2016-04-14,23.0500,23.0800,22.7167,22.9333,19.1796,20931300
2016-04-15,22.9800,23.1367,22.9800,23.0200,19.2521,22753500
2016-04-18,23.0167,23.3000,22.9500,23.2867,19.4751,19868700
2016-04-19,23.2633,23.3600,23.1667,23.2567,19.4500,24598200
2016-04-20,23.2533,23.3300,23.0433,23.0700,19.2939,16237500
2016-04-21,23.1567,23.2267,22.7467,22.8233,19.0876,19852800
2016-04-22,22.9400,22.9800,22.7600,22.9067,19.1573,18645300
2016-04-25,22.8500,23.1667,22.6867,23.1567,19.3664,17688600
2016-04-26,23.2333,23.2967,23.0333,23.1000,19.3190,19945200
2016-04-27,23.1633,23.2600,22.9967,23.1400,19.3524,15441900
2016-04-28,23.0233,23.2067,22.9167,22.9700,19.2102,14330700
2016-04-29,22.9100,22.9400,22.1200,22.2900,18.6416,36297000
2016-05-02,22.2067,22.5667,22.1767,22.5300,18.8423,22829100
2016-05-03,22.2867,22.5000,22.2500,22.3333,18.6778,17767800
2016-05-04,22.2833,22.4967,22.1467,22.3967,18.7308,18088500
2016-05-05,22.3233,22.4167,22.1933,22.4033,18.7363,24273000
2016-05-06,22.3033,22.7533,22.2667,22.7500,19.0263,29476200
2016-05-09,22.7500,23.0333,22.7200,22.9833,19.2214,25968600
2016-05-10,22.9733,23.0433,22.8167,22.9300,19.1768,19208700
2016-05-11,22.4900,22.5000,21.8700,22.1367,18.6489,43792500
2016-05-12,22.1833,22.3500,22.1267,22.2833,18.7724,28600500
2016-05-13,22.1600,22.1833,21.5500,21.6467,18.2361,41234100
2016-05-16,21.6200,22.1167,21.5600,22.0067,18.5393,30545400
2016-05-17,22.0200,22.0900,21.6267,21.7000,18.2810,27758100
2016-05-18,21.0067,21.2600,20.9067,21.0500,17.7334,66767700
2016-05-19,22.7000,23.1100,22.5000,23.0667,19.4323,105230100
2016-05-20,23.1100,23.3800,22.9500,23.2867,19.6177,50239800
2016-05-23,23.2000,23.3533,23.1467,23.1667,19.5166,30299400
2016-05-24,23.2167,23.4733,23.1833,23.4133,19.7244,26484000
2016-05-25,23.4167,23.6667,23.4133,23.4933,19.7918,21791700
2016-05-26,23.5633,23.7933,23.5333,23.6167,19.8957,26081700
2016-05-27,23.6200,23.6300,23.4967,23.5833,19.8676,17321100
2016-05-31,23.5267,23.6667,23.4933,23.5933,19.8760,25170600
2016-06-01,23.5000,23.6367,23.4700,23.5000,19.7974,21662700
2016-06-02,23.5000,23.6667,23.3833,23.6500,19.9238,19526100
2016-06-03,23.5233,23.6833,23.5067,23.6233,19.9013,19123500
2016-06-06,23.8400,23.8500,23.6667,23.6833,19.9518,27054000
2016-06-07,23.7000,23.7700,23.6167,23.6767,19.9462,22090200
2016-06-08,23.6167,23.8167,23.6000,23.7600,20.0164,18417000
2016-06-09,23.7867,23.8633,23.6167,23.6967,19.9631,18209700
2016-06-10,23.6667,23.8033,23.5600,23.7133,19.9771,22534200
2016-06-13,23.6667,23.7267,23.4967,23.5100,19.8058,23722800
2016-06-14,23.5533,23.7233,23.4000,23.6500,19.9238,27199200
2016-06-15,23.7333,23.8700,23.6667,23.7067,19.9715,24051000
2016-06-16,23.6667,23.8200,23.6000,23.7667,20.0220,20115600
2016-06-17,23.6833,23.7700,23.4667,23.6500,19.9238,54177900
2016-06-20,23.7700,23.9267,23.6833,23.7000,19.9659,21427500
2016-06-21,23.6500,23.9067,23.6500,23.8200,20.0670,20024400
2016-06-22,23.8667,24.0833,23.8567,23.9167,20.1484,25372500
2016-06-23,24.0667,24.0800,23.9300,24.0333,20.2467,20910600
2016-06-24,23.5167,24.2400,23.5033,23.9867,20.2074,45361200
2016-06-27,23.8800,23.9233,23.6267,23.8333,20.0782,33910200
2016-06-28,23.9200,23.9567,23.5567,23.8367,20.0810,25683600
2016-06-29,23.8767,24.1633,23.8533,24.1533,20.3478,21044100
2016-06-30,24.1900,24.3967,24.1067,24.3400,20.5050,26140800
2016-07-01,24.3767,24.3900,24.1400,24.2700,20.4461,22916400
2016-07-05,24.2500,24.5400,24.2267,24.3800,20.5387,32245800
2016-07-06,24.4200,24.6600,24.3900,24.6067,20.7297,33188100
2016-07-07,24.5767,24.6433,24.3833,24.5100,20.6483,23378400
2016-07-08,24.6067,24.6167,24.4133,24.6133,20.7353,27382800
2016-07-11,24.5567,24.7833,24.5000,24.6867,20.7971,27120300
2016-07-12,24.5200,24.5767,24.3333,24.4233,20.5752,37083600
2016-07-13,24.4167,24.5433,24.3133,24.5400,20.6735,19197000
2016-07-14,24.5967,24.7033,24.5367,24.5667,20.6960,19939200
2016-07-15,24.6600,24.6700,24.4800,24.5567,20.6876,17984400
2016-07-18,24.5467,24.7267,24.5100,24.6133,20.7353,16371900
2016-07-19,24.5467,24.6533,24.5267,24.5533,20.6848,14394300
2016-07-20,24.6267,24.7033,24.5433,24.5967,20.7213,15846000
2016-07-21,24.4767,24.5533,24.3800,24.5067,20.6454,13175700
2016-07-22,24.5867,24.6367,24.4733,24.5167,20.6539,12949800
2016-07-25,24.5167,24.6100,24.4700,24.5833,20.7100,14202000
2016-07-26,24.5700,24.6900,24.4700,24.5767,20.7044,15744900
2016-07-27,24.5533,24.6067,24.3800,24.4400,20.5893,17333700
2016-07-28,24.3800,24.4400,24.1567,24.4133,20.5668,13809600
2016-07-29,24.3900,24.4167,24.2533,24.3233,20.4910,18906600
2016-08-01,24.2700,24.6633,24.2700,24.5933,20.7185,17605200
2016-08-02,24.5667,24.5733,24.2100,24.3767,20.5359,19539300
2016-08-03,24.3333,24.4667,24.1700,24.3133,20.4826,19704300
2016-08-04,24.2667,24.4967,24.1967,24.4333,20.5837,14834700
2016-08-05,24.4867,24.6500,24.4867,24.5867,20.7128,16246200
2016-08-08,24.6667,24.6900,24.3467,24.4467,20.5949,19731600
2016-08-09,24.4533,24.6267,24.3600,24.5133,20.6511,19283700
2016-08-10,24.5233,24.8367,24.4633,24.6500,20.9084,24156900
2016-08-11,24.8333,24.9333,24.5100,24.6000,20.8659,18870900
2016-08-12,24.6000,24.7067,24.5200,24.6300,20.8914,29982600
2016-08-15,24.6033,24.6700,24.3700,24.4400,20.7302,28908300
2016-08-16,24.1967,24.4367,24.0700,24.2967,20.6086,29289900
2016-08-17,23.9967,24.3167,23.9967,24.3100,20.6200,43029900
2016-08-18,24.3100,25.0633,24.3100,24.7667,21.0073,80574900
2016-08-19,24.7000,24.7633,24.2233,24.2700,20.5860,46039200
2016-08-22,24.3533,24.3800,24.1500,24.2333,20.5549,30936300
2016-08-23,24.2967,24.3567,23.9867,23.9900,20.3485,28174200
2016-08-24,23.9900,24.2500,23.9200,24.0767,20.4220,30152100
2016-08-25,24.1233,24.1933,23.6833,23.7400,20.1365,31542600
2016-08-26,23.8033,23.8967,23.6300,23.7133,20.1139,30115500
2016-08-29,23.7133,23.8867,23.7000,23.8000,20.1874,22404300
2016-08-30,23.8000,23.9200,23.7167,23.7700,20.1619,17322600
2016-08-31,23.8200,23.8800,23.7167,23.8133,20.1987,18934800
2016-09-01,23.8567,24.2867,23.8033,24.2800,20.5945,35284200
2016-09-02,24.3300,24.3967,24.1400,24.1667,20.4984,24248700
2016-09-06,24.2533,24.3600,24.0667,24.3333,20.6398,28712700
2016-09-07,24.3333,24.3500,24.0033,24.0200,20.3740,28854900
2016-09-08,23.9633,24.1067,23.9033,23.9433,20.3090,28983600
2016-09-09,23.7733,23.8367,23.4333,23.4333,19.8764,36517800
2016-09-12,23.5967,24.0800,23.5733,23.9800,20.3401,32592000
2016-09-13,23.9467,23.9700,23.7167,23.8200,20.2043,22523700
2016-09-14,23.8733,24.0200,23.8000,23.8400,20.2213,20941500
2016-09-15,23.8267,24.1867,23.7533,24.1333,20.4701,21886800
2016-09-16,24.1067,24.3200,24.0733,24.2900,20.6030,41807100
2016-09-19,24.2133,24.2900,24.0300,24.0300,20.3825,20762100
2016-09-20,24.0500,24.1833,23.9667,23.9900,20.3485,17731800
2016-09-21,24.0600,24.1800,23.8367,24.0633,20.4107,20027700
2016-09-22,24.1433,24.1800,23.9967,24.0900,20.4334,17615700
2016-09-23,24.2000,24.2567,24.1133,24.1167,20.4560,23089200
2016-09-26,24.1033,24.1100,23.8400,23.8733,20.2496,17846100
2016-09-27,23.9767,24.1633,23.8600,24.1100,20.4503,19033200
2016-09-28,24.0733,24.1067,23.7933,23.9300,20.2976,18554700
2016-09-29,23.8567,23.9033,23.5400,23.5767,19.9979,23990400
2016-09-30,23.8333,24.1533,23.8000,24.0400,20.3909,29947800
2016-10-03,23.9433,24.0500,23.8667,24.0033,20.3598,17573100
2016-10-04,24.0000,24.1900,23.8500,23.9167,20.2863,19707900
2016-10-05,23.9567,24.0900,23.8667,23.8900,20.2637,19393200
2016-10-06,23.8900,23.8900,22.9633,23.1200,19.6106,60330900
2016-10-07,23.0867,23.1567,22.7233,22.9000,19.4240,37961400
2016-10-10,22.9167,22.9867,22.5833,22.6600,19.2204,26965200
2016-10-11,22.6500,22.6533,22.4333,22.4633,19.0536,25774500
2016-10-12,22.5800,22.6367,22.4567,22.4867,19.0734,26822100
2016-10-13,22.3967,22.8467,22.3567,22.7433,19.2911,27581400
2016-10-14,22.8067,22.9367,22.7367,22.8167,19.3533,19248000
2016-10-17,22.8833,22.8833,22.6000,22.7400,19.2883,22480200
2016-10-18,22.8567,22.9933,22.7433,22.9567,19.4721,23573100
2016-10-19,23.0733,23.1133,22.8967,22.9633,19.4777,21369900
2016-10-20,22.9933,23.0267,22.8567,22.9100,19.4325,18882000
2016-10-21,22.7800,22.8767,22.6633,22.7800,19.3222,23533800
2016-10-24,22.8733,23.1233,22.7967,23.0633,19.5625,21490800
2016-10-25,23.0033,23.2900,23.0000,23.1200,19.6106,22889100
2016-10-26,23.1000,23.2700,23.0467,23.1967,19.6756,15151500
2016-10-27,23.2000,23.3333,23.1300,23.2767,19.7435,21394800
2016-10-28,23.2667,23.4033,23.2433,23.3300,19.7887,20858700
2016-10-31,23.3533,23.3900,23.2833,23.3400,19.7972,19167000
2016-11-01,23.3267,23.3533,23.0467,23.1000,19.5936,26515800
2016-11-02,23.0667,23.3233,23.0667,23.1500,19.6360,22935900
2016-11-03,23.2100,23.3600,23.1167,23.2100,19.6869,20411700
2016-11-04,23.2367,23.3133,23.0433,23.0533,19.5540,21786300
2016-11-07,23.2067,23.2800,23.0533,23.2600,19.7293,29266200
2016-11-08,23.2367,23.3467,23.1567,23.2633,19.7322,22863900
2016-11-09,23.1000,23.8333,23.0967,23.7000,20.1026,50338500
2016-11-10,23.7500,24.0300,23.6667,23.7967,20.1846,42963900
2016-11-11,23.7033,23.7600,23.5333,23.7433,20.1393,24671700
2016-11-14,23.7200,23.7700,23.3967,23.4967,19.9301,38752500
2016-11-15,23.5967,23.8067,23.4500,23.8067,20.1930,29175300
2016-11-16,23.9167,24.0200,23.7767,23.7967,20.1846,33577200
2016-11-17,23.0267,23.1733,22.7067,23.0633,19.5625,70320900
2016-11-18,22.9767,23.1333,22.8133,22.8467,19.3787,33405900
2016-11-21,22.8467,23.1333,22.8067,23.1233,19.6134,25068000
2016-11-22,23.2433,23.4733,23.2433,23.3733,19.8255,32952000
2016-11-23,23.4067,23.6300,23.3933,23.6100,20.0262,22196700
2016-11-25,23.7033,23.8833,23.6600,23.7433,20.1393,12703200
2016-11-28,23.6433,23.8400,23.6000,23.7300,20.1280,21297600
2016-11-29,23.7933,23.9300,23.7333,23.7900,20.1789,21930300
2016-11-30,23.6400,23.7200,23.3900,23.4767,19.9131,27978300
2016-12-01,23.4167,23.5767,23.3500,23.5567,19.9810,20549400
2016-12-02,23.5267,23.6500,23.4833,23.6267,20.0404,20022600
2016-12-05,23.6333,23.6633,23.2700,23.3133,19.7746,31583700
2016-12-06,23.3367,23.4633,23.1667,23.4533,19.8933,23334000
2016-12-07,23.3100,23.5500,23.3000,23.5333,20.1041,20898600
2016-12-08,23.4933,23.6333,23.4400,23.4467,20.0300,20532600
2016-12-09,23.4233,23.4767,23.2467,23.3600,19.9560,32270100
2016-12-12,23.3567,23.9267,23.3400,23.8900,20.4087,27252300
2016-12-13,23.8900,24.0767,23.8700,23.9333,20.4458,26662500
2016-12-14,23.9667,24.1600,23.7267,23.7800,20.3148,26008200
2016-12-15,23.7400,23.9333,23.6767,23.6933,20.2407,21408900
2016-12-16,23.6900,23.8800,23.5333,23.6600,20.2123,53534400
2016-12-19,23.6133,23.9167,23.6133,23.8600,20.3831,17667900
2016-12-20,23.9100,23.9767,23.8367,23.9400,20.4515,18324300
2016-12-21,23.8867,24.0000,23.7467,23.7467,20.2863,15303000
2016-12-22,23.7467,23.7467,23.0700,23.1967,19.8164,36320400
2016-12-23,23.1433,23.2500,23.1200,23.1800,19.8022,14411700
2016-12-27,23.1000,23.2733,23.0833,23.2333,19.8478,13307100
2016-12-28,23.3133,23.3333,23.0867,23.1033,19.7367,14627100
2016-12-29,23.0700,23.1733,23.0400,23.0867,19.7225,12895200
2016-12-30,23.0400,23.1433,22.9433,23.0400,19.6826,20668500
2017-01-03,23.0800,23.0800,22.6833,22.8867,19.5516,31419600
2017-01-04,22.8867,23.2100,22.8667,23.0200,19.6655,23754000
2017-01-05,22.8100,23.1100,22.7067,23.0700,19.7082,21297600
2017-01-06,22.8033,22.8333,22.6700,22.7533,19.4377,28473300
2017-01-09,22.7767,22.9333,22.7733,22.9033,19.5659,26055600
2017-01-10,22.8800,23.0900,22.7400,22.7433,19.4292,30769500
2017-01-11,22.7333,22.8733,22.7300,22.8433,19.5146,20092800
2017-01-12,22.7867,22.8533,22.6400,22.6567,19.3551,19634700
2017-01-13,22.6600,22.6733,22.3600,22.3767,19.1159,30037500
2017-01-17,22.7000,23.0967,22.6867,22.8067,19.4833,39502500
2017-01-18,22.6267,22.7033,22.5133,22.7033,19.3950,21964500
2017-01-19,22.7100,22.7300,22.4933,22.5400,19.2555,20463300
2017-01-20,22.5800,22.6100,22.3400,22.3933,19.1302,36164100
2017-01-23,22.3367,22.3933,22.1867,22.2167,18.9793,23854200
2017-01-24,22.2967,22.4700,22.2200,22.4667,19.1928,32131800
2017-01-25,22.5067,22.5767,22.2633,22.2967,19.0476,26168700
2017-01-26,22.3767,22.4067,22.2067,22.2433,19.0020,19512300
2017-01-27,22.2867,22.3233,21.7600,21.8867,18.6973,40300800
2017-01-30,21.8767,22.1600,21.8767,22.1400,18.9138,25924500
2017-01-31,22.0700,22.2967,21.9600,22.2467,19.0049,27962700
2017-02-01,22.1533,22.2367,22.0133,22.0767,18.8597,27150000
2017-02-02,22.1133,22.3800,22.1133,22.2333,18.9935,26996100
2017-02-03,22.2733,22.3100,22.1467,22.1667,18.9365,22875900
2017-02-06,22.1233,22.2867,22.1233,22.1333,18.9081,27291600
2017-02-07,22.1867,22.3333,22.1700,22.2967,19.0476,17417100
2017-02-08,22.2967,22.6067,22.2967,22.6033,19.3096,22982400
2017-02-09,22.6033,23.0467,22.5833,23.0267,19.6712,33241500
2017-02-10,22.7500,22.8667,22.5867,22.6733,19.3694,37336800
2017-02-13,22.7733,22.8833,22.5200,22.5900,19.2982,25122900
2017-02-14,22.6267,22.8933,22.5700,22.8867,19.5516,25386900
2017-02-15,22.6000,22.9033,22.5867,22.8967,19.5602,25689900
2017-02-16,22.8900,23.0800,22.8700,22.9567,19.6114,25241400
2017-02-17,22.9433,23.2633,22.8967,23.1233,19.7538,38512200
2017-02-21,23.7367,24.0933,23.5667,23.8167,20.3461,67238700
2017-02-22,24.0833,24.1233,23.8267,23.9033,20.4201,45728100
2017-02-23,24.0000,24.1667,23.7200,23.7700,20.3062,38399100
2017-02-24,23.7800,24.2667,23.7667,24.1300,20.6138,41669700
2017-02-27,24.0933,24.1400,23.8433,23.9133,20.4287,27764100
2017-02-28,23.6233,23.6667,23.3333,23.6433,20.1980,47857800
2017-03-01,23.6567,23.6933,23.3833,23.4833,20.0613,40568100
2017-03-02,23.4733,23.6333,23.3900,23.5867,20.1496,26748900
2017-03-03,23.5867,23.6733,23.2933,23.3433,19.9417,27893700
2017-03-06,23.3333,23.4800,23.2600,23.2933,19.8990,27547800
2017-03-07,23.3000,23.4033,23.2867,23.2900,19.8962,21848700
2017-03-08,23.2300,23.3433,23.1800,23.2667,20.0224,23939400
2017-03-09,23.2500,23.3467,23.1867,23.2867,20.0396,22693500
2017-03-10,23.3333,23.4533,23.2667,23.3667,20.1084,21296400
2017-03-13,23.3300,23.4833,23.2367,23.3167,20.0654,20407500
2017-03-14,23.6067,23.7367,23.5733,23.5733,20.2863,29875200
2017-03-15,23.5000,23.5667,23.3400,23.5267,20.2461,26441400
2017-03-16,23.3700,23.5667,23.3567,23.4800,20.2060,21183000
2017-03-17,23.5267,23.5833,23.2700,23.2967,20.0482,42235200
2017-03-20,23.3800,23.4833,23.2367,23.3267,20.0740,22398600
2017-03-21,23.3900,23.4667,23.2300,23.3000,20.0511,26240400
2017-03-22,23.3433,23.4467,23.2400,23.4167,20.1515,19366800
2017-03-23,23.4000,23.4367,23.2500,23.2867,20.0396,20696400
2017-03-24,23.3300,23.3900,23.1767,23.2033,19.9679,17577000
2017-03-27,23.1733,23.3567,23.1200,23.2200,19.9822,17377800
2017-03-28,23.1100,23.4567,23.1100,23.4400,20.1716,21756600
2017-03-29,23.4500,23.7267,23.4367,23.5800,20.2920,20973000
2017-03-30,23.5633,23.9067,23.5467,23.8633,20.5359,24424500
2017-03-31,23.7733,24.1867,23.7433,24.0267,20.6764,29819400
2017-04-03,24.0267,24.1767,23.9267,23.9433,20.6047,24873900
2017-04-04,23.9133,24.0200,23.8433,24.0033,20.6563,16701900
2017-04-05,23.8800,24.1033,23.8533,23.8833,20.5531,19063500
2017-04-06,23.9000,24.0333,23.7933,23.8100,20.4900,17823300
2017-04-07,24.0333,24.3300,23.9333,24.3000,20.9116,32304000
2017-04-10,24.3300,24.4933,24.2433,24.3533,20.9575,22487700
2017-04-11,24.3333,24.4833,24.3100,24.4767,21.0637,17431500
2017-04-12,24.5167,24.6100,24.4167,24.4800,21.0665,19881900
2017-04-13,24.4567,24.5533,24.3833,24.3833,20.9834,16009200
2017-04-17,24.3867,24.5267,24.3833,24.4967,21.0809,16396200
2017-04-18,24.5133,24.7000,24.4933,24.6300,21.1956,19883700
2017-04-19,24.7000,24.7933,24.6200,24.6900,21.2473,17821800
2017-04-20,24.7133,25.0367,24.7033,24.9333,21.4567,23043900
2017-04-21,24.9133,25.0367,24.8667,24.9800,21.4968,17267100
2017-04-24,25.0267,25.1333,24.8067,24.9267,21.4509,23437500
2017-04-25,24.9900,25.0567,24.9533,25.0167,21.5284,17161200
2017-04-26,25.0900,25.2567,25.0567,25.1433,21.6374,20845500
2017-04-27,25.1800,25.2333,25.0067,25.1467,21.6402,18156600
2017-04-28,25.0800,25.1467,24.9767,25.0600,21.5657,21991200
2017-05-01,25.0300,25.2400,25.0300,25.0767,21.5800,18497700
2017-05-02,25.1000,25.2367,25.0833,25.1733,21.6632,21955200
2017-05-03,25.1333,25.2933,25.0600,25.2533,21.7320,16570800
2017-05-04,25.3100,25.4667,25.2767,25.4467,21.8984,16502400
2017-05-05,25.4733,25.5333,25.3933,25.5000,21.9443,16793400
2017-05-08,25.5000,25.5067,25.3567,25.3733,21.8353,19536600
2017-05-09,25.4800,25.6833,25.4433,25.5733,22.0074,24765900
2017-05-10,25.4433,25.5933,25.3967,25.5667,22.1489,22535700
2017-05-11,25.4500,25.5733,25.3100,25.3767,21.9843,25048200
2017-05-12,25.3167,25.4167,25.1233,25.2367,21.8630,17678700
2017-05-15,25.2667,25.4900,25.2667,25.4300,22.0305,26531700
2017-05-16,25.3967,25.4233,25.0267,25.0367,21.6898,25115400
2017-05-17,25.0367,25.2433,24.9867,25.0400,21.6927,32913000
2017-05-18,25.6300,25.8867,25.3767,25.8467,22.3915,57500400
2017-05-19,25.9900,26.4800,25.9233,26.2567,22.7467,55745100
2017-05-22,26.2167,26.3333,26.1000,26.1833,22.6831,26692800
2017-05-23,26.1933,26.3233,26.1467,26.1633,22.6658,22754700
2017-05-24,26.1867,26.2033,26.0467,26.0500,22.5676,22281000
2017-05-25,26.1200,26.2833,26.0500,26.1033,22.6138,18405000
2017-05-26,26.1233,26.1800,25.9300,26.0433,22.5619,18377400
2017-05-30,26.0000,26.1333,25.9767,26.0500,22.5676,16231200
2017-05-31,26.1167,26.3067,26.0733,26.2000,22.6976,24605100
2017-06-01,26.2133,26.6033,26.2000,26.6033,23.0470,24459300
2017-06-02,26.6000,26.6433,26.4067,26.5400,22.9921,23989500
2017-06-05,26.5333,26.8233,26.4933,26.7533,23.1770,30437100
2017-06-06,26.4767,26.5200,26.0867,26.3100,22.7929,34577700
2017-06-07,26.3600,26.5000,26.2433,26.3833,22.8564,25533600
2017-06-08,26.3833,26.7100,26.0767,26.3100,22.7929,32799000
2017-06-09,26.3433,26.5200,26.2400,26.4733,22.9344,28215300
2017-06-12,26.4667,26.7900,26.2800,26.4133,22.8824,31231800
2017-06-13,26.4033,26.5233,26.2967,26.5067,22.9633,16584000
2017-06-14,26.5067,26.6800,26.4200,26.6333,23.0730,15019500
2017-06-15,26.3933,26.4333,25.9200,26.3033,22.7871,33891600
2017-06-16,24.6500,25.1667,24.4300,25.0800,21.7273,168699000
2017-06-19,25.1267,25.3367,24.8400,25.1667,21.8024,48285300
2017-06-20,25.2933,25.3067,25.1067,25.1800,21.8139,30057600
2017-06-21,25.2000,25.5367,25.1933,25.4133,22.0161,27034200
2017-06-22,25.3433,25.3533,25.1000,25.1733,21.8082,24333900
2017-06-23,25.2000,25.2600,24.8500,24.9467,21.6118,39240900
2017-06-26,24.9833,25.3100,24.9733,25.1667,21.8024,25762500
2017-06-27,25.1667,25.4567,25.1500,25.3367,21.9497,19363200
2017-06-28,25.4167,25.6000,25.3800,25.5033,22.0941,20966700
2017-06-29,25.4167,25.4400,25.1633,25.3100,21.9266,21190500
2017-06-30,25.3600,25.4233,25.2233,25.2267,21.8544,20889900
2017-07-03,25.2800,25.4467,25.0267,25.1200,21.7620,14545800
2017-07-05,25.1833,25.3167,25.0567,25.1067,21.7504,18110700
2017-07-06,25.1167,25.3233,25.0800,25.1567,21.7937,18485400
2017-07-07,25.2167,25.2733,25.0167,25.1100,21.7533,15921300
2017-07-10,25.0500,25.1033,24.3767,24.4100,21.1469,45200100
2017-07-11,24.4600,24.6833,24.4433,24.4900,21.2162,22597800
2017-07-12,24.5533,24.7367,24.5533,24.6467,21.3519,17100600
2017-07-13,24.8900,25.0833,24.8367,25.0167,21.6724,24481500
2017-07-14,25.4233,25.5200,25.3033,25.4467,22.0450,27455700
2017-07-17,25.4300,25.6233,25.3967,25.4567,22.0536,26506800
2017-07-18,25.4167,25.5133,25.3333,25.4000,22.0045,12944700
2017-07-19,25.3600,25.4067,25.2000,25.2900,21.9092,15940800
2017-07-20,25.3267,25.4167,25.2333,25.3400,21.9526,14896200
2017-07-21,25.2800,25.4100,25.1833,25.3833,21.9901,21459900
2017-07-24,25.3433,25.7200,25.3433,25.6300,22.2038,22164000
2017-07-25,25.8700,26.2867,25.7967,26.1733,22.6745,34512000
2017-07-26,26.1833,26.3900,25.9800,26.3000,22.7842,20148300
2017-07-27,26.2400,26.6200,26.1600,26.5933,23.0383,24157500
2017-07-28,26.6000,26.6533,26.5133,26.6033,23.0470,14925600
2017-07-31,26.6067,26.7800,26.5633,26.6633,23.0990,18789600
2017-08-01,26.7500,26.9100,26.6667,26.8333,23.2463,17179500
2017-08-02,26.7800,27.0367,26.7667,26.8433,23.2549,26019000
2017-08-03,27.1133,27.2533,26.8900,26.9567,23.3531,29840700
2017-08-04,27.0200,27.1333,26.7367,26.8267,23.2405,21425400
2017-08-07,26.8567,27.1500,26.8467,27.0933,23.4715,16453500
2017-08-08,27.0567,27.2867,26.9667,27.1967,23.5610,22144200
2017-08-09,27.0367,27.3300,26.9667,27.2033,23.7150,19819500
2017-08-10,27.0233,27.1333,26.8500,26.8867,23.4390,24135000
2017-08-11,26.9100,27.0833,26.7867,26.8000,23.3634,23716500
2017-08-14,26.8633,27.0800,26.8333,26.9000,23.4506,23376000
2017-08-15,26.9433,27.1333,26.8467,26.9233,23.4709,21198300
2017-08-16,27.0900,27.1467,26.8467,26.9933,23.5320,34608000
2017-08-17,26.2833,26.6033,26.1100,26.5667,23.1600,51881100
2017-08-18,26.5400,26.7833,26.4267,26.4367,23.0467,29259000
2017-08-21,26.3733,26.6900,26.2633,26.5700,23.1629,28841700
2017-08-22,26.6000,26.7200,26.5700,26.6733,23.2530,19638300
2017-08-23,26.7833,26.8533,26.6267,26.6533,23.2356,23397900
2017-08-24,26.8700,26.9600,25.9500,26.1133,22.7648,57384000
2017-08-25,26.1667,26.3633,26.1600,26.2100,22.8491,29706600
2017-08-28,26.1367,26.1533,25.9533,26.0100,22.6747,25864500
2017-08-29,25.8900,26.3267,25.8333,26.2567,22.8898,22995600
2017-08-30,26.2733,26.3667,26.1733,26.1800,22.8229,17489400
2017-08-31,26.2000,26.2500,26.0200,26.0233,22.6863,24584400
2017-09-01,26.1033,26.1667,26.0700,26.1233,22.7735,19423200
2017-09-05,25.9833,26.6300,25.9667,26.6000,23.1891,36205500
2017-09-06,26.6267,26.8000,26.5733,26.6933,23.2704,25278300
2017-09-07,26.7733,26.9200,26.6667,26.7067,23.2821,20462400
2017-09-08,26.5800,26.6267,25.9100,26.2933,22.9217,29998800
2017-09-11,26.3833,26.4500,26.2200,26.3600,22.9798,21000600
2017-09-12,26.4333,26.6367,26.3900,26.5367,23.1339,18015000
2017-09-13,26.5367,26.8933,26.5300,26.6200,23.2065,26471100
2017-09-14,26.5967,26.6067,26.4067,26.5600,23.1542,20817900
2017-09-15,26.6033,26.9167,26.4233,26.7933,23.3576,39953400
2017-09-18,26.7367,27.0400,26.6500,26.6667,23.2472,24528300
2017-09-19,26.7267,26.8200,26.5667,26.6833,23.2617,18523200
2017-09-20,26.7233,26.8533,26.6233,26.8333,23.3925,15954600
2017-09-21,26.8567,26.8567,26.5733,26.6700,23.2501,19290900
2017-09-22,26.6300,26.6933,26.4167,26.5100,23.1106,17265900
2017-09-25,26.3067,26.7000,26.2867,26.3833,23.0002,25643400
2017-09-26,26.3467,26.5133,26.3067,26.4633,23.0699,17505900
2017-09-27,26.4733,26.5233,26.2233,26.4300,23.0409,18943800
2017-09-28,26.3333,26.3600,26.0400,26.3167,22.9421,37118400
2017-09-29,26.2833,26.3333,25.9933,26.0467,22.7067,31060200
2017-10-02,25.9667,26.2767,25.8333,26.1500,22.7968,23127600
2017-10-03,26.2767,26.5533,26.2500,26.4067,23.0205,23810100
2017-10-04,26.4233,26.5933,26.3567,26.3633,22.9827,18520200
2017-10-05,26.3900,26.6033,26.3600,26.4700,23.0757,15416100
2017-10-06,26.2600,26.3900,26.0833,26.3333,22.9566,18740100
2017-10-09,26.5000,27.1267,26.4667,26.8433,23.4012,40479000
2017-10-10,27.5600,28.2933,27.5367,28.0433,24.4473,75372000
2017-10-11,28.1933,28.7633,28.0333,28.5767,24.9123,55683000
2017-10-12,28.5667,28.7900,28.3533,28.7000,25.0198,38631000
2017-10-13,28.7467,28.9833,28.7467,28.8733,25.1709,28167000
2017-10-16,28.8600,28.8733,28.3400,28.5800,24.9152,27900900
2017-10-17,28.5000,28.7867,28.4400,28.6600,24.9849,17554500
2017-10-18,28.7167,28.7900,28.6700,28.7400,25.0546,16416300
2017-10-19,28.7167,28.8867,28.5900,28.8000,25.1070,21087000
2017-10-20,28.8667,29.1500,28.7600,29.1467,25.4092,22853400
2017-10-23,29.1133,29.6400,29.0867,29.5500,25.7608,31758000
2017-10-24,29.5633,29.6000,29.3033,29.3267,25.5661,23102700
2017-10-25,29.2833,29.5333,29.1433,29.4933,25.7114,19224000
2017-10-26,29.5533,29.7033,29.3400,29.5400,25.7521,19454700
2017-10-27,29.3800,29.4633,29.0500,29.3900,25.6213,19851000
2017-10-30,29.3133,29.3167,28.7967,28.9833,25.2668,21156000
2017-10-31,28.9533,29.1533,28.8667,29.1033,25.3714,18020700
2017-11-01,29.0233,29.4667,29.0000,29.3133,25.5545,18528300
2017-11-02,29.4267,29.7233,29.2667,29.6000,25.8044,15549300
2017-11-03,29.6733,29.9600,29.5867,29.8933,26.0601,19536300
2017-11-06,29.8067,29.8933,29.5600,29.5667,25.7753,15772200
2017-11-07,29.6233,29.6867,29.4367,29.6500,25.8480,16047900
2017-11-08,29.7033,30.1400,29.7000,30.0867,26.2286,20302500
2017-11-09,29.9800,30.1900,29.7833,30.1000,26.2403,20713500
2017-11-10,30.0800,30.5633,30.0667,30.3067,26.4204,22943400
2017-11-13,30.3467,30.6600,30.2900,30.3300,26.4408,25474800
2017-11-14,30.2333,30.4000,30.0600,30.3633,26.4698,29502300
2017-11-15,30.1133,30.2833,29.8833,29.9433,26.1037,25300200
2017-11-16,31.7067,33.2267,31.5733,33.2067,28.9486,114367200
2017-11-17,33.0800,33.3767,32.1933,32.4900,28.3238,70726500
2017-11-20,32.1467,32.5467,31.9200,32.4933,28.3267,49182900
2017-11-21,32.5800,32.6400,32.1067,32.1733,28.0477,38239500
2017-11-22,32.2167,32.2700,32.0367,32.1367,28.0158,26754600
2017-11-24,32.2900,32.4100,32.1767,32.2067,28.0768,13488300
2017-11-27,32.2833,32.5500,32.1000,32.2067,28.0768,26714700
2017-11-28,32.1967,32.2967,31.9400,32.2567,28.1204,26128800
2017-11-29,32.4067,32.7533,32.2933,32.5200,28.3499,34272000
2017-11-30,32.6967,32.8133,32.1700,32.4100,28.2540,38564100
2017-12-01,32.5367,32.5700,32.0767,32.4500,28.2889,24888600
2017-12-04,32.5767,32.6533,32.2267,32.3367,28.1901,26869500
2017-12-05,32.3333,32.6467,32.3067,32.6100,28.4284,27030300
2017-12-06,32.6633,32.7133,32.4133,32.4267,28.2686,21423000
2017-12-07,32.3533,32.5267,32.2167,32.2600,28.2715,22507800
2017-12-08,32.1000,32.2333,32.0467,32.1833,28.2043,17463300
2017-12-11,32.3200,32.4233,32.0967,32.3100,28.3153,26786700
2017-12-12,32.2833,32.4133,32.2000,32.2333,28.2481,23431800
2017-12-13,32.2200,32.6367,32.1833,32.5867,28.5578,23638200
2017-12-14,32.6667,32.8567,32.3667,32.3767,28.3737,28157400
2017-12-15,32.5700,32.8300,32.3033,32.3700,28.3679,48428400
2017-12-18,32.4600,32.7233,32.4533,32.6333,28.5987,23893200
2017-12-19,33.3033,33.3033,32.7633,32.9333,28.8616,36036600
2017-12-20,33.1500,33.2167,32.8167,32.9167,28.8470,32189400
2017-12-21,33.0000,33.1100,32.6600,32.6867,28.6454,22107300
2017-12-22,32.7633,32.8067,32.5600,32.7367,28.6892,16436100
2017-12-26,32.7833,33.1467,32.7833,33.0533,28.9667,12887700
2017-12-27,33.1867,33.2000,32.9433,33.0867,28.9960,15422400
2017-12-28,33.1733,33.2067,33.0400,33.1333,29.0368,29291700
2017-12-29,33.1333,33.2300,32.9167,32.9167,28.8470,21432900
2018-01-02,33.1000,33.2633,32.8400,32.8633,28.8002,30451500
2018-01-03,32.9500,33.3333,32.9233,33.1500,29.0515,26710800
2018-01-04,33.1800,33.2600,32.9700,33.1800,29.0778,20491200
2018-01-05,33.2133,33.4600,33.2033,33.3767,29.2501,21852000
2018-01-08,33.4167,33.9167,33.4033,33.8700,29.6824,26531700
2018-01-09,34.0100,34.1167,33.4367,33.4633,29.3261,21938100
2018-01-10,33.2500,33.2967,32.8433,33.2233,29.1157,23791200
2018-01-11,33.2333,33.4833,32.9267,33.3400,29.2180,19613100
2018-01-12,33.4633,33.8133,33.4333,33.6233,29.4663,20853600
2018-01-16,33.7800,33.9700,33.4467,33.5633,29.4137,21512100
2018-01-17,33.7167,34.3133,33.5667,34.2333,30.0009,26045700
2018-01-18,34.9133,34.9800,34.5400,34.7667,30.4683,36923700
2018-01-19,34.8800,34.9767,34.5533,34.8633,30.5530,25135800
2018-01-22,34.8333,35.1500,34.6800,35.1500,30.8042,21924900
2018-01-23,35.0967,35.3833,34.8567,35.3000,30.9356,24863400
2018-01-24,35.4500,35.4800,34.9400,35.2633,30.9035,20469300
2018-01-25,35.2833,35.6033,35.2833,35.5333,31.1401,17571300
2018-01-26,35.6667,36.1367,35.5600,36.1300,31.6630,20358900
2018-01-29,36.0367,36.6600,35.9967,36.5167,32.0019,25065600
2018-01-30,36.3800,36.4533,35.7167,35.9100,31.4702,27541500
2018-01-31,35.9233,36.0600,35.3567,35.5333,31.1401,29438400
2018-02-01,35.3200,35.5200,35.0600,35.1733,30.8246,19160400
2018-02-02,35.0500,35.4900,34.7167,34.8267,30.5208,27759300
2018-02-05,34.4667,34.8700,32.3633,33.3633,29.2384,37684800
2018-02-06,32.5467,33.6933,32.4167,33.6333,29.4750,49241400
2018-02-07,33.5000,34.8633,33.3367,34.2833,30.0447,33495600
2018-02-08,34.4100,34.4933,33.3333,33.3400,29.2180,41925300
2018-02-09,33.5100,33.7000,32.1433,33.1233,29.0281,42553800
2018-02-12,33.3767,33.4833,32.9333,33.1833,29.0807,27405300
2018-02-13,33.1100,33.7400,33.1100,33.6600,29.4984,19868400
2018-02-14,33.6200,34.0833,33.4033,33.9000,29.7087,21922800
2018-02-15,34.1833,34.5467,33.9433,34.4100,30.1557,22484700
2018-02-16,34.3633,34.9800,33.9933,34.9267,30.6085,48192900
2018-02-20,32.3300,32.6467,31.3667,31.3700,27.4915,156265500
2018-02-21,31.7033,31.7800,30.4133,30.5067,26.7349,148511100
2018-02-22,30.4767,31.1300,30.4367,30.9233,27.1001,61095000
2018-02-23,30.9600,31.1633,30.5867,30.9633,27.1351,38374500
2018-02-26,30.9667,31.2667,30.7400,31.0400,27.2023,44097900
2018-02-27,31.2100,31.2400,30.5033,30.5067,26.7349,40128300
2018-02-28,30.6667,30.7000,30.0000,30.0033,26.2938,42431100
2018-03-01,30.0567,30.0600,29.2367,29.6933,26.0222,56728800
2018-03-02,29.0900,29.6333,29.0800,29.5900,25.9316,57130200
2018-03-05,29.3800,30.1667,29.3567,29.9933,26.2851,40149600
2018-03-06,30.1167,30.1667,29.5433,29.6867,26.0163,33164100
2018-03-07,29.3267,29.5100,29.1133,29.2467,25.6307,34359000
2018-03-08,29.2567,29.3767,29.1133,29.3067,25.8364,28766100
2018-03-09,29.4133,29.5733,29.1767,29.5733,26.0715,29263200
2018-03-12,29.5667,29.8133,29.2933,29.3567,25.8805,25422000
2018-03-13,29.4633,29.6333,29.3267,29.4333,25.9481,21519000
2018-03-14,29.5033,29.6633,29.1667,29.2233,25.7630,33121800
2018-03-15,29.2267,29.5967,28.6333,29.1700,25.7159,49845600
2018-03-16,29.2400,30.0300,29.1667,29.7233,26.2038,85188000
2018-03-19,29.6367,29.6933,29.0333,29.1500,25.6983,36160200
2018-03-20,29.2867,29.3833,29.1233,29.3167,25.8452,24774000
2018-03-21,29.2967,29.8933,29.2267,29.3933,25.9128,35508000
2018-03-22,29.1767,29.4233,28.9967,29.0467,25.6072,36744600
2018-03-23,29.1167,29.2300,28.4267,28.4733,25.1018,30375300
2018-03-26,28.7400,29.2300,28.7033,29.1667,25.7130,27599400
2018-03-27,29.3200,29.3467,28.4933,28.6833,25.2869,19637400
2018-03-28,28.7533,29.4133,28.7300,29.2567,25.7923,34728900
2018-03-29,29.3000,29.7800,29.2567,29.6567,26.1450,27823800
2018-04-02,29.3333,29.4133,28.2800,28.5167,25.1400,57386700
2018-04-03,28.7500,28.9833,28.5167,28.9333,25.5073,29086500
2018-04-04,28.5333,29.1667,28.4800,29.0733,25.6307,19609800
2018-04-05,29.2000,29.4500,29.0167,29.2700,25.8041,19142700
2018-04-06,28.9433,29.3000,28.7100,28.8967,25.4750,19050000
2018-04-09,28.9500,29.1500,28.7467,28.7600,25.3545,25104300
2018-04-10,28.9467,29.0333,28.5533,28.8167,25.4044,27382200
2018-04-11,28.6667,28.9533,28.6000,28.6367,25.2458,18837000
2018-04-12,28.7300,28.9433,28.4700,28.4767,25.1047,20568900
2018-04-13,28.6300,28.7567,28.3967,28.6733,25.2781,22677600
2018-04-16,28.7333,29.2167,28.7067,28.9467,25.5191,21062100
2018-04-17,29.1600,29.3900,29.1367,29.3000,25.8305,20405700
2018-04-18,29.4000,29.5200,29.1700,29.1900,25.7336,17562000
2018-04-19,29.1367,29.3467,28.8600,29.2967,25.8276,19764900
2018-04-20,29.2900,29.4600,28.8900,28.9933,25.5602,24974700
2018-04-23,28.9633,29.0267,28.6733,28.7000,25.3016,22081500
2018-04-24,28.9233,28.9700,28.5233,28.8433,25.4279,25409100
2018-04-25,28.7733,29.2333,28.6300,29.0567,25.6160,20281200
2018-04-26,29.0567,29.4400,28.9667,29.3133,25.8423,17347500
2018-04-27,29.2900,29.3000,29.0267,29.0967,25.6513,16953300
2018-04-30,29.3133,29.8867,29.3067,29.4867,25.9951,26057700
2018-05-01,29.2233,29.3367,28.7833,29.1367,25.6866,20873100
2018-05-02,29.0433,29.0833,28.7200,28.7800,25.3721,18249000
2018-05-03,28.7300,28.7633,28.3733,28.7433,25.3398,20628300
2018-05-04,28.6667,29.3667,28.4533,29.1767,25.7218,20914500
2018-05-07,29.1633,29.1667,28.4233,28.4900,25.1165,32350800
2018-05-08,28.5067,28.6167,28.3067,28.5800,25.1958,19654200
2018-05-09,27.5200,27.8933,27.3333,27.6867,24.4083,96795600
2018-05-10,27.5467,27.9233,27.3367,27.5633,24.4526,47572800
2018-05-11,27.5633,27.8400,27.3167,27.7933,24.6566,29804400
2018-05-14,27.9633,28.2633,27.8833,28.1300,24.9553,28497600
2018-05-15,28.0200,28.2933,27.9333,28.1733,24.9938,27968700
2018-05-16,28.2900,28.7100,28.2467,28.7100,25.4699,41200800
2018-05-17,29.0133,29.1967,27.9500,28.1633,24.9849,89162100
2018-05-18,28.0800,28.1467,27.8300,27.8800,24.7335,36129300
2018-05-21,28.0467,28.1800,27.9400,28.1700,24.9908,32147100
2018-05-22,28.1667,28.2700,27.7633,27.7900,24.6537,24201900
2018-05-23,27.6500,27.6733,27.3900,27.6700,24.5472,28197600
2018-05-24,27.6667,27.6667,27.2600,27.6167,24.4999,25728600
2018-05-25,27.6167,27.7800,27.4400,27.4867,24.3846,17740500
2018-05-29,27.3200,27.5067,27.2700,27.4667,24.3668,25284600
2018-05-30,27.4833,28.0767,27.4200,28.0400,24.8755,27942300
2018-05-31,27.9800,28.1033,27.5033,27.5133,24.4082,34406100
2018-06-01,27.6800,27.8067,27.6167,27.6633,24.5413,15713700
2018-06-04,27.8333,28.5067,27.7667,28.4733,25.2599,32766000
2018-06-05,28.4833,28.4900,28.0833,28.2067,25.0233,24844200
2018-06-06,28.3167,28.3833,28.1167,28.1867,25.0056,22088400
2018-06-07,28.2600,28.5867,28.2300,28.3167,25.1209,23117100
2018-06-08,28.2600,28.3967,28.0467,28.1200,24.9465,22807200
2018-06-11,28.1367,28.1800,27.9300,28.1000,24.9287,18756900
2018-06-12,28.1067,28.1967,27.8233,28.0333,24.8696,24185100
2018-06-13,27.9633,28.1233,27.9500,28.0300,24.8666,19075200
2018-06-14,28.0733,28.2700,27.8900,27.9300,24.7779,22552200
2018-06-15,27.8333,27.9967,27.6867,27.9000,24.7513,37509000
2018-06-18,27.6833,27.8567,27.6067,27.6667,24.5443,25506900
2018-06-19,27.5333,27.8733,27.4567,27.8700,24.7247,28057500
2018-06-20,27.9033,27.9400,27.7200,27.8700,24.7247,23899800
2018-06-21,27.8000,28.1833,27.6333,28.0700,24.9021,24276000
2018-06-22,28.1533,28.2833,28.0333,28.2733,25.0825,32439000
2018-06-25,28.1967,28.8667,28.1600,28.8233,25.5704,47818500
2018-06-26,28.8433,29.0167,28.5867,28.6600,25.4255,30378600
2018-06-27,28.6333,29.1633,28.5167,28.9633,25.6946,30899100
2018-06-28,28.9500,29.0967,28.5633,28.6200,25.3900,25401000
2018-06-29,28.6333,28.7333,28.5067,28.5500,25.3279,24766800
2018-07-02,28.5500,28.6467,27.8000,28.0000,24.8400,24375300
2018-07-03,28.0300,28.3500,28.0300,28.1467,24.9701,13188600
2018-07-05,28.3133,28.5267,28.0900,28.1900,25.0085,16102500
2018-07-06,28.0667,28.2900,27.9400,28.1700,24.9908,16841100
2018-07-09,28.3333,28.8233,28.2567,28.6433,25.4107,19726200
2018-07-10,28.6433,29.1100,28.6267,29.0700,25.7892,18145200
2018-07-11,29.0200,29.0500,28.7967,28.8433,25.5881,16787700
2018-07-12,28.9800,29.1367,28.7400,28.8400,25.5852,14665800
2018-07-13,28.8400,29.3300,28.8333,29.2333,25.9341,19165800
2018-07-16,29.2067,29.2400,28.9433,29.2133,25.9164,13341600
2018-07-17,29.1333,29.5667,29.1333,29.3967,26.0790,17734500
2018-07-18,29.4433,29.7300,29.3133,29.3567,26.0436,15136500
2018-07-19,29.2867,29.4933,29.1367,29.2400,25.9400,14649300
2018-07-20,29.1333,29.3900,29.0667,29.3533,26.0406,14445300
2018-07-23,29.2167,29.3833,29.1267,29.2100,25.9134,12450000
2018-07-24,29.3733,29.5000,29.2033,29.3200,26.0110,16768500
2018-07-25,29.0900,29.3400,29.0367,29.3000,25.9933,17427300
2018-07-26,29.5000,29.8100,29.3933,29.4100,26.0909,19644900
2018-07-27,29.5467,29.6267,29.3433,29.3767,26.0613,14038200
2018-07-30,29.3333,29.6467,29.2967,29.6267,26.2831,18032100
2018-07-31,29.6667,29.8867,29.6000,29.7433,26.3866,20124300
2018-08-01,29.6200,29.7100,29.2933,29.4133,26.0938,15150000
2018-08-02,29.3133,29.6133,29.2067,29.5867,26.2476,12918300
2018-08-03,29.7300,30.0933,29.6667,29.8667,26.4960,17241600
2018-08-06,29.7700,29.9933,29.7100,29.8900,26.5167,13954800
2018-08-07,29.9433,30.1200,29.8833,29.9233,26.5463,13580100
2018-08-08,29.9900,30.0767,29.7900,30.0167,26.6291,15123300
2018-08-09,29.8200,29.8767,29.5867,29.6700,26.4744,14183700
2018-08-10,29.5667,30.1233,29.5500,30.0600,26.8224,24734700
2018-08-13,30.0667,30.1800,29.7900,29.8800,26.6618,17637600
2018-08-14,29.8800,30.3733,29.8767,30.2833,27.0217,17510400
2018-08-15,30.0833,30.1367,29.8900,30.0733,26.8343,25850700
2018-08-16,33.3700,33.4033,32.6367,32.8800,29.3387,127893900
2018-08-17,32.5900,33.2233,32.5367,32.6167,29.1037,49389900
2018-08-20,32.5567,32.7633,31.9833,32.0000,28.5534,38037900
2018-08-21,31.9867,32.1200,31.7867,32.0267,28.5772,31593900
2018-08-22,32.0667,32.2833,31.7433,31.8900,28.4553,23297100
2018-08-23,31.8333,31.9533,31.6867,31.7267,28.3096,18289200
2018-08-24,31.6967,31.8867,31.4500,31.6500,28.2411,25782900
2018-08-27,31.7533,31.8700,31.4300,31.5133,28.1192,21120900
2018-08-28,31.5900,32.1167,31.5100,32.0233,28.5743,29949000
2018-08-29,32.0933,32.2767,31.8433,31.8800,28.4464,23588400
2018-08-30,31.8333,32.1667,31.8167,32.0333,28.5832,21176100
2018-08-31,32.0633,32.1467,31.7033,31.9533,28.5118,18974100
2018-09-04,31.9333,32.0900,31.7467,31.7867,28.3631,24842100
2018-09-05,31.8900,32.2767,31.7867,32.2067,28.7379,28423800
2018-09-06,32.1767,32.2400,32.0033,32.1500,28.6873,18452400
2018-09-07,31.9333,32.1600,31.8800,31.9433,28.5029,20017200
2018-09-10,32.0367,32.3967,32.0300,32.3000,28.8211,24997800
2018-09-11,32.4233,32.5533,32.1633,32.2133,28.7438,19390500
2018-09-12,32.0867,32.2467,31.9767,31.9900,28.5445,17700000
2018-09-13,31.7733,31.8733,31.6367,31.7067,28.2917,22958700
2018-09-14,31.5100,31.6133,31.4500,31.5300,28.1341,18958200
2018-09-17,31.5833,31.8267,31.4567,31.6067,28.2025,15989400
2018-09-18,31.4867,31.8633,31.3833,31.8100,28.3839,20279400
2018-09-19,31.8567,31.9633,31.6267,31.7467,28.3274,17025300
2018-09-20,31.7833,31.9300,31.6500,31.9167,28.4791,16656900
2018-09-21,31.9733,32.0967,31.8767,31.9667,28.5237,28590300
2018-09-24,31.8133,32.0000,31.6200,31.6400,28.2322,16011000
2018-09-25,31.9967,32.1733,31.6633,31.7000,28.2858,18579600
2018-09-26,31.7000,31.8633,31.5067,31.5300,28.1341,17755800
2018-09-27,31.3967,31.6533,31.2733,31.3767,27.9972,16090200
2018-09-28,31.4267,31.4567,31.2300,31.3033,27.9318,18918900
2018-10-01,31.4300,31.5533,31.3467,31.4667,28.0776,14982900
2018-10-02,31.3100,31.8700,31.2833,31.7167,28.3006,23263800
2018-10-03,31.8333,31.8467,31.3467,31.3567,27.9794,18982200
2018-10-04,31.3567,31.5000,31.0667,31.4033,28.0210,18135900
2018-10-05,31.2867,31.3967,30.9633,31.1033,27.7534,20080200
2018-10-08,31.0833,31.6433,31.0067,31.5633,28.1638,17287800
2018-10-09,31.8800,32.5800,31.7300,32.3600,28.8747,34796700
2018-10-10,32.2000,32.6167,31.9000,31.9200,28.4821,27008400
2018-10-11,31.9367,32.0967,31.2000,31.3067,27.9348,29779500
2018-10-12,31.5867,31.7233,31.2233,31.6033,28.1995,25661700
2018-10-15,31.5000,31.6633,31.2733,31.2733,27.9050,24916500
2018-10-16,31.5667,32.0233,31.4467,31.9367,28.4969,33725100
2018-10-17,31.7267,32.2067,31.6333,32.1867,28.7200,28618200
2018-10-18,32.1333,32.4167,31.9133,32.0567,28.6040,34195200
2018-10-19,32.0000,32.5500,32.0000,32.3833,28.8955,26852100
2018-10-22,32.4467,32.5267,32.2467,32.3800,28.8925,21368700
2018-10-23,32.1667,32.6633,32.0367,32.6000,29.0888,28217400
2018-10-24,32.5000,33.0567,32.4267,32.5200,29.0174,31094100
2018-10-25,32.6700,33.1600,32.3333,33.0600,29.4993,32211300
2018-10-26,32.9367,33.2233,32.6733,32.9800,29.4279,44776800
2018-10-29,33.1700,33.9100,33.0300,33.2667,29.6837,38118300
2018-10-30,33.4033,34.2000,33.3533,34.1400,30.4630,38125500
2018-10-31,34.1633,34.1633,33.3733,33.4267,29.8265,37064700
2018-11-01,33.3200,33.7233,33.2400,33.5267,29.9157,23205300
2018-11-02,33.6267,33.8567,33.4367,33.7800,30.1417,21909600
2018-11-05,33.7300,34.3900,33.5433,34.3033,30.6087,22850400
2018-11-06,34.1800,34.4800,34.0167,34.4433,30.7336,19106100
2018-11-07,34.5533,34.8233,34.3500,34.7733,31.0281,26017800
2018-11-08,34.7767,35.0867,34.6767,34.9600,31.1946,17884200
2018-11-09,35.0000,35.3000,34.9367,35.1867,31.3969,25351200
2018-11-12,35.1667,35.4033,34.5500,34.6233,30.8942,26829300
2018-11-13,34.5567,34.7167,34.1800,34.3133,30.6176,23870100
2018-11-14,34.3333,34.3833,33.6700,33.8433,30.1982,31445700
2018-11-15,34.1067,34.2667,32.8733,33.1800,29.6064,48247800
2018-11-16,32.9400,33.1400,32.3067,32.5633,29.0561,42705600
2018-11-19,32.6467,32.7500,32.1433,32.2600,28.7854,27643200
2018-11-20,31.6600,31.7333,31.2000,31.3867,28.0062,37861800
2018-11-21,31.4533,31.6400,31.1033,31.3900,28.0091,28052700
2018-11-23,31.3767,31.8500,31.3767,31.7000,28.2858,14670000
2018-11-26,31.8967,32.0233,31.5800,31.7167,28.3006,30103800
2018-11-27,31.6633,31.8467,31.4700,31.6800,28.2679,27126900
2018-11-28,31.8167,32.5400,31.6833,32.4867,28.9877,30212400
2018-11-29,32.3400,32.6100,32.2467,32.4300,28.9371,18723900
2018-11-30,32.4667,32.8100,32.3567,32.5500,29.0442,31992000
2018-12-03,32.6733,33.1967,32.5567,32.9167,29.3714,27246300
2018-12-04,32.7500,32.9867,31.8700,31.9367,28.4969,31278900
2018-12-06,31.6467,31.8033,31.0333,31.5900,28.3414,31101600
2018-12-07,31.5000,31.7100,30.8167,31.0633,27.8689,25489500
2018-12-10,31.1867,31.4167,30.7800,31.3133,28.0932,21830700
2018-12-11,31.4167,31.4967,31.0833,31.2833,28.0663,19357500
2018-12-12,31.4333,31.4333,31.0200,31.0367,27.8450,28917600
2018-12-13,31.0833,31.2267,30.8100,30.9867,27.8001,24126900
2018-12-14,30.6833,30.8533,30.5233,30.6167,27.4682,34480800
2018-12-17,30.4067,30.6700,30.0533,30.2567,27.1452,27005400
2018-12-18,30.2667,30.4200,30.0933,30.3600,27.2379,28820100
2018-12-19,30.4300,31.0000,30.0833,30.1833,27.0794,36694500
2018-12-20,30.0367,30.0367,28.7133,29.0933,26.1015,49121400
2018-12-21,28.9567,29.8233,28.9333,29.0433,26.0567,44764500
2018-12-24,28.8467,29.1900,28.5933,28.6067,25.6649,18330900
2018-12-26,28.8067,30.1400,28.7667,30.1367,27.0375,30084900
2018-12-27,29.9167,30.5367,29.4800,30.5300,27.3904,29644500
2018-12-28,30.6900,31.1567,30.5500,30.7100,27.5519,29622000
2018-12-31,30.8900,31.1300,30.7500,31.0500,27.8570,21017400
2019-01-02,30.5467,31.2167,30.5467,31.1133,27.9138,24458100
2019-01-03,31.0700,31.5700,30.9000,30.9533,27.7702,24831900
2019-01-04,31.0700,31.2200,30.8967,31.1467,27.9437,24087300
2019-01-07,31.2067,31.7233,31.0600,31.5133,28.2726,23369100
2019-01-08,31.6867,31.9200,31.3033,31.7333,28.4700,21602700
2019-01-09,31.9033,32.0467,31.5900,31.6300,28.3773,18816900
2019-01-10,31.2933,31.6600,31.0400,31.6533,28.3982,28188900
2019-01-11,31.6633,31.7633,31.5167,31.6133,28.3624,16183800
2019-01-14,31.4933,31.8167,31.4267,31.6500,28.3953,21255300
2019-01-15,31.8233,32.2000,31.7933,32.0833,28.7840,21174600
2019-01-16,31.9767,32.2867,31.9433,32.1167,28.8139,16230000
2019-01-17,32.1067,32.4033,32.0533,32.2467,28.9306,16843500
2019-01-18,32.3167,32.7333,32.2833,32.5767,29.2266,18361800
2019-01-22,32.3833,32.8100,32.2600,32.4967,29.1548,24189600
2019-01-23,32.9567,33.1167,32.5100,32.9033,29.5197,25037400
2019-01-24,32.7333,32.8200,32.1433,32.7867,29.4150,22829100
2019-01-25,32.9167,32.9700,32.2500,32.3133,28.9904,21654600
2019-01-28,32.1767,32.3567,32.0267,32.3533,29.0263,17627400
2019-01-29,32.2567,32.3867,32.1700,32.2367,28.9216,15760200
2019-01-30,32.2267,32.2667,31.4200,31.6000,28.3504,35547900
2019-01-31,31.5433,32.2900,31.5433,31.9433,28.6584,44169000
2019-02-01,31.9733,32.0000,31.0367,31.2867,28.0693,37775700
2019-02-04,31.2867,31.5900,31.1167,31.5900,28.3414,21805800
2019-02-05,31.7500,31.9800,31.6733,31.8667,28.5896,18299700
2019-02-06,31.8100,32.0033,31.7400,31.8800,28.6016,12794700
2019-02-07,31.7033,32.2733,31.6667,32.2433,28.9276,21030300
2019-02-08,32.1133,32.2300,31.7133,31.8600,28.5837,18507600
2019-02-11,31.8833,32.1167,31.8800,32.0667,28.7691,16628400
2019-02-12,32.2733,32.3900,32.1667,32.3233,28.9994,17643900
2019-02-13,32.4333,32.6667,32.3633,32.6467,29.2894,16375500
2019-02-14,32.5600,33.0667,32.3400,32.8400,29.4629,21602400
2019-02-15,32.9933,33.3333,32.9533,33.3300,29.9025,28443000
2019-02-19,34.1267,34.7267,34.0233,34.0667,30.5634,62091900
2019-02-20,33.9367,34.1133,32.8833,33.2933,29.8696,52895400
2019-02-21,33.2200,33.3067,32.9700,33.1300,29.7231,19239600
2019-02-22,33.2733,33.3867,33.0467,33.1833,29.7709,24260700
2019-02-25,33.3733,33.3767,33.0167,33.0400,29.6423,27705000
2019-02-26,33.0067,33.0200,32.6233,32.8967,29.5137,25464300
2019-02-27,32.7067,32.7967,32.5300,32.7033,29.3403,23706900
2019-02-28,32.7033,33.1567,32.5900,32.9967,29.6034,34127700
2019-03-01,33.1567,33.1867,32.3733,32.6433,29.2864,31057500
2019-03-04,32.7067,32.8633,32.4567,32.6167,29.2625,23051400
2019-03-05,32.7100,33.0633,32.6967,32.7800,29.4091,18357900
2019-03-06,32.7567,33.0000,32.6200,32.7533,29.3851,14089800
2019-03-07,32.5700,32.7333,32.4133,32.4833,29.1429,18379800
2019-03-08,32.5167,32.8067,32.3333,32.5300,29.1848,16977000
2019-03-11,32.6800,32.8600,32.6067,32.8267,29.4509,16035900
2019-03-12,32.8433,32.9133,32.6833,32.7900,29.4180,15211500
2019-03-13,32.9000,33.1167,32.7967,33.0100,29.6154,16446900
2019-03-14,32.8033,32.8100,32.5300,32.7400,29.5312,14777400
2019-03-15,32.7600,32.8367,32.5333,32.8067,29.5913,43800000
2019-03-18,32.7667,33.2567,32.7533,33.2200,29.9642,17310300
2019-03-19,33.3300,33.4967,33.1900,33.2833,30.0213,16243200
2019-03-20,33.0667,33.1833,32.8467,32.8800,29.6575,18969300
2019-03-21,32.7500,33.0433,32.7000,33.0200,29.7838,19653000
2019-03-22,32.8600,33.1767,32.6467,32.7600,29.5493,20124300
2019-03-25,32.6000,32.8733,32.5433,32.7233,29.5162,16222200
2019-03-26,32.7867,32.9500,32.6767,32.7733,29.5613,14837700
2019-03-27,32.7133,32.9533,31.6667,32.4033,29.2275,25413600
2019-03-28,32.5300,32.6233,32.1767,32.3767,29.2035,24162900
2019-03-29,32.5300,32.5567,32.3467,32.5100,29.3238,22319700
2019-04-01,32.6567,32.7867,32.5200,32.6067,29.4109,25517400
2019-04-02,32.5867,32.7700,32.3000,32.3133,29.1464,18822000
2019-04-03,32.3733,32.4667,32.2633,32.3967,29.2215,17062500
2019-04-04,32.4167,32.7600,32.4133,32.7033,29.4981,12078900
2019-04-05,32.7500,33.0667,32.7200,32.9433,29.7146,13968000
2019-04-08,32.8167,33.0833,32.7533,33.0767,29.8349,16267200
2019-04-09,32.9333,33.0767,32.7167,32.8967,29.6725,13102500
2019-04-10,32.8367,33.2400,32.8333,33.2000,29.9461,12273300
2019-04-11,33.2333,33.6100,33.1567,33.6000,30.3069,16820700
2019-04-12,33.6667,34.0067,33.6667,33.8533,30.5354,15486000
2019-04-15,33.7667,34.3033,33.7533,34.1433,30.7970,15335700
2019-04-16,34.2967,34.4633,34.1800,34.3100,30.9473,14485200
2019-04-17,34.3333,34.4667,34.1367,34.3867,31.0165,11187600
2019-04-18,34.3700,34.6000,34.2967,34.3933,31.0225,11183400
2019-04-22,34.2600,34.5133,34.0567,34.1233,30.7790,15238200
2019-04-23,34.1767,34.4300,33.9800,34.3567,30.9894,15152400
2019-04-24,34.3800,34.6167,34.3633,34.5100,31.1277,14093400
2019-04-25,34.4133,34.7167,34.2767,34.5067,31.1247,11883300
2019-04-26,33.4833,34.1133,33.2200,33.8433,30.5264,24323100
2019-04-29,33.9600,34.0000,33.5933,33.8533,30.5354,19139100
2019-04-30,33.9233,34.3067,33.8167,34.2800,30.9203,18400800
2019-05-01,34.2567,34.2700,33.7600,33.7867,30.4753,16011600
2019-05-02,33.8100,34.0200,33.4133,33.7167,30.4122,15021000
2019-05-03,34.1067,34.2500,33.9333,34.0267,30.6918,15950700
2019-05-06,33.5833,34.1833,33.5133,34.1533,30.8060,13841100
2019-05-07,33.9333,34.0567,33.5867,33.7667,30.4573,13726800
2019-05-08,33.4167,33.6800,33.2867,33.4333,30.1566,17646000
2019-05-09,33.0900,33.3133,32.9500,33.1800,30.0871,18720300
2019-05-10,33.2533,34.0367,33.2333,33.9700,30.8034,26228100
2019-05-13,33.4833,33.7167,33.0033,33.2967,30.1929,22084500
2019-05-14,33.3800,33.6233,33.2967,33.4300,30.3138,19061100
2019-05-15,33.4000,33.4533,33.0433,33.2933,30.1898,20220900
2019-05-16,34.2767,34.6533,33.6133,33.7700,30.6221,51366000
2019-05-17,33.4133,33.9833,33.3033,33.6200,30.4861,37113900
2019-05-20,33.4633,33.9933,33.4167,33.8400,30.6855,21582300
2019-05-21,33.8367,33.8833,33.4667,33.7067,30.5647,20667300
2019-05-22,33.8667,34.1433,33.6867,34.0767,30.9002,22022700
2019-05-23,33.9400,33.9767,33.5500,33.9533,30.7883,19363800
2019-05-24,34.0600,34.2967,34.0267,34.2233,31.0332,13449600
2019-05-28,34.1867,34.5233,34.1333,34.1400,30.9576,30815100
2019-05-29,34.0367,34.2933,33.8233,34.0400,30.8669,19560600
2019-05-30,34.1633,34.4967,33.9700,34.0633,30.8881,15058800
2019-05-31,33.7833,34.0067,33.5333,33.8133,30.6614,17782500
2019-06-03,33.8767,34.2267,33.8000,33.9867,30.8185,19844100
2019-06-04,34.2033,34.2167,33.8133,34.1867,30.9999,17894700
2019-06-05,34.2500,34.9267,34.2000,34.8067,31.5621,20708700
2019-06-06,34.8300,35.2200,34.7333,35.0367,31.7707,24191100
2019-06-07,35.0767,35.4533,35.0167,35.3533,32.0578,20428200
2019-06-10,35.4933,35.9267,35.4567,35.8400,32.4991,18977100
2019-06-11,36.0000,36.3233,35.9167,35.9800,32.6261,20241900
2019-06-12,35.9733,36.3033,35.9733,36.2733,32.8921,13905300
2019-06-13,36.3333,36.5267,36.0567,36.2167,32.8407,16455000
2019-06-14,36.2600,36.5300,36.1533,36.3567,32.9676,13577700
2019-06-17,36.3733,36.5167,36.0867,36.3867,32.9948,12441000
2019-06-18,36.6000,36.6533,36.3033,36.5500,33.1429,14733600
2019-06-19,36.6000,36.6133,36.2900,36.5400,33.1339,11773800
2019-06-20,36.6067,36.8300,36.4267,36.7733,33.3454,15004500
2019-06-21,36.7800,37.3967,36.7533,37.0433,33.5903,39535800
2019-06-24,37.1633,37.4067,37.0100,37.0800,33.6235,18098400
2019-06-25,36.9600,37.1433,36.8000,36.9067,33.4664,18315000
2019-06-26,36.9500,37.0267,36.7000,36.7200,33.2971,12485100
2019-06-27,36.6867,36.8367,36.2867,36.7000,33.2790,16443900
2019-06-28,36.8500,37.1700,36.7467,36.8300,33.3968,19520100
2019-07-01,37.1000,37.3233,36.6733,36.8733,33.4361,16544100
2019-07-02,36.9433,37.2033,36.7800,37.2000,33.7323,12188700
2019-07-03,37.0600,37.4667,37.0000,37.4400,33.9500,9621900
2019-07-05,37.3333,37.4133,37.0700,37.3267,33.8472,10738200
2019-07-08,37.3067,37.6433,37.2333,37.5733,34.0709,14147100
2019-07-09,37.6300,37.7933,37.5333,37.6267,34.1192,16270200
2019-07-10,37.7067,37.8700,37.4633,37.6600,34.1495,13737000
2019-07-11,37.7800,37.9800,37.6733,37.9733,34.4336,11689800
2019-07-12,38.0300,38.2567,37.8733,38.2000,34.6391,11229900
2019-07-15,38.2233,38.3600,38.1500,38.3267,34.7540,10038000
2019-07-16,38.4433,38.4967,38.0133,38.2533,34.6875,10464600
2019-07-17,38.2700,38.3900,38.0667,38.2000,34.6391,8065500
2019-07-18,38.1167,38.2600,37.9133,38.2400,34.6754,9670800
2019-07-19,38.3333,38.4367,37.9533,37.9667,34.4275,11388900
2019-07-22,38.0333,38.1133,37.4400,37.6067,34.1011,13550700
2019-07-23,37.7067,37.7333,37.1900,37.3633,33.8805,17262600
2019-07-24,37.3433,37.5967,37.1900,37.3333,33.8533,12531900
2019-07-25,37.3933,37.4633,37.2200,37.4067,33.9197,11554500
2019-07-26,37.3733,37.7800,37.2733,37.6733,34.1616,14187000
2019-07-29,37.6133,37.6600,37.2533,37.4233,33.9349,11239800
2019-07-30,37.3533,37.4667,37.2233,37.3533,33.8714,9105600
2019-07-31,37.3033,37.4467,36.5433,36.7933,33.3636,18633900
2019-08-01,36.7733,37.3900,36.4400,36.4600,33.0613,22365000
2019-08-02,36.5800,36.7133,36.0500,36.4667,33.0674,16970100
2019-08-05,36.0000,36.0000,35.1967,35.2733,31.9853,22710000
2019-08-06,35.3967,35.9467,35.1967,35.7567,32.4236,21049200
2019-08-07,35.6733,36.2133,35.3067,36.0667,32.7047,21835500
2019-08-08,36.0033,36.2800,35.9233,36.1733,32.9628,13123200
2019-08-09,36.0200,36.1533,35.5700,35.7600,32.5862,12580500
2019-08-12,35.5733,35.6133,34.9467,35.0733,31.9605,17605200
2019-08-13,35.0833,36.0367,34.9500,35.8033,32.6257,20025900
2019-08-14,35.1600,36.0200,35.0467,35.4000,32.2581,27938400
2019-08-15,37.5100,37.8800,36.7200,37.5633,34.2295,59438700
2019-08-16,38.0267,38.3100,37.3533,37.6633,34.3206,32895600
2019-08-19,38.1167,38.2600,37.8667,37.9367,34.5697,21534300
2019-08-20,37.9533,38.0133,37.3367,37.3500,34.0351,18336900
2019-08-21,37.9933,38.0233,37.2933,37.3400,34.0260,24469200
2019-08-22,37.4000,37.5967,37.1167,37.3033,33.9925,17986200
2019-08-23,37.2067,37.3033,36.7100,36.9433,33.6645,18710100
2019-08-26,37.1867,37.4233,37.0733,37.3300,34.0168,17807100
2019-08-27,37.4733,37.6033,37.1700,37.4733,34.1475,17201100
2019-08-28,37.4267,37.6933,37.2267,37.5733,34.2386,16113000
2019-08-29,38.0667,38.1967,37.7700,38.0267,34.6517,15811500
2019-08-30,38.3333,38.4600,37.9667,38.0867,34.7064,17115900
2019-09-03,37.8933,38.4367,37.8300,38.2133,34.8218,17828100
2019-09-04,38.5633,38.6533,38.2733,38.6367,35.2076,17348700
2019-09-05,39.2233,39.3200,38.4233,38.4800,35.0648,17479200
2019-09-06,38.4800,38.5833,38.2067,38.2433,34.8491,13039200
2019-09-09,38.1667,38.8700,38.1333,38.7767,35.3351,17921100
2019-09-10,38.6633,38.9867,38.4933,38.6833,35.2501,14572200
2019-09-11,38.6667,38.9000,38.4067,38.6733,35.2410,15852300
2019-09-12,38.8833,39.0233,38.6333,38.9733,35.5143,13422900
2019-09-13,39.0533,39.3967,38.9833,39.1433,35.6692,16915800
2019-09-16,38.8467,39.0567,38.4600,38.5233,35.1043,18270900
2019-09-17,38.4400,38.8967,38.4167,38.8367,35.3898,13813500
2019-09-18,38.9700,39.0767,38.7267,39.0533,35.5872,11868000
2019-09-19,39.1333,39.2700,38.9233,39.0367,35.5720,10141800
2019-09-20,39.1167,39.2133,38.9333,38.9933,35.5326,33997200
2019-09-23,38.8700,39.4700,38.8533,39.2067,35.7270,15487500
2019-09-24,39.4167,39.9533,39.3367,39.4667,35.9639,21819300
2019-09-25,39.4900,39.5733,39.2700,39.4900,35.9851,13840800
2019-09-26,39.6000,39.8500,39.3967,39.4333,35.9335,11960700
2019-09-27,39.7367,39.7433,39.2500,39.4833,35.9791,10304100
2019-09-30,39.5567,39.8133,39.5200,39.5600,36.0489,10204200
2019-10-01,39.6167,39.7033,39.2400,39.2833,35.7968,11187900
2019-10-02,39.1333,39.1833,38.5367,38.7067,35.2713,17833500
2019-10-03,38.6267,38.9333,38.1933,38.7700,35.3290,15619500
2019-10-04,38.8000,39.4333,38.7300,39.3867,35.8910,13881000
2019-10-07,39.3667,39.4333,38.9600,39.0767,35.6085,14085000
2019-10-08,38.9367,39.5567,38.8867,39.1933,35.7148,15375300
2019-10-09,39.3933,39.7667,39.3400,39.6433,36.1249,11710200
2019-10-10,39.6333,39.9600,39.5333,39.8700,36.3314,13024500
2019-10-11,39.9733,40.2367,39.5733,40.0800,36.5228,18383700
2019-10-14,39.9500,40.1533,39.7000,39.7233,36.1978,13719900
2019-10-15,39.7767,39.9967,39.6233,39.8433,36.3071,13550100
2019-10-16,39.7700,40.0367,39.7000,39.8067,36.2737,11344800
2019-10-17,39.8900,40.0833,39.7867,39.9467,36.4013,11732700
2019-10-18,40.1500,40.2000,39.7100,39.7133,36.1887,16776900
2019-10-21,39.7667,39.9433,39.6067,39.9133,36.3709,10230300
2019-10-22,39.9167,40.0567,39.7967,39.8600,36.3223,7634100
2019-10-23,39.7233,39.9500,39.5633,39.7833,36.2524,8520000
2019-10-24,39.7167,39.8567,39.5033,39.7000,36.1765,8700900
2019-10-25,39.6667,39.7767,39.4000,39.6800,36.1583,7692900
2019-10-28,39.7500,39.9000,39.5100,39.7400,36.2130,10213800
2019-10-29,39.5000,39.5767,39.0267,39.0500,35.5842,14373300
2019-10-30,39.0600,39.4567,39.0167,39.3667,35.8728,8988600
2019-10-31,39.3100,39.4267,38.9433,39.0867,35.6176,14643900
2019-11-01,39.3067,39.3233,39.0767,39.2067,35.7270,11287800
2019-11-04,39.4667,39.7033,39.0567,39.1900,35.7118,13938000
2019-11-05,39.2267,39.7133,39.0267,39.6200,36.1036,12651300
2019-11-06,39.6100,39.8733,39.5700,39.8333,36.2980,10843200
2019-11-07,40.0000,40.3067,39.8467,40.0767,36.5198,13324200
2019-11-08,40.1033,40.2933,39.6467,39.8133,36.2798,11498100
2019-11-11,39.5667,39.8767,39.4267,39.6800,36.1583,13317000
2019-11-12,39.8667,40.0000,39.6033,39.7067,36.1826,15189300
2019-11-13,39.7200,40.4533,39.5533,40.3267,36.7476,23135400
2019-11-14,41.5333,41.7933,39.8367,40.2167,36.6473,67512600
2019-11-15,40.2267,40.3333,39.4600,39.6233,36.1066,30413100
2019-11-18,39.4833,40.2900,39.4133,40.0833,36.5258,19644000
2019-11-19,40.0367,40.1200,39.9033,39.9633,36.4165,11146200
2019-11-20,40.0700,40.1600,39.4667,39.7100,36.1856,15227700
2019-11-21,39.6100,40.0000,39.5567,39.9533,36.4074,12908400
2019-11-22,40.0500,40.1000,39.7567,39.7867,36.2555,11529300
2019-11-25,40.0000,40.0067,39.3000,39.6400,36.1218,17644500
2019-11-26,39.6533,39.7667,39.4833,39.7300,36.2038,18877500
2019-11-27,39.7967,39.9333,39.5767,39.5867,36.0732,10302300
2019-11-29,39.7133,39.9900,39.6667,39.6967,36.1735,9471900
2019-12-02,39.7167,39.7933,39.2800,39.7600,36.2312,17012700
2019-12-03,39.4667,39.6533,39.2567,39.5567,36.0459,19784400
2019-12-04,39.7067,39.7333,39.4333,39.5633,36.0520,16669800
2019-12-05,39.4533,39.5933,39.1400,39.5533,36.2045,13058400
2019-12-06,39.6933,39.9333,39.6400,39.9267,36.5462,13022400
2019-12-09,39.8567,39.9533,39.7267,39.7867,36.4181,14448000
2019-12-10,39.7833,39.8533,39.6733,39.7133,36.3510,12846900
2019-12-11,39.8000,39.8833,39.5100,39.6667,36.3083,10519200
2019-12-12,39.6667,40.0367,39.5600,39.9200,36.5401,12447000
2019-12-13,39.7200,40.2167,39.6733,40.0967,36.7019,16098900
2019-12-16,40.1400,40.4500,40.1400,40.1800,36.7781,16052100
2019-12-17,40.3167,40.5667,40.2333,40.4267,37.0039,13727400
2019-12-18,40.5033,40.5600,39.9467,39.9533,36.5707,15309000
2019-12-19,39.9800,40.1700,39.9267,40.0267,36.6378,13392300
2019-12-20,40.4933,40.7067,40.0067,40.0967,36.7019,23863200
2019-12-23,40.0667,40.2300,39.6700,39.6767,36.3174,13457400
2019-12-24,39.7100,39.8667,39.6700,39.8367,36.4639,6682200
2019-12-26,39.8700,39.9500,39.6500,39.8400,36.4669,12671400
2019-12-27,39.9800,39.9800,39.7500,39.8633,36.4883,10632000
2019-12-30,39.9333,39.9367,39.7100,39.8000,36.4303,8837400
2019-12-31,39.8333,39.9333,39.3967,39.6133,36.2595,14736000
2020-01-02,39.6200,39.9633,39.5667,39.6467,36.2900,20294700
2020-01-03,39.4233,39.5967,39.1967,39.2967,35.9696,16197600
2020-01-06,39.1333,39.3633,38.9233,39.2167,35.8964,19336500
2020-01-07,39.0867,39.1733,38.7333,38.8533,35.5638,20540700
2020-01-08,38.7667,38.9100,38.5600,38.7200,35.4417,17627400
2020-01-09,38.7167,39.1233,38.6933,39.1200,35.8079,16691100
2020-01-10,39.0800,39.1133,38.6600,38.7933,35.5089,18164400
2020-01-13,38.7933,38.8500,38.4567,38.6267,35.3563,18337800
2020-01-14,38.4900,38.7367,38.3767,38.7267,35.4478,19757400
2020-01-15,38.2100,38.6233,38.1733,38.4267,35.1732,22362600
2020-01-16,38.5000,38.6433,38.4267,38.6333,35.3624,16108200
2020-01-17,38.6833,38.7667,38.2133,38.3200,35.0756,30135000
2020-01-21,38.1967,38.5633,38.1733,38.5300,35.2678,22061100
2020-01-22,38.4067,38.8433,38.3933,38.7000,35.4234,14778300
2020-01-23,38.7367,38.7700,38.3467,38.6033,35.3350,12915300
2020-01-24,38.6667,38.6767,38.0500,38.1233,34.8956,13150200
2020-01-27,37.7300,38.7433,37.5600,38.6200,35.3502,21055200
2020-01-28,38.6600,38.9667,38.6500,38.8667,35.5760,15810600
2020-01-29,38.8533,39.0400,38.6300,38.6300,35.3594,11326500
2020-01-30,38.5367,38.9067,38.4433,38.8600,35.5699,13744500
2020-01-31,38.6000,38.7533,37.9667,38.1633,34.9322,23327400
2020-02-03,38.3000,38.4633,38.0333,38.0900,34.8651,13041300
2020-02-04,38.4133,38.7467,38.2967,38.4233,35.1702,15696600
2020-02-05,38.5333,38.9833,38.2833,38.9367,35.6401,17048700
2020-02-06,38.9433,39.0767,38.6867,38.7700,35.4875,16058700
2020-02-07,38.7033,38.9200,38.5867,38.8167,35.5302,11068800
2020-02-10,38.5833,38.9933,38.3500,38.4167,35.1641,18434700
2020-02-11,38.4767,38.5000,38.1467,38.4667,35.2099,17390400
2020-02-12,38.5000,38.8067,38.4700,38.6167,35.3472,14206800
2020-02-13,38.6167,39.1800,38.5267,39.1467,35.8323,15999600
2020-02-14,39.2233,39.5233,39.0533,39.2967,35.9696,24391800
2020-02-18,39.4900,39.9833,39.1200,39.8767,36.5005,34539600
2020-02-19,39.8333,39.9800,39.2267,39.2267,35.9055,21563400
2020-02-20,39.0700,39.3700,38.9533,39.2300,35.9086,15068700
2020-02-21,39.1467,39.5833,39.1033,39.5267,36.1801,18726300
2020-02-24,39.1533,39.4867,38.6500,38.7733,35.4906,19848000
2020-02-25,38.7833,39.0233,38.0167,38.1300,34.9017,23292900
2020-02-26,38.2333,38.3900,37.8833,37.9267,34.7156,20019900
2020-02-27,37.5200,38.0233,36.7833,36.8000,33.6843,28476900
2020-02-28,35.8967,36.1733,34.7900,35.8933,32.8544,52369200
2020-03-02,35.8667,38.8000,35.7633,38.6267,35.3563,51222600
2020-03-03,38.6933,39.1767,37.4467,37.6367,34.4501,33340800
2020-03-04,38.0800,38.9467,37.8233,38.9233,35.6279,24625200
2020-03-05,38.1333,39.0833,37.9700,38.6400,35.3685,25638300
2020-03-06,37.9567,39.3033,37.6700,39.0767,35.7682,29411100
2020-03-09,37.9400,40.2100,37.5767,39.0533,35.7469,59243400
2020-03-10,39.3667,40.2267,38.3067,39.9300,36.5493,37797300
2020-03-11,39.1700,39.6767,37.6000,38.1433,34.9139,31620000
2020-03-12,35.3400,37.1633,34.3267,34.6833,31.7468,56323200
2020-03-13,36.0800,38.1967,34.6267,38.0333,34.8132,42962100
2020-03-16,35.0667,37.1100,34.0000,35.5867,32.5737,36753900
2020-03-17,37.5900,39.7567,36.8200,39.7533,36.3876,52806000
2020-03-18,38.3333,42.6933,38.1667,40.8600,37.4006,77355900
2020-03-19,41.4867,42.3333,39.2100,39.8167,36.6068,57100500
2020-03-20,39.8333,40.9300,37.2967,37.9900,34.9274,55423500
2020-03-23,38.0567,39.1800,37.4033,38.0933,35.0224,39366000
2020-03-24,38.6233,39.1233,37.1033,38.3433,35.2523,42705000
2020-03-25,37.6567,38.0000,36.0167,36.4667,33.5269,53287500
2020-03-26,36.4667,36.9567,35.6167,36.6067,33.6556,58250700
2020-03-27,36.7033,37.4267,36.2000,36.5267,33.5821,36160500
2020-03-30,37.2867,38.6000,36.9800,38.3967,35.3013,29212500
2020-03-31,38.1033,38.7300,37.5467,37.8733,34.8202,26258400
2020-04-01,37.3833,38.5100,37.2667,38.0467,34.9795,28269600
2020-04-02,37.7267,39.7033,37.4467,39.5500,36.3616,29515500
2020-04-03,39.0700,39.9700,39.0100,39.8267,36.6160,28625100
2020-04-06,39.6867,42.1300,39.6467,42.0233,38.6356,47768700
2020-04-07,41.3267,42.1633,40.5467,40.6633,37.3852,41369700
2020-04-08,41.2300,41.2700,40.1967,40.6133,37.3393,27876600
2020-04-09,39.4067,40.9567,39.2200,40.6000,37.3270,32828700
2020-04-13,40.4233,41.8900,40.3900,41.7667,38.3996,24194100
2020-04-14,42.3667,43.2633,42.0133,43.0000,39.5335,34098900
2020-04-15,43.0000,43.2933,42.3733,42.9200,39.4600,22435200
2020-04-16,43.0000,44.3067,42.7500,44.1100,40.5541,31882200
2020-04-17,43.8267,44.3233,43.2433,44.0400,40.4897,30915300
2020-04-20,44.1300,44.4600,43.2533,43.2833,39.7940,24401700
2020-04-21,43.3567,43.6767,42.7200,43.0700,39.5979,27900600
2020-04-22,43.3333,44.1267,42.9667,43.8633,40.3273,19448100
2020-04-23,43.2833,43.6967,42.5767,42.8433,39.3895,28839900
2020-04-24,43.1167,43.2967,42.8533,43.1467,39.6684,17343600
2020-04-27,43.3333,43.4367,42.7233,42.7667,39.3190,17923800
2020-04-28,42.7600,43.4133,42.5667,42.6667,39.2271,20732100
2020-04-29,41.8567,41.9200,40.8500,41.2000,37.8786,44612100
2020-04-30,41.0267,41.1467,40.3467,40.5167,37.2504,40497900
2020-05-01,40.4933,41.2300,40.2600,40.9733,37.6702,31143900
2020-05-04,41.2800,41.4667,40.5700,41.2333,37.9093,17807700
2020-05-05,41.2667,41.7533,41.0867,41.5767,38.2249,19337400
2020-05-06,41.7367,41.8300,40.9500,41.1000,37.7867,17309100
2020-05-07,41.1533,41.3267,40.5000,40.6300,37.5189,27345600
2020-05-08,40.9167,41.0033,40.5400,40.9800,37.8421,20830800
2020-05-11,41.0133,41.4367,41.0033,41.2233,38.0668,25341900
2020-05-12,41.4933,41.8867,41.2600,41.2600,38.1007,19100100
2020-05-13,41.1667,42.0800,41.0300,41.2367,38.0791,29175300
2020-05-14,41.6167,41.7100,40.4333,41.1400,37.9899,22233000
2020-05-15,41.1567,41.9800,41.0300,41.9800,38.7655,31770000
2020-05-18,42.5000,42.8533,42.0333,42.5533,39.2950,38633700
2020-05-19,43.9167,43.9967,41.6033,41.6500,38.4608,74746200
2020-05-20,42.1633,42.1967,41.5433,41.8167,38.6147,32246400
2020-05-21,41.6300,42.0467,41.4167,41.6633,38.4731,22448100
2020-05-22,41.7000,41.7833,41.2567,41.4433,38.2700,22359600
2020-05-26,41.4467,41.8367,41.2100,41.2867,38.1253,23730600
2020-05-27,41.3233,41.4967,40.3433,40.8267,37.7005,31073700
2020-05-28,41.2400,41.6500,41.0533,41.2300,38.0730,24424800
2020-05-29,41.4133,41.5700,40.6433,41.3533,38.1869,29311200
2020-06-01,41.1467,41.4700,40.7867,41.3200,38.1561,20550300
2020-06-02,41.1967,41.3833,40.9367,41.3133,38.1499,19187700
2020-06-03,41.3000,41.3300,40.8867,41.1567,38.0052,20262900
2020-06-04,40.9333,41.2967,40.6067,40.7033,37.5866,24015000
2020-06-05,40.8567,40.8933,39.9700,40.5200,37.4173,39337200
2020-06-08,39.8600,40.4133,39.8200,40.4133,37.3188,28344300
2020-06-09,40.5333,40.6667,40.1867,40.4500,37.3527,20746200
2020-06-10,40.5200,40.8333,40.3767,40.3867,37.2942,28141500
2020-06-11,40.3300,40.8600,39.8267,40.0300,36.9649,34162800
2020-06-12,40.1700,40.2500,39.0200,39.2467,36.2415,32359200
2020-06-15,39.4667,39.5600,39.0033,39.3600,36.3462,32703300
2020-06-16,39.9333,40.0767,39.5133,39.8833,36.8294,25167600
2020-06-17,39.9533,40.0433,39.4667,39.6767,36.6386,20166900
2020-06-18,39.5133,39.6867,39.2200,39.3300,36.3185,20070000
2020-06-19,39.6300,40.1000,39.2500,39.9500,36.8910,40078800
2020-06-22,40.3233,40.6967,40.1333,40.5600,37.4543,27338400
2020-06-23,40.9167,40.9500,40.3200,40.3567,37.2665,19727700
2020-06-24,40.2467,40.3733,39.8600,40.1000,37.0295,20614800
2020-06-25,39.9200,40.0533,39.4600,39.9033,36.8479,20569800
2020-06-26,39.8667,40.2800,39.3400,39.4400,36.4200,26991600
2020-06-29,39.5000,39.8933,39.4067,39.6867,36.6478,16511400
2020-06-30,39.7400,40.0433,39.5133,39.9267,36.8694,20509200
2020-07-01,39.8167,39.9733,39.5533,39.8967,36.8417,19733700
2020-07-02,40.0300,40.2933,39.6200,39.7367,36.6940,17695800
2020-07-06,39.9333,39.9567,39.4067,39.6300,36.5955,21695100
2020-07-07,39.4833,42.5167,39.4067,42.3167,39.0764,93458100
2020-07-08,42.6667,42.7100,41.4667,41.4800,38.3038,52217100
2020-07-09,41.8700,42.7267,41.6500,42.5833,39.3227,42771600
2020-07-10,42.9133,43.7900,42.4200,43.5600,40.2246,44236800
2020-07-13,43.7767,44.5433,42.9633,43.1733,39.8675,42338400
2020-07-14,43.0933,44.1667,43.0100,44.0033,40.6339,26455800
2020-07-15,44.0900,44.7100,43.6000,44.0000,40.6309,31731300
2020-07-16,44.0167,44.2433,43.7467,44.0667,40.6924,17676600
2020-07-17,44.4567,44.4567,43.8233,43.9133,40.5508,18189600
2020-07-20,43.9867,44.2467,43.7133,43.8233,40.4677,18342600
2020-07-21,43.8533,44.6633,43.8167,44.1100,40.7325,21712500
2020-07-22,44.1900,44.3433,43.7300,44.2200,40.8340,16164600
2020-07-23,44.3333,44.3833,43.7700,43.8800,40.5201,16796400
2020-07-24,43.6500,44.1333,43.5033,43.7467,40.3969,13037400
2020-07-27,43.6200,43.9933,43.6200,43.7367,40.3877,14045700
2020-07-28,43.8333,44.1267,43.6400,43.9200,40.5570,14414100
2020-07-29,43.8533,43.9533,43.2833,43.5633,40.2276,14223300
2020-07-30,43.1400,43.4733,42.9067,43.3733,40.0522,13788300
2020-07-31,43.2167,43.3633,42.5400,43.1333,39.8306,21631500
2020-08-03,43.3033,43.3733,42.7567,43.1000,39.7998,14971500
2020-08-04,43.2167,43.9033,42.9800,43.8800,40.5201,18219600
2020-08-05,43.4833,43.5833,42.9433,43.2700,39.9568,25483500
2020-08-06,43.0433,43.4100,43.0100,43.1167,39.8152,14496300
2020-08-07,43.1933,43.4867,43.0367,43.3233,40.0060,16558500
2020-08-10,43.4133,44.1133,43.2167,43.9600,40.5939,17683200
2020-08-11,44.1967,44.2900,43.2433,43.4000,40.0768,25360200
2020-08-12,43.4900,44.0767,43.0267,43.9633,40.5970,19094400
2020-08-13,43.7367,43.9867,43.5767,43.9500,40.7515,19867200
2020-08-14,44.1133,44.3233,43.8767,44.2000,40.9833,20106300
2020-08-17,44.7833,45.3767,44.6167,45.2000,41.9106,39465000
2020-08-18,45.3900,45.8767,44.3900,44.9033,41.6355,80232600
2020-08-19,44.7367,44.8867,43.9500,44.1367,40.9246,38155200
2020-08-20,43.7367,44.0233,43.3500,43.5233,40.3559,26810700
2020-08-21,43.5167,44.2233,43.3667,43.8767,40.6835,24864000
2020-08-24,44.0833,44.1600,43.4433,43.7767,40.5908,19813800
2020-08-25,43.6000,43.7467,43.2233,43.5433,40.3745,21722400
2020-08-26,43.4033,43.6267,43.2333,43.5667,40.3961,18814800
2020-08-27,43.6933,46.4500,43.6333,45.5433,42.2289,119018700
2020-08-28,47.0000,47.0233,45.9467,46.7667,43.3632,64050900
2020-08-31,45.8267,46.2967,45.1767,46.2833,42.9151,45236400
2020-09-01,47.0667,49.8633,46.6833,49.1967,45.6164,106798200
2020-09-02,50.4167,50.4433,48.5367,49.2267,45.6442,51666000
2020-09-03,48.9000,49.8667,47.2700,48.1800,44.6737,48015000
2020-09-04,48.0067,48.3467,46.7000,47.6100,44.1452,33982200
2020-09-08,47.1367,47.3000,46.0867,46.1500,42.7914,33966900
2020-09-09,46.6967,47.5367,46.4833,46.6300,43.2365,33669000
2020-09-10,46.6867,46.8467,45.5300,45.6033,42.2845,33709200
2020-09-11,45.6833,46.1467,45.1833,45.5667,42.2505,28879800
2020-09-14,45.3800,47.0333,45.2933,45.7733,42.4422,45733800
2020-09-15,46.0767,46.3600,45.5600,45.7867,42.4545,30427800
2020-09-16,46.1367,46.2267,45.3500,45.4200,42.1146,27860400
2020-09-17,45.1433,45.8567,45.0067,45.5633,42.2475,37245000
2020-09-18,45.4800,45.8433,44.9167,45.0967,41.8148,54709200
2020-09-21,45.5000,45.7467,45.0967,45.6900,42.3649,47275500
2020-09-22,45.6900,46.3300,45.5233,46.1033,42.7482,33102000
2020-09-23,46.3333,46.4133,45.2733,45.3300,42.0311,23133300
2020-09-24,45.2433,45.9300,45.0233,45.5667,42.2505,29453100
2020-09-25,45.5067,45.8467,45.3200,45.7567,42.4267,22618800
2020-09-28,45.7200,46.0167,45.5733,45.7500,42.4205,21197100
2020-09-29,45.7500,46.0467,45.4633,45.7133,42.3866,27702900
2020-09-30,45.7967,47.2467,45.7333,46.6367,43.2427,34826400
2020-10-01,46.9333,48.1267,46.7533,47.6933,44.2224,43290900
2020-10-02,47.4467,47.7000,46.7100,46.8333,43.4250,24585000
2020-10-05,47.0967,47.3967,47.0233,47.2667,43.8268,14259000
2020-10-06,47.2900,47.6467,46.7500,46.8767,43.4652,21475500
2020-10-07,47.0867,47.1833,46.7500,46.9633,43.5456,16949100
2020-10-08,47.1700,47.3633,47.0400,47.1200,43.6908,14676900
2020-10-09,47.2200,47.7800,47.1867,47.5933,44.1297,14494800
2020-10-12,47.6733,48.4633,47.6733,48.0833,44.5841,18402300
2020-10-13,48.2267,48.8667,48.1200,48.7433,45.1960,23800200
2020-10-14,48.8000,48.8433,47.9200,47.9800,44.4883,19710900
2020-10-15,47.6967,48.3200,47.6133,48.1767,44.6706,13692600
2020-10-16,48.4667,48.7167,48.1567,48.2367,44.7262,16935000
2020-10-19,48.3667,48.4567,47.5833,47.6500,44.1823,14643300
2020-10-20,48.0367,48.5100,47.8733,47.9667,44.4759,14523000
2020-10-21,47.9467,48.5767,47.9467,48.1333,44.6304,13114200
2020-10-22,48.0633,48.1867,47.5633,47.8500,44.3677,13344000
2020-10-23,47.9900,48.0467,47.6167,47.9500,44.4604,10540500
2020-10-26,47.6133,47.7067,46.9800,47.3867,43.9381,16111800
2020-10-27,47.3500,47.9000,47.3233,47.6233,44.1575,11831100
2020-10-28,46.9867,47.3767,46.6267,46.6800,43.2829,16849200
2020-10-29,46.6667,47.0367,46.2333,46.6400,43.2458,15153900
2020-10-30,46.3933,46.6967,45.7900,46.2500,42.8842,18601800
2020-11-02,46.8633,46.9367,46.3433,46.8000,43.3941,16575600
2020-11-03,47.2167,48.0533,47.1900,47.5933,44.1297,15413100
2020-11-04,47.1900,48.1300,47.1133,47.3200,43.8763,17927400
2020-11-05,48.0000,48.0767,47.6467,47.8233,44.3430,14202600
2020-11-06,48.1200,48.7400,47.8500,48.5900,45.0539,16198500
2020-11-09,49.3333,49.4000,47.8267,47.8467,44.3646,28198500
2020-11-10,47.9167,48.8133,47.8433,48.5200,44.9890,18199200
2020-11-11,48.9733,49.6533,48.8000,49.3267,45.7369,18805800
2020-11-12,49.4933,49.5700,49.0333,49.4100,45.8142,12564300
2020-11-13,49.6467,50.3133,49.1733,50.1800,46.5281,19738200
2020-11-16,50.1767,51.1333,49.7600,50.8133,47.1154,34560300
2020-11-17,50.1667,51.0800,49.7267,49.7900,46.1665,42711600
2020-11-18,49.9533,50.5567,49.6833,49.6967,46.0800,24936900
2020-11-19,49.8200,50.8167,49.7733,50.7067,47.0165,18590700
2020-11-20,50.3900,50.9200,49.9367,50.0800,46.4354,21937200
2020-11-23,50.1233,50.4667,49.7900,50.3100,46.6487,18557100
2020-11-24,50.5800,50.6600,50.0900,50.4533,46.7816,17155200
2020-11-25,50.4167,50.7967,50.4033,50.6100,46.9269,13833300
2020-11-27,50.7167,50.9067,50.3667,50.5333,46.8558,10999500
2020-11-30,50.5333,50.9833,50.0333,50.9300,47.2236,32695500
2020-12-01,51.2000,51.2200,50.5533,50.8800,47.1772,22935300
2020-12-02,50.6667,50.8733,49.8433,50.1733,46.5220,23547000
2020-12-03,50.0933,50.0933,49.4633,49.7667,46.1449,25725900
2020-12-04,49.8367,49.8367,49.1933,49.6367,46.0243,20889300
2020-12-07,49.4867,49.6633,49.0533,49.3700,45.7771,18479100
2020-12-08,49.1200,49.9500,49.0600,49.8167,46.1913,20716500
2020-12-09,50.0000,50.0000,49.2967,49.4233,45.8265,20139600
2020-12-10,49.2500,49.3833,48.8567,49.0133,45.6125,20652300
2020-12-11,48.9733,49.1700,48.6467,49.0000,45.6001,16860900
2020-12-14,49.2333,49.2400,48.4667,48.5500,45.1813,25088100
2020-12-15,48.5067,48.7867,48.2867,48.5267,45.1596,31871400
2020-12-16,48.7467,48.9633,48.3600,48.4767,45.1131,25650900
2020-12-17,48.6867,48.8133,48.3833,48.7000,45.3209,30679500
2020-12-18,48.8733,49.0600,48.3867,48.6500,45.2744,41384100
2020-12-21,48.5000,48.8900,48.3533,48.6567,45.2806,25553100
2020-12-22,48.3833,48.7433,47.7133,48.0667,44.7315,37599000
2020-12-23,47.8467,48.0733,47.4333,47.7400,44.4275,20430600
2020-12-24,47.8467,48.1300,47.7267,47.8333,44.5144,9054600
2020-12-28,48.0133,48.4333,47.7767,48.4067,45.0479,19344900
2020-12-29,48.5467,48.6167,47.8633,48.1000,44.7626,17938200
2020-12-30,48.2933,48.3833,47.9800,48.0600,44.7253,18751200
2020-12-31,48.0667,48.0900,47.6167,48.0500,44.7160,17814000
2021-01-04,48.1000,48.9633,48.0933,48.8433,45.4543,32182200
2021-01-05,48.8667,49.0233,48.1633,48.5833,45.2123,26498100
2021-01-06,48.3633,49.3667,48.3367,48.8867,45.4946,21918900
2021-01-07,49.2067,49.2533,48.6800,48.8833,45.4915,20538000
2021-01-08,48.9600,49.0000,48.6033,48.8767,45.4853,24478200
2021-01-11,48.6667,49.3300,48.6667,49.0967,45.6901,26264400
2021-01-12,49.6667,49.9767,49.4400,49.6567,46.2112,23373300
2021-01-13,49.5833,49.6900,49.1433,49.1500,45.7397,16069500
2021-01-14,49.2733,49.3333,48.6800,48.9900,45.5908,23017200
2021-01-15,48.3800,48.6333,47.8900,48.2133,44.8680,35920500
2021-01-19,48.2133,48.3567,47.5567,47.7967,44.4803,24123600
2021-01-20,47.8633,48.5533,47.6300,48.5033,45.1379,23775600
2021-01-21,48.4533,48.5767,48.0700,48.2833,44.9332,14325900
2021-01-22,48.5333,49.1133,48.3733,48.7767,45.3923,19219500
2021-01-25,48.4533,48.7500,48.0900,48.7333,45.3519,19031100
2021-01-26,48.5433,49.2700,48.4900,49.1700,45.7583,15031500
2021-01-27,48.9867,49.2867,47.8500,47.9467,44.6199,29910300
2021-01-28,48.1533,48.7533,47.8767,47.9167,44.5919,22301700
2021-01-29,47.7267,47.9167,46.7833,46.8300,43.5807,32509200
2021-02-01,46.9700,47.1633,46.3967,46.4233,43.2022,25945200
2021-02-02,46.5867,47.3833,46.4800,46.9233,43.6675,27002400
2021-02-03,46.8867,47.3500,46.8767,47.0667,43.8009,14966700
2021-02-04,47.2633,47.7267,47.0867,47.5100,44.2135,17346300
2021-02-05,47.8200,48.2833,47.5100,48.1200,44.7812,20451600
2021-02-08,48.2700,48.5267,48.1533,48.3433,44.9890,15825300
2021-02-09,48.1933,48.7733,48.1933,48.6100,45.2372,15906900
2021-02-10,48.6100,48.6333,47.8467,48.0433,44.7098,18576900
2021-02-11,48.0467,48.3167,47.9033,48.0067,44.6757,12791400
2021-02-12,48.0533,48.2033,47.8900,48.1567,44.8153,13423500
2021-02-16,48.6467,48.7967,48.3100,48.5533,45.1844,27891000
2021-02-17,48.2167,49.1667,48.1667,49.0667,45.6621,25571100
2021-02-18,46.3333,46.9000,45.8333,45.8867,42.7028,96927300
2021-02-19,45.9333,46.4733,45.8900,46.1133,42.9137,36606000
2021-02-22,45.9133,46.1133,45.4167,45.8967,42.7121,32106600
2021-02-23,45.7033,45.7967,45.0200,45.1567,42.0234,31300200
2021-02-24,45.2900,45.3867,44.3500,44.4033,41.3224,46565700
2021-02-25,44.3667,44.6700,43.8267,43.9833,40.9315,33324600
2021-02-26,43.8267,43.9367,43.2867,43.3067,40.3018,42470700
2021-03-01,43.8600,44.1900,43.7100,43.7900,40.7516,34634400
2021-03-02,43.8367,44.2500,43.3367,43.3700,40.3607,29230800
2021-03-03,43.1667,43.3100,42.5167,42.5300,39.5790,41837400
2021-03-04,42.6200,43.1933,42.0933,42.5100,39.5604,45348000
2021-03-05,42.2767,43.2500,42.2500,43.0400,40.0536,34073700
2021-03-08,43.1100,43.2800,42.6033,42.6267,39.6690,40988400
2021-03-09,42.9333,43.2933,42.7733,42.9633,39.9823,31988700
2021-03-10,42.9533,44.3500,42.8233,44.0600,41.0029,44929200
2021-03-11,44.4533,44.4967,43.8433,44.0433,40.9874,35489700
2021-03-12,44.1733,44.8400,44.0267,44.7067,41.6047,28437600
2021-03-15,44.9133,44.9167,44.2733,44.4767,41.3906,25071900
2021-03-16,44.2733,44.7600,44.2733,44.4633,41.3782,19881000
2021-03-17,44.1667,44.3800,43.9933,44.0933,41.0339,24156300
2021-03-18,43.7200,43.9833,43.3100,43.3367,40.4981,29815500
2021-03-19,43.3767,44.1667,43.3000,43.9133,41.0370,57703500
2021-03-22,43.6667,44.1500,43.6633,44.1233,41.2332,24654000
2021-03-23,43.9033,44.7667,43.8767,44.6467,41.7223,29154900
2021-03-24,44.8100,44.8100,44.3500,44.3700,41.4638,23547300
2021-03-25,44.4200,44.8433,44.2900,44.6700,41.7441,28125900
2021-03-26,44.6667,45.0667,44.4733,45.0433,42.0930,28653600
2021-03-29,45.0000,45.6700,44.8667,45.5567,42.5727,30146400
2021-03-30,45.4433,45.8633,45.1567,45.2467,42.2830,27230100
2021-03-31,45.1833,45.6200,44.9867,45.2767,42.3110,24546000
2021-04-01,45.3133,45.6300,45.1100,45.2067,42.2456,25595100
2021-04-05,45.5733,46.7200,45.4000,46.4767,43.4324,40043100
2021-04-06,46.3700,46.9833,46.1733,46.7000,43.6411,31044600
2021-04-07,46.7667,46.9167,46.5500,46.6000,43.5477,20361600
2021-04-08,46.8167,47.0400,46.5533,46.5700,43.5197,19095600
2021-04-09,46.5433,46.6967,46.2367,46.5933,43.5415,20676600
2021-04-12,46.6900,46.7933,46.4467,46.6000,43.5477,18723000
2021-04-13,46.6000,46.6667,46.2900,46.4567,43.4137,17397900
2021-04-14,46.3733,46.4867,46.1400,46.4400,43.3982,21924600
2021-04-15,46.4667,46.8233,46.4000,46.7200,43.6598,21710400
2021-04-16,46.9633,46.9867,46.5700,46.8700,43.8000,26488500
2021-04-19,46.7633,46.8567,46.5367,46.5700,43.5197,19281000
2021-04-20,46.4733,47.2567,46.2733,46.9300,43.8561,24452100
2021-04-21,46.9233,47.2333,46.8433,47.0667,43.9838,17335200
2021-04-22,47.0267,47.1500,46.4733,46.5567,43.5072,19705200
2021-04-23,46.3667,46.7800,46.3433,46.6333,43.5788,22971000
2021-04-26,46.6367,46.6667,45.8800,45.9700,42.9590,22846200
2021-04-27,46.0000,46.3167,45.8500,46.1267,43.1054,16151400
2021-04-28,46.1167,46.1967,45.9567,45.9633,42.9527,14286600
2021-04-29,45.9667,46.6667,45.9667,46.5433,43.4947,19596000
2021-04-30,46.5700,46.6633,46.3700,46.6367,43.5820,19680000
2021-05-03,46.5600,47.5800,46.5600,47.3733,44.2704,27139500
2021-05-04,47.1800,47.3433,46.7000,46.9067,43.8343,19084200
2021-05-05,46.9033,47.0667,46.7500,46.8667,43.7969,18351000
2021-05-06,46.6667,47.1200,46.4833,47.0167,44.1096,16302000
2021-05-07,47.2100,47.2400,46.4400,46.7333,43.8438,23408400
2021-05-10,46.8167,47.3600,46.7700,46.9400,44.0377,26307600
2021-05-11,46.9567,46.9567,46.1067,46.5167,43.6405,26464200
2021-05-12,46.2900,46.3267,45.3033,45.3133,42.5116,25998300
2021-05-13,45.4100,46.3267,45.2533,46.0800,43.2309,21475200
2021-05-14,46.2700,46.7467,46.1433,46.5067,43.6312,16091700
2021-05-17,46.6667,46.8000,46.2567,46.2967,43.4341,19675800
2021-05-18,47.8367,48.1933,47.0700,47.3033,44.3786,58183800
2021-05-19,46.9033,47.9067,46.8333,47.3067,44.3817,34874700
2021-05-20,47.1667,47.6233,46.9000,47.4733,44.5380,30540900
2021-05-21,47.5067,47.6933,47.2000,47.2500,44.3285,22927500
2021-05-24,47.2533,47.4733,47.1200,47.2533,44.3316,18945900
2021-05-25,47.2667,47.5467,47.0233,47.4467,44.5130,21505200
2021-05-26,47.4633,47.6267,47.2533,47.3900,44.4599,19294200
2021-05-27,47.7833,47.8933,47.2300,47.2300,44.3098,56577000
2021-05-28,47.3100,47.4833,47.2133,47.3433,44.4161,21186300
2021-06-01,47.4033,47.6000,47.0900,47.2200,44.3004,20767500
2021-06-02,47.1300,47.2367,46.6967,47.1167,44.2034,23298000
2021-06-03,47.1300,47.2833,46.9167,47.2000,44.2816,18374400
2021-06-04,47.1533,47.4300,47.0833,47.2833,44.3598,13635900
2021-06-07,47.2833,47.3233,46.7967,46.9667,44.0627,16630800
2021-06-08,46.8367,46.9667,46.6033,46.6100,43.7281,20120700
2021-06-09,46.4467,46.6700,46.3433,46.3600,43.4936,17085300
2021-06-10,46.3600,46.7300,46.3600,46.6267,43.7437,16378500
2021-06-11,46.7433,46.9500,46.6200,46.9167,44.0158,25232400
2021-06-14,46.9767,46.9767,46.6767,46.8533,43.9564,15140700
2021-06-15,46.9467,46.9700,46.5533,46.6667,43.7813,19327200
2021-06-16,46.6167,46.6800,45.6567,45.7167,42.8900,28794900
2021-06-17,45.6667,46.1167,45.5700,45.9067,43.0683,19341900
2021-06-18,45.1467,45.4633,44.8000,45.0567,42.2708,44812800
2021-06-21,45.2200,45.5833,45.1167,45.4667,42.6555,20775000
2021-06-22,45.4100,45.9067,45.4100,45.6767,42.8525,19107000
2021-06-23,45.5000,45.6633,45.3100,45.3200,42.5179,19390500
2021-06-24,45.3900,45.7467,45.3667,45.6367,42.8149,23444100
2021-06-25,45.7100,46.2867,45.6400,46.1767,43.3216,28640700
2021-06-28,46.0133,46.2133,45.5333,46.0333,43.1871,15549000
2021-06-29,45.9667,46.1567,45.7433,45.7667,42.9369,35962500
2021-06-30,46.5200,47.5267,46.2300,47.0067,44.1002,45511200
2021-07-01,46.8033,47.0833,46.3367,46.4400,43.5686,26348700
2021-07-02,46.4500,47.0267,46.4500,46.7033,43.8157,26280600
2021-07-06,46.6333,46.9167,46.5033,46.6467,43.7625,18279300
2021-07-07,46.5867,47.0633,46.4533,46.5700,43.6906,25607400
2021-07-08,46.1133,46.8833,46.0733,46.5300,43.6530,21267000
2021-07-09,46.8033,46.9467,46.6433,46.7667,43.8751,15185400
2021-07-12,46.8967,46.9300,46.4433,46.6833,43.7969,19515000
2021-07-13,46.6633,47.0600,46.6467,46.8600,43.9626,18947700
2021-07-14,46.9033,47.2667,46.6100,47.1833,44.2660,18812100
2021-07-15,47.3333,47.5467,47.0300,47.2200,44.3004,17974800
2021-07-16,47.2333,47.3767,46.9833,47.1867,44.2691,18095400
2021-07-19,47.1367,47.6600,46.5900,47.0767,44.1659,27383100
2021-07-20,46.9900,47.4900,46.9267,47.2900,44.3661,19020300
2021-07-21,47.5000,47.5133,46.9033,47.0567,44.1471,18591900
2021-07-22,47.0433,47.3733,46.9333,47.0900,44.1784,13013400
2021-07-23,47.1733,47.5733,47.0033,47.4767,44.5412,15947400
2021-07-26,47.4533,47.9533,47.1533,47.5433,44.6037,18517200
2021-07-27,47.6667,47.6667,47.3200,47.5467,44.6068,15395700
2021-07-28,47.4933,47.7500,47.2200,47.3533,44.4255,14071500
2021-07-29,47.5467,47.6167,47.3400,47.4133,44.4818,11063100
2021-07-30,47.0667,47.6533,47.0667,47.5167,44.5787,16332300
2021-08-02,47.6100,47.6233,47.2233,47.4067,44.4755,19958400
2021-08-03,47.4800,47.9667,47.4533,47.9400,44.9759,18915300
2021-08-04,47.7933,47.9800,47.5800,47.6133,44.6694,15301500
2021-08-05,48.0767,48.5133,47.9967,48.4967,45.4981,27005400
2021-08-06,48.7367,48.8233,48.3167,48.4100,45.4168,19263600
2021-08-09,48.6367,48.8267,48.4667,48.5267,45.5263,15811800
2021-08-10,48.9900,49.6500,48.7500,49.5600,46.4957,38262000
2021-08-11,49.8367,50.5267,49.7200,50.0033,46.9116,41455800
2021-08-12,49.6667,50.0700,49.6033,49.6867,46.7861,18269100
2021-08-13,49.7933,50.1200,49.7200,49.8433,46.9336,15981300
2021-08-16,49.8933,50.5767,49.6800,50.2500,47.3165,47791500
2021-08-17,50.1333,50.8333,49.7000,50.2333,47.3008,50950200
2021-08-18,50.1833,50.8567,49.6733,49.7000,46.7986,28211700
2021-08-19,49.4433,50.2200,49.3333,50.0367,47.1156,22630500
2021-08-20,50.1600,50.5733,49.9167,50.4833,47.5362,19400400
2021-08-23,50.5100,50.5967,50.1367,50.1500,47.2224,16166100
2021-08-24,50.1667,50.1667,49.5667,49.6333,46.7359,18828900
2021-08-25,49.4700,49.7600,49.3433,49.6533,46.7547,21921300
2021-08-26,49.1567,49.4233,48.8900,49.1167,46.2493,23466900
2021-08-27,49.1700,49.2300,48.7267,48.8400,45.9888,23088600
2021-08-30,48.8067,49.3333,48.6733,49.2333,46.3592,16440600
2021-08-31,49.3300,49.4800,49.0800,49.3667,46.4847,25078500
2021-09-01,49.1867,49.3100,48.8567,49.2600,46.3843,19056600
2021-09-02,49.3733,49.5967,49.2300,49.5200,46.6291,20018100
2021-09-03,49.4000,49.8833,49.3000,49.7500,46.8457,17211900
2021-09-07,49.6567,49.7233,49.0200,49.0900,46.2242,25345200
2021-09-08,48.9833,49.4400,48.9100,49.1533,46.2839,19508400
2021-09-09,49.1533,49.2033,48.6133,48.8067,45.9574,22328700
2021-09-10,49.0667,49.0800,48.4767,48.6300,45.7911,15775200
2021-09-13,48.8400,49.0500,48.2133,48.3533,45.5306,19529400
2021-09-14,48.4933,48.6267,47.9733,48.1000,45.2920,16533900
2021-09-15,48.0233,48.2500,47.9300,48.1833,45.3705,14850000
2021-09-16,48.1467,48.4367,47.8967,48.3433,45.5212,18428400
2021-09-17,48.0467,48.7200,48.0067,48.2433,45.4270,73032600
2021-09-20,47.8333,48.3967,47.2067,47.5800,44.8024,25054500
2021-09-21,47.5667,48.1933,47.5567,47.6733,44.8903,17437500
2021-09-22,47.8233,47.8667,47.4300,47.5633,44.7867,15044400
2021-09-23,47.7400,47.8767,47.4833,47.5900,44.8118,15585300
2021-09-24,47.5000,47.8967,47.4967,47.7233,44.9373,13360500
2021-09-27,47.6233,47.8500,47.2800,47.4167,44.6486,21250800
2021-09-28,47.2933,47.3567,46.6633,46.8333,44.0993,20580900
2021-09-29,46.8833,47.2767,46.7733,46.8133,44.0805,21375600
2021-09-30,46.8800,47.2433,46.4167,46.4600,43.7478,22457700
2021-10-01,46.4200,46.5433,45.3067,45.6833,43.0164,30014400
2021-10-04,45.6967,46.0767,44.9033,45.2433,42.6021,29970300
2021-10-05,45.3167,45.9033,45.3000,45.5400,42.8815,20597400
2021-10-06,45.4133,45.9300,45.3767,45.8733,43.1953,19376700
2021-10-07,46.2600,46.9000,46.2533,46.4133,43.7038,21068100
2021-10-08,46.5533,46.6967,46.3367,46.5533,43.8356,13847400
2021-10-11,46.5067,46.9267,46.4800,46.5100,43.7948,13048200
2021-10-12,46.4467,46.8033,46.3567,46.4600,43.7478,15789300
2021-10-13,46.5000,46.6700,46.0433,46.1233,43.4308,17937900
2021-10-14,46.1667,46.6900,46.1667,46.6233,43.9016,19783500
2021-10-15,46.8733,47.0333,46.6533,46.8500,44.1150,20737200
2021-10-18,46.6667,47.3367,46.6100,47.2267,44.4697,19887000
2021-10-19,48.2100,48.5367,47.8867,48.2300,45.4144,33444300
2021-10-20,48.2967,48.8300,48.2967,48.6667,45.8256,17453700
2021-10-21,48.8600,48.9733,48.6033,48.9367,46.0799,13954500
2021-10-22,49.0333,49.8967,49.0333,49.4467,46.5601,21195600
2021-10-25,49.5933,50.1733,49.3367,50.0200,47.0999,19287900
2021-10-26,50.0000,50.1833,49.4867,49.5833,46.6888,17418600
2021-10-27,49.6533,49.6733,49.1300,49.1767,46.3058,14565600
2021-10-28,49.4467,49.6600,49.2367,49.4833,46.5946,12598500
2021-10-29,49.3033,50.0333,49.1867,49.8067,46.8991,22022700
2021-11-01,49.9933,50.2500,49.7833,49.9300,47.0152,12549600
2021-11-02,49.9900,50.0600,49.7600,49.9067,46.9932,13638900
2021-11-03,49.8667,50.0967,49.6767,50.0600,47.1376,14209500
2021-11-04,50.0600,50.6167,49.9433,50.4267,47.4829,15149100
2021-11-05,50.6667,50.6667,49.8733,50.0767,47.1533,15081900
2021-11-08,50.0733,50.1700,49.5767,49.7567,46.8520,15373200
2021-11-09,49.8400,49.9567,49.6233,49.9300,47.0152,15001800
2021-11-10,49.5767,49.8733,49.3267,49.4800,46.5915,16803600
2021-11-11,49.5900,49.6633,49.3967,49.5000,46.6103,13603200
2021-11-12,49.6667,49.7467,49.1800,49.2533,46.3780,18313800
2021-11-15,49.3833,49.4833,48.8000,48.9700,46.1112,28896000
2021-11-16,48.3667,48.8933,47.4333,47.7233,44.9373,73986600
2021-11-17,47.7200,48.2400,47.2733,47.3133,44.5513,33116100
2021-11-18,47.3800,47.7633,46.9533,47.7200,44.9342,24394200
2021-11-19,47.8733,48.0000,47.3133,47.4633,44.6925,28119300
2021-11-22,47.5533,48.4533,47.3333,48.2600,45.4427,29126400
2021-11-23,48.0833,48.6600,47.7500,48.6033,45.7660,29907900
2021-11-24,48.5767,49.0200,48.5467,48.8467,45.9951,18089400
2021-11-26,48.8133,49.2933,48.1400,48.3000,45.4804,21039600
2021-11-29,48.3333,48.4167,47.4100,47.5433,44.7679,33039600
2021-11-30,47.1600,47.5000,46.6700,46.8767,44.1401,64818900
2021-12-01,46.8367,46.9067,45.6800,45.7133,43.0447,36621300
2021-12-02,45.8767,46.1467,45.0800,45.1567,42.5205,39805800
2021-12-03,45.2867,45.9600,45.0967,45.8367,43.1608,44142600
2021-12-06,45.8533,46.4533,45.7000,46.3333,43.6285,32589300
2021-12-07,46.5333,46.6100,46.0300,46.1833,43.4873,37739100
2021-12-08,46.0200,46.1667,45.3367,45.7167,43.0478,34496400
2021-12-09,45.5433,46.1900,45.2367,46.1667,43.6466,32351700
2021-12-10,46.1133,47.1000,45.8567,47.0100,44.4439,38575500
2021-12-13,46.7467,47.9167,46.6700,47.8567,45.2443,54039300
2021-12-14,47.7667,48.4267,47.3833,48.3133,45.6761,46721400
2021-12-15,48.4033,48.8233,47.8000,48.5900,45.9376,33489900
2021-12-16,48.5900,48.8433,47.6300,47.7800,45.1719,39069600
2021-12-17,47.5833,47.9833,46.1300,46.2500,43.7254,78581100
2021-12-20,46.0400,46.5833,45.8667,46.4000,43.8672,31017900
2021-12-21,46.3000,46.6200,46.0033,46.5400,43.9995,24620400
2021-12-22,46.6333,46.6633,46.1767,46.6000,44.0563,17028000
2021-12-23,46.6000,46.7200,46.2833,46.4967,43.9586,17592600
2021-12-27,46.5333,46.9567,46.5233,46.9200,44.3588,16040700
2021-12-28,46.8667,47.6567,46.8667,47.5933,44.9954,15783000
2021-12-29,47.5533,47.8433,47.4400,47.5700,44.9733,13045200
2021-12-30,47.7533,47.9000,47.4933,47.7233,45.1183,14949000
2021-12-31,47.7333,48.3467,47.6400,48.2300,45.5973,17947800
2022-01-03,48.0000,48.2633,47.6700,48.2167,45.5847,20706600
2022-01-04,48.0133,48.3800,47.2533,47.3333,44.7496,33930000
2022-01-05,47.6167,48.6500,47.5800,47.9733,45.3546,35418000
2022-01-06,47.8733,48.2133,47.4667,47.8400,45.2286,21828900
2022-01-07,47.8333,48.4533,47.6533,48.2967,45.6603,19723500
2022-01-10,48.4800,48.5300,47.7067,48.2033,45.5721,22731600
2022-01-11,48.0700,48.2067,47.7267,48.0667,45.4429,21668700
2022-01-12,47.8933,47.9867,47.6667,47.8133,45.2034,18946800
2022-01-13,47.8100,48.5600,47.7033,48.4900,45.8431,24252600
2022-01-14,48.0733,48.8767,48.0733,48.3533,45.7139,26867400
2022-01-18,48.1367,48.2333,47.3767,47.5067,44.9134,21123900
2022-01-19,47.5133,48.3300,47.3067,47.9800,45.3609,22674000
2022-01-20,47.4500,48.1533,47.0233,47.0733,44.5038,22387200
2022-01-21,47.0733,47.4200,46.6867,46.7300,44.1792,27508200
2022-01-24,46.3567,46.8433,45.7700,46.7333,44.1823,28699200
2022-01-25,46.6633,46.7900,45.6033,45.7167,43.2212,29479500
2022-01-26,45.7800,46.2633,45.0533,45.2500,42.7800,26185500
2022-01-27,45.6400,46.3600,45.1233,45.2800,42.8083,27759000
2022-01-28,45.3333,45.8567,44.6500,45.8400,43.3378,25131900
2022-01-31,45.6967,46.6800,45.5667,46.6033,44.0594,20193600
2022-02-01,46.4033,47.0500,46.3300,46.9700,44.4061,20323200
2022-02-02,47.0000,47.2133,46.7167,46.9500,44.3872,18149700
2022-02-03,46.7533,47.3300,46.5900,46.9967,44.4313,20741100
2022-02-04,46.9633,47.0000,46.1167,46.4433,43.9082,22036500
2022-02-07,46.6867,46.6900,45.8700,45.9867,43.4764,20010300
2022-02-08,46.1067,46.4133,45.8367,45.9967,43.4859,19458900
2022-02-09,46.1667,46.2633,45.8233,45.8967,43.3913,21473700
2022-02-10,45.5167,45.6700,45.1533,45.3600,42.8840,27810600
2022-02-11,45.6067,45.7267,44.7233,45.1100,42.6476,23733300
2022-02-14,45.1100,45.3200,44.2367,44.6500,42.2127,29363400
2022-02-15,44.9133,45.2233,44.5967,44.7900,42.3451,21824400
2022-02-16,44.7767,44.9600,44.2333,44.5100,42.0803,28490700
2022-02-17,44.6667,46.4900,44.5933,46.2933,43.7663,53831400
2022-02-18,46.0333,46.5300,45.7200,45.9967,43.4859,31103400
2022-02-22,45.9233,46.0800,45.3133,45.4833,43.0006,25380900
2022-02-23,45.6200,45.7300,44.9467,45.0167,42.5594,21030900
2022-02-24,44.6367,45.0033,44.0033,44.8433,42.3955,31717500
2022-02-25,44.9367,45.5933,44.6967,45.4600,42.9785,24997800
2022-02-28,45.0000,45.3567,44.5900,45.0533,42.5940,26286600
2022-03-01,45.2900,45.9633,45.0067,45.3300,42.8556,24024900
2022-03-02,45.2200,45.6100,45.0600,45.3867,42.9092,23863800
2022-03-03,45.7633,46.8233,45.5167,46.4300,43.8956,29885100
2022-03-04,45.9367,47.6467,45.8633,47.6067,45.0080,35576400
2022-03-07,47.1000,47.8767,46.8167,47.2233,44.6456,45870000
2022-03-08,47.1667,47.4867,46.1933,46.2467,43.7222,28305600
2022-03-09,46.6667,46.7467,46.0467,46.4867,43.9491,22122900
2022-03-10,46.4967,47.6667,46.3367,47.5433,44.9481,27512700
2022-03-11,47.4333,48.0167,47.2933,47.3567,44.7716,19162200
2022-03-14,47.3400,48.2833,47.3300,48.0167,45.3956,22646400
2022-03-15,48.1767,48.7167,47.9500,48.5933,45.9408,22872600
2022-03-16,48.4633,48.9800,47.9000,48.4500,45.8053,24615900
2022-03-17,48.1500,48.4333,47.5500,48.3367,45.8749,19023000
2022-03-18,48.3933,48.5233,48.0367,48.4800,46.0109,31233300
2022-03-21,48.4767,49.0967,47.8733,48.0767,45.6281,21350700
2022-03-22,48.2033,48.3233,47.6600,47.9333,45.4921,20235000
2022-03-23,47.7133,47.9100,47.1733,47.3167,44.9068,19625400
2022-03-24,47.4633,47.9700,47.2933,47.6100,45.1852,13440900
2022-03-25,47.8167,47.9767,47.4200,47.8167,45.3814,14085300
2022-03-28,47.8333,48.6867,47.7667,48.6667,46.1881,20105700
2022-03-29,48.8667,49.3667,48.7500,49.0767,46.5772,19934400
2022-03-30,49.0433,50.0600,49.0133,49.9567,47.4124,24991500
2022-03-31,49.5967,50.1800,49.3933,49.6400,47.1118,27163800
2022-04-01,49.8867,50.4233,49.6133,50.3367,47.7730,20939700
2022-04-04,50.3033,51.0667,50.0267,50.3467,47.7825,25332600
2022-04-05,50.2933,51.1100,50.2933,50.4900,47.9186,18657900
2022-04-06,50.3400,51.8067,50.1667,51.6633,49.0321,28018500
2022-04-07,51.7000,52.5133,51.4800,52.1800,49.5225,27088200
2022-04-08,52.3033,52.8033,52.0700,52.4700,49.7977,23294400
2022-04-11,52.3233,52.7467,51.2100,51.4300,48.8107,24712800
2022-04-12,51.4133,51.8000,50.8500,51.0767,48.4753,26761200
2022-04-13,51.1500,52.5967,51.1167,52.4067,49.7376,29284500
2022-04-14,52.3700,52.7633,52.1433,52.3600,49.6933,22360500
2022-04-18,52.2500,52.6600,51.7367,51.9600,49.3137,14671800
2022-04-19,52.2233,52.6500,52.0133,52.5500,49.8736,15855000
2022-04-20,52.7833,53.4500,52.7633,53.2100,50.5000,19821600
2022-04-21,53.3067,53.5900,53.0233,53.2900,50.5759,18168300
2022-04-22,53.4167,53.4533,52.2200,52.2867,49.6237,21046200
2022-04-25,52.1233,52.4900,51.4500,52.3133,49.6490,18057600
2022-04-26,52.1233,52.7100,51.7333,51.7667,49.1302,19601100
2022-04-27,51.8433,52.0667,51.3400,51.4133,48.7948,17496900
2022-04-28,51.7433,52.3267,51.3667,52.0700,49.4181,14955900
2022-04-29,51.9367,52.0733,50.9033,50.9967,48.3994,21088800
2022-05-02,51.6533,51.6633,50.1067,50.6600,48.0799,20016000
2022-05-03,50.8100,51.4267,50.5933,50.8367,48.2476,17950500
2022-05-04,50.6767,51.6067,50.5033,51.5400,48.9151,20022600
2022-05-05,51.2133,51.2767,50.4667,50.9133,48.4960,23234400
2022-05-06,50.5700,51.3167,49.4233,49.8533,47.4863,34258200
2022-05-09,49.4900,51.0333,49.3967,50.4367,48.0419,28207200
2022-05-10,50.4767,50.7633,49.5200,49.7267,47.3656,24861300
2022-05-11,49.8000,50.2500,48.9700,49.2067,46.8703,27878700
2022-05-12,49.2867,50.0500,48.8400,49.1600,46.8259,25244400
2022-05-13,49.2367,49.4600,48.7133,49.3500,47.0068,19962300
2022-05-16,49.7933,49.9100,48.8200,49.4033,47.0577,21449100
2022-05-17,45.4767,45.8133,43.5467,43.7833,41.7045,132940200
2022-05-18,42.6767,42.7567,40.5100,40.8100,38.8723,104253000
2022-05-19,40.2900,40.5967,39.5333,39.6900,37.8055,71008500
2022-05-20,39.8800,40.2800,39.0900,39.7333,37.8468,49356000
2022-05-23,39.9733,41.2567,39.9533,40.8667,38.9263,43680900
2022-05-24,40.4033,41.5167,40.3600,41.3767,39.4121,34584900
2022-05-25,41.3333,41.5567,40.8667,41.1233,39.1708,27121800
2022-05-26,41.7667,42.1333,41.4667,42.0000,40.0058,28197600
2022-05-27,41.8300,42.8733,41.7700,42.8267,40.7933,25299900
2022-05-31,42.4867,43.3000,42.4733,42.8767,40.8409,36912300
2022-06-01,42.8333,42.9733,41.5600,41.8167,39.8312,28534800
2022-06-02,41.8567,42.5100,41.4433,42.5033,40.4853,23214300
2022-06-03,42.2233,42.4733,41.6967,41.7733,39.7899,18302700
2022-06-06,41.9400,42.1000,41.5300,41.6233,39.6471,19855500
2022-06-07,40.4133,41.1633,40.2933,41.1233,39.1708,47707800
2022-06-08,40.7833,41.3033,40.6500,40.7667,38.8311,22522800
2022-06-09,40.6667,41.4500,40.3300,40.3400,38.4247,19880100
2022-06-10,39.9167,40.9133,39.7800,40.5667,38.6405,25238100
2022-06-13,39.9133,40.4133,39.6967,39.8033,37.9135,24897900
2022-06-14,39.7100,40.0000,39.3900,39.8200,37.9293,21544200
2022-06-15,39.9900,40.1367,39.3000,39.7933,37.9039,25914000
2022-06-16,39.4500,40.5867,39.4100,40.2067,38.2976,30706800
2022-06-17,40.0067,40.2933,39.3233,39.4300,37.5579,36838800
2022-06-21,39.4333,40.9267,39.4067,40.7233,38.7898,23916600
2022-06-22,40.7000,41.0833,40.1967,40.2300,38.3199,20235000
2022-06-23,40.5833,41.3200,40.4000,41.2067,39.2502,18040800
2022-06-24,41.3633,41.7700,41.0533,41.2400,39.2819,31845900
2022-06-27,41.2600,41.5800,40.9300,41.3733,39.4089,19889100
2022-06-28,41.5533,41.8567,40.7633,40.7900,38.8533,15399000
2022-06-29,40.9633,41.1167,40.3233,40.6400,38.7104,19111500
2022-06-30,40.2933,40.6867,39.9633,40.5267,38.6025,19166100
2022-07-01,40.6467,40.9733,40.3867,40.8767,38.9358,17460900
2022-07-05,40.7367,41.5033,40.5367,41.4167,39.4502,18218100
2022-07-06,41.4933,42.0933,41.4333,41.7100,39.7296,21300000
2022-07-07,41.7300,41.8433,41.3733,41.7733,39.7899,17487300
2022-07-08,41.9400,42.2033,41.7167,41.8000,39.8153,14751000
2022-07-11,41.6733,42.1100,41.5400,41.8167,39.8312,11532900
2022-07-12,41.7033,42.3767,41.5733,41.6900,39.7106,13732200
2022-07-13,41.4800,42.1533,41.3033,41.7900,39.8058,12689100
2022-07-14,41.3867,42.7733,41.3800,42.6067,40.5837,20905500
2022-07-15,42.9333,43.4233,42.6833,43.0233,40.9806,21184200
2022-07-18,42.8833,43.4333,42.7533,42.9233,40.8853,14243700
2022-07-19,43.1300,43.3200,42.8667,43.1867,41.1362,16995300
2022-07-20,43.5033,43.7700,43.1667,43.5467,41.4791,18564900
2022-07-21,43.5600,44.1867,43.5000,44.1833,42.0855,18764700
2022-07-22,44.1800,44.4633,43.7433,44.0700,41.9776,13616400
2022-07-25,44.1300,44.2333,43.8200,44.0067,41.9172,20535300
2022-07-26,40.3767,40.8967,40.0200,40.6600,38.7295,95391600
2022-07-27,40.4133,42.2567,40.3433,42.1967,40.1932,42159600
2022-07-28,42.0900,43.5033,42.0900,43.2500,41.1965,33262200
2022-07-29,42.7733,44.0867,42.6700,44.0167,41.9267,30141900
2022-08-01,43.6867,44.7433,43.6667,44.1800,42.0823,24996300
2022-08-02,44.3833,44.5700,43.8000,44.2267,42.1268,19695000
2022-08-03,44.0533,44.3133,43.2867,43.5000,41.4346,32003100
2022-08-04,43.5567,43.6000,41.7767,41.8567,39.8693,53106000
2022-08-05,41.8367,42.2700,41.7067,42.1933,40.1900,32007000
2022-08-08,42.2167,42.7367,42.2033,42.5367,40.5170,18175200
2022-08-09,42.6300,42.9900,42.4033,42.9567,40.9171,19325100
2022-08-10,43.3333,43.3833,42.7967,43.0467,41.0028,25251000
2022-08-11,43.2333,43.4567,42.8667,43.2733,41.3982,23854500
2022-08-12,43.3333,44.2800,43.2733,44.0733,42.1636,26625000
2022-08-15,43.8767,44.5233,43.7867,44.2000,42.2847,26516100
2022-08-16,46.3000,46.9767,46.0633,46.4567,44.4436,91773300
2022-08-17,46.1900,47.5733,46.1333,46.5067,44.4915,41792100
2022-08-18,46.5100,46.8067,46.1667,46.3567,44.3479,19197600
2022-08-19,46.3067,46.3567,45.6367,45.6733,43.6942,22918800
2022-08-22,45.4000,45.5733,44.8133,44.8567,42.9129,18667200
2022-08-23,44.8700,44.9867,44.4033,44.6667,42.7312,16955100
2022-08-24,44.7833,45.0967,44.5333,44.9900,43.0405,15766500
2022-08-25,45.0933,45.3300,45.0100,45.2900,43.3275,19414500
2022-08-26,45.3700,45.6100,43.8367,43.8667,41.9658,21331800
2022-08-29,43.6100,44.6233,43.5300,44.2933,42.3740,17381700
2022-08-30,44.4467,44.5500,43.9133,44.1600,42.2465,14468100
2022-08-31,44.2600,44.5967,43.9767,44.1833,42.2688,22460700
2022-09-01,44.1800,45.0467,44.1333,44.8267,42.8843,21741900
2022-09-02,44.9500,45.2233,44.1467,44.3333,42.4123,17234400
2022-09-06,44.3500,44.5400,43.5733,44.1133,42.2018,21899700
2022-09-07,44.3533,45.3233,44.2467,45.2467,43.2861,17058900
2022-09-08,45.1333,45.6233,44.9600,45.4767,43.5061,16956000
2022-09-09,45.4333,45.8333,45.3767,45.6133,43.6368,16140600
2022-09-12,45.6933,46.0833,45.6567,46.0233,44.0291,14284500
2022-09-13,45.6200,45.9833,44.9367,45.0733,43.1202,17687400
2022-09-14,45.2100,45.5100,44.7000,44.9733,43.0246,19934700
2022-09-15,45.0167,45.0500,44.3233,44.4900,42.5622,20189400
2022-09-16,44.0000,44.8500,43.7600,44.3967,42.4729,41874300
2022-09-19,44.2733,44.9200,44.1567,44.7767,42.8364,16853100
2022-09-20,44.4933,44.6267,44.1800,44.5167,42.5877,13963500
2022-09-21,45.1467,45.8167,44.8733,44.9233,42.9767,24903600
2022-09-22,44.8567,44.9067,44.2800,44.4633,42.5367,16744500
2022-09-23,44.2900,44.3933,42.9233,43.3533,41.4748,27195300
2022-09-26,42.9167,44.0467,42.7567,43.7700,41.8734,23011200
2022-09-27,44.0767,44.4767,43.4333,43.6500,41.7586,17171700
2022-09-28,43.8033,44.5500,43.2400,44.3700,42.4474,16838400
2022-09-29,44.5000,44.7067,43.8767,44.0833,42.1731,15241500
2022-09-30,44.0800,44.1200,43.2333,43.2333,41.3600,19602300
2022-10-03,43.4133,44.2633,43.3367,44.1767,42.2624,17574900
2022-10-04,44.6200,45.0667,44.4567,44.7500,42.8109,16134300
2022-10-05,44.5867,44.8733,44.1700,44.3067,42.3868,14553900
2022-10-06,44.3600,44.8267,43.8600,43.8933,41.9914,14200500
2022-10-07,43.7700,43.8833,42.6900,42.8533,40.9964,17080500
2022-10-10,43.1767,43.3100,42.7600,43.1067,41.2388,11411700
2022-10-11,43.1700,44.6000,43.1533,44.2233,42.3071,21276000
2022-10-12,44.3367,44.9233,43.6567,43.7233,41.8287,16947600
2022-10-13,43.0933,44.3133,42.7900,44.0933,42.1827,20545500
2022-10-14,44.1467,44.4067,43.3500,43.4767,41.5927,16641000
2022-10-17,43.6533,44.2767,43.5300,43.7900,41.8925,17812500
2022-10-18,44.4767,45.0333,44.4433,44.7133,42.7758,16842300
2022-10-19,44.7767,44.9100,44.3233,44.5867,42.6547,11339400
2022-10-20,44.6600,45.1333,44.5500,44.6967,42.7599,12754800
2022-10-21,44.9367,45.8033,44.6667,45.6000,43.6241,18134700
2022-10-24,45.8167,46.8267,45.7100,46.4700,44.4564,18806700
2022-10-25,46.3633,46.8133,46.1067,46.6900,44.6668,15051300
2022-10-26,46.7867,47.3467,46.6067,47.0467,45.0081,20754300
2022-10-27,47.0033,47.3667,46.7633,46.9100,44.8773,16602900
2022-10-28,46.6833,47.6333,46.6800,47.5033,45.4449,13648200
2022-10-31,47.4467,47.6900,47.2567,47.4433,45.3875,22572000
2022-11-01,47.6567,47.8500,47.1667,47.2300,45.1834,14814300
2022-11-02,47.0533,47.8567,46.9000,46.9167,44.8837,15522000
2022-11-03,46.5033,47.2367,46.3600,46.9067,44.8741,10976400
2022-11-04,47.3433,47.4033,46.2633,46.9900,44.9539,14669400
2022-11-07,47.0867,47.6567,47.0867,47.4833,45.4258,11364000
2022-11-08,47.5267,48.0233,47.1700,47.5967,45.5342,15068400
2022-11-09,47.5867,47.7200,46.4033,46.4900,44.4755,15932100
2022-11-10,47.5033,47.5633,46.8333,47.4533,45.3971,20310600
2022-11-11,47.5567,47.7067,46.6633,47.5267,45.4673,19270800
2022-11-14,47.2133,47.7733,46.0900,46.1300,44.1311,37525800
2022-11-15,48.5367,50.0900,48.1833,49.1467,47.0171,76548600
2022-11-16,49.2933,50.0667,49.0400,49.5000,47.3551,32593200
2022-11-17,49.0033,49.5767,48.9033,49.3333,47.1956,24791400
2022-11-18,49.8900,50.0800,49.5900,50.0767,47.9068,18987000
2022-11-21,50.2033,50.7133,50.0633,50.3833,48.2001,21157200
2022-11-22,50.6667,50.8167,50.3733,50.5633,48.3723,16898400
2022-11-23,50.6933,51.1233,50.6267,50.8067,48.6051,16920600
2022-11-25,50.7067,51.0300,50.6200,51.0233,48.8124,8777400
2022-11-28,50.9067,51.5467,50.9067,51.1700,48.9527,17674800
2022-11-29,51.0100,51.2367,50.8500,50.9900,48.7805,13841700
2022-11-30,50.8700,50.9233,50.4000,50.8067,48.6051,31338000
2022-12-01,50.6833,51.2033,50.2433,51.1233,48.9081,22732200
2022-12-02,50.4933,51.0800,50.4933,51.0733,48.8602,20733000
2022-12-05,50.9167,51.0000,50.1700,50.5500,48.3596,23608200
2022-12-06,50.4000,50.6367,49.7367,49.9633,47.7983,20625600
2022-12-07,50.1667,50.4033,49.6067,49.7033,47.5496,17550300
2022-12-08,49.7200,49.7600,49.3800,49.5933,47.6232,13512600
2022-12-09,49.1567,49.2400,48.4067,48.4367,46.5125,27929400
2022-12-12,48.6333,49.3667,48.5200,49.3400,47.3800,19432200
2022-12-13,50.0000,50.0667,48.9133,49.1633,47.2103,23408100
2022-12-14,49.0300,49.5100,48.6533,48.8900,46.9478,20334600
2022-12-15,48.5267,48.8067,47.8767,48.4533,46.5285,17514000
2022-12-16,48.1600,48.2400,47.5233,47.5833,45.6931,40343100
2022-12-19,47.6700,47.8533,47.2433,47.6000,45.7091,15067500
2022-12-20,47.6400,48.2133,47.4167,48.0167,46.1092,17009400
2022-12-21,48.1067,48.6467,48.0867,48.3933,46.4709,13726500
2022-12-22,48.2567,48.3267,47.3100,47.8267,45.9267,13082400
2022-12-23,47.6833,47.9333,47.4267,47.9233,46.0196,9547500
2022-12-27,48.0133,48.1500,47.7300,47.9367,46.0324,10044600
2022-12-28,47.8233,47.8900,46.9700,47.0967,45.2257,15246300
2022-12-29,47.3800,47.6733,47.2500,47.3833,45.5010,9171900
2022-12-30,47.1867,47.3300,46.9367,47.2633,45.3858,11505900
2023-01-03,47.5167,47.9033,47.3633,47.8667,45.9652,17249700
2023-01-04,47.8067,48.0167,47.3567,47.9200,46.0164,13338300
2023-01-05,47.8200,48.0433,47.5500,47.7567,45.8595,13274400
2023-01-06,48.2000,49.1833,48.0800,48.9267,46.9830,21231900
2023-01-09,48.7733,49.2867,48.2667,48.3167,46.3973,17756700
2023-01-10,48.3133,48.4833,47.9100,48.2867,46.3685,11970600
2023-01-11,48.5800,48.7267,48.2433,48.7100,46.7750,14834700
2023-01-12,48.8033,48.8067,48.1300,48.2700,46.3525,12472800
2023-01-13,48.5100,48.6067,47.9533,48.4300,46.5061,13699800
2023-01-17,48.4300,48.5700,48.0667,48.1367,46.2244,15122400
2023-01-18,48.0667,48.0833,46.8267,46.9467,45.0817,22674300
2023-01-19,47.1300,47.1767,46.2633,46.2767,44.4383,17342100
2023-01-20,46.4667,46.9267,46.0567,46.8467,44.9857,29543100
2023-01-23,46.8200,47.6700,46.7333,47.5467,45.6579,13149900
2023-01-24,48.8500,48.8500,47.0000,47.6733,45.7795,13669200
2023-01-25,47.4133,47.6133,46.7967,47.4467,45.5618,12491700
2023-01-26,47.6767,47.9167,47.2533,47.4033,45.5202,15819000
2023-01-27,47.5333,48.1567,47.2500,47.7667,45.8691,18412800
2023-01-30,47.3733,47.4833,47.0900,47.3833,45.5010,15897600
2023-01-31,47.4400,47.9600,47.2200,47.9567,46.0516,14103600
2023-02-01,47.8867,48.5367,47.5667,48.2233,46.3076,12849300
2023-02-02,48.1367,48.2867,47.6467,47.8733,45.9716,17806800
2023-02-03,47.7867,47.9867,46.9533,47.2367,45.3602,17155500
2023-02-06,47.2733,47.3667,46.6767,46.8933,45.0305,17454000
2023-02-07,46.5900,47.1000,46.2300,46.9933,45.1265,16341300
2023-02-08,46.7767,47.0333,46.6633,46.7400,44.8832,11691300
2023-02-09,46.9567,47.3133,46.8567,47.1733,45.2994,13064400
2023-02-10,47.6967,47.9800,47.3900,47.9067,46.0036,15002700
2023-02-13,48.2367,48.7067,48.1700,48.6367,46.7046,16015800
2023-02-14,48.5767,49.0433,48.1867,48.4967,46.5701,13831200
2023-02-15,48.3200,48.8667,48.1867,48.8567,46.9158,14674200
2023-02-16,48.4933,48.6633,48.0600,48.0900,46.1796,16312200
2023-02-17,48.3700,48.8967,48.1900,48.8133,46.8742,24770700
2023-02-21,47.6267,49.4467,47.3833,49.1100,47.1591,54393900
2023-02-22,48.9233,49.1900,47.5867,48.0800,46.1700,29844000
2023-02-23,48.1233,48.1233,46.9033,47.3633,45.4818,22021200
2023-02-24,46.9467,47.5800,46.5100,47.4900,45.6035,20623500
2023-02-27,47.5700,47.6967,46.8867,47.1467,45.2738,16647300
2023-02-28,47.0000,47.5500,46.9833,47.3767,45.4946,18054000
2023-03-01,47.0200,47.0933,46.4567,46.7167,44.8608,14180100
2023-03-02,46.6133,46.9133,46.5000,46.8333,44.9729,14785500
2023-03-03,47.0133,47.0633,46.5900,46.8900,45.0273,16888800
2023-03-06,46.8333,46.9933,46.6733,46.8833,45.0209,16720800
2023-03-07,47.0600,47.2267,46.2633,46.4167,44.5728,17387400
2023-03-08,46.1867,46.3067,45.7600,46.0333,44.2047,19090800
2023-03-09,46.2767,46.3267,45.6400,45.7233,43.9070,15415800
2023-03-10,45.6733,46.0933,45.3633,45.6567,43.8429,20065200
2023-03-13,45.5600,46.1667,45.5267,45.7900,43.9710,28142100
2023-03-14,45.8967,46.0900,45.6667,46.0333,44.2047,25542600
2023-03-15,45.6300,46.6033,45.5700,46.5467,44.6976,33133500
2023-03-16,46.4767,46.5500,45.9600,46.0933,44.4437,28905600
2023-03-17,46.0633,46.4967,45.8633,46.4667,44.8037,43081200
2023-03-20,46.7000,47.3067,46.6033,46.9667,45.2858,33928500
2023-03-21,47.1300,47.1300,46.5100,46.8067,45.1315,19013400
2023-03-22,46.8800,47.0733,46.4867,46.5067,44.8422,18548400
2023-03-23,46.7333,47.2033,46.4967,46.8833,45.2054,22044300
2023-03-24,47.0033,47.4900,46.8667,47.2667,45.5750,22752300
2023-03-27,47.5967,48.3267,47.5933,48.0567,46.3368,26775600
2023-03-28,47.8833,48.1367,47.6833,47.8700,46.1568,21282900
2023-03-29,48.1233,48.3200,47.8167,48.0767,46.3560,24216900
2023-03-30,48.5000,48.8667,48.3400,48.5567,46.8188,21879000
2023-03-31,48.8600,49.4800,48.8233,49.1500,47.3910,20868000
2023-04-03,49.2433,49.6500,49.1667,49.5633,47.7895,19766700
2023-04-04,49.5100,49.5967,49.0067,49.0767,47.3202,18113700
2023-04-05,49.0567,49.9600,49.0467,49.8900,48.1045,26540700
2023-04-06,49.6000,50.3467,49.5067,50.2667,48.4677,17891700
2023-04-10,50.1200,50.3733,49.9233,50.1700,48.3744,14519100
2023-04-11,50.3333,50.3333,49.8733,50.0233,48.2330,18370500
2023-04-12,49.9300,50.3233,49.7233,49.7800,47.9984,11209800
2023-04-13,49.8833,50.0000,49.4000,49.8300,48.0466,13272600
2023-04-14,49.6767,49.9633,49.3833,49.4933,47.7220,10464900
2023-04-17,49.5467,49.8900,49.5000,49.8400,48.0563,16166700
2023-04-18,49.9267,50.1133,49.8133,49.9500,48.1623,13482300
2023-04-19,50.2800,50.4700,49.9233,50.0033,48.2137,12433500
2023-04-20,50.0700,50.4633,49.8667,50.3233,48.5223,13641600
2023-04-21,50.6533,50.7667,50.3933,50.5767,48.7666,25335000
2023-04-24,50.5700,50.9833,50.5700,50.9200,49.0976,13579500
2023-04-25,51.0967,51.2500,50.4433,50.5233,48.7151,17246700
2023-04-26,50.3267,50.4700,50.0733,50.3033,48.5030,12910200
2023-04-27,50.2600,50.6467,50.2600,50.4600,48.6541,12861000
2023-04-28,50.4300,50.7233,50.0600,50.3233,48.5223,14088600
2023-05-01,50.3467,50.8467,50.3100,50.5300,48.7216,11409600
2023-05-02,50.4900,50.4967,49.8200,50.3933,48.5898,11329500
2023-05-03,50.5200,50.7000,50.0900,50.2067,48.4098,12334500
2023-05-04,50.1833,50.3300,49.8300,50.1567,48.5453,14011200
2023-05-05,50.1000,50.6700,49.9433,50.5900,48.9647,14556000
2023-05-08,50.4233,50.9833,50.3533,50.9067,49.2712,14926200
2023-05-09,50.9067,51.0600,50.7800,50.9933,49.3551,15209700
2023-05-10,51.2300,51.4500,50.4100,50.8500,49.2164,15827700
2023-05-11,50.8500,51.0900,50.6667,51.0400,49.4003,11926800
2023-05-12,51.2000,51.3567,50.9033,51.0233,49.3841,16119300
2023-05-15,51.1667,51.2833,50.4600,50.6267,49.0002,16113900
2023-05-16,50.2833,50.5100,49.8567,49.9267,48.3227,15512100
2023-05-17,50.3800,50.3833,49.5700,49.8433,48.2420,26985900
2023-05-18,50.6000,51.4300,49.9833,50.4900,48.8679,46768500
2023-05-19,50.4667,50.4867,49.7033,49.9700,48.3646,27594000
2023-05-22,49.9000,50.0267,49.4300,49.5300,47.9388,16117800
2023-05-23,49.3367,49.6200,49.0267,49.4367,47.8484,16302300
2023-05-24,49.5033,49.5133,48.7667,49.2100,47.6291,20515200
2023-05-25,48.9600,49.1467,48.3633,48.7200,47.1548,21299100
2023-05-26,48.5667,48.9400,48.4900,48.8067,47.2387,15720900
2023-05-30,48.7667,49.0967,48.5333,48.6867,47.1225,15742500
2023-05-31,48.4733,49.1033,48.3367,48.9567,47.3839,30130800
2023-06-01,48.7367,49.3000,48.6467,49.1367,47.5581,20239200
2023-06-02,49.0733,49.6700,49.0333,49.6067,48.0130,19178100
2023-06-05,49.7900,50.4167,49.7900,49.9333,48.3291,15553200
2023-06-06,49.9000,50.0633,49.5033,49.9267,48.3227,15015600
2023-06-07,49.7500,50.1200,49.6800,50.0000,48.3937,24256500
2023-06-08,50.1300,50.8100,49.9300,50.7233,49.0938,18873000
2023-06-09,50.7200,51.2400,50.5333,51.0300,49.3906,15603900
2023-06-12,51.1433,51.4333,51.0567,51.3667,49.7164,14713500
2023-06-13,51.5067,51.8367,51.3567,51.7667,50.1036,15738900
2023-06-14,51.9700,52.4433,51.8700,52.2900,50.6101,21103200
2023-06-15,52.3333,52.7433,52.3267,52.5767,50.8876,18160500
2023-06-16,52.6933,52.7167,51.7600,51.8433,50.1778,34675800
2023-06-20,51.5667,51.8167,51.2933,51.3867,49.7358,19994400
2023-06-21,51.4033,51.7800,51.1200,51.4867,49.8326,19251000
2023-06-22,51.6600,52.0267,51.4933,51.9167,50.2488,13307400
2023-06-23,51.9600,52.0967,51.6733,51.8200,50.1552,18975000
2023-06-26,51.8833,51.9267,51.4400,51.6833,50.0229,14106300
2023-06-27,51.3833,51.9500,51.3533,51.4967,49.8422,12093600
2023-06-28,51.5767,51.8933,51.5467,51.7767,50.1133,18889800
2023-06-29,51.5033,51.5833,51.0467,51.4267,49.7745,21530400
2023-06-30,51.6567,52.5100,51.5933,52.3933,50.7101,19073100
2023-07-03,52.2700,52.8133,52.1100,52.7333,51.0392,8647500
2023-07-05,52.7200,53.0400,52.4467,52.7033,51.0102,17585400
2023-07-06,52.6433,52.7267,52.2900,52.3700,50.6875,14427000
2023-07-07,51.9367,52.0967,51.1500,51.1633,49.5196,19774800
2023-07-10,51.5200,51.8333,51.4400,51.6267,49.9681,12967800
2023-07-11,51.5900,51.8367,51.2867,51.5500,49.8939,11460900
2023-07-12,51.7700,51.9633,51.6067,51.6800,50.0197,16509900
2023-07-13,51.8100,51.8667,51.2300,51.3767,49.7261,11859600
2023-07-14,51.3733,51.5567,51.1933,51.5533,49.8971,10427400
2023-07-17,51.4667,51.6600,51.2733,51.6167,49.9584,10135200
2023-07-18,51.5567,51.8867,51.2867,51.5233,49.8681,13437300
2023-07-19,51.6000,51.7333,51.2500,51.5400,49.8842,12372900
2023-07-20,51.6433,52.5167,51.6333,52.4933,50.8069,14987700
2023-07-21,52.6333,52.9267,52.4800,52.7900,51.0940,16960500
2023-07-24,52.8167,53.1600,52.5200,53.1000,51.3941,12529800
2023-07-25,53.4867,53.5033,52.7600,53.0567,51.3521,15553800
2023-07-26,53.0800,53.5633,52.9800,53.2467,51.5360,15094200
2023-07-27,53.3600,53.5467,53.0433,53.0533,51.3489,13400400
2023-07-28,53.0967,53.6467,53.0967,53.3033,51.5909,11020200
2023-07-31,53.3200,53.5467,52.9700,53.2867,51.5747,13033200
2023-08-01,53.3167,53.4833,52.9867,53.0367,51.3328,11782500
2023-08-02,52.8433,53.4767,52.8433,53.0733,51.3683,12660000
2023-08-03,53.0067,53.1667,52.8367,53.0867,51.3812,13202700
2023-08-04,53.2533,53.4167,52.6533,52.7800,51.0844,14262000
2023-08-07,53.1667,53.7367,53.0367,53.4967,51.7780,14268900
2023-08-08,53.6633,53.8733,53.1700,53.5500,51.8296,11017500
2023-08-09,53.6367,54.0333,53.5700,53.6367,51.9135,13209600
2023-08-10,53.5967,53.9167,53.3433,53.4200,51.8876,15169500
2023-08-11,53.5167,53.9433,53.3667,53.7333,52.1919,14195100
2023-08-14,54.0000,54.2600,53.0600,53.3333,51.8034,20813700
2023-08-15,53.1800,53.5967,52.9733,53.0600,51.5379,14559300
2023-08-16,53.2933,53.6567,52.7900,53.0867,51.5638,26980800
2023-08-17,53.6333,53.7133,51.6733,51.8967,50.4080,53614200
2023-08-18,51.7700,53.2233,51.7700,52.6433,51.1332,27954900
2023-08-21,52.5433,52.9467,52.3467,52.5033,50.9972,15679200
2023-08-22,52.3233,52.4367,52.0800,52.3367,50.8353,16670700
2023-08-23,52.2033,52.8000,52.1700,52.7000,51.1883,14210400
2023-08-24,52.7100,53.0767,52.2733,52.2967,50.7965,14033100
2023-08-25,52.3933,52.6800,52.1800,52.6067,51.0976,12267000
2023-08-28,52.6200,52.9433,52.6200,52.9067,51.3890,11871000
2023-08-29,53.0000,53.4100,52.9533,53.3500,51.8196,12702300
2023-08-30,53.4667,53.7633,53.3067,53.7333,52.1919,10967700
2023-08-31,53.7067,54.3300,53.6533,54.2033,52.6485,19582800
2023-09-01,54.2900,54.3200,53.3833,53.8567,52.3117,12553500
2023-09-05,53.9500,54.2667,53.3933,53.4233,51.8908,15209400
2023-09-06,53.4667,54.0567,53.3033,53.8233,52.2794,14594700
2023-09-07,54.0000,54.4933,53.8300,54.4900,52.9269,19120800
2023-09-08,54.4933,54.6200,54.3567,54.5900,53.0240,12667200
2023-09-11,54.6667,54.8267,54.5533,54.7800,53.2086,11912100
2023-09-12,54.8333,54.9767,54.6800,54.8400,53.2669,11757300
2023-09-13,54.9767,55.2833,54.7900,54.8533,53.2798,14364300
2023-09-14,55.0000,55.2467,54.8033,55.0833,53.5032,14923800
2023-09-15,55.0700,55.2200,54.5900,54.8800,53.3057,63925200
2023-09-18,54.8933,55.0667,54.4167,54.4733,52.9107,12997800
2023-09-19,54.4600,54.5933,54.1167,54.4600,52.8978,14019600
2023-09-20,54.5333,54.9033,54.3200,54.6367,53.0694,10120800
2023-09-21,54.7533,54.8333,53.9300,53.9733,52.4251,18782400
2023-09-22,54.0767,54.4100,53.9733,54.1167,52.5643,13215000
2023-09-25,54.1233,54.3700,53.9567,54.3567,52.7974,10459500
2023-09-26,54.3133,54.5133,54.1167,54.1667,52.6128,14435700
2023-09-27,54.0000,54.0767,53.4300,53.9067,52.3603,15711000
2023-09-28,54.0000,54.2767,53.8633,54.1800,52.6258,11617200
2023-09-29,54.3433,54.3767,53.0633,53.3100,51.7808,18842400
2023-10-02,53.1633,53.4233,52.7700,53.3667,51.8358,12992700
2023-10-03,53.2300,53.5833,52.8933,53.0300,51.5088,11253300
2023-10-04,53.2167,53.6833,53.0033,53.6667,52.1272,15755700
2023-10-05,53.4833,53.6533,53.0000,53.0267,51.5055,14269500
2023-10-06,52.8833,52.9967,50.5500,52.1367,50.6411,42616200
2023-10-09,51.6933,51.9500,51.0867,51.9467,50.4565,21022500
2023-10-10,52.0767,52.6933,51.8867,52.5333,51.0264,16014300
2023-10-11,52.7533,53.1633,52.3467,52.7433,51.2303,12026100
2023-10-12,52.8433,53.1033,52.5900,52.9833,51.4635,13514100
2023-10-13,53.0867,53.4867,52.9667,53.2767,51.7484,13809000
2023-10-16,53.5133,54.0267,53.4400,53.7367,52.1952,14348100
2023-10-17,53.5800,53.9033,53.4633,53.8067,52.2632,10893000
2023-10-18,53.9600,54.1200,53.5733,53.8467,52.3020,10559100
2023-10-19,53.8100,53.9400,53.4067,53.5900,52.0527,11745900
2023-10-20,53.6100,53.7000,52.9033,52.9200,51.4019,15056700
2023-10-23,52.9100,53.7833,52.6733,53.6700,52.1304,17097000
2023-10-24,53.8000,54.4933,53.7967,54.4167,52.8557,17535000
2023-10-25,54.3867,54.7767,54.1567,54.2533,52.6970,16621800
2023-10-26,54.2367,54.6167,53.8700,53.9233,52.3765,16220100
2023-10-27,53.8267,53.9900,53.5167,53.7233,52.1822,13829700
2023-10-30,53.8200,54.4200,53.5967,54.3400,52.7812,12653700
2023-10-31,54.3333,54.5400,53.9833,54.4700,52.9075,14168400
2023-11-01,54.7367,55.1267,54.3267,54.9567,53.3802,14899500
2023-11-02,54.7933,55.3967,54.5433,55.1733,53.5906,15492300
2023-11-03,55.2933,55.4333,54.8333,54.8867,53.3122,17240100
2023-11-06,54.8333,55.2100,54.6900,54.9600,53.3834,14529000
2023-11-07,55.2567,55.5367,55.1100,55.2167,53.6327,15023400
2023-11-08,55.2800,55.4267,54.5267,54.7667,53.1956,15591900
2023-11-09,54.7900,54.8400,54.4167,54.6400,53.0726,15080100
2023-11-10,54.8500,55.4800,54.6333,55.3967,53.8076,14319900
2023-11-13,55.4600,55.9567,55.3500,55.8933,54.2900,15408900
2023-11-14,56.0567,56.3833,55.7500,55.8833,54.2803,19792500
2023-11-15,56.1267,56.6467,55.8367,56.5933,54.9699,35769900
2023-11-16,52.9167,53.1500,51.8333,52.0133,50.5213,97658700
2023-11-17,51.9833,52.5133,51.6700,51.7833,50.2979,42487800
2023-11-20,51.8467,52.0033,51.6700,51.7667,50.2817,26663100
2023-11-21,51.8200,52.2833,51.3767,51.9533,50.4630,29382300
2023-11-22,51.9067,52.0167,51.4600,51.5567,50.0777,26416500
2023-11-24,51.7167,52.0433,51.5667,52.0200,50.5278,13975200
2023-11-27,51.9833,52.4533,51.9833,52.2567,50.7576,23393700
2023-11-28,52.2200,52.9733,52.2200,52.8800,51.3631,23535000
2023-11-29,52.9233,52.9233,51.8700,52.0267,50.5342,29896500
2023-11-30,52.0067,52.1167,51.5033,51.8967,50.4080,29925900
2023-12-01,51.7933,51.8700,50.8767,51.4467,49.9709,39273600
2023-12-04,51.1067,51.6433,51.1033,51.4333,49.9579,24883200
2023-12-05,51.4833,51.9500,51.2467,51.9100,50.4209,21883800
2023-12-06,51.8500,51.9433,51.2167,51.3467,49.8737,26447400
2023-12-07,51.4500,51.5133,50.7433,50.8200,49.5455,25362600
2023-12-08,50.6667,50.7367,50.0800,50.2867,49.0256,34069500
2023-12-11,50.3800,50.4833,49.8467,50.4133,49.1490,31883400
2023-12-12,50.4067,50.5667,50.0767,50.4533,49.1880,21381900
2023-12-13,50.5167,51.3500,50.2133,51.3500,50.0622,35348700
2023-12-14,51.1733,51.3133,50.6433,50.7233,49.4513,30891300
2023-12-15,50.5933,51.1533,50.5133,50.9133,49.6365,70003500
2023-12-18,51.1167,51.6900,51.0433,51.6567,50.3612,26316000
2023-12-19,51.6133,51.8967,51.3633,51.8433,50.5432,24417000
2023-12-20,51.8067,52.0467,51.2067,51.2367,49.9517,21967800
2023-12-21,51.3333,51.6867,51.3033,51.6000,50.3060,20087700
2023-12-22,51.8167,52.3833,51.7200,52.2167,50.9072,19405500
2023-12-26,52.2167,52.3300,52.0367,52.1367,50.8292,11679900
2023-12-27,52.1033,52.6500,52.0533,52.6267,51.3069,19896000
2023-12-28,52.5900,52.7767,52.5000,52.5233,51.2061,16776000
2023-12-29,52.5100,52.6933,52.3867,52.5500,51.2321,21948300
2024-01-02,52.4167,53.1800,52.3967,53.0967,51.7651,23539800
2024-01-03,53.2567,53.4333,52.9767,53.1000,51.7683,18756000
2024-01-04,53.0700,53.1800,52.4967,52.5867,51.2679,19282500
2024-01-05,52.6400,52.7000,51.8667,52.2367,50.9267,21709500
2024-01-08,52.2333,52.7633,52.2267,52.7500,51.4271,20680800
2024-01-09,52.6433,53.1133,52.5767,53.1033,51.7716,23322300
2024-01-10,53.1867,53.8333,53.1867,53.7633,52.4150,20121900
2024-01-11,53.7833,53.9633,53.3900,53.7033,52.3565,14355300
2024-01-12,53.7900,53.8467,53.4600,53.7733,52.4248,13629000
2024-01-16,53.8133,54.1333,53.7433,53.9433,52.5905,17032500
2024-01-17,53.7933,53.9967,53.5433,53.6900,52.3435,14827800
2024-01-18,53.7200,54.4633,53.5600,54.4133,53.0487,18190500
2024-01-19,54.4767,54.5233,53.8133,54.1267,52.7693,19175400
2024-01-22,54.2633,54.3167,53.8333,54.1300,52.7725,13938300
2024-01-23,54.0400,54.2833,53.9233,54.2667,52.9058,12066600
2024-01-24,54.3000,54.3567,53.4400,53.5000,52.1583,22932900
2024-01-25,53.8000,54.2900,53.4733,54.2800,52.9187,16369500
2024-01-26,54.3500,54.7933,54.2200,54.7567,53.3835,15746400
2024-01-29,54.7833,55.1367,54.5067,55.0133,53.6337,18240300
2024-01-30,54.9000,55.2700,54.5400,55.1967,53.8124,15270000
2024-01-31,55.9333,55.9333,55.0367,55.0833,53.7019,26134800
2024-02-01,55.2333,56.1167,55.0600,56.1033,54.6964,20792700
2024-02-02,56.0500,56.8600,55.9733,56.5233,55.1058,21670800
2024-02-05,56.6700,56.6700,56.0233,56.2200,54.8101,19145100
2024-02-06,56.2633,56.6500,56.1133,56.6033,55.1838,14181300
2024-02-07,56.7567,56.8867,56.4000,56.4600,55.0441,17082600
2024-02-08,56.4600,56.8500,56.3800,56.4567,55.0408,14427900
2024-02-09,56.4633,56.5767,56.3067,56.4267,55.0116,14329800
2024-02-12,56.4100,56.7867,56.3500,56.7667,55.3431,14795100
2024-02-13,56.8733,57.0233,56.0900,56.3800,54.9661,18574200
2024-02-14,56.2500,56.2933,55.8467,56.2000,54.7906,18484500
2024-02-15,56.6000,56.6167,55.9900,56.4300,55.0148,16948800
2024-02-16,56.7633,57.3100,56.4300,56.7867,55.3625,22373400
2024-02-20,59.4933,60.4500,58.4100,58.6200,57.1499,71788500
2024-02-21,58.3333,58.5267,57.6000,57.9000,56.4480,40501500
2024-02-22,57.9600,58.4900,57.7700,58.4700,57.0037,29512800
2024-02-23,58.6967,59.2167,58.4367,58.5200,57.0524,74365800
2024-02-26,59.1200,59.8400,58.1800,59.6000,58.1053,32154800
2024-02-27,59.6400,59.8000,59.2200,59.5900,58.0956,18012700
2024-02-28,59.5500,59.7600,59.3100,59.6200,58.1248,14803300
2024-02-29,59.4500,59.4900,58.5900,58.6100,57.1402,29245100
2024-03-01,58.8000,58.8500,58.2000,58.7600,57.2864,19030900
2024-03-04,58.5000,59.3900,58.4000,59.3000,57.8129,16033300
2024-03-05,59.8700,60.3400,59.5800,60.0400,58.5343,19676900
2024-03-06,60.1200,60.6200,60.0400,60.5700,59.0510,12698700
2024-03-07,61.0000,61.0700,60.3500,60.3600,58.8463,16195300
2024-03-08,60.0000,60.2800,59.7300,60.1200,58.6123,12143600
2024-03-11,60.1000,60.7100,59.8700,60.6600,59.1388,14154000
2024-03-12,60.9500,61.5700,60.6500,61.4100,59.8699,16613100
2024-03-13,61.2600,61.4600,60.8800,61.2800,59.7432,15935200
2024-03-14,61.2800,61.4400,60.6000,61.0200,59.6923,16584700
2024-03-15,60.6800,61.1500,60.4600,60.6800,59.3597,50946300
2024-03-18,60.6900,60.9000,60.3900,60.8600,59.5358,16801700
2024-03-19,60.9700,61.0700,60.6000,60.8700,59.5456,12353600
2024-03-20,60.8400,61.2800,60.7400,61.2500,59.9173,12007600
2024-03-21,61.2800,61.6600,61.0500,61.4500,60.1130,14265900
2024-03-22,61.3200,61.5300,60.8500,60.8700,59.5456,14029400
2024-03-25,60.8700,60.9900,60.3600,60.5700,59.2521,14186600
2024-03-26,60.4600,60.8300,60.2300,60.5100,59.1934,13738300
2024-03-27,60.8700,61.0500,60.3800,60.7200,59.3989,14363400
2024-03-28,60.6600,60.7700,60.1600,60.1700,58.8608,17535100
2024-04-01,60.3100,60.7600,59.9300,60.0000,58.6945,13837600
2024-04-02,59.9000,60.1000,58.8800,59.1600,57.8728,19510100
2024-04-03,59.3800,59.5000,58.9400,59.4300,58.1369,14615100
2024-04-04,59.5400,59.8100,59.2900,59.5000,58.2054,14436100
2024-04-05,59.5500,60.0400,59.4900,59.8500,58.5478,10335900
2024-04-08,59.6000,60.0400,59.4200,59.7800,58.4793,11070100
2024-04-09,59.8700,59.9700,59.3000,59.7900,58.4891,10013500
2024-04-10,59.6200,60.7600,59.3900,60.6200,59.3010,15097600
2024-04-11,60.7500,60.8900,60.0700,60.0900,58.7826,10987600
2024-04-12,60.0000,60.7200,59.9500,60.1400,58.8315,12280600
2024-04-15,60.5100,60.7000,59.9100,59.9300,58.6260,10557200
2024-04-16,60.0300,60.2900,59.7800,59.8400,58.5380,14726300
2024-04-17,60.1500,60.4300,59.5700,59.6500,58.3521,15329700
2024-04-18,59.8300,59.9400,59.2200,59.2600,57.9706,12061500
2024-04-19,59.4500,59.6700,58.9700,59.5300,58.2347,14165800
2024-04-22,59.5600,60.4000,59.0400,60.1400,58.8315,14910000
2024-04-23,60.2500,60.3500,58.5600,59.0900,57.8043,17963900
2024-04-24,58.9800,60.0400,58.8100,59.8700,58.5673,18529100
2024-04-25,60.0500,60.5300,59.8300,60.2100,58.9000,19263000
2024-04-26,60.1100,60.3900,60.0000,60.1600,58.8510,11045200
2024-04-29,60.1800,60.3900,59.9400,60.2400,58.9293,9785100
2024-04-30,60.2000,60.3000,59.1600,59.3500,58.0587,14209200
2024-05-01,59.3100,59.4100,58.7200,58.8500,57.5695,15464300
2024-05-02,58.9400,59.8900,58.5800,59.7100,58.4108,17574100
2024-05-03,59.6200,59.9800,59.1400,59.8200,58.5184,14207400
2024-05-06,60.0000,60.0000,59.3900,59.8700,58.5673,11119400
2024-05-07,60.1700,60.8000,60.0500,60.6200,59.3010,14520200
2024-05-08,60.6300,60.8500,60.2200,60.3000,58.9880,11015700
2024-05-09,60.2000,60.5800,59.9500,60.4400,59.3296,14550500
2024-05-10,60.4100,60.5800,60.1600,60.4800,59.3689,12356600
2024-05-13,60.6200,61.3500,60.2900,60.4100,59.3002,19260500
2024-05-14,60.5200,60.5500,59.4400,59.8600,58.7603,18780100
2024-05-15,59.8300,59.9400,59.4700,59.8300,58.7308,22240600
2024-05-16,64.2200,64.4200,62.9400,64.0100,62.8340,60545600
2024-05-17,64.2400,64.8800,63.6300,64.6500,63.4623,29330400
2024-05-20,64.4200,64.7600,63.8700,64.1800,63.0009,15001400
2024-05-21,64.5300,65.1900,64.4500,65.1500,63.9531,17131700
2024-05-22,64.9800,65.6900,64.7300,65.2500,64.0512,14879400
2024-05-23,65.1700,65.5200,64.5600,64.8400,63.6488,16222900
2024-05-24,65.1300,65.6900,65.0100,65.3800,64.1789,11795000
2024-05-28,65.2200,65.4700,64.7400,65.0400,63.8451,13349600
2024-05-29,64.7500,65.2100,64.6500,64.9200,63.7273,11538600
2024-05-30,64.9300,65.1700,64.7700,64.8900,63.6978,13051900
2024-05-31,64.6700,65.9000,64.1600,65.7600,64.5519,27632200
2024-06-03,65.5100,65.8400,65.1600,65.8200,64.6108,11578700
2024-06-04,65.9900,66.6400,65.8300,66.6000,65.3764,14780800
2024-06-05,66.5700,67.1500,66.2800,67.0900,65.8574,14982700
2024-06-06,67.0600,67.4400,66.7700,67.1500,65.9163,13256000
2024-06-07,67.4000,67.5700,65.6400,65.8800,64.6697,20213200
2024-06-10,67.1900,67.3300,66.2700,66.9600,65.7298,21659500
2024-06-11,66.9500,66.9600,66.3500,66.7300,65.5040,13367500
2024-06-12,66.8500,66.9400,65.9000,66.3100,65.0918,11704700
2024-06-13,66.3000,66.7600,65.9500,66.7000,65.4746,11196600
2024-06-14,66.5400,67.1100,66.3000,67.0200,65.7887,12590100
2024-06-17,66.9200,67.4400,66.4100,67.4200,66.1814,12103000
2024-06-18,67.6300,67.8700,67.3000,67.6000,66.3581,12093500
2024-06-20,67.3500,68.1300,67.3000,68.0100,66.7605,13860800
2024-06-21,68.2600,68.5500,67.8300,67.9100,66.6624,25883000
2024-06-24,68.0500,69.0400,67.9000,68.9000,67.6342,12470400
2024-06-25,67.1700,67.5900,66.5500,67.4200,66.1814,20869200
2024-06-26,67.4000,68.6000,67.2100,68.2900,67.0354,14177500
2024-06-27,68.2900,68.5800,67.6700,67.8800,66.6329,12899200
2024-06-28,67.8700,68.1000,67.3200,67.7100,66.4660,18816700
2024-07-01,67.8900,68.2400,67.2500,67.4800,66.2403,8666000
2024-07-02,67.4400,68.0800,67.2600,68.0700,66.8194,9436500
2024-07-03,67.8100,68.2500,67.6200,68.2400,66.9863,6287500
2024-07-05,68.1600,70.1500,68.1000,70.0400,68.7532,21586100
2024-07-08,69.9000,70.1400,69.3500,69.6800,68.3998,12077700
2024-07-09,69.9000,70.2500,69.6700,69.9000,68.6158,9758400
2024-07-10,70.1000,70.4400,69.7200,70.4100,69.1164,10803400
2024-07-11,70.1800,70.4500,69.2600,69.8000,68.5176,15624800
2024-07-12,69.9000,70.0300,69.1700,69.2400,67.9679,12145300
2024-07-15,69.3000,69.9700,69.3000,69.6100,68.3311,10171100
2024-07-16,69.8200,70.2400,69.5800,69.9900,68.7041,9836800
2024-07-17,70.1800,71.1000,69.9500,71.0300,69.7250,13533800
2024-07-18,70.6800,71.1900,70.4300,70.8200,69.5189,10682700
2024-07-19,71.2000,71.3300,70.6500,70.7500,69.4502,11665500
2024-07-22,70.8600,71.2600,70.2300,70.3800,69.0870,12666100
2024-07-23,70.4700,70.7000,70.1100,70.6500,69.3520,9263600
2024-07-24,70.5200,70.8400,70.3400,70.6000,69.3029,22490800
2024-07-25,70.6000,70.7700,69.9500,70.0200,68.7336,18821200
2024-07-26,70.2300,70.2400,68.8300,69.7800,68.4980,16789300
2024-07-29,69.8500,69.9000,69.1300,69.6200,68.3409,10315300
2024-07-30,69.5500,69.8500,68.9800,69.1900,67.9189,12522500
2024-07-31,69.1800,69.2500,68.2900,68.6400,67.3790,22908800
2024-08-01,68.9100,69.8000,68.5200,69.7900,68.5078,17275500
2024-08-02,69.6000,70.2400,67.7400,68.4600,67.2023,23578700
2024-08-05,68.1000,68.5800,66.9100,67.5900,66.3482,20770500
2024-08-06,67.8400,68.6300,67.6800,67.7400,66.4955,14815100
2024-08-07,67.8700,68.0100,66.8100,66.9100,65.6807,18499200
2024-08-08,66.8400,67.9200,66.6700,67.6600,66.4170,12489800
2024-08-09,67.8500,68.2200,67.3300,67.9500,66.7016,13805600
2024-08-12,68.3400,69.2200,68.0700,68.7000,67.4379,17385300
2024-08-13,68.4300,68.6100,67.1400,68.1300,66.8783,26557900
2024-08-14,67.9200,68.7900,67.8500,68.6600,67.3986,22928600
2024-08-15,74.1200,74.4400,72.7800,73.1800,71.8356,49567500
2024-08-16,72.7000,73.6100,72.5200,73.4500,72.3061,19872100
2024-08-19,73.3900,73.9800,73.3400,73.7200,72.5719,13709300
2024-08-20,73.7500,74.7500,73.7200,74.5400,73.3791,14434000
2024-08-21,75.3000,75.5800,74.5900,75.2400,74.0682,14832000
2024-08-22,75.3700,76.2200,75.1500,75.5800,74.4029,16511100
2024-08-23,75.6000,75.8100,75.0100,75.7000,74.5211,12299100
2024-08-26,75.9000,76.2100,75.5700,76.0300,74.8459,9508200
2024-08-27,76.4500,76.4500,75.7700,76.1300,74.9444,11557800
2024-08-28,76.2800,76.4300,75.8100,76.0800,74.8951,9814300
2024-08-29,75.9900,76.4700,75.6700,76.4200,75.2299,11856800
2024-08-30,76.4400,77.4700,76.2200,77.2300,76.0272,23230000
2024-09-03,77.3300,77.8100,76.8000,77.1700,75.9682,22666100
2024-09-04,77.3300,77.4800,76.7300,77.2400,76.0371,18442800
2024-09-05,77.2500,77.4500,76.3900,76.9600,75.7614,13082900
2024-09-06,76.9000,77.3200,76.3000,76.6400,75.4464,14548600
2024-09-09,76.8500,77.4700,76.4900,77.3400,76.1355,22260200
2024-09-10,77.3500,78.9000,77.2800,78.8100,77.5826,17686300
2024-09-11,78.3800,78.9200,77.5700,78.8400,77.6121,19518800
2024-09-12,78.9900,79.9100,78.6200,79.6600,78.4194,14877700
2024-09-13,79.8200,80.6900,79.6900,80.6000,79.3447,12994100
2024-09-16,80.8400,81.0200,80.1400,80.5600,79.3054,15346400
2024-09-17,79.7600,80.2600,78.2600,78.6000,77.3759,21065900
2024-09-18,78.6400,79.4100,78.2800,79.0300,77.7992,15684900
2024-09-19,79.0500,79.0900,77.4900,78.0400,76.8246,21525700
2024-09-20,78.2300,79.6100,78.1100,79.0600,77.8287,39534300
2024-09-23,79.0700,80.4400,79.0700,80.3300,79.0789,12147300
2024-09-24,80.4800,80.9100,80.2400,80.6700,79.4137,14651100
2024-09-25,80.8900,81.6000,80.6800,81.4000,80.1323,14163800
2024-09-26,81.0400,81.2000,79.2600,79.9200,78.6753,17061100
2024-09-27,79.9000,80.2900,79.6000,79.7800,78.5375,11899100
2024-09-30,79.8900,80.9400,79.8600,80.7500,79.4924,18997000
2024-10-01,80.6800,81.5300,80.4400,81.2700,80.0043,16054200
2024-10-02,80.9900,80.9900,80.1200,80.4300,79.1774,16618300
2024-10-03,80.3000,80.5800,79.8500,80.4300,79.1774,11640400
2024-10-04,80.0500,81.1100,79.8500,80.9400,79.6795,11583400
2024-10-07,80.6900,80.9400,78.9800,79.1000,77.8681,16791600
2024-10-08,79.6200,79.8200,79.0700,79.7100,78.4686,15270000
2024-10-09,79.8200,80.5000,79.7500,80.4000,79.1479,12413000
2024-10-10,80.3100,80.3200,79.4600,79.6100,78.3702,10812700
2024-10-11,79.7000,80.1300,79.3700,80.1000,78.8525,9570700
2024-10-14,80.0500,80.5100,79.7600,80.2900,79.0396,9914500
2024-10-15,80.6700,81.8200,80.5100,81.6500,80.3784,13276200
2024-10-16,81.5300,81.6600,80.6200,81.2200,79.9551,11123300
2024-10-17,81.2700,81.5000,80.6500,80.8900,79.6302,9424700
2024-10-18,80.8700,81.6900,80.6600,81.3100,80.0437,12324100
2024-10-21,81.2300,81.5500,80.7200,80.8100,79.5515,9750400
2024-10-22,81.1100,82.2300,80.8300,82.0200,80.7426,12240100
2024-10-23,81.8900,83.3400,81.8000,83.2700,81.9732,13058200
2024-10-24,82.9600,83.3200,82.5800,83.0400,81.7467,11645900
2024-10-25,83.2000,83.3000,82.4400,82.5100,81.2250,8959400
2024-10-28,82.7500,83.0800,82.4700,82.7500,81.4613,7990200
2024-10-29,82.6700,82.8600,81.6700,81.7000,80.4276,9682400
2024-10-30,81.6000,81.8300,81.3000,81.3900,80.1225,9268800
2024-10-31,81.2900,82.4400,81.2200,81.9500,80.6737,15539000
2024-11-01,82.5300,82.5300,81.5400,82.1900,80.9100,12181800
2024-11-04,82.2000,82.9100,82.0000,82.4500,81.1659,11731000
2024-11-05,82.6800,83.7700,82.5100,83.6800,82.3768,10612500
2024-11-06,85.1400,85.5400,82.0600,83.4400,82.1405,19974000
2024-11-07,83.7200,84.3900,83.4200,83.8500,82.5441,12665800
2024-11-08,84.2800,85.4200,84.2300,84.8300,83.5089,14396500
2024-11-11,84.9500,85.4100,84.1200,84.2100,82.8985,10433200
2024-11-12,84.5000,85.5300,84.5000,84.9900,83.6664,12860200
2024-11-13,84.9900,85.7900,84.7700,85.5000,84.1684,12802600
2024-11-14,85.0300,85.7600,84.3400,84.4700,83.1545,15740700
2024-11-15,84.5300,84.7800,83.9400,84.2500,82.9379,17370600
2024-11-18,84.8200,84.8500,83.6600,84.0800,82.7706,25093800
2024-11-19,86.2300,88.2900,85.9100,86.6000,85.2513,36340900
2024-11-20,86.6000,87.2000,85.9100,87.1800,85.8223,18183200
2024-11-21,87.4500,88.6400,86.9300,88.3900,87.0134,18729200
2024-11-22,89.4100,90.9100,88.9300,90.4400,89.0315,23990600
2024-11-25,90.5000,90.9500,89.0600,89.5000,88.1061,25078600
2024-11-26,89.8900,91.8800,89.8400,91.3100,89.8880,16657000
2024-11-27,92.0000,92.2500,91.3100,91.8800,90.4491,14358900
2024-11-29,92.2600,92.6400,91.8200,92.5000,91.0594,11041200
2024-12-02,92.8200,92.9900,91.9500,92.6400,91.1972,17173000
2024-12-03,92.7800,93.5900,92.2600,93.5100,92.0537,17775200
2024-12-04,93.4500,94.5200,93.0500,94.4500,92.9790,17312600
2024-12-05,94.8900,95.6000,94.3400,95.3000,93.8158,21932300
2024-12-06,95.5400,96.1800,95.3300,95.7000,94.2096,18803500
2024-12-09,95.6600,95.9400,93.6000,93.8300,92.3687,20931100
2024-12-10,94.0500,95.2400,93.7700,94.5500,93.0775,13164500
2024-12-11,94.5400,95.6900,94.5000,94.9600,93.4811,19682100
2024-12-12,95.6800,95.7200,94.0900,94.0900,92.6246,14298600
2024-12-13,93.8000,94.6800,93.0400,94.2500,92.9877,11495900
2024-12-16,94.4200,95.7100,94.1000,94.8700,93.5994,16742000
2024-12-17,95.1400,95.4900,94.3200,95.4200,94.1421,23560800
2024-12-18,95.3400,95.9000,93.1300,93.5500,92.2971,24665600
2024-12-19,94.4800,94.5700,93.3600,93.4000,92.1491,16606500
2024-12-20,93.0100,93.7500,91.6300,92.2400,91.0046,49350600
2024-12-23,91.5000,91.5000,88.9100,90.3500,89.1400,26205400
2024-12-24,90.3700,92.6800,90.3500,92.6800,91.4388,8992400
2024-12-26,92.5400,92.8800,92.1700,92.7900,91.5473,10994000
2024-12-27,92.1300,92.3500,91.0300,91.6600,90.4324,11384400
2024-12-30,90.7300,91.0700,90.1300,90.5700,89.3570,9790200
2024-12-31,90.5700,90.9400,90.0600,90.3500,89.1400,11267700
2025-01-02,89.9800,90.6000,89.5200,90.0000,88.7946,14820400
2025-01-03,90.1500,91.3000,90.1400,90.7800,89.5642,10834600
2025-01-06,90.8300,92.4700,90.6700,91.4300,90.2055,14519900
2025-01-07,91.7000,91.9400,90.4500,90.8100,89.5938,11238000
2025-01-08,91.1100,91.8500,90.8200,91.8000,90.5705,13453600
2025-01-10,92.4900,93.5800,92.2000,93.0000,91.7545,18140900
2025-01-13,92.1200,92.4300,91.1000,91.5300,90.3042,18617100
2025-01-14,91.8600,91.9800,90.5700,90.7900,89.5741,13549200
2025-01-15,91.0700,91.7300,90.8100,91.3400,90.1167,17348200
2025-01-16,91.5000,91.7200,90.1200,91.3000,90.0772,13267700
2025-01-17,92.0700,92.2600,91.0500,91.9400,90.7087,15868200
2025-01-21,92.4800,94.2400,92.3100,93.0800,91.8334,23247500
2025-01-22,93.7700,94.0000,92.5200,93.2300,91.9814,15567100
2025-01-23,92.9600,93.8100,92.3200,93.8100,92.5536,14198400
2025-01-24,93.5400,95.0100,93.4600,94.7600,93.4909,14973800
2025-01-27,95.9000,97.4600,94.8200,97.4000,96.0956,18880600
2025-01-28,97.2300,97.8400,96.7300,97.2900,95.9870,14641600
2025-01-29,97.4300,98.1700,97.2200,97.5000,96.1942,11261400
2025-01-30,97.6900,98.9300,97.4200,98.6500,97.3288,11012200
2025-01-31,99.0000,99.0000,97.7000,98.1600,96.8454,16391200
2025-02-03,96.7700,99.7900,96.4700,99.5400,98.2069,20484200
2025-02-04,99.9700,100.9500,99.6900,100.7700,99.4204,15201200
2025-02-05,100.6500,102.5800,100.5400,102.4600,101.0878,15926700
2025-02-06,102.5300,103.0200,101.9400,102.8500,101.4725,13088500
2025-02-07,103.0000,103.1100,101.1100,101.1500,99.7953,12451100
2025-02-10,101.9500,102.9300,101.2500,102.9200,101.5416,15274600
2025-02-11,102.6200,102.8500,101.8500,102.4700,101.0976,11953600
2025-02-12,102.1200,103.9000,102.0400,103.6100,102.2224,15162100
2025-02-13,104.0000,105.2400,103.5300,105.0500,103.6431,12604400
2025-02-14,105.3000,105.3000,103.6000,104.0400,102.6466,14109500
2025-02-18,103.7200,103.9900,102.5100,103.7800,102.3901,18247300
2025-02-19,103.8500,104.2000,102.5500,104.0000,102.6072,18508000
2025-02-20,98.7800,100.1200,96.6800,97.2100,95.9081,55450900
2025-02-21,96.5300,96.8500,94.1200,94.7800,93.5106,35014800
2025-02-24,94.1800,94.6400,92.1200,93.6700,92.4155,29755900
2025-02-25,94.3500,97.9100,94.2400,97.6900,96.3817,29331200
2025-02-26,97.7000,98.7300,96.0700,96.2000,94.9116,19069700
2025-02-27,95.9000,98.0400,95.8100,96.7900,95.4937,16431500
2025-02-28,97.7900,98.8600,97.1700,98.6100,97.2893,25451300
2025-03-03,97.9800,99.4900,96.8300,97.5900,96.2830,18372200
2025-03-04,95.7600,97.0500,94.4600,94.9700,93.6981,25227700
2025-03-05,94.9700,96.3900,94.7500,95.9800,94.6946,17639000
2025-03-06,94.8000,96.1900,94.1800,94.6400,93.3725,19957800
2025-03-07,93.9400,93.9500,90.7600,91.7200,90.4916,35913200
2025-03-10,89.7600,90.2300,86.6100,87.8200,86.6438,35148800
2025-03-11,87.2900,89.3500,87.1400,87.4400,86.2689,28687600
2025-03-12,87.8800,89.1000,84.8800,85.2000,84.0589,33301600
2025-03-13,84.9400,85.4500,83.8700,84.5000,83.3683,31507800
2025-03-14,84.9600,85.3700,84.0600,85.3500,84.2069,35500600
2025-03-17,85.1300,87.9900,84.9800,87.4600,86.2887,26297800
2025-03-18,87.4400,87.6800,85.5000,85.5900,84.4437,17850900
2025-03-19,85.9500,86.7900,85.6200,86.3300,85.1738,24555900
2025-03-20,85.8100,87.0800,85.5200,85.8100,84.6608,18185500
2025-03-21,85.2800,86.2300,84.7800,85.9800,85.0614,26797200
2025-03-24,86.4700,87.6500,86.3500,87.4900,86.5553,17900700
2025-03-25,86.7600,87.3100,84.6200,84.7600,83.8545,27908600
2025-03-26,85.1900,85.5600,84.5700,85.2100,84.2997,27228800
2025-03-27,84.7800,86.1100,84.7800,85.6300,84.7152,16782800
2025-03-28,85.4300,85.8300,84.7000,85.1500,84.2403,14790600
2025-03-31,84.7600,88.2000,84.3700,87.7900,86.8521,30269300
2025-04-01,87.5400,89.1100,87.3700,88.8300,87.8810,22080300
2025-04-02,88.2000,90.1500,88.1200,89.7600,88.8011,19384100
2025-04-03,86.2800,89.8800,86.2800,87.2600,86.3278,33012900
2025-04-04,85.6400,87.3900,82.6500,83.1900,82.3012,36209000
2025-04-07,80.2400,86.2600,79.8100,83.8300,82.9344,36884900
2025-04-08,85.8500,86.9700,81.0300,81.7900,80.9162,34351700
2025-04-09,83.3300,90.8000,83.0200,89.6000,88.6428,46632800
2025-04-10,88.7300,91.8700,88.1600,90.6100,89.6420,34735300
2025-04-11,90.6800,93.3500,90.0100,92.8000,91.8086,25508100
2025-04-14,93.2700,95.4400,92.9000,94.7300,93.7180,27742900
2025-04-15,94.8200,96.0300,93.8700,93.9700,92.9661,21871200
2025-04-16,94.0000,94.3000,90.6100,91.1900,90.2158,22229100
2025-04-17,91.8300,93.8700,91.6200,93.2200,92.2241,21393900
2025-04-21,93.0200,94.0800,91.3400,92.4100,91.4228,18361200
2025-04-22,92.8800,95.2900,92.8800,94.8500,93.8367,15407800
2025-04-23,95.0200,96.6000,94.1600,94.9600,93.9455,18046900
2025-04-24,94.7100,96.2200,93.6600,95.8400,94.8161,13444500
2025-04-25,95.8000,96.4700,94.3600,95.0900,94.0741,15317200
2025-04-28,95.1000,96.0000,94.3400,95.2200,94.2027,12950000
2025-04-29,94.8400,96.1800,94.4200,96.0400,95.0140,12679000
2025-04-30,95.9400,97.7800,94.9300,97.2500,96.2110,21639900
2025-05-01,97.0200,97.9000,96.5900,97.4100,96.3693,13171800
2025-05-02,97.9500,99.2200,97.8500,98.7500,97.6950,16031400
2025-05-05,98.9400,99.7400,98.5300,99.3300,98.2688,12439100
2025-05-06,98.7400,99.4700,98.4100,98.5500,97.4972,10626000
2025-05-07,98.5500,99.2300,98.3100,98.8300,97.7742,11301300
2025-05-08,98.7500,99.3300,97.3600,97.4300,96.3891,14461100
2025-05-09,96.7500,97.2000,96.2900,96.7200,95.9180,13697800
2025-05-12,97.6700,97.9700,95.6200,96.7500,95.9478,26783900
2025-05-13,96.5000,97.3200,95.2300,95.8800,95.0850,19746700
2025-05-14,96.0300,97.3300,95.8300,96.8300,96.0271,25620100
2025-05-15,94.3000,96.7200,91.8900,96.3500,95.5511,44026100
2025-05-16,96.1400,99.1900,96.0000,98.2400,97.4254,33746200
2025-05-19,96.6500,98.2800,95.8100,98.1200,97.3064,20041600
2025-05-20,98.5600,98.8200,96.5200,97.8000,96.9891,15609600
2025-05-21,97.1300,97.7600,95.9800,96.4300,95.6304,15742300
2025-05-22,96.5400,96.9600,95.8200,95.9300,95.1346,13712200
2025-05-23,95.3400,96.5400,95.0000,96.3400,95.5412,13668600
2025-05-27,97.3000,97.8000,96.5800,97.5800,96.7709,17180900
2025-05-28,97.5200,98.2400,97.0600,97.2400,96.4337,11220100
2025-05-29,97.6300,97.7700,96.8500,97.1000,96.2949,14338000
2025-05-30,96.9600,98.9300,96.6000,98.7200,97.9015,29980100
2025-06-02,98.8400,99.9100,98.0500,99.7700,98.9428,16999200
2025-06-03,99.5700,100.8900,98.5700,99.9800,99.1510,15598600
2025-06-04,99.7900,100.1300,99.3200,99.3500,98.5262,11115600
2025-06-05,99.3000,99.5900,97.6100,97.9600,97.1478,15817100
2025-06-06,98.3700,98.5600,96.9700,97.4700,96.6618,15599300
2025-06-09,97.4000,97.8500,96.7700,97.4500,96.6420,13655700
2025-06-10,97.2900,98.0900,96.4800,97.3200,96.5131,17162500
2025-06-11,97.2900,97.2900,95.3500,95.8000,95.0057,16389600
2025-06-12,94.8900,95.2600,93.4300,94.8300,94.0437,17845700
2025-06-13,94.5200,95.3200,94.0100,94.4400,93.6570,18694700
2025-06-16,94.7500,95.7800,94.1000,94.2900,93.5082,14881700
2025-06-17,93.9500,94.8200,93.6200,94.2500,93.4685,14935600
2025-06-18,94.5700,95.4900,94.0900,95.0900,94.3016,11333700
2025-06-20,95.2400,96.3100,95.2000,96.1200,95.3230,20604900
2025-06-23,95.9200,97.9300,95.6700,97.8700,97.0585,20432400
2025-06-24,97.7300,99.1100,97.2500,98.0000,97.1874,22403700
2025-06-25,98.3100,98.5600,97.1500,97.2600,96.4536,11154700
2025-06-26,96.9000,97.3400,95.9200,96.0200,95.2238,19361400
2025-06-27,96.3200,97.7600,96.1600,97.2700,96.4635,31431900
2025-06-30,97.2300,98.1400,96.3100,97.7800,96.9693,17803000
2025-07-01,97.6000,99.1900,97.4200,98.2400,97.4254,15635800
2025-07-02,98.1300,98.3800,97.0600,97.6100,96.8007,12502000
2025-07-03,97.7000,98.4800,97.4200,98.3600,97.5444,7686200
2025-07-07,98.2300,99.3500,97.6200,99.3500,98.5262,12930900
2025-07-08,98.8200,99.1700,96.5100,97.0900,96.2850,16875000
2025-07-09,97.1500,97.2900,96.3800,96.8100,96.0073,13702600
2025-07-10,96.6600,96.7800,94.7400,94.8600,94.0735,18894800
2025-07-11,95.0100,95.5300,94.2300,94.4000,93.6173,14595000
2025-07-14,94.5100,95.8400,94.3800,95.7800,94.9858,13779100
2025-07-15,95.6000,95.7800,94.9400,95.3900,94.5991,10450800
2025-07-16,95.4200,95.8300,94.6100,95.1500,94.3611,11181600
2025-07-17,95.0800,95.6300,94.8900,95.0900,94.3016,11165100
2025-07-18,95.0900,95.4800,94.4300,95.0500,94.2619,14636300
2025-07-21,95.2600,96.6400,95.1000,95.6700,94.8767,13450400
2025-07-22,95.8400,96.6700,95.7400,95.8500,95.0553,9049100
2025-07-23,96.0100,96.2900,95.2900,95.6800,94.8867,9729700
2025-07-24,95.5700,96.9600,95.3500,96.6000,95.7990,14991500
2025-07-25,96.8400,97.6500,96.5300,97.4700,96.6618,12868500
2025-07-28,97.2800,98.1300,97.0800,97.6100,96.8007,12293100
2025-07-29,97.7800,98.7200,97.3400,98.3300,97.5147,14034300
2025-07-30,98.6100,98.8800,97.2900,97.5900,96.7808,13864100
2025-07-31,97.4400,98.6300,97.3100,97.9800,97.1676,15651300
2025-08-01,98.0000,98.8300,97.6700,98.4900,97.6734,16750400
2025-08-04,98.2000,99.9100,98.2000,99.5900,98.7643,19050200
2025-08-05,99.6700,100.4700,98.9100,99.3100,98.4866,17977000
2025-08-06,99.4600,103.6900,99.4600,103.3600,102.5030,23738400
2025-08-07,103.4600,103.9000,102.1100,103.1200,102.2650,12509500
2025-08-08,103.3700,104.7200,103.1500,103.7300,102.8699,12394700
2025-08-11,103.9000,104.3300,103.1100,103.9300,103.0683,12856700
2025-08-12,104.2500,104.3100,103.3700,103.6200,102.7608,17915300
2025-08-13,102.1500,102.8100,100.8500,100.9900,100.1526,19398500
2025-08-14,101.2200,101.4400,100.7200,100.8500,100.0138,10858400
2025-08-15,100.6300,100.7700,99.5400,100.0000,99.4025,13604900
2025-08-18,100.0000,100.8800,99.9200,100.7000,100.0983,11656100
2025-08-19,100.9600,102.4300,100.8000,101.2900,100.6848,16999000
2025-08-20,101.1500,102.6500,100.9300,102.5700,101.9571,18655000
2025-08-21,99.4100,99.4500,96.9500,97.9600,97.3747,51825100
2025-08-22,98.0700,99.0500,96.7600,96.8300,96.2514,32695200
2025-08-25,97.0000,97.5800,96.0700,96.0700,95.4960,18956100
2025-08-26,96.2800,96.4700,95.4200,96.0500,95.4761,22270400
2025-08-27,95.9000,96.3200,95.6000,96.0800,95.5059,12925700
2025-08-28,96.0000,96.5700,95.7000,96.1100,95.5357,19241600
2025-08-29,96.1000,97.0300,95.8000,96.9800,96.4005,15600300
2025-09-02,97.2300,97.8500,96.5100,97.8500,97.2653,15351300
2025-09-03,97.8500,99.4400,97.5000,99.4400,98.8458,18995900
2025-09-04,99.9100,101.3500,99.6500,100.9300,100.3269,15640900
2025-09-05,101.0800,101.4800,99.5500,100.5100,99.9094,13748500
2025-09-08,100.8500,102.3600,100.4200,102.2800,101.6689,13685700
2025-09-09,102.0000,102.4900,101.5500,102.2900,101.6788,11819700
2025-09-10,101.9500,102.4500,100.3900,100.4100,99.8100,17934900
2025-09-11,100.9900,102.7800,100.2800,102.6500,102.0366,15900800
2025-09-12,102.5400,103.9800,102.3600,103.4900,102.8716,11641900
2025-09-15,103.6500,103.9800,103.4100,103.6900,103.0704,10756900
2025-09-16,103.8500,104.2100,103.1300,103.4200,102.8020,14481900
2025-09-17,103.7300,106.1100,103.7300,104.2700,103.6470,25382000
2025-09-18,103.7800,104.6400,102.1200,103.6000,102.9810,14869400
2025-09-19,103.8100,103.9400,102.0900,102.3300,101.7186,34791600
2025-09-22,102.4500,103.2000,101.9200,102.8200,102.2056,12861900
2025-09-23,102.4100,102.6800,101.3300,102.5200,101.9074,13158700
2025-09-24,103.0400,103.4700,102.4800,102.7300,102.1162,11391800
2025-09-25,103.2200,103.5100,102.5800,103.0500,102.4342,13366700
2025-09-26,102.8800,103.4900,102.4700,103.1600,102.5436,11859300
2025-09-29,103.0500,103.3100,102.0800,103.0800,102.4641,15477200
2025-09-30,103.0000,103.9400,102.7200,103.0600,102.4442,13873400
2025-10-01,102.5600,102.8600,100.5500,101.9600,101.3508,16142800
2025-10-02,101.4500,102.1400,99.8700,101.7000,101.0923,15605400
2025-10-03,101.4600,102.8200,101.2000,102.0700,101.4601,11867500
2025-10-06,101.8800,103.0700,101.5800,102.7000,102.0863,13303600
2025-10-07,102.3800,103.2500,100.9500,103.2400,102.6231,15538900
2025-10-08,103.0200,103.2600,102.1500,102.9000,102.2852,13584100
2025-10-09,103.1300,103.4500,100.3700,101.7700,101.1619,19508000
2025-10-10,102.0500,103.6300,101.5200,101.8400,101.2315,18519400
2025-10-13,101.3700,102.4500,101.0700,102.1200,101.5098,10871200
2025-10-14,104.0500,107.9200,102.8900,107.2100,106.5694,30859500
2025-10-15,107.3200,109.5600,107.3000,109.0300,108.3785,21416300
2025-10-16,109.2000,109.5800,105.6600,106.4700,105.8338,16366200
2025-10-17,107.1700,108.2000,106.2200,107.7300,107.0863,13735600
2025-10-20,107.8500,108.2500,106.6100,107.0500,106.4104,10581200
2025-10-21,107.3300,107.4800,106.1800,106.2200,105.5853,10899700
2025-10-22,106.5500,107.7700,105.6600,107.1400,106.4998,12296500
2025-10-23,107.3500,107.5700,105.7800,106.8600,106.2215,11408200
2025-10-24,107.0700,107.1700,105.5100,106.1700,105.5356,10318000
2025-10-27,106.3400,106.3600,104.1500,104.4700,103.8458,16375900
2025-10-28,104.0600,104.1400,103.0500,103.1700,102.5535,13323000
2025-10-29,102.9100,103.6700,102.1100,102.4600,101.8478,11986400
2025-10-30,102.2000,103.3700,101.9600,102.2300,101.6192,14065100
2025-10-31,101.7000,102.1000,100.1800,101.1800,100.5754,20237000
2025-11-03,100.8200,101.8000,100.4000,101.5900,100.9830,14811700
2025-11-04,102.1300,102.6200,101.4600,102.2700,101.6589,12636400
2025-11-05,101.7400,102.6800,100.8500,101.4700,100.8637,13356800
2025-11-06,101.3400,101.9300,100.0300,101.6800,101.0724,14866000
2025-11-07,102.1300,102.9700,101.7300,102.5900,101.9770,17248700
2025-11-10,102.1500,102.6700,101.6000,102.4200,101.8080,14507600
2025-11-11,102.5000,103.7400,102.3200,103.4400,102.8219,13182100
2025-11-12,103.3500,103.6000,102.6600,103.4400,102.8219,12084400
2025-11-13,103.5900,103.9300,102.0200,102.5400,101.9273,18088500
2025-11-14,100.2000,102.4900,98.8800,102.4800,101.8677,23424200
2025-11-17,102.5800,103.3200,102.1000,102.9500,102.3348,15289400
2025-11-18,102.9800,103.3400,101.3800,101.3900,100.7842,17604500
2025-11-19,101.5800,101.7100,99.6800,100.6100,100.0088,22157000
2025-11-20,103.9400,107.9100,102.6800,107.1100,106.4700,50375900
2025-11-21,107.9800,108.1500,104.7200,105.3200,104.6907,41420800
2025-11-24,105.3600,106.2700,103.7600,104.0600,103.4382,42519200
2025-11-25,104.6100,107.4200,104.2300,107.0000,106.3606,20212900
2025-11-26,107.2000,109.5900,107.1700,109.1000,108.4481,17783300
2025-11-28,109.3000,110.7000,109.0000,110.5100,109.8497,9846500
2025-12-01,110.5100,111.7600,110.3600,111.5300,110.8636,17236800
2025-12-02,111.4700,112.6500,110.7900,112.4100,111.7383,18711800
2025-12-03,112.5000,114.8900,112.2200,114.4100,113.7264,24478300
2025-12-04,113.6200,114.8900,113.1600,114.8400,114.1538,25905100
2025-12-05,114.7300,116.2700,114.6800,115.1100,114.4222,23956400
2025-12-08,114.5700,114.9900,112.3000,113.5600,112.8814,22700700
2025-12-09,113.9500,115.7200,113.0200,115.0600,114.3725,24326700
2025-12-10,115.3500,116.2300,112.9900,113.1800,112.5037,22859600
2025-12-11,113.1400,115.8700,112.8500,115.5200,114.8297,21586600
2025-12-12,115.2600,116.9500,115.0200,116.7000,116.2392,19092400
2025-12-15,116.9300,117.4500,115.6400,116.7900,116.3288,18713700
2025-12-16,116.5800,116.8800,114.9500,115.4200,114.9642,19642300
2025-12-17,115.2000,116.3900,115.0700,115.6600,115.2033,16177800
2025-12-18,115.0100,116.4800,114.6100,114.8300,114.3765,21476700
2025-12-19,115.1400,115.2800,113.5300,114.3600,113.9084,50043800
2025-12-22,114.0100,114.3200,112.2200,112.6000,112.1553,21473900
2025-12-23,111.9900,112.3500,110.7000,110.9000,110.4621,20319900
2025-12-24,110.9000,111.7100,110.5500,111.6100,111.1693,9009600
2025-12-26,111.7200,111.9700,111.3600,111.7400,111.2987,9003800
2025-12-29,111.5900,112.7800,111.5700,112.5300,112.0856,12979600
2025-12-30,111.8900,112.6900,111.8400,111.9200,111.4780,11730600
2025-12-31,111.7300,112.2500,111.3200,111.4100,110.9700,11487400
2026-01-02,111.4300,112.7900,111.1200,112.7600,112.3147,14306600
2026-01-05,112.8200,113.7300,112.1500,112.7100,112.2649,19557600
2026-01-06,112.4000,114.7900,111.9900,114.3400,113.8885,20120800
2026-01-07,114.1900,114.7300,112.1000,112.7200,112.2749,23306000
2026-01-08,111.2900,113.4700,109.8100,113.0700,112.6235,24058300
2026-01-09,112.2600,115.4600,112.2600,114.5300,114.0777,21902900
2026-01-12,117.5000,118.8400,116.4100,117.9700,117.5041,49182100
2026-01-13,117.8900,120.5100,117.7300,120.3600,119.8847,31222100
2026-01-14,120.1900,121.2400,119.0300,120.0400,119.5660,32764000
2026-01-15,119.9800,120.8700,118.7300,119.2000,118.7293,34559400
2026-01-16,118.6700,120.6000,116.9000,119.7000,119.2273,415144600
2026-01-20,120.8900,121.6200,117.6100,118.7100,118.2412,45334000
2026-01-21,118.0800,120.4900,117.5500,119.3600,118.8886,34811700
2026-01-22,119.2900,119.5200,117.6500,117.8300,117.3647,24547300
2026-01-23,118.1700,118.6100,117.1400,117.7300,117.2651,20806900
2026-01-26,117.8100,118.8500,117.3900,117.6400,117.1754,19552200
2026-01-27,117.5000,117.6300,115.4800,116.9400,116.4782,22968600
2026-01-28,116.6400,117.4600,115.8700,116.5700,116.1097,16342000
2026-01-29,116.4500,117.6600,116.0700,117.4100,116.9464,16381100
2026-01-30,116.9100,119.4100,116.6000,119.1400,118.6695,22215400
2026-02-02,119.5000,124.2000,119.0500,124.0600,123.5701,31210100
2026-02-03,123.6500,128.1700,123.6500,127.7100,127.2057,32018700
2026-02-04,128.1300,129.4100,127.0900,128.0000,127.4945,27531800
2026-02-05,128.5800,129.6000,126.5600,126.9400,126.4387,30517800
2026-02-06,127.2900,131.7000,127.0500,131.1800,130.6620,26593400
2026-02-09,131.4200,131.7900,128.0900,129.0200,128.5105,27197300
2026-02-10,128.9400,129.3400,126.3900,126.7000,126.1997,24662000
2026-02-11,126.7000,129.7400,126.6300,128.7700,128.2615,19232100
2026-02-12,129.3800,134.4900,129.3100,133.6400,133.1123,33382700
2026-02-13,132.7000,134.6500,131.7500,133.8900,133.3613,24131200
2026-02-17,133.1100,134.6900,128.1600,128.8500,128.3412,37995900
2026-02-18,128.1300,128.8700,125.7700,126.6200,126.1200,36485000
2026-02-19,128.5000,130.1000,124.4000,124.8700,124.3769,42993300
2026-02-20,123.0000,123.4800,121.0500,122.9900,122.5043,35151000
2026-02-23,123.5200,126.8000,122.9600,125.8100,125.3132,25662800
2026-02-24,125.9000,128.0400,124.9100,126.7500,126.2495,20161200
2026-02-25,126.6100,127.4000,125.4200,125.7500,125.2534,17345700
2026-02-26,125.9800,127.3300,123.9400,124.4200,123.9287,18638300
2026-02-27,125.5200,128.6000,125.1500,127.9500,127.4447,29205500
2026-03-02,127.4600,128.7500,127.0500,127.1000,126.5981,17091500
2026-03-03,126.5200,128.3700,125.6700,127.9100,127.4049,16480400
2026-03-04,127.1100,128.1700,126.2400,127.8100,127.3053,16434100
2026-03-05,125.3800,125.6800,121.6500,123.3100,122.8231,28604900
2026-03-06,122.5000,124.1900,121.6200,123.8000,123.3111,21553000
2026-03-09,123.6900,124.5100,122.5000,124.3400,123.8490,19375900
2026-03-10,124.2100,126.1000,123.3500,125.1200,124.6259,18793600
2026-03-11,125.3100,125.4900,123.0500,123.4900,123.0023,18176500
2026-03-12,122.3000,125.3900,122.2800,125.3300,124.8351,21751600
2026-03-13,125.3900,126.6900,124.9700,126.5200,126.0204,15194100
2026-03-16,126.7600,126.9800,124.8300,125.9900,125.4925,20463200
2026-03-17,126.6500,127.1900,124.8600,125.0800,124.5861,19895000
2026-03-18,124.3300,124.6100,121.8300,121.9800,121.4983,19734900
2026-03-19,122.4000,122.7500,119.2700,121.0900,120.6118,17927700
2026-03-20,120.6300,121.3000,118.0200,119.0200,118.7933,57545600
2026-03-23,120.4800,121.1300,119.0500,120.7200,120.4901,22181500
2026-03-24,120.6300,124.1100,120.4900,122.0500,121.8175,17269600
2026-03-25,122.8100,123.4900,121.7800,123.0600,122.8256,16597300
2026-03-26,123.6100,123.8000,121.7900,122.1800,121.9473,16442500
2026-03-27,122.0300,124.2700,121.8200,122.8900,122.6559,16543300
2026-03-30,123.7100,125.2600,123.1400,123.5000,123.2648,20428900
2026-03-31,123.4300,125.0000,122.8400,124.2800,124.0433,21330400
2026-04-01,123.8000,125.2300,123.1300,124.7400,124.5024,17039700
2026-04-02,125.1500,125.9000,124.1500,125.7900,125.5504,11898400
2026-04-06,125.8100,126.9800,125.3700,126.7900,126.5485,10850400
2026-04-07,126.1900,126.3600,121.7900,122.4900,122.2567,16076000
2026-04-08,122.2800,127.3000,121.3300,127.2600,127.0176,20194300
2026-04-09,127.0900,129.6900,126.8200,129.1300,128.8840,13853100
2026-04-10,128.7200,128.9300,126.2200,126.7700,126.5285,13894000
2026-04-13,126.2900,126.3000,123.9500,124.5700,124.3327,14510600
2026-04-14,123.1500,125.2000,122.5500,125.0500,124.8118,15320800
2026-04-15,124.6300,125.0700,123.1800,124.7600,124.5224,17001400
2026-04-16,124.3300,125.9400,123.9700,124.8200,124.5822,18324500
2026-04-17,124.5700,127.5700,123.3700,127.5000,127.2571,24763700
2026-04-20,127.8700,129.4700,127.3200,127.9200,127.6763,18933600
2026-04-21,127.8300,129.7700,127.4800,129.6000,129.3531,17312400
2026-04-22,130.0000,130.4500,128.8400,129.9800,129.7324,17624500
2026-04-23,130.5700,132.4600,130.4900,132.0300,131.7785,16376000
2026-04-24,131.9400,132.1200,129.2800,129.9200,129.6725,16016300
2026-04-27,129.6200,129.8100,127.4000,127.5900,127.3470,17029500
2026-04-28,129.3400,129.7700,126.7800,127.5900,127.3470,16341800
2026-04-29,126.6800,128.0800,125.9100,128.0100,127.7662,16538800
2026-04-30,128.0200,132.4300,127.9500,131.9300,131.6787,19867700
2026-05-01,131.9200,133.3700,130.9800,131.6000,131.3493,10480900
2026-05-04,130.4100,131.7500,129.6800,130.3300,130.0818,10340700
2026-05-05,130.5100,131.7300,130.3000,130.7900,130.5409,10637300
2026-05-06,130.8600,131.1500,129.5300,130.0800,129.8322,16371500
2026-05-07,129.9000,130.6000,128.6700,130.2000,129.9520,14935400
2026-05-08,130.3200,131.4100,130.2500,130.4300,130.4300,15183700
2026-05-11,130.1800,130.6000,126.3800,127.5900,127.5900,18699200
2026-05-12,128.0800,131.1200,127.7200,130.3500,130.3500,17935400
2026-05-13,129.1900,132.5300,128.7700,131.4700,131.4700,13786600
2026-05-14,131.3600,132.7800,130.8600,132.4600,132.4600,14200400
2026-05-15,133.6900,133.9500,130.7900,131.4500,131.4500,25323000
2026-05-18,131.5200,133.4700,131.1300,133.3400,133.3400,17183200
2026-05-19,132.9400,135.1600,132.0600,134.2000,134.2000,16957100
2026-05-20,132.9100,133.6500,130.3300,130.8500,130.8500,28471600
2026-05-21,124.4100,125.8000,120.3900,121.3400,121.3400,53006600
2026-05-22,121.3400,121.9500,118.9100,120.2700,120.2700,30330600
2026-05-26,120.6900,121.0500,117.9200,118.5700,118.5700,28796600
2026-05-27,118.3300,119.4300,118.0400,118.5400,118.5400,22062200
2026-05-28,118.9600,119.1700,117.3300,118.9000,118.9000,21613100
2026-05-29,118.1100,119.0800,114.7100,115.7500,115.7500,42191000
2026-06-01,114.7300,115.9800,113.5600,114.6000,114.6000,26176200
2026-06-02,113.8700,114.5700,112.7300,113.0600,113.0600,27366400
2026-06-03,113.1000,117.2900,112.9600,116.8900,116.8900,32880600
2026-06-04,119.9000,119.9400,117.2900,117.7400,117.7400,22870400
2026-06-05,118.3500,120.8900,118.1000,118.8800,118.8800,36638100
2026-06-08,118.2500,120.1800,118.1500,119.8300,119.8300,19514100
2026-06-09,120.3800,120.5000,118.0000,118.8800,118.8800,23959000
2026-06-10,119.7100,120.8200,117.5300,120.5900,120.5900,22414900
2026-06-11,120.5700,121.8600,119.4600,120.5000,120.5000,22438000
2026-06-12,120.5900,121.6100,119.5300,121.0400,121.0400,14753500
2026-06-15,119.7400,121.4900,118.5800,120.8200,120.8200,20722500
2026-06-16,121.1400,122.9400,119.8800,121.0300,121.0300,23060700
2026-06-17,119.5800,121.0100,117.4500,118.1300,118.1300,21711100
2026-06-18,118.2000,118.4800,116.8000,117.1800,117.1800,36526800
2026-06-22,116.9600,118.4000,116.9500,117.1800,117.1800,17053900
2026-06-23,119.7100,120.2500,116.3400,119.4200,119.4200,23411400
2026-06-24,119.5600,120.4000,118.9300,119.0000,119.0000,20600100
2026-06-25,117.4700,118.5800,115.3800,115.7800,115.7800,20384700
2026-06-26,117.2900,117.8800,115.0900,115.6900,115.6900,36636000
2026-06-29,116.4700,116.8000,114.2000,114.6000,114.6000,20367000
2026-06-30,113.9700,114.6100,112.9300,113.2600,113.2600,23034000
2026-07-01,110.1300,110.7100,107.2500,108.8200,108.8200,40391400
2026-07-02,109.3300,112.4500,109.1600,111.8400,111.8400,29512200
2026-07-06,111.4000,112.3700,109.3700,110.6500,110.6500,29523300
2026-07-07,112.9700,113.5000,111.3000,111.5400,111.5400,19941400
2026-07-08,113.1500,113.8600,111.8100,113.1000,113.1000,19892000
2026-07-09,111.2400,112.7600,111.0400,112.2100,112.2100,20464500
2026-07-10,111.9500,114.1600,111.9300,113.9000,113.9000,12461700
2026-07-13,114.7300,115.5400,114.0100,114.7800,114.7800,17043400
2026-07-14,115.0800,115.8800,113.5000,113.7000,113.7000,14682000
2026-07-15,113.2500,114.7300,112.0700,112.5300,112.5300,16467900
2026-07-16,113.7600,115.5900,113.5600,114.9500,114.9500,20777600
2026-07-17,116.9600,118.0900,113.6000,114.2400,114.2400,28289800
2026-07-20,113.9600,114.4000,112.1400,112.2000,112.2000,17738900
2026-07-21,111.5100,111.8000,109.8900,110.3900,110.3900,22717000
2026-07-22,109.5300,110.0000,108.7200,109.3300,109.3300,23494800
2026-07-23,107.5100,108.5600,106.7900,108.4000,108.4000,21516800
2026-07-24,108.1200,109.6000,108.0100,109.4700,109.4700,18405900
2026-07-27,109.9200,112.5100,109.8900,111.7400,111.7400,19008700
2026-07-28,113.9600,116.0300,112.8400,113.1000,113.1000,24867900
2026-07-29,113.2300,114.6900,112.4500,114.2200,114.2200,23480000
2026-07-30,111.6100,113.0300,110.4400,111.1000,111.1000,28747000
2026-07-31,110.5200,111.9100,109.8900,111.2000,111.2000,22799100
2026-08-03,113.1000,113.2900,110.1600,110.7100,110.7100,23942500
2026-08-04,109.0100,111.6800,108.5600,111.5500,111.5500,29620000
2026-08-05,112.4500,113.1600,111.3600,112.3400,112.3400,21446300
2026-08-06,114.0700,114.5600,111.0400,112.0700,112.0700,23203100
2026-08-07,110.6100,112.2900,110.5000,111.8500,111.8500,18819300
2026-08-10,111.0800,112.7000,110.7600,112.6600,112.6600,19144000
2026-08-11,112.4400,113.3400,112.1900,113.2600,113.2600,17005800
2026-08-12,112.3700,116.0500,112.2800,116.0100,116.0100,22054700
2026-08-13,116.1700,116.3200,114.8100,115.7200,115.7200,16822200
2026-08-14,115.6600,116.4500,114.6400,115.2700,115.2700,14520000
2026-08-17,114.3300,115.1800,113.9200,114.3300,114.3300,18131100
2026-08-18,116.3000,116.3100,114.4800,115.2000,115.2000,20675000
2026-08-19,115.1900,116.8700,113.9900,114.3000,114.3000,34207700
