Date,PER,PBR
2010-03-30,10.8520,2.1334
2010-03-31,10.7918,2.1215
2010-04-01,10.7705,2.1173
2010-04-05,10.7705,2.1173
2010-04-06,10.7783,2.1189
2010-04-07,10.7297,2.1093
2010-04-08,10.7491,2.1131
2010-04-09,10.6889,2.1013
2010-04-12,10.6793,2.0994
2010-04-13,10.6211,2.0880
2010-04-14,10.6055,2.0849
2010-04-15,10.5065,2.0654
2010-04-16,10.5026,2.0647
2010-04-19,10.5570,2.0754
2010-04-20,10.5822,2.0803
2010-04-21,10.5725,2.0784
2010-04-22,10.5764,2.0792
2010-04-23,10.5842,2.0807
2010-04-26,10.4891,2.0620
2010-04-27,10.4891,2.0620
2010-04-28,10.4055,2.0456
2010-04-29,10.4231,2.0490
2010-04-30,10.4114,2.0467
2010-05-03,10.4308,2.0506
2010-05-04,10.4852,2.0612
2010-05-05,10.6307,2.0899
2010-05-06,10.3318,2.0311
2010-05-07,10.1707,1.9994
2010-05-10,10.2057,2.0063
2010-05-11,10.1823,2.0017
2010-05-12,10.2454,2.0141
2010-05-13,10.2298,2.0110
2010-05-14,10.1751,2.0003
2010-05-17,10.2942,2.0237
2010-05-18,10.4856,2.0613
2010-05-19,10.3547,2.0356
2010-05-20,10.0151,1.9688
2010-05-21,10.0287,1.9715
2010-05-24,9.9565,1.9573
2010-05-25,9.8159,1.9297
2010-05-26,9.7652,1.9197
2010-05-27,9.8979,1.9458
2010-05-28,9.8706,1.9404
2010-06-01,9.9409,1.9542
2010-06-02,10.0970,1.9849
2010-06-03,10.0970,1.9849
2010-06-04,11.0655,2.0361
2010-06-07,11.1402,2.0498
2010-06-08,11.1490,2.0514
2010-06-09,11.1950,2.0599
2010-06-10,11.2455,2.0692
2010-06-11,11.1665,2.0547
2010-06-14,11.2499,2.0700
2010-06-15,11.3378,2.0862
2010-06-16,11.1928,2.0595
2010-06-17,11.2873,2.0769
2010-06-18,11.3180,2.0826
2010-06-21,11.2017,2.0611
2010-06-22,11.1270,2.0474
2010-06-23,11.1555,2.0527
2010-06-24,10.9843,2.0211
2010-06-25,10.7142,1.9714
2010-06-28,10.8833,2.0026
2010-06-29,10.7362,1.9755
2010-06-30,10.5540,1.9420
2010-07-01,10.6133,1.9529
2010-07-02,10.5386,1.9391
2010-07-06,10.6638,1.9622
2010-07-07,10.7405,1.9763
2010-07-08,10.7976,1.9868
2010-07-09,10.8525,1.9969
2010-07-12,11.0041,2.0248
2010-07-13,11.0963,2.0417
2010-07-14,11.0545,2.0341
2010-07-15,11.0677,2.0365
2010-07-16,10.9052,2.0066
2010-07-19,10.8723,2.0005
2010-07-20,11.1709,2.0555
2010-07-21,11.0545,2.0341
2010-07-22,11.1665,2.0547
2010-07-23,11.3444,2.0874
2010-07-26,11.2258,2.0656
2010-07-27,11.1884,2.0587
2010-07-28,11.2258,2.0656
2010-07-29,11.2104,2.0628
2010-07-30,11.2390,2.0680
2010-08-02,11.2873,2.0769
2010-08-03,11.2609,2.0720
2010-08-04,11.3290,2.0846
2010-08-05,11.3333,2.0854
2010-08-06,11.3707,2.0922
2010-08-09,11.4300,2.1032
2010-08-10,11.4651,2.1096
2010-08-11,11.2671,2.0732
2010-08-12,11.1367,2.0492
2010-08-13,11.1301,2.0480
2010-08-16,11.1323,2.0484
2010-08-17,11.2671,2.0732
2010-08-18,11.2317,2.0667
2010-08-19,11.0550,2.0342
2010-08-20,11.0903,2.0407
2010-08-23,11.2935,2.0780
2010-08-24,11.3289,2.0845
2010-08-25,11.3840,2.0947
2010-08-26,11.2560,2.0711
2010-08-27,11.2626,2.0724
2010-08-30,11.1632,2.0541
2010-08-31,11.0726,2.0374
2010-09-01,11.3068,2.0926
2010-09-02,11.4305,2.1155
2010-09-03,11.4923,2.1269
2010-09-07,11.4525,2.1196
2010-09-08,11.4459,2.1183
2010-09-09,11.4636,2.1216
2010-09-10,11.4768,2.1240
2010-09-13,11.5298,2.1339
2010-09-14,11.6291,2.1522
2010-09-15,11.6734,2.1604
2010-09-16,11.7374,2.1723
2010-09-17,11.7065,2.1666
2010-09-20,11.8236,2.1882
2010-09-21,11.8301,2.1894
2010-09-22,11.8854,2.1997
2010-09-23,11.8478,2.1927
2010-09-24,11.9427,2.2103
2010-09-27,11.8102,2.1858
2010-09-28,11.8854,2.1997
2010-09-29,11.7816,2.1805
2010-09-30,11.8191,2.1874
2010-10-01,11.7838,2.1809
2010-10-04,11.8301,2.1894
2010-10-05,11.9251,2.2070
2010-10-06,12.0488,2.2299
2010-10-07,12.0047,2.2217
2010-10-08,12.0157,2.2238
2010-10-11,12.0598,2.2319
2010-10-12,11.9074,2.2037
2010-10-13,11.8854,2.1997
2010-10-14,11.7595,2.1764
2010-10-15,11.7816,2.1805
2010-10-18,11.8721,2.1972
2010-10-19,11.7750,2.1792
2010-10-20,11.8081,2.1854
2010-10-21,11.9317,2.2082
2010-10-22,11.9384,2.2095
2010-10-25,11.9141,2.2050
2010-10-26,12.0488,2.2299
2010-10-27,11.8964,2.2017
2010-10-28,11.9427,2.2103
2010-10-29,11.9626,2.2140
2010-11-01,11.9935,2.2197
2010-11-02,12.0996,2.2393
2010-11-03,12.1261,2.2442
2010-11-04,12.2254,2.2626
2010-11-05,12.1901,2.2561
2010-11-08,12.1261,2.2442
2010-11-09,12.1570,2.2499
2010-11-10,12.0378,2.2279
2010-11-11,12.0002,2.2209
2010-11-12,11.9539,2.2123
2010-11-15,11.9141,2.2050
2010-11-16,11.9825,2.2176
2010-11-17,11.8743,2.1976
2010-11-18,11.9207,2.2062
2010-11-19,12.0112,2.2230
2010-11-22,12.0090,2.2225
2010-11-23,11.8522,2.1935
2010-11-24,11.9273,2.2074
2010-11-26,11.8677,2.1964
2010-11-29,11.8919,2.2009
2010-11-30,11.9450,2.2107
2010-12-01,12.0797,2.2356
2010-12-02,12.0907,2.2377
2010-12-03,12.0620,2.2324
2010-12-06,12.0333,2.1521
2010-12-07,12.1658,2.1758
2010-12-08,12.0998,2.1640
2010-12-09,12.0666,2.1581
2010-12-10,12.0533,2.1557
2010-12-13,12.0377,2.1529
2010-12-14,12.0910,2.1624
2010-12-15,12.0421,2.1537
2010-12-16,12.1309,2.1696
2010-12-17,12.0821,2.1608
2010-12-20,11.9400,2.1354
2010-12-21,11.9134,2.1307
2010-12-22,11.8379,2.1172
2010-12-23,11.9022,2.1287
2010-12-27,11.8956,2.1275
2010-12-28,11.9333,2.1342
2010-12-29,12.0088,2.1477
2010-12-30,12.0066,2.1473
2010-12-31,11.9755,2.1418
2011-01-03,12.1154,2.1668
2011-01-04,12.1620,2.1751
2011-01-05,12.0821,2.1608
2011-01-06,11.9822,2.1430
2011-01-07,12.0088,2.1477
2011-01-10,11.9311,2.1338
2011-01-11,12.0554,2.1561
2011-01-12,12.1798,2.1783
2011-01-13,12.1665,2.1759
2011-01-14,12.1710,2.1767
2011-01-18,12.2442,2.1898
2011-01-19,12.2198,2.1855
2011-01-20,12.4329,2.2236
2011-01-21,12.3752,2.2133
2011-01-24,12.4463,2.2260
2011-01-25,12.7150,2.2740
2011-01-26,12.7283,2.2764
2011-01-27,12.7838,2.2864
2011-01-28,12.5906,2.2518
2011-01-31,12.4507,2.2268
2011-02-01,12.5084,2.2371
2011-02-02,12.4041,2.2184
2011-02-03,12.4174,2.2208
2011-02-04,12.4418,2.2252
2011-02-07,12.4507,2.2268
2011-02-08,12.5196,2.2391
2011-02-09,12.5973,2.2530
2011-02-10,12.3441,2.2077
2011-02-11,12.3664,2.2117
2011-02-14,12.1687,2.1763
2011-02-15,12.2020,2.1823
2011-02-16,12.1132,2.1664
2011-02-17,12.1576,2.1743
2011-02-18,12.2975,2.1994
2011-02-22,11.9178,2.1315
2011-02-23,11.7757,2.1060
2011-02-24,11.5670,2.0687
2011-02-25,11.4915,2.0552
2011-02-28,11.5425,2.0643
2011-03-01,11.5625,2.0679
2011-03-02,11.5402,2.0639
2011-03-03,11.5492,2.0655
2011-03-04,11.5625,2.0679
2011-03-07,11.5514,2.0659
2011-03-08,11.6447,2.0826
2011-03-09,11.7777,2.1064
2011-03-10,11.7732,2.1056
2011-03-11,11.7598,2.1032
2011-03-14,11.6995,2.0924
2011-03-15,11.6413,2.0820
2011-03-16,11.4893,2.0548
2011-03-17,11.4870,2.0544
2011-03-18,11.5205,2.0604
2011-03-21,11.6100,2.0764
2011-03-22,11.6279,2.0796
2011-03-23,11.5474,2.0652
2011-03-24,11.7598,2.1032
2011-03-25,11.7061,2.0936
2011-03-28,11.6704,2.0872
2011-03-29,11.6860,2.0900
2011-03-30,10.2996,1.9621
2011-03-31,10.2387,1.9504
2011-04-01,10.2544,1.9534
2011-04-04,10.3567,1.9729
2011-04-05,10.3744,1.9763
2011-04-06,10.4216,1.9853
2011-04-07,10.4255,1.9860
2011-04-08,10.3350,1.9688
2011-04-11,10.3901,1.9793
2011-04-12,10.5278,2.0055
2011-04-13,10.5494,2.0096
2011-04-14,10.5239,2.0048
2011-04-15,10.5337,2.0066
2011-04-18,10.4865,1.9977
2011-04-19,10.4944,1.9992
2011-04-20,10.5613,2.0119
2011-04-21,10.5396,2.0078
2011-04-25,10.4983,1.9999
2011-04-26,10.6045,2.0201
2011-04-27,10.7049,2.0393
2011-04-28,10.7580,2.0494
2011-04-29,10.8150,2.0602
2011-05-02,10.8268,2.0625
2011-05-03,10.9094,2.0782
2011-05-04,10.8917,2.0748
2011-05-05,10.8327,2.0636
2011-05-06,10.8229,2.0617
2011-05-09,10.8386,2.0647
2011-05-10,10.9232,2.0808
2011-05-11,10.9242,2.0810
2011-05-12,11.0331,2.1018
2011-05-13,11.0331,2.1018
2011-05-16,11.1004,2.1146
2011-05-17,10.9974,2.0950
2011-05-18,10.9262,2.0814
2011-05-19,10.9855,2.0927
2011-05-20,10.9479,2.0856
2011-05-23,10.9341,2.0829
2011-05-24,10.8469,2.0663
2011-05-25,10.8034,2.0580
2011-05-26,10.8152,2.0603
2011-05-27,10.8311,2.0633
2011-05-31,10.9341,2.0829
2011-06-01,10.7519,2.0482
2011-06-02,10.6034,2.0199
2011-06-03,8.6576,2.1228
2011-06-06,8.6737,2.1267
2011-06-07,8.6850,2.1295
2011-06-08,8.6624,2.1240
2011-06-09,8.6511,2.1212
2011-06-10,8.5059,2.0856
2011-06-13,8.4897,2.0816
2011-06-14,8.5365,2.0931
2011-06-15,8.4414,2.0698
2011-06-16,8.5237,2.0899
2011-06-17,8.5220,2.0895
2011-06-20,8.5575,2.0982
2011-06-21,8.5978,2.1081
2011-06-22,8.5527,2.0971
2011-06-23,8.5978,2.1081
2011-06-24,8.4559,2.0733
2011-06-27,8.4365,2.0686
2011-06-28,8.4752,2.0781
2011-06-29,8.4930,2.0824
2011-06-30,8.5737,2.1022
2011-07-01,8.6333,2.1168
2011-07-05,8.6140,2.1121
2011-07-06,8.6673,2.1252
2011-07-07,8.7914,2.1556
2011-07-08,8.7253,2.1394
2011-07-11,8.6914,2.1311
2011-07-12,8.7027,2.1339
2011-07-13,8.7156,2.1370
2011-07-14,8.6527,2.1216
2011-07-15,8.6527,2.1216
2011-07-18,8.6027,2.1093
2011-07-19,8.7076,2.1350
2011-07-20,8.6946,2.1319
2011-07-21,8.7882,2.1548
2011-07-22,8.7963,2.1568
2011-07-25,8.7076,2.1350
2011-07-26,8.6463,2.1200
2011-07-27,8.5914,2.1066
2011-07-28,8.5495,2.0963
2011-07-29,8.5043,2.0852
2011-08-01,8.4897,2.0816
2011-08-02,8.3381,2.0444
2011-08-03,8.2736,2.0286
2011-08-04,8.0832,1.9819
2011-08-05,8.2042,2.0116
2011-08-08,7.8928,1.9353
2011-08-09,8.1993,2.0104
2011-08-10,7.8670,1.9289
2011-08-11,8.0815,1.9815
2011-08-12,8.0848,1.9823
2011-08-15,8.1222,1.9915
2011-08-16,8.4375,2.0688
2011-08-17,8.3773,2.0541
2011-08-18,8.4163,2.0636
2011-08-19,8.4992,2.0839
2011-08-22,8.4813,2.0796
2011-08-23,8.6471,2.1202
2011-08-24,8.6731,2.1266
2011-08-25,8.5642,2.0999
2011-08-26,8.5967,2.1078
2011-08-29,8.6438,2.1194
2011-08-30,8.5837,2.1047
2011-08-31,8.6438,2.1194
2011-09-01,8.3381,1.9923
2011-09-02,8.2399,1.9688
2011-09-06,8.1845,1.9556
2011-09-07,8.3017,1.9836
2011-09-08,8.2684,1.9756
2011-09-09,8.1338,1.9435
2011-09-12,8.2066,1.9609
2011-09-13,8.1702,1.9522
2011-09-14,8.2668,1.9753
2011-09-15,8.3159,1.9870
2011-09-16,8.3381,1.9923
2011-09-19,8.3064,1.9847
2011-09-20,8.2810,1.9786
2011-09-21,8.1275,1.9420
2011-09-22,7.9627,1.9026
2011-09-23,8.0451,1.9223
2011-09-26,8.2082,1.9613
2011-09-27,8.2399,1.9688
2011-09-28,8.1259,1.9416
2011-09-29,8.2240,1.9650
2011-09-30,8.2193,1.9639
2011-10-03,8.2288,1.9662
2011-10-04,8.3745,2.0010
2011-10-05,8.3381,1.9923
2011-10-06,8.3539,1.9961
2011-10-07,8.5043,2.0320
2011-10-10,8.6801,2.0740
2011-10-11,8.6659,2.0706
2011-10-12,8.7419,2.0888
2011-10-13,8.7134,2.0820
2011-10-14,8.7831,2.0986
2011-10-17,8.6754,2.0729
2011-10-18,8.8511,2.1149
2011-10-19,8.9082,2.1285
2011-10-20,8.9272,2.1330
2011-10-21,9.0143,2.1538
2011-10-24,8.9921,2.1486
2011-10-25,8.9810,2.1459
2011-10-26,9.0855,2.1709
2011-10-27,9.1552,2.1875
2011-10-28,9.0507,2.1626
2011-10-31,8.9826,2.1463
2011-11-01,8.9050,2.1277
2011-11-02,9.0048,2.1516
2011-11-03,9.0935,2.1728
2011-11-04,9.1062,2.1758
2011-11-07,9.1758,2.1924
2011-11-08,9.3944,2.2447
2011-11-09,9.1932,2.1966
2011-11-10,9.2059,2.1996
2011-11-11,9.3754,2.2401
2011-11-14,9.3263,2.2284
2011-11-15,9.0998,2.1743
2011-11-16,8.9763,2.1448
2011-11-17,8.9842,2.1467
2011-11-18,9.0634,2.1656
2011-11-21,8.9731,2.1440
2011-11-22,9.0032,2.1512
2011-11-23,8.9699,2.1433
2011-11-25,9.0096,2.1527
2011-11-28,9.0666,2.1663
2011-11-29,9.2122,2.2011
2011-11-30,9.3278,2.2288
2011-12-01,9.2819,2.2178
2011-12-02,9.1996,2.1981
2011-12-05,9.2392,2.2076
2011-12-06,9.3089,2.2242
2011-12-07,9.3240,2.2279
2011-12-08,9.2200,2.2190
2011-12-09,9.2740,2.2320
2011-12-12,9.2375,2.2232
2011-12-13,9.1595,2.2045
2011-12-14,9.1675,2.2064
2011-12-15,9.2152,2.2179
2011-12-16,9.2661,2.2301
2011-12-19,9.1881,2.2114
2011-12-20,9.4124,2.2653
2011-12-21,9.4442,2.2730
2011-12-22,9.4124,2.2653
2011-12-23,9.5396,2.2960
2011-12-27,9.5141,2.2898
2011-12-28,9.4982,2.2860
2011-12-29,9.5396,2.2960
2011-12-30,9.5030,2.2872
2012-01-03,9.5936,2.3090
2012-01-04,9.4951,2.2852
2012-01-05,9.4489,2.2741
2012-01-06,9.3822,2.2581
2012-01-09,9.4108,2.2650
2012-01-10,9.3885,2.2596
2012-01-11,9.4457,2.2734
2012-01-12,9.4617,2.2772
2012-01-13,9.4681,2.2787
2012-01-17,9.5173,2.2906
2012-01-18,9.5428,2.2967
2012-01-19,9.6382,2.3197
2012-01-20,9.7018,2.3350
2012-01-23,9.6859,2.3312
2012-01-24,9.7622,2.3495
2012-01-25,9.7749,2.3526
2012-01-26,9.6954,2.3335
2012-01-27,9.6541,2.3235
2012-01-30,9.7479,2.3461
2012-01-31,9.7574,2.3484
2012-02-01,9.8879,2.3798
2012-02-02,9.8497,2.3706
2012-02-03,9.8640,2.3740
2012-02-06,9.8401,2.3683
2012-02-07,9.8099,2.3610
2012-02-08,9.7988,2.3583
2012-02-09,9.8528,2.3713
2012-02-10,9.8433,2.3691
2012-02-13,9.8258,2.3648
2012-02-14,9.8942,2.3813
2012-02-15,9.8211,2.3637
2012-02-16,9.8656,2.3744
2012-02-17,9.9355,2.3913
2012-02-21,9.5523,2.2990
2012-02-22,9.3186,2.2428
2012-02-23,9.3090,2.2405
2012-02-24,9.3488,2.2500
2012-02-27,9.2963,2.2374
2012-02-28,9.3711,2.2554
2012-02-29,9.3949,2.2611
2012-03-01,9.3535,2.2512
2012-03-02,9.3838,2.2585
2012-03-05,9.4457,2.2734
2012-03-06,9.3774,2.2569
2012-03-07,9.5189,2.2910
2012-03-08,9.5682,2.3028
2012-03-09,9.6179,2.3148
2012-03-12,9.7139,2.3379
2012-03-13,9.7651,2.3502
2012-03-14,9.7780,2.3533
2012-03-15,9.8019,2.3591
2012-03-16,9.7395,2.3441
2012-03-19,9.7235,2.3402
2012-03-20,9.7011,2.3348
2012-03-21,9.6947,2.3333
2012-03-22,9.7091,2.3368
2012-03-23,9.7251,2.3406
2012-03-26,9.7972,2.3579
2012-03-27,10.2123,2.2036
2012-03-28,10.2290,2.2072
2012-03-29,10.1671,2.1939
2012-03-30,10.2307,2.2076
2012-04-02,10.2574,2.2134
2012-04-03,10.1387,2.1878
2012-04-04,10.0735,2.1737
2012-04-05,10.1421,2.1885
2012-04-09,10.0518,2.1690
2012-04-10,10.0183,2.1618
2012-04-11,9.9966,2.1571
2012-04-12,10.0535,2.1694
2012-04-13,9.9916,2.1560
2012-04-16,10.1270,2.1852
2012-04-17,10.3426,2.2318
2012-04-18,10.3744,2.2386
2012-04-19,10.3226,2.2274
2012-04-20,10.4396,2.2527
2012-04-23,9.9532,2.1477
2012-04-24,9.6573,2.0839
2012-04-25,9.5887,2.0691
2012-04-26,9.8545,2.1264
2012-04-27,9.8679,2.1293
2012-04-30,9.8478,2.1250
2012-05-01,9.8746,2.1308
2012-05-02,9.8646,2.1286
2012-05-03,9.8612,2.1279
2012-05-04,9.8127,2.1174
2012-05-07,9.8946,2.1351
2012-05-08,9.8713,2.1300
2012-05-09,9.9348,2.1438
2012-05-10,9.9618,2.1496
2012-05-11,10.0005,2.1579
2012-05-14,9.9416,2.1452
2012-05-15,9.9887,2.1554
2012-05-16,9.9618,2.1496
2012-05-17,10.3809,2.2400
2012-05-18,10.5071,2.2672
2012-05-21,10.6097,2.2894
2012-05-22,10.7259,2.3145
2012-05-23,10.8690,2.3453
2012-05-24,10.9514,2.3631
2012-05-25,10.9918,2.3718
2012-05-29,11.0541,2.3853
2012-05-30,11.0137,2.3766
2012-05-31,11.0776,2.3904
2012-06-01,10.7469,2.4465
2012-06-04,10.8190,2.4629
2012-06-05,10.7386,2.4446
2012-06-06,10.8092,2.4607
2012-06-07,10.7994,2.4585
2012-06-08,11.1846,2.5462
2012-06-11,11.0715,2.5204
2012-06-12,11.1027,2.5275
2012-06-13,10.9961,2.5033
2012-06-14,11.0879,2.5242
2012-06-15,11.1076,2.5286
2012-06-18,11.1682,2.5424
2012-06-19,11.1174,2.5309
2012-06-20,11.2338,2.5574
2012-06-21,11.0994,2.5268
2012-06-22,11.0338,2.5118
2012-06-25,11.1780,2.5447
2012-06-26,11.2437,2.5596
2012-06-27,11.2453,2.5600
2012-06-28,11.1978,2.5492
2012-06-29,11.4305,2.6022
2012-07-02,11.3699,2.5883
2012-07-03,11.5994,2.6406
2012-07-05,11.6535,2.6529
2012-07-06,11.6994,2.6634
2012-07-09,11.7650,2.6783
2012-07-10,11.8224,2.6914
2012-07-11,11.8470,2.6970
2012-07-12,11.8552,2.6988
2012-07-13,11.9978,2.7313
2012-07-16,11.9650,2.7238
2012-07-17,11.9847,2.7283
2012-07-18,11.9437,2.7190
2012-07-19,11.7273,2.6697
2012-07-20,11.8453,2.6966
2012-07-23,11.7797,2.6816
2012-07-24,11.8273,2.6925
2012-07-25,11.8175,2.6902
2012-07-26,12.0782,2.7496
2012-07-27,12.2175,2.7813
2012-07-30,12.2929,2.7985
2012-07-31,12.2028,2.7780
2012-08-01,12.0700,2.7477
2012-08-02,12.1404,2.7638
2012-08-03,12.2224,2.7824
2012-08-06,12.1781,2.7723
2012-08-07,12.1306,2.7615
2012-08-08,12.2490,2.7885
2012-08-09,12.1731,2.7712
2012-08-10,12.1451,2.7648
2012-08-13,12.0989,2.7543
2012-08-14,12.1995,2.7772
2012-08-15,12.2720,2.7937
2012-08-16,11.8929,2.7074
2012-08-17,11.8666,2.7014
2012-08-20,11.9176,2.7130
2012-08-21,11.7742,2.6804
2012-08-22,11.8303,2.6932
2012-08-23,11.7956,2.6853
2012-08-24,11.8863,2.7059
2012-08-27,11.9506,2.7206
2012-08-28,11.9357,2.7172
2012-08-29,11.9951,2.7307
2012-08-30,11.9094,2.7112
2012-08-31,11.9671,2.7243
2012-09-04,12.1171,2.7585
2012-09-05,12.1237,2.7600
2012-09-06,12.0967,2.7368
2012-09-07,11.9366,2.7005
2012-09-10,11.8865,2.6892
2012-09-11,11.9755,2.7093
2012-09-12,11.9771,2.7097
2012-09-13,12.1501,2.7488
2012-09-14,12.0466,2.7254
2012-09-17,11.9642,2.7068
2012-09-18,11.9577,2.7053
2012-09-19,12.0256,2.7207
2012-09-20,12.0870,2.7346
2012-09-21,12.0385,2.7236
2012-09-24,12.0854,2.7342
2012-09-25,12.0078,2.7166
2012-09-26,11.9965,2.7141
2012-09-27,11.9625,2.7064
2012-09-28,11.9334,2.6998
2012-10-01,11.9739,2.7090
2012-10-02,11.9253,2.6980
2012-10-03,11.9981,2.7144
2012-10-04,12.0822,2.7335
2012-10-05,12.1485,2.7485
2012-10-08,12.1679,2.7529
2012-10-09,11.9884,2.7122
2012-10-10,12.1953,2.7591
2012-10-11,12.1291,2.7441
2012-10-12,12.2585,2.7733
2012-10-15,12.4751,2.8224
2012-10-16,12.4363,2.8136
2012-10-17,12.4557,2.8180
2012-10-18,12.3797,2.8008
2012-10-19,12.2277,2.7664
2012-10-22,12.2326,2.7675
2012-10-23,12.0887,2.7349
2012-10-24,12.0984,2.7371
2012-10-25,12.1792,2.7554
2012-10-26,12.1452,2.7477
2012-10-31,12.1307,2.7444
2012-11-01,11.8768,2.6870
2012-11-02,11.7668,2.6621
2012-11-05,11.8267,2.6757
2012-11-06,11.9269,2.6983
2012-11-07,11.8218,2.6746
2012-11-08,11.7200,2.6515
2012-11-09,11.6925,2.6453
2012-11-12,11.7200,2.6515
2012-11-13,11.6116,2.6270
2012-11-14,11.5308,2.6087
2012-11-15,11.1120,2.5140
2012-11-16,11.0004,2.4887
2012-11-19,11.1605,2.5249
2012-11-20,11.1573,2.5242
2012-11-21,11.1395,2.5202
2012-11-23,11.3513,2.5681
2012-11-26,11.3044,2.5575
2012-11-27,11.2381,2.5425
2012-11-28,11.4095,2.5813
2012-11-29,11.4532,2.5912
2012-11-30,11.6456,2.6347
2012-12-03,11.5356,2.6098
2012-12-04,11.3732,2.4972
2012-12-05,11.3618,2.4947
2012-12-06,11.3523,2.4927
2012-12-07,11.4633,2.5170
2012-12-10,11.4411,2.5121
2012-12-11,11.2413,2.4683
2012-12-12,10.9321,2.4004
2012-12-13,10.9480,2.4039
2012-12-14,10.9019,2.3938
2012-12-17,10.9733,2.4094
2012-12-18,11.0209,2.4199
2012-12-19,10.8655,2.3858
2012-12-20,10.9416,2.4025
2012-12-21,10.8861,2.3903
2012-12-24,10.8734,2.3875
2012-12-26,10.7814,2.3673
2012-12-27,10.8132,2.3743
2012-12-28,10.7212,2.3541
2012-12-31,10.8195,2.3757
2013-01-02,10.9796,2.4108
2013-01-03,10.9099,2.3955
2013-01-04,10.9511,2.4046
2013-01-07,10.8465,2.3816
2013-01-08,10.8766,2.3882
2013-01-09,10.8734,2.3875
2013-01-10,10.8401,2.3802
2013-01-11,10.8829,2.3896
2013-01-14,10.8306,2.3781
2013-01-15,10.9384,2.4018
2013-01-16,10.9749,2.4098
2013-01-17,10.9178,2.3972
2013-01-18,10.9733,2.4094
2013-01-22,11.0336,2.4227
2013-01-23,11.0193,2.4195
2013-01-24,11.0668,2.4300
2013-01-25,10.9416,2.4025
2013-01-28,10.9971,2.4147
2013-01-29,11.0827,2.4335
2013-01-30,11.0605,2.4286
2013-01-31,11.0922,2.4355
2013-02-01,11.1779,2.4543
2013-02-04,11.0415,2.4244
2013-02-05,11.2223,2.4641
2013-02-06,11.3079,2.4829
2013-02-07,11.2952,2.4801
2013-02-08,11.3349,2.4888
2013-02-11,11.3222,2.4860
2013-02-12,11.3222,2.4860
2013-02-13,11.3206,2.4857
2013-02-14,11.2302,2.4658
2013-02-15,10.9892,2.4129
2013-02-19,10.9035,2.3941
2013-02-20,10.9749,2.4098
2013-02-21,11.1414,2.4463
2013-02-22,11.1636,2.4512
2013-02-25,11.1700,2.4526
2013-02-26,11.2762,2.4759
2013-02-27,11.3634,2.4951
2013-02-28,11.2238,2.4644
2013-03-01,11.3761,2.4979
2013-03-04,11.6171,2.5508
2013-03-05,11.6900,2.5668
2013-03-06,11.6362,2.5550
2013-03-07,11.6266,2.5529
2013-03-08,11.6553,2.5592
2013-03-11,11.6474,2.5574
2013-03-12,11.7463,2.5792
2013-03-13,11.7543,2.5809
2013-03-14,11.6856,2.5658
2013-03-15,11.5708,2.5406
2013-03-18,11.5309,2.5319
2013-03-19,11.5628,2.5389
2013-03-20,11.6490,2.5578
2013-03-21,11.6713,2.5627
2013-03-22,11.8548,2.6030
2013-03-25,11.9458,2.6230
2013-03-26,11.5290,2.4960
2013-03-27,11.5305,2.4963
2013-03-28,11.5382,2.4980
2013-04-01,11.6307,2.5180
2013-04-02,11.7217,2.5377
2013-04-03,11.7186,2.5370
2013-04-04,11.7494,2.5437
2013-04-05,11.7788,2.5501
2013-04-08,11.9175,2.5801
2013-04-09,12.0455,2.6078
2013-04-10,11.9298,2.5828
2013-04-11,11.9946,2.5968
2013-04-12,12.1133,2.6225
2013-04-15,12.0994,2.6195
2013-04-16,12.1318,2.6265
2013-04-17,12.1056,2.6208
2013-04-18,11.8975,2.5758
2013-04-19,12.0717,2.6135
2013-04-22,12.0224,2.6028
2013-04-23,12.1951,2.6402
2013-04-24,12.0316,2.6048
2013-04-25,12.1272,2.6255
2013-04-26,12.1874,2.6385
2013-04-29,12.0871,2.6168
2013-04-30,11.9838,2.5945
2013-05-01,12.0362,2.6058
2013-05-02,12.0979,2.6192
2013-05-03,12.2197,2.6455
2013-05-06,12.1550,2.6315
2013-05-07,12.1550,2.6315
2013-05-08,12.1379,2.6278
2013-05-09,12.1612,2.6329
2013-05-10,12.2372,2.6493
2013-05-13,12.1767,2.6362
2013-05-14,12.2201,2.6456
2013-05-15,12.3877,2.6819
2013-05-16,12.1767,2.6362
2013-05-17,12.0789,2.6151
2013-05-20,12.0060,2.5993
2013-05-21,12.0045,2.5989
2013-05-22,11.9487,2.5869
2013-05-23,11.8401,2.5633
2013-05-24,11.9921,2.5963
2013-05-28,11.9937,2.5966
2013-05-29,11.8245,2.5600
2013-05-30,11.7315,2.5398
2013-05-31,11.6090,2.5133
2013-06-03,11.7408,2.5419
2013-06-04,11.7796,2.5503
2013-06-05,11.6726,2.5271
2013-06-06,11.7315,2.5398
2013-06-07,11.7233,2.7724
2013-06-10,11.6343,2.7513
2013-06-11,11.5575,2.7332
2013-06-12,11.4945,2.7183
2013-06-13,11.5191,2.7241
2013-06-14,11.4991,2.7193
2013-06-17,11.5114,2.7223
2013-06-18,11.6312,2.7506
2013-06-19,11.4361,2.7045
2013-06-20,11.2164,2.6525
2013-06-21,11.2902,2.6699
2013-06-24,11.3962,2.6950
2013-06-25,11.4222,2.7012
2013-06-26,11.5206,2.7244
2013-06-27,11.5590,2.7335
2013-06-28,11.4407,2.7055
2013-07-01,11.4561,2.7092
2013-07-02,11.4745,2.7135
2013-07-03,11.4822,2.7154
2013-07-05,11.5513,2.7317
2013-07-08,11.7817,2.7862
2013-07-09,11.8308,2.7978
2013-07-10,11.7909,2.7884
2013-07-11,11.9230,2.8196
2013-07-12,11.9230,2.8196
2013-07-15,11.8308,2.7978
2013-07-16,11.8830,2.8101
2013-07-17,11.8569,2.8040
2013-07-18,11.8785,2.8091
2013-07-19,11.9921,2.8359
2013-07-22,11.9598,2.8283
2013-07-23,12.0643,2.8530
2013-07-24,12.0151,2.8414
2013-07-25,11.9814,2.8334
2013-07-26,11.9798,2.8330
2013-07-29,11.9783,2.8327
2013-07-30,11.9629,2.8290
2013-07-31,11.9706,2.8309
2013-08-01,12.0136,2.8410
2013-08-02,12.0950,2.8603
2013-08-05,12.0980,2.8610
2013-08-06,11.9598,2.8283
2013-08-07,11.9552,2.8272
2013-08-08,11.9367,2.8228
2013-08-09,11.8826,2.8100
2013-08-12,11.9104,2.8166
2013-08-13,11.8764,2.8086
2013-08-14,11.8053,2.7918
2013-08-15,11.4978,2.7190
2013-08-16,11.4515,2.7081
2013-08-19,11.3696,2.6887
2013-08-20,11.3155,2.6759
2013-08-21,11.3649,2.6876
2013-08-22,11.3510,2.6843
2013-08-23,11.3479,2.6836
2013-08-26,11.2846,2.6686
2013-08-27,11.2583,2.6624
2013-08-28,11.1841,2.6449
2013-08-29,11.1919,2.6467
2013-08-30,11.2769,2.6668
2013-09-03,11.2305,2.6558
2013-09-04,11.2660,2.6642
2013-09-05,11.0976,2.5863
2013-09-06,11.0854,2.5834
2013-09-09,11.2259,2.6162
2013-09-10,11.2946,2.6322
2013-09-11,11.3084,2.6354
2013-09-12,11.2870,2.6304
2013-09-13,11.3557,2.6464
2013-09-16,11.4198,2.6614
2013-09-17,11.4764,2.6746
2013-09-18,11.6703,2.7197
2013-09-19,11.6382,2.7123
2013-09-20,11.5802,2.6987
2013-09-23,11.6703,2.7197
2013-09-24,11.5680,2.6959
2013-09-25,11.4000,2.6568
2013-09-26,11.3954,2.6557
2013-09-27,11.3557,2.6464
2013-09-30,11.2946,2.6322
2013-10-01,11.2381,2.6190
2013-10-02,11.2580,2.6236
2013-10-03,11.1725,2.6037
2013-10-04,11.1175,2.5909
2013-10-07,10.9754,2.5578
2013-10-08,11.1327,2.5945
2013-10-09,11.1480,2.5980
2013-10-10,11.4214,2.6617
2013-10-11,11.4260,2.6628
2013-10-14,11.4046,2.6578
2013-10-15,11.3573,2.6468
2013-10-16,11.5451,2.6906
2013-10-17,11.5726,2.6970
2013-10-18,11.5619,2.6945
2013-10-21,11.4764,2.6746
2013-10-22,11.6550,2.7162
2013-10-23,11.5909,2.7012
2013-10-24,11.6703,2.7197
2013-10-25,11.6184,2.7076
2013-10-28,11.7802,2.7454
2013-10-29,11.7680,2.7425
2013-10-30,11.7451,2.7372
2013-10-31,11.7207,2.7315
2013-11-01,11.7695,2.7429
2013-11-04,11.8092,2.7521
2013-11-05,11.8230,2.7553
2013-11-06,11.9360,2.7817
2013-11-07,11.8367,2.7585
2013-11-08,11.9055,2.7746
2013-11-11,12.0658,2.8119
2013-11-12,12.0200,2.8012
2013-11-13,12.0490,2.8080
2013-11-14,12.0765,2.8144
2013-11-15,12.0979,2.8194
2013-11-18,12.0979,2.8194
2013-11-19,12.1025,2.8205
2013-11-20,12.0490,2.8080
2013-11-21,12.0429,2.8066
2013-11-22,12.1880,2.8404
2013-11-25,12.2827,2.8625
2013-11-26,12.3209,2.8714
2013-11-27,12.3590,2.8802
2013-11-29,12.3712,2.8831
2013-12-02,12.3865,2.8867
2013-12-03,12.4018,2.8902
2013-12-04,12.3219,2.8716
2013-12-05,12.2021,2.8437
2013-12-06,12.1369,2.7772
2013-12-09,12.1385,2.7775
2013-12-10,12.0064,2.7473
2013-12-11,12.0079,2.7476
2013-12-12,11.9183,2.7271
2013-12-13,11.8546,2.7125
2013-12-16,11.8029,2.7007
2013-12-17,11.7286,2.6837
2013-12-18,11.8333,2.7077
2013-12-19,11.7271,2.6834
2013-12-20,11.7559,2.6900
2013-12-23,11.8227,2.7052
2013-12-24,11.8439,2.7101
2013-12-26,11.9016,2.7233
2013-12-27,11.9138,2.7261
2013-12-30,11.9381,2.7317
2013-12-31,11.9472,2.7337
2014-01-02,11.9806,2.7414
2014-01-03,11.9411,2.7323
2014-01-06,11.8743,2.7171
2014-01-07,11.9108,2.7254
2014-01-08,11.8166,2.7039
2014-01-09,11.8561,2.7129
2014-01-10,11.8485,2.7112
2014-01-13,11.7650,2.6920
2014-01-14,11.8364,2.7084
2014-01-15,11.7908,2.6980
2014-01-16,11.6542,2.6667
2014-01-17,11.5676,2.6469
2014-01-21,11.5145,2.6347
2014-01-22,11.4401,2.6177
2014-01-23,11.3809,2.6042
2014-01-24,11.2989,2.5854
2014-01-27,11.2579,2.5760
2014-01-28,11.3368,2.5941
2014-01-29,11.2503,2.5743
2014-01-30,11.3490,2.5968
2014-01-31,11.3384,2.5944
2014-02-03,11.0317,2.5242
2014-02-04,11.0423,2.5267
2014-02-05,11.0635,2.5315
2014-02-06,11.0560,2.5298
2014-02-07,11.1972,2.5621
2014-02-10,11.1987,2.5625
2014-02-11,11.3566,2.5986
2014-02-12,11.3809,2.6042
2014-02-13,11.4416,2.6181
2014-02-14,11.5069,2.6330
2014-02-18,11.4371,2.6170
2014-02-19,11.3642,2.6003
2014-02-20,11.1623,2.5541
2014-02-21,11.1015,2.5402
2014-02-24,11.1364,2.5482
2014-02-25,11.1364,2.5482
2014-02-26,11.3535,2.5979
2014-02-27,11.3201,2.5902
2014-02-28,11.3414,2.5951
2014-03-03,11.2534,2.5750
2014-03-04,11.4066,2.6100
2014-03-05,11.3566,2.5986
2014-03-06,11.3687,2.6014
2014-03-07,11.3962,2.6077
2014-03-10,11.3733,2.6024
2014-03-11,11.4482,2.6195
2014-03-12,11.5414,2.6409
2014-03-13,11.4497,2.6199
2014-03-14,11.3504,2.5972
2014-03-17,11.4115,2.6112
2014-03-18,11.4253,2.6143
2014-03-19,11.3657,2.6007
2014-03-20,11.5184,2.6356
2014-03-21,12.3672,2.5557
2014-03-24,12.4744,2.5779
2014-03-25,12.4923,2.5816
2014-03-26,12.3883,2.5601
2014-03-27,12.3737,2.5571
2014-03-28,12.3526,2.5527
2014-03-31,12.4208,2.5668
2014-04-01,12.4761,2.5782
2014-04-02,12.5427,2.5920
2014-04-03,12.5882,2.6014
2014-04-04,12.5639,2.5964
2014-04-07,12.5639,2.5964
2014-04-08,12.7052,2.6256
2014-04-09,12.6711,2.6185
2014-04-10,12.4956,2.5823
2014-04-11,12.4322,2.5692
2014-04-14,12.5752,2.5987
2014-04-15,12.4940,2.5819
2014-04-16,12.5492,2.5933
2014-04-17,12.6207,2.6081
2014-04-21,12.6109,2.6061
2014-04-22,12.6044,2.6048
2014-04-23,12.6824,2.6209
2014-04-24,12.7263,2.6299
2014-04-25,12.7767,2.6404
2014-04-28,12.9620,2.6786
2014-04-29,12.9473,2.6756
2014-04-30,12.9539,2.6770
2014-05-01,12.9523,2.6766
2014-05-02,12.8580,2.6571
2014-05-05,12.7767,2.6404
2014-05-06,12.6776,2.6199
2014-05-07,12.7479,2.6344
2014-05-08,12.8672,2.6591
2014-05-09,12.9507,2.6763
2014-05-12,12.9425,2.6746
2014-05-13,12.9408,2.6743
2014-05-14,12.8754,2.6608
2014-05-15,12.5631,2.5962
2014-05-16,12.5926,2.6023
2014-05-19,12.5272,2.5888
2014-05-20,12.3767,2.5577
2014-05-21,12.3718,2.5567
2014-05-22,12.3277,2.5476
2014-05-23,12.3636,2.5550
2014-05-27,12.3604,2.5543
2014-05-28,12.3505,2.5523
2014-05-29,12.4241,2.5675
2014-05-30,12.5533,2.5942
2014-06-02,12.5517,2.5939
2014-06-03,12.5435,2.5922
2014-06-04,12.6122,2.6064
2014-06-05,12.6432,2.6128
2014-06-06,12.7034,2.7174
2014-06-09,12.6705,2.7104
2014-06-10,12.6062,2.6966
2014-06-11,12.5306,2.6805
2014-06-12,12.4598,2.6653
2014-06-13,12.3858,2.6495
2014-06-16,12.3957,2.6516
2014-06-17,12.3381,2.6393
2014-06-18,12.4549,2.6643
2014-06-19,12.4829,2.6703
2014-06-20,12.4516,2.6636
2014-06-23,12.4697,2.6674
2014-06-24,12.4993,2.6738
2014-06-25,12.4418,2.6615
2014-06-26,12.3249,2.6365
2014-06-27,12.3957,2.6516
2014-06-30,12.3513,2.6421
2014-07-01,12.3858,2.6495
2014-07-02,12.4418,2.6615
2014-07-03,12.4631,2.6660
2014-07-07,12.5158,2.6773
2014-07-08,12.6112,2.6977
2014-07-09,12.7034,2.7174
2014-07-10,12.6787,2.7121
2014-07-11,12.6392,2.7037
2014-07-14,12.5947,2.6942
2014-07-15,12.6425,2.7044
2014-07-16,12.6458,2.7051
2014-07-17,12.6046,2.6963
2014-07-18,12.6836,2.7132
2014-07-21,12.6309,2.7019
2014-07-22,12.6096,2.6974
2014-07-23,12.6672,2.7097
2014-07-24,12.5618,2.6871
2014-07-25,12.4993,2.6738
2014-07-28,12.4566,2.6646
2014-07-29,12.4121,2.6551
2014-07-30,12.3035,2.6319
2014-07-31,12.1061,2.5896
2014-08-01,12.0995,2.5882
2014-08-04,12.0995,2.5882
2014-08-05,12.0666,2.5812
2014-08-06,12.2886,2.6287
2014-08-07,12.2471,2.6198
2014-08-08,12.3664,2.6453
2014-08-11,12.3150,2.6343
2014-08-12,12.2918,2.6294
2014-08-13,12.2604,2.6227
2014-08-14,12.3200,2.6354
2014-08-15,12.2388,2.6180
2014-08-18,12.3366,2.6390
2014-08-19,12.4011,2.6528
2014-08-20,12.4144,2.6556
2014-08-21,12.5121,2.6765
2014-08-22,12.5419,2.6829
2014-08-25,12.5353,2.6815
2014-08-26,12.5072,2.6754
2014-08-27,12.5618,2.6871
2014-08-28,12.5701,2.6889
2014-08-29,12.5038,2.6747
2014-09-02,12.5453,2.6836
2014-09-03,12.5883,2.6928
2014-09-04,12.6794,2.7123
2014-09-05,12.7840,2.5806
2014-09-08,12.6224,2.5479
2014-09-09,12.6570,2.5549
2014-09-10,12.6191,2.5473
2014-09-11,12.5515,2.5336
2014-09-12,12.4970,2.5226
2014-09-15,12.5036,2.5239
2014-09-16,12.5877,2.5409
2014-09-17,12.5746,2.5383
2014-09-18,12.5712,2.5376
2014-09-19,12.6735,2.5582
2014-09-22,12.5861,2.5406
2014-09-23,12.4690,2.5170
2014-09-24,12.7131,2.5662
2014-09-25,12.5547,2.5343
2014-09-26,12.6158,2.5466
2014-09-29,12.5481,2.5329
2014-09-30,12.6124,2.5459
2014-10-01,12.5547,2.5343
2014-10-02,12.5729,2.5379
2014-10-03,12.7526,2.5742
2014-10-06,12.7576,2.5752
2014-10-07,12.7494,2.5736
2014-10-08,12.9044,2.6049
2014-10-09,12.8417,2.5922
2014-10-10,12.9126,2.6065
2014-10-13,12.7923,2.5822
2014-10-14,12.8615,2.5962
2014-10-15,12.4030,2.5036
2014-10-16,12.1754,2.4577
2014-10-17,12.2216,2.4670
2014-10-20,12.3931,2.5017
2014-10-21,12.5383,2.5309
2014-10-22,12.5399,2.5313
2014-10-23,12.5762,2.5386
2014-10-24,12.5977,2.5429
2014-10-27,12.6323,2.5499
2014-10-28,12.5927,2.5419
2014-10-29,12.5993,2.5433
2014-10-30,12.6092,2.5453
2014-10-31,12.5795,2.5393
2014-11-03,12.5811,2.5396
2014-11-04,12.7428,2.5722
2014-11-05,12.8154,2.5869
2014-11-06,12.8335,2.5905
2014-11-07,12.9918,2.6225
2014-11-10,13.1023,2.6448
2014-11-11,13.0314,2.6305
2014-11-12,13.0628,2.6368
2014-11-13,13.6796,2.7613
2014-11-14,13.6829,2.7620
2014-11-17,13.7835,2.7823
2014-11-18,13.8198,2.7896
2014-11-19,14.0177,2.8296
2014-11-20,13.9501,2.8159
2014-11-21,13.9616,2.8183
2014-11-24,14.0853,2.8432
2014-11-25,14.0111,2.8283
2014-11-26,14.0160,2.8292
2014-11-28,14.4383,2.9145
2014-12-01,14.1914,2.8217
2014-12-02,14.2210,2.8276
2014-12-03,14.0589,2.7953
2014-12-04,14.0291,2.7894
2014-12-05,13.9231,2.7683
2014-12-08,13.9413,2.7719
2014-12-09,13.8304,2.7499
2014-12-10,13.7345,2.7308
2014-12-11,13.8751,2.7588
2014-12-12,13.8718,2.7581
2014-12-15,13.8933,2.7624
2014-12-16,13.7311,2.7302
2014-12-17,13.9413,2.7719
2014-12-18,14.2244,2.8282
2014-12-19,14.0953,2.8025
2014-12-22,14.2972,2.8427
2014-12-23,14.3436,2.8519
2014-12-24,14.3055,2.8443
2014-12-26,14.3849,2.8601
2014-12-29,14.3402,2.8513
2014-12-30,14.3651,2.8562
2014-12-31,14.2145,2.8262
2015-01-02,14.2177,2.8269
2015-01-05,14.1764,2.8187
2015-01-06,14.2856,2.8404
2015-01-07,14.6647,2.9158
2015-01-08,14.9742,2.9773
2015-01-09,14.7888,2.9404
2015-01-12,14.8997,2.9625
2015-01-13,14.7821,2.9391
2015-01-14,14.3353,2.8503
2015-01-15,14.4627,2.8756
2015-01-16,14.3618,2.8555
2015-01-20,14.3485,2.8529
2015-01-21,14.3402,2.8513
2015-01-22,14.6150,2.9059
2015-01-23,14.6498,2.9128
2015-01-26,14.6696,2.9167
2015-01-27,14.4875,2.8805
2015-01-28,14.3700,2.8572
2015-01-29,14.5190,2.8868
2015-01-30,14.0655,2.7966
2015-02-02,14.1863,2.8207
2015-02-03,14.2657,2.8364
2015-02-04,14.3419,2.8516
2015-02-05,14.4462,2.8723
2015-02-06,14.4545,2.8740
2015-02-09,14.2194,2.8272
2015-02-10,14.4478,2.8726
2015-02-11,14.2906,2.8414
2015-02-12,14.2161,2.8266
2015-02-13,14.2028,2.8239
2015-02-17,14.2277,2.8289
2015-02-18,14.2823,2.8397
2015-02-19,13.8239,2.7486
2015-02-20,13.9530,2.7743
2015-02-23,14.0026,2.7841
2015-02-24,13.9976,2.7831
2015-02-25,13.8321,2.7502
2015-02-26,13.8701,2.7578
2015-02-27,13.8917,2.7621
2015-03-02,13.8966,2.7631
2015-03-03,13.7990,2.7436
2015-03-04,13.6683,2.7176
2015-03-05,13.8321,2.7502
2015-03-06,13.6699,2.7180
2015-03-09,13.7179,2.7275
2015-03-10,13.5839,2.7009
2015-03-11,13.4356,2.6714
2015-03-12,13.6371,2.7114
2015-03-13,13.6371,2.7114
2015-03-16,13.8685,2.7575
2015-03-17,13.7570,2.7353
2015-03-18,13.7420,2.7323
2015-03-19,13.5738,2.6989
2015-03-20,13.8602,2.7558
2015-03-23,13.8719,2.7581
2015-03-24,13.8286,2.7495
2015-03-25,13.5405,2.6922
2015-03-26,13.6354,2.7111
2015-03-27,13.5456,2.6932
2015-03-30,13.7420,2.7323
2015-03-31,13.6954,2.7230
2015-04-01,12.9866,2.5994
2015-04-02,12.9898,2.6000
2015-04-06,13.0316,2.6084
2015-04-07,12.9528,2.5926
2015-04-08,13.0381,2.6097
2015-04-09,13.0075,2.6035
2015-04-10,12.9769,2.5974
2015-04-13,12.9190,2.5858
2015-04-14,12.8964,2.5813
2015-04-15,12.8305,2.5681
2015-04-16,12.7501,2.5520
2015-04-17,12.5312,2.5082
2015-04-20,12.5730,2.5166
2015-04-21,12.5553,2.5130
2015-04-22,12.6197,2.5259
2015-04-23,12.7404,2.5501
2015-04-24,12.8466,2.5713
2015-04-27,12.7710,2.5562
2015-04-28,12.7275,2.5475
2015-04-29,12.5312,2.5082
2015-04-30,12.5585,2.5137
2015-05-01,12.6470,2.5314
2015-05-04,12.7404,2.5501
2015-05-05,12.5714,2.5163
2015-05-06,12.5730,2.5166
2015-05-07,12.6346,2.5289
2015-05-08,12.7155,2.5451
2015-05-11,12.6459,2.5312
2015-05-12,12.7852,2.5590
2015-05-13,12.6556,2.5331
2015-05-14,12.7463,2.5513
2015-05-15,12.8305,2.5681
2015-05-18,12.9406,2.5902
2015-05-19,12.3755,2.4770
2015-05-20,12.2897,2.4599
2015-05-21,12.3237,2.4667
2015-05-22,12.2832,2.4586
2015-05-26,12.1278,2.4275
2015-05-27,12.1747,2.4369
2015-05-28,12.1180,2.4255
2015-05-29,12.0258,2.4071
2015-06-01,12.1002,2.4219
2015-06-02,12.0678,2.4155
2015-06-03,12.1262,2.4271
2015-06-04,12.0064,2.4032
2015-06-05,12.0203,2.5126
2015-06-08,11.9462,2.4971
2015-06-09,11.9232,2.4923
2015-06-10,11.9989,2.5081
2015-06-11,12.0005,2.5085
2015-06-12,11.9166,2.4909
2015-06-15,11.8344,2.4737
2015-06-16,11.9034,2.4882
2015-06-17,11.9660,2.5012
2015-06-18,12.0071,2.5098
2015-06-19,11.9676,2.5016
2015-06-22,11.9759,2.5033
2015-06-23,11.9396,2.4957
2015-06-24,11.9084,2.4892
2015-06-25,11.8228,2.4713
2015-06-26,11.8656,2.4803
2015-06-29,11.7505,2.4562
2015-06-30,11.6698,2.4393
2015-07-01,11.8261,2.4720
2015-07-02,11.8228,2.4713
2015-07-06,11.9331,2.4943
2015-07-07,12.1403,2.5377
2015-07-08,12.0203,2.5126
2015-07-09,11.9742,2.5030
2015-07-10,12.0301,2.5146
2015-07-13,12.1552,2.5408
2015-07-14,12.1403,2.5377
2015-07-15,12.1173,2.5329
2015-07-16,12.1469,2.5390
2015-07-17,12.0745,2.5239
2015-07-20,12.0269,2.5140
2015-07-21,11.9676,2.5016
2015-07-22,12.0367,2.5160
2015-07-23,11.9298,2.4937
2015-07-24,11.7768,2.4617
2015-07-27,11.7439,2.4548
2015-07-28,11.8623,2.4796
2015-07-29,11.8837,2.4840
2015-07-30,11.8722,2.4816
2015-07-31,11.8426,2.4754
2015-08-03,11.8755,2.4823
2015-08-04,11.8870,2.4847
2015-08-05,12.1769,2.5453
2015-08-06,12.0576,2.5204
2015-08-07,11.8025,2.4671
2015-08-10,11.8406,2.4750
2015-08-11,11.9151,2.4906
2015-08-12,12.0228,2.5131
2015-08-13,11.9449,2.4968
2015-08-14,11.9897,2.5062
2015-08-17,11.9118,2.4899
2015-08-18,11.5093,2.4058
2015-08-19,11.3586,2.3743
2015-08-20,11.3354,2.3694
2015-08-21,11.0223,2.3040
2015-08-24,10.5933,2.2143
2015-08-25,10.4525,2.1849
2015-08-26,10.7390,2.2448
2015-08-27,10.9461,2.2880
2015-08-28,10.7573,2.2486
2015-08-31,10.7225,2.2413
2015-09-01,10.5717,2.2098
2015-09-02,10.6744,2.2313
2015-09-03,10.7440,2.2458
2015-09-04,10.5834,2.2122
2015-09-08,10.9958,2.2984
2015-09-09,11.1924,2.1792
2015-09-10,11.0206,2.1457
2015-09-11,11.1116,2.1635
2015-09-14,11.0481,2.1511
2015-09-15,11.0550,2.1524
2015-09-16,11.1185,2.1648
2015-09-17,11.0807,2.1575
2015-09-18,10.8865,2.1196
2015-09-21,10.9518,2.1324
2015-09-22,10.9295,2.1280
2015-09-23,10.9518,2.1324
2015-09-24,10.9707,2.1360
2015-09-25,10.9622,2.1344
2015-09-28,10.9415,2.1303
2015-09-29,10.9622,2.1344
2015-09-30,11.1443,2.1698
2015-10-01,11.0463,2.1508
2015-10-02,11.1684,2.1745
2015-10-05,11.3213,2.2043
2015-10-06,11.2887,2.1980
2015-10-07,11.4056,2.2207
2015-10-08,11.4949,2.2381
2015-10-09,11.4623,2.2317
2015-10-12,11.5035,2.2398
2015-10-13,11.4691,2.2331
2015-10-14,10.3176,2.0089
2015-10-15,10.1973,1.9855
2015-10-16,10.1216,1.9707
2015-10-19,10.1148,1.9694
2015-10-20,10.0976,1.9660
2015-10-21,10.0787,1.9624
2015-10-22,10.1234,1.9711
2015-10-23,10.0203,1.9510
2015-10-26,9.9722,1.9416
2015-10-27,9.8793,1.9235
2015-10-28,9.9068,1.9289
2015-10-29,9.9618,1.9396
2015-10-30,9.8381,1.9155
2015-11-02,9.9017,1.9279
2015-11-03,9.9876,1.9446
2015-11-04,10.0323,1.9533
2015-11-05,10.0735,1.9614
2015-11-06,10.1027,1.9670
2015-11-09,10.0529,1.9573
2015-11-10,10.0856,1.9637
2015-11-11,9.8965,1.9269
2015-11-12,9.7882,1.9058
2015-11-13,9.6971,1.8881
2015-11-16,9.9463,1.9366
2015-11-17,10.2987,2.0052
2015-11-18,10.4723,2.0390
2015-11-19,10.4327,2.0313
2015-11-20,10.3245,2.0102
2015-11-23,10.3571,2.0166
2015-11-24,10.2987,2.0052
2015-11-25,10.3537,2.0159
2015-11-27,10.2936,2.0042
2015-11-30,10.1131,1.9691
2015-12-01,10.1389,1.9741
2015-12-02,10.3727,1.9492
2015-12-03,10.4954,1.9723
2015-12-04,10.6056,1.9930
2015-12-07,10.7549,2.0210
2015-12-08,10.5967,1.9913
2015-12-09,10.5114,1.9753
2015-12-10,10.5878,1.9896
2015-12-11,10.5523,1.9830
2015-12-14,10.7354,2.0174
2015-12-15,10.6020,1.9923
2015-12-16,10.7194,2.0144
2015-12-17,10.4847,1.9703
2015-12-18,10.4616,1.9659
2015-12-21,10.5860,1.9893
2015-12-22,10.7620,2.0224
2015-12-23,10.8598,2.0408
2015-12-24,10.8136,2.0321
2015-12-28,10.7994,2.0294
2015-12-29,10.9522,2.0581
2015-12-30,10.9647,2.0605
2015-12-31,10.8971,2.0478
2016-01-04,10.9256,2.0531
2016-01-05,11.1851,2.1019
2016-01-06,11.2971,2.1229
2016-01-07,11.5602,2.1724
2016-01-08,11.2954,2.1226
2016-01-11,11.4162,2.1453
2016-01-12,11.3096,2.1253
2016-01-13,11.0074,2.0685
2016-01-14,11.2100,2.1066
2016-01-15,11.0091,2.0688
2016-01-19,11.1211,2.0899
2016-01-20,10.8154,2.0324
2016-01-21,11.0002,2.0671
2016-01-22,11.1442,2.0942
2016-01-25,11.2794,2.1196
2016-01-26,11.3771,2.1380
2016-01-27,11.3682,2.1363
2016-01-28,11.4162,2.1453
2016-01-29,11.7966,2.2168
2016-02-01,11.9993,2.2549
2016-02-02,11.8855,2.2335
2016-02-03,11.7806,2.2138
2016-02-04,11.8073,2.2188
2016-02-05,11.9104,2.2382
2016-02-08,11.8927,2.2348
2016-02-09,11.6988,2.1984
2016-02-10,11.6953,2.1978
2016-02-11,11.6117,2.1821
2016-02-12,11.7646,2.2108
2016-02-16,11.7148,2.2014
2016-02-17,11.7522,2.2084
2016-02-18,11.3985,2.1420
2016-02-19,11.4944,2.1600
2016-02-22,11.6669,2.1924
2016-02-23,11.8179,2.2208
2016-02-24,11.9317,2.2422
2016-02-25,12.0953,2.2729
2016-02-26,11.8233,2.2218
2016-02-29,11.7931,2.2161
2016-03-01,11.8144,2.2201
2016-03-02,11.7700,2.2118
2016-03-03,11.7576,2.2095
2016-03-04,11.8713,2.2308
2016-03-07,12.0686,2.2679
2016-03-08,12.0953,2.2729
2016-03-09,12.0935,2.2726
2016-03-10,12.0720,2.2686
2016-03-11,12.0290,2.2605
2016-03-14,12.0630,2.2669
2016-03-15,12.1937,2.2914
2016-03-16,12.1759,2.2881
2016-03-17,12.0791,2.2699
2016-03-18,11.9897,2.2531
2016-03-21,12.1723,2.2874
2016-03-22,12.1544,2.2840
2016-03-23,12.0809,2.2702
2016-03-24,12.1777,2.2884
2016-03-28,12.1991,2.2924
2016-03-29,12.1830,2.2894
2016-03-30,12.5905,2.2462
2016-03-31,12.5338,2.2361
2016-04-01,12.6381,2.2547
2016-04-04,12.6454,2.2560
2016-04-05,12.5613,2.2410
2016-04-06,12.6345,2.2540
2016-04-07,12.4844,2.2272
2016-04-08,12.4551,2.2220
2016-04-11,12.3343,2.2005
2016-04-12,12.5905,2.2462
2016-04-13,12.6546,2.2576
2016-04-14,12.5905,2.2462
2016-04-15,12.6381,2.2547
2016-04-18,12.7845,2.2808
2016-04-19,12.7681,2.2779
2016-04-20,12.6656,2.2596
2016-04-21,12.5302,2.2354
2016-04-22,12.5759,2.2436
2016-04-25,12.7132,2.2681
2016-04-26,12.6821,2.2625
2016-04-27,12.7040,2.2664
2016-04-28,12.6106,2.2498
2016-04-29,12.2373,2.1832
2016-05-02,12.3691,2.2067
2016-05-03,12.2611,2.1874
2016-05-04,12.2959,2.1936
2016-05-05,12.2995,2.1943
2016-05-06,12.4899,2.2282
2016-05-09,12.6180,2.2511
2016-05-10,12.5887,2.2459
2016-05-11,12.2422,2.1840
2016-05-12,12.3232,2.1985
2016-05-13,11.9712,2.1357
2016-05-16,12.1702,2.1712
2016-05-17,12.0007,2.1409
2016-05-18,11.6412,2.0768
2016-05-19,12.7564,2.2758
2016-05-20,12.8781,2.2975
2016-05-23,12.8118,2.2857
2016-05-24,12.9482,2.3100
2016-05-25,12.9924,2.3179
2016-05-26,13.0606,2.3301
2016-05-27,13.0422,2.3268
2016-05-31,13.0477,2.3277
2016-06-01,12.9961,2.3185
2016-06-02,13.0791,2.3333
2016-06-03,13.2088,2.4750
2016-06-06,13.2423,2.4813
2016-06-07,13.2386,2.4806
2016-06-08,13.2852,2.4893
2016-06-09,13.2498,2.4827
2016-06-10,13.2591,2.4844
2016-06-13,13.1454,2.4631
2016-06-14,13.2238,2.4778
2016-06-15,13.2554,2.4837
2016-06-16,13.2889,2.4900
2016-06-17,13.2238,2.4778
2016-06-20,13.2517,2.4830
2016-06-21,13.3188,2.4956
2016-06-22,13.3728,2.5057
2016-06-23,13.4381,2.5179
2016-06-24,13.4120,2.5130
2016-06-27,13.3262,2.4970
2016-06-28,13.3281,2.4973
2016-06-29,13.5052,2.5305
2016-06-30,13.6095,2.5501
2016-07-01,13.5704,2.5427
2016-07-05,13.6319,2.5542
2016-07-06,13.7587,2.5780
2016-07-07,13.7046,2.5679
2016-07-08,13.7624,2.5787
2016-07-11,13.8034,2.5864
2016-07-12,13.6561,2.5588
2016-07-13,13.7213,2.5710
2016-07-14,13.7363,2.5738
2016-07-15,13.7307,2.5728
2016-07-18,13.7624,2.5787
2016-07-19,13.7288,2.5724
2016-07-20,13.7531,2.5770
2016-07-21,13.7027,2.5675
2016-07-22,13.7083,2.5686
2016-07-25,13.7456,2.5755
2016-07-26,13.7419,2.5748
2016-07-27,13.6655,2.5605
2016-07-28,13.6505,2.5577
2016-07-29,13.6002,2.5483
2016-08-01,13.7512,2.5766
2016-08-02,13.6300,2.5539
2016-08-03,13.5946,2.5473
2016-08-04,13.6617,2.5598
2016-08-05,13.7474,2.5759
2016-08-08,13.6692,2.5612
2016-08-09,13.7065,2.5682
2016-08-10,13.8773,2.6002
2016-08-11,13.8490,2.5949
2016-08-12,13.8660,2.5981
2016-08-15,13.7590,2.5781
2016-08-16,13.6783,2.5629
2016-08-17,13.6858,2.5644
2016-08-18,13.9429,2.6125
2016-08-19,13.6633,2.5601
2016-08-22,13.6426,2.5563
2016-08-23,13.5056,2.5306
2016-08-24,13.5544,2.5397
2016-08-25,13.3649,2.5042
2016-08-26,13.3499,2.5014
2016-08-29,13.3987,2.5106
2016-08-30,13.3818,2.5074
2016-08-31,13.0314,2.4494
2016-09-01,13.2868,2.4974
2016-09-02,13.2248,2.4857
2016-09-06,13.3160,2.5029
2016-09-07,13.1445,2.4706
2016-09-08,13.1025,2.4628
2016-09-09,12.8235,2.4103
2016-09-12,13.1226,2.4665
2016-09-13,13.0350,2.4501
2016-09-14,13.0460,2.4521
2016-09-15,13.2065,2.4823
2016-09-16,13.2923,2.4984
2016-09-19,13.1500,2.4717
2016-09-20,13.1281,2.4676
2016-09-21,13.1682,2.4751
2016-09-22,13.1828,2.4778
2016-09-23,13.1974,2.4806
2016-09-26,13.0643,2.4556
2016-09-27,13.1937,2.4799
2016-09-28,13.0952,2.4614
2016-09-29,12.9019,2.4250
2016-09-30,13.1554,2.4727
2016-10-03,13.1354,2.4689
2016-10-04,13.0879,2.4600
2016-10-05,13.0734,2.4573
2016-10-06,12.6520,2.3781
2016-10-07,12.5316,2.3554
2016-10-10,12.4003,2.3308
2016-10-11,12.2926,2.3105
2016-10-12,12.3054,2.3129
2016-10-13,12.4459,2.3393
2016-10-14,12.4860,2.3469
2016-10-17,12.4441,2.3390
2016-10-18,12.5626,2.3613
2016-10-19,12.5663,2.3620
2016-10-20,12.5371,2.3565
2016-10-21,12.4659,2.3431
2016-10-24,12.6210,2.3722
2016-10-25,12.6520,2.3781
2016-10-26,12.6939,2.3860
2016-10-27,12.7377,2.3942
2016-10-28,12.7669,2.3997
2016-10-31,12.7724,2.4007
2016-11-01,12.6410,2.3760
2016-11-02,12.6684,2.3812
2016-11-03,12.7012,2.3873
2016-11-04,12.6155,2.3712
2016-11-07,12.7286,2.3925
2016-11-08,12.7305,2.3928
2016-11-09,12.9694,2.4377
2016-11-10,13.0223,2.4477
2016-11-11,12.9931,2.4422
2016-11-14,12.8581,2.4168
2016-11-15,13.0277,2.4487
2016-11-16,13.0223,2.4477
2016-11-17,12.6210,2.3722
2016-11-18,12.5024,2.3500
2016-11-21,12.6538,2.3784
2016-11-22,12.7906,2.4041
2016-11-23,12.9201,2.4285
2016-11-25,12.9931,2.4422
2016-11-28,12.9858,2.4408
2016-11-29,13.0186,2.4470
2016-11-30,12.8472,2.4148
2016-12-01,13.0311,2.3711
2016-12-02,13.0698,2.3781
2016-12-05,12.8965,2.3466
2016-12-06,12.9739,2.3607
2016-12-07,13.1114,2.3857
2016-12-08,13.0630,2.3769
2016-12-09,13.0148,2.3681
2016-12-12,13.3100,2.4218
2016-12-13,13.3342,2.4262
2016-12-14,13.2488,2.4107
2016-12-15,13.2005,2.4019
2016-12-16,13.1819,2.3985
2016-12-19,13.2933,2.4188
2016-12-20,13.3379,2.4269
2016-12-21,13.2302,2.4073
2016-12-22,12.9237,2.3515
2016-12-23,12.9145,2.3499
2016-12-27,12.9442,2.3553
2016-12-28,12.8718,2.3421
2016-12-29,12.8625,2.3404
2016-12-30,12.8365,2.3357
2017-01-03,12.7510,2.3201
2017-01-04,12.8253,2.3336
2017-01-05,12.8532,2.3387
2017-01-06,12.6768,2.3066
2017-01-09,12.7604,2.3218
2017-01-10,12.6712,2.3056
2017-01-11,12.7269,2.3157
2017-01-12,12.6229,2.2968
2017-01-13,12.4669,2.2684
2017-01-17,12.7065,2.3120
2017-01-18,12.6489,2.3015
2017-01-19,12.5579,2.2850
2017-01-20,12.4762,2.2701
2017-01-23,12.3777,2.2522
2017-01-24,12.5170,2.2775
2017-01-25,12.4223,2.2603
2017-01-26,12.3926,2.2549
2017-01-27,12.1939,2.2187
2017-01-30,12.3351,2.2444
2017-01-31,12.3945,2.2552
2017-02-01,12.2997,2.2380
2017-02-02,12.3871,2.2539
2017-02-03,12.3499,2.2471
2017-02-06,12.3314,2.2438
2017-02-07,12.4223,2.2603
2017-02-08,12.5932,2.2914
2017-02-09,12.8290,2.3343
2017-02-10,12.6322,2.2985
2017-02-13,12.5858,2.2901
2017-02-14,12.7510,2.3201
2017-02-15,12.7567,2.3211
2017-02-16,12.7900,2.3272
2017-02-17,12.8829,2.3441
2017-02-21,13.2692,2.4144
2017-02-22,13.3175,2.4232
2017-02-23,13.2432,2.4097
2017-02-24,13.4438,2.4462
2017-02-27,13.3231,2.4242
2017-02-28,13.1726,2.3968
2017-03-01,13.0835,2.3806
2017-03-02,13.1410,2.3911
2017-03-03,13.0055,2.3664
2017-03-06,12.9776,2.3613
2017-03-07,12.9758,2.3610
2017-03-08,13.0581,2.3760
2017-03-09,13.0693,2.3780
2017-03-10,13.1142,2.3862
2017-03-13,13.0861,2.3811
2017-03-14,13.2302,2.4073
2017-03-15,13.2040,2.4025
2017-03-16,13.1778,2.3978
2017-03-17,13.0749,2.3791
2017-03-20,13.0917,2.3821
2017-03-21,13.0768,2.3794
2017-03-22,13.1423,2.3913
2017-03-23,13.0693,2.3780
2017-03-24,13.0225,2.3695
2017-03-27,13.0319,2.3712
2017-03-28,13.1554,2.3937
2017-03-29,13.2339,2.4080
2017-03-30,13.3930,2.4369
2017-03-31,14.1297,2.4183
2017-04-03,14.0807,2.4099
2017-04-04,14.1159,2.4159
2017-04-05,14.0454,2.4038
2017-04-06,14.0023,2.3965
2017-04-07,14.2904,2.4458
2017-04-10,14.3218,2.4511
2017-04-11,14.3943,2.4635
2017-04-12,14.3962,2.4639
2017-04-13,14.3395,2.4542
2017-04-17,14.4061,2.4656
2017-04-18,14.4845,2.4790
2017-04-19,14.5198,2.4850
2017-04-20,14.6629,2.5095
2017-04-21,14.6903,2.5142
2017-04-24,14.6589,2.5088
2017-04-25,14.7119,2.5179
2017-04-26,14.7864,2.5306
2017-04-27,14.7883,2.5310
2017-04-28,14.7374,2.5223
2017-05-01,14.7472,2.5239
2017-05-02,14.8040,2.5337
2017-05-03,14.8510,2.5417
2017-05-04,14.9647,2.5612
2017-05-05,14.9961,2.5665
2017-05-08,14.9216,2.5538
2017-05-09,15.0392,2.5739
2017-05-10,15.1359,2.5905
2017-05-11,15.0234,2.5712
2017-05-12,14.9405,2.5570
2017-05-15,15.0550,2.5766
2017-05-16,14.8222,2.5368
2017-05-17,14.8242,2.5371
2017-05-18,15.3017,2.6188
2017-05-19,15.5444,2.6604
2017-05-22,15.5010,2.6529
2017-05-23,15.4892,2.6509
2017-05-24,15.4221,2.6394
2017-05-25,15.4536,2.6448
2017-05-26,15.4182,2.6388
2017-05-30,15.4221,2.6394
2017-05-31,15.5109,2.6546
2017-06-01,15.7497,2.6955
2017-06-02,15.6409,2.8216
2017-06-05,15.7667,2.8443
2017-06-06,15.5054,2.7972
2017-06-07,15.5486,2.8050
2017-06-08,15.5054,2.7972
2017-06-09,15.6016,2.8146
2017-06-12,15.5663,2.8082
2017-06-13,15.6213,2.8181
2017-06-14,15.6959,2.8316
2017-06-15,15.5014,2.7965
2017-06-16,14.7805,2.6664
2017-06-19,14.8316,2.6756
2017-06-20,14.8395,2.6771
2017-06-21,14.9769,2.7019
2017-06-22,14.8355,2.6763
2017-06-23,14.7019,2.6522
2017-06-26,14.8316,2.6756
2017-06-27,14.9318,2.6937
2017-06-28,15.0299,2.7114
2017-06-29,14.9161,2.6909
2017-06-30,14.8669,2.6820
2017-07-03,14.8041,2.6707
2017-07-05,14.7962,2.6692
2017-07-06,14.8256,2.6746
2017-07-07,14.7982,2.6696
2017-07-10,14.3856,2.5952
2017-07-11,14.4328,2.6037
2017-07-12,14.5251,2.6203
2017-07-13,14.7431,2.6597
2017-07-14,14.9966,2.7054
2017-07-17,15.0024,2.7065
2017-07-18,14.9690,2.7004
2017-07-19,14.9042,2.6887
2017-07-20,14.9337,2.6941
2017-07-21,14.9593,2.6987
2017-07-24,15.1046,2.7249
2017-07-25,15.4248,2.7827
2017-07-26,15.4995,2.7961
2017-07-27,15.6723,2.8273
2017-07-28,15.6782,2.8284
2017-07-31,15.7136,2.8348
2017-08-01,15.8138,2.8528
2017-08-02,15.8197,2.8539
2017-08-03,15.8865,2.8659
2017-08-04,15.8099,2.8521
2017-08-07,15.9670,2.8805
2017-08-08,16.0279,2.8915
2017-08-09,16.1327,2.9103
2017-08-10,15.9449,2.8765
2017-08-11,15.8935,2.8672
2017-08-14,15.9528,2.8779
2017-08-15,15.9666,2.8804
2017-08-16,16.0082,2.8879
2017-08-17,15.7551,2.8422
2017-08-18,15.6780,2.8283
2017-08-21,15.7571,2.8426
2017-08-22,15.8184,2.8537
2017-08-23,15.8065,2.8515
2017-08-24,15.4863,2.7937
2017-08-25,15.5436,2.8041
2017-08-28,15.4250,2.7827
2017-08-29,15.5713,2.8091
2017-08-30,15.5258,2.8009
2017-08-31,16.3603,2.6615
2017-09-01,16.4232,2.6717
2017-09-05,16.7229,2.7204
2017-09-06,16.7815,2.7300
2017-09-07,16.7900,2.7313
2017-09-08,16.5301,2.6891
2017-09-11,16.5720,2.6959
2017-09-12,16.6831,2.7140
2017-09-13,16.7355,2.7225
2017-09-14,16.6977,2.7163
2017-09-15,16.8444,2.7402
2017-09-18,16.7648,2.7273
2017-09-19,16.7753,2.7290
2017-09-20,16.8696,2.7443
2017-09-21,16.7669,2.7276
2017-09-22,16.6663,2.7112
2017-09-25,16.5867,2.6983
2017-09-26,16.6369,2.7065
2017-09-27,16.6160,2.7031
2017-09-28,16.5448,2.6915
2017-09-29,16.3750,2.6638
2017-10-02,16.4400,2.6744
2017-10-03,16.6013,2.7007
2017-10-04,16.5741,2.6962
2017-10-05,16.6411,2.7071
2017-10-06,16.5552,2.6932
2017-10-09,16.8759,2.7453
2017-10-10,17.6303,2.8680
2017-10-11,17.9656,2.9226
2017-10-12,18.0431,2.9352
2017-10-13,18.1521,2.9529
2017-10-16,17.9677,2.9229
2017-10-17,18.0180,2.9311
2017-10-18,18.0682,2.9393
2017-10-19,18.1060,2.9454
2017-10-20,18.3239,2.9809
2017-10-23,18.5775,3.0221
2017-10-24,18.4371,2.9993
2017-10-25,18.5419,3.0163
2017-10-26,18.5712,3.0211
2017-10-27,18.4769,3.0058
2017-10-30,18.2212,2.9642
2017-10-31,18.2967,2.9765
2017-11-01,18.4287,2.9979
2017-11-02,18.6089,3.0273
2017-11-03,18.7933,3.0573
2017-11-06,18.5880,3.0238
2017-11-07,18.6404,3.0324
2017-11-08,18.9149,3.0770
2017-11-09,18.9233,3.0784
2017-11-10,19.0532,3.0995
2017-11-13,19.0679,3.1019
2017-11-14,19.0888,3.1053
2017-11-15,18.8248,3.0624
2017-11-16,20.8764,3.3961
2017-11-17,20.4258,3.3228
2017-11-20,20.4279,3.3232
2017-11-21,20.2267,3.2904
2017-11-22,20.2037,3.2867
2017-11-24,20.2477,3.2938
2017-11-27,20.2477,3.2938
2017-11-28,20.2791,3.2990
2017-11-29,20.4446,3.3259
2017-11-30,20.3755,3.3146
2017-12-01,22.5709,3.3017
2017-12-04,22.4921,3.2902
2017-12-05,22.6822,3.3180
2017-12-06,22.5547,3.2993
2017-12-07,22.5570,3.2997
2017-12-08,22.5034,3.2918
2017-12-11,22.5920,3.3048
2017-12-12,22.5384,3.2969
2017-12-13,22.7855,3.3331
2017-12-14,22.6386,3.3116
2017-12-15,22.6340,3.3109
2017-12-18,22.8181,3.3379
2017-12-19,23.0279,3.3685
2017-12-20,23.0162,3.3668
2017-12-21,22.8554,3.3433
2017-12-22,22.8903,3.3484
2017-12-26,23.1117,3.3808
2017-12-27,23.1351,3.3842
2017-12-28,23.1677,3.3890
2017-12-29,23.0162,3.3668
2018-01-02,22.9789,3.3614
2018-01-03,23.1794,3.3907
2018-01-04,23.2004,3.3938
2018-01-05,23.3378,3.4139
2018-01-08,23.6828,3.4643
2018-01-09,23.3984,3.4227
2018-01-10,23.2306,3.3982
2018-01-11,23.3122,3.4101
2018-01-12,23.5103,3.4391
2018-01-16,23.4684,3.4330
2018-01-17,23.9369,3.5015
2018-01-18,24.3098,3.5561
2018-01-19,24.3774,3.5659
2018-01-22,24.5778,3.5953
2018-01-23,24.6827,3.6106
2018-01-24,24.6570,3.6069
2018-01-25,24.8458,3.6345
2018-01-26,25.2630,3.6955
2018-01-29,25.5334,3.7351
2018-01-30,25.1092,3.6730
2018-01-31,24.8458,3.6345
2018-02-01,24.5941,3.5976
2018-02-02,24.3517,3.5622
2018-02-05,23.3285,3.4125
2018-02-06,23.5173,3.4401
2018-02-07,23.9718,3.5066
2018-02-08,23.3122,3.4101
2018-02-09,23.1607,3.3880
2018-02-12,23.2027,3.3941
2018-02-13,23.5360,3.4429
2018-02-14,23.7037,3.4674
2018-02-15,24.0604,3.5196
2018-02-16,24.4217,3.5724
2018-02-20,21.9347,3.2086
2018-02-21,21.3310,3.1203
2018-02-22,21.6224,3.1629
2018-02-23,21.6503,3.1670
2018-02-26,21.7040,3.1749
2018-02-27,21.3310,3.1203
2018-02-28,20.9791,3.0688
2018-03-01,20.7624,3.0371
2018-03-02,20.6901,3.0266
2018-03-05,20.9722,3.0678
2018-03-06,20.7577,3.0365
2018-03-07,20.4500,2.9914
2018-03-08,20.6141,3.0155
2018-03-09,20.8017,3.0429
2018-03-12,20.6493,3.0206
2018-03-13,20.7033,3.0285
2018-03-14,20.5556,3.0069
2018-03-15,20.5180,3.0014
2018-03-16,20.9073,3.0583
2018-03-19,20.5040,2.9993
2018-03-20,20.6212,3.0165
2018-03-21,20.6751,3.0244
2018-03-22,20.4313,2.9887
2018-03-23,20.0280,2.9297
2018-03-26,20.5157,3.0011
2018-03-27,20.1757,2.9513
2018-03-28,20.5790,3.0103
2018-03-29,20.8604,3.0515
2018-04-02,22.9939,2.8579
2018-04-03,23.3298,2.8997
2018-04-04,23.4427,2.9137
2018-04-05,23.6013,2.9334
2018-04-06,23.3003,2.8960
2018-04-09,23.1901,2.8823
2018-04-10,23.2357,2.8880
2018-04-11,23.0907,2.8699
2018-04-12,22.9616,2.8539
2018-04-13,23.1202,2.8736
2018-04-16,23.3406,2.9010
2018-04-17,23.6255,2.9364
2018-04-18,23.5368,2.9254
2018-04-19,23.6228,2.9361
2018-04-20,23.3782,2.9057
2018-04-23,23.1417,2.8763
2018-04-24,23.2573,2.8906
2018-04-25,23.4293,2.9120
2018-04-26,23.6363,2.9377
2018-04-27,23.4616,2.9160
2018-04-30,23.7760,2.9551
2018-05-01,23.4938,2.9200
2018-05-02,23.2062,2.8843
2018-05-03,23.1766,2.8806
2018-05-04,23.5260,2.9240
2018-05-07,22.9724,2.8552
2018-05-08,23.0449,2.8642
2018-05-09,22.3247,2.7747
2018-05-10,22.3652,2.7798
2018-05-11,22.5518,2.8029
2018-05-14,22.8250,2.8369
2018-05-15,22.8602,2.8413
2018-05-16,23.2956,2.8954
2018-05-17,22.8520,2.8403
2018-05-18,22.6221,2.8117
2018-05-21,22.8574,2.8409
2018-05-22,22.5491,2.8026
2018-05-23,22.4517,2.7905
2018-05-24,22.4084,2.7851
2018-05-25,22.3030,2.7720
2018-05-29,22.2868,2.7700
2018-05-30,22.7520,2.8278
2018-05-31,22.3247,2.7747
2018-06-01,22.4463,2.7898
2018-06-04,25.3444,2.9597
2018-06-05,25.1070,2.9320
2018-06-06,25.0892,2.9299
2018-06-07,25.2049,2.9435
2018-06-08,25.0298,2.9230
2018-06-11,25.0121,2.9209
2018-06-12,24.9528,2.9140
2018-06-13,24.9498,2.9137
2018-06-14,24.8608,2.9033
2018-06-15,24.8341,2.9001
2018-06-18,24.6264,2.8759
2018-06-19,24.8074,2.8970
2018-06-20,24.8074,2.8970
2018-06-21,24.9854,2.9178
2018-06-22,25.1664,2.9390
2018-06-25,25.6559,2.9961
2018-06-26,25.5105,2.9791
2018-06-27,25.7805,3.0107
2018-06-28,25.4749,2.9750
2018-06-29,25.4126,2.9677
2018-07-02,24.9231,2.9105
2018-07-03,25.0536,2.9258
2018-07-05,25.0922,2.9303
2018-07-06,25.0744,2.9282
2018-07-09,25.4957,2.9774
2018-07-10,25.8755,3.0218
2018-07-11,25.6738,2.9982
2018-07-12,25.6708,2.9979
2018-07-13,26.0208,3.0387
2018-07-16,26.0031,3.0367
2018-07-17,26.1662,3.0557
2018-07-18,26.1306,3.0516
2018-07-19,26.0268,3.0394
2018-07-20,26.1277,3.0512
2018-07-23,26.0001,3.0363
2018-07-24,26.0980,3.0477
2018-07-25,26.0802,3.0457
2018-07-26,26.1782,3.0571
2018-07-27,26.1485,3.0536
2018-07-30,26.3710,3.0796
2018-07-31,26.4748,3.0918
2018-08-01,26.1811,3.0574
2018-08-02,26.3354,3.0755
2018-08-03,26.5846,3.1046
2018-08-06,26.6054,3.1070
2018-08-07,26.6351,3.1105
2018-08-08,26.7182,3.1202
2018-08-09,26.5629,3.1020
2018-08-10,26.9121,3.1428
2018-08-13,26.7510,3.1240
2018-08-14,27.1121,3.1662
2018-08-15,26.9240,3.1442
2018-08-16,29.4368,3.4377
2018-08-17,29.2010,3.4101
2018-08-20,28.6489,3.3456
2018-08-21,28.6728,3.3484
2018-08-22,28.5505,3.3341
2018-08-23,28.4043,3.3171
2018-08-24,28.3356,3.3090
2018-08-27,28.2132,3.2948
2018-08-28,28.6699,3.3481
2018-08-29,28.5415,3.3331
2018-08-30,28.6788,3.3491
2018-08-31,28.6072,3.3408
2018-09-04,28.4580,3.3233
2018-09-05,28.8340,3.3673
2018-09-06,49.4609,3.5408
2018-09-07,49.1429,3.5180
2018-09-10,49.6916,3.5573
2018-09-11,49.5583,3.5478
2018-09-12,49.2147,3.5232
2018-09-13,48.7788,3.4920
2018-09-14,48.5071,3.4725
2018-09-17,48.6250,3.4810
2018-09-18,48.9378,3.5034
2018-09-19,48.8403,3.4964
2018-09-20,49.1019,3.5151
2018-09-21,49.1788,3.5206
2018-09-24,48.6762,3.4846
2018-09-25,48.7686,3.4913
2018-09-26,48.5071,3.4725
2018-09-27,48.2710,3.4556
2018-09-28,48.1583,3.4476
2018-10-01,48.4097,3.4656
2018-10-02,48.7941,3.4931
2018-10-03,48.2403,3.4534
2018-10-04,48.3121,3.4586
2018-10-05,47.8507,3.4255
2018-10-08,48.5583,3.4762
2018-10-09,49.7840,3.5639
2018-10-10,49.1071,3.5155
2018-10-11,48.1634,3.4479
2018-10-12,48.6198,3.4806
2018-10-15,48.1121,3.4443
2018-10-16,49.1326,3.5173
2018-10-17,49.5172,3.5448
2018-10-18,49.3172,3.5305
2018-10-19,49.8198,3.5665
2018-10-22,49.8147,3.5661
2018-10-23,50.1531,3.5904
2018-10-24,50.0300,3.5816
2018-10-25,50.8609,3.6410
2018-10-26,50.7378,3.6322
2018-10-29,51.1788,3.6638
2018-10-30,52.5222,3.7600
2018-10-31,51.4248,3.6814
2018-11-01,51.5788,3.6924
2018-11-02,51.9684,3.7203
2018-11-05,52.7736,3.7780
2018-11-06,52.9890,3.7934
2018-11-07,53.4967,3.8297
2018-11-08,53.7838,3.8503
2018-11-09,54.1326,3.8752
2018-11-12,53.2659,3.8132
2018-11-13,52.7890,3.7791
2018-11-14,52.0659,3.7273
2018-11-15,51.0455,3.6543
2018-11-16,50.0967,3.5863
2018-11-19,49.6300,3.5529
2018-11-20,48.2866,3.4567
2018-11-21,48.2916,3.4571
2018-11-23,48.7686,3.4913
2018-11-26,48.7941,3.4931
2018-11-27,48.7378,3.4890
2018-11-28,49.9788,3.5779
2018-11-29,49.8916,3.5716
2018-11-30,50.0762,3.5161
2018-12-03,50.6403,3.5557
2018-12-04,49.1326,3.4498
2018-12-06,48.8645,3.4310
2018-12-07,48.0498,3.3738
2018-12-10,48.4366,3.4009
2018-12-11,48.3902,3.3977
2018-12-12,48.0086,3.3709
2018-12-13,47.9312,3.3655
2018-12-14,47.3590,3.3253
2018-12-17,46.8021,3.2862
2018-12-18,46.9619,3.2974
2018-12-19,46.6886,3.2782
2018-12-20,45.0026,3.1598
2018-12-21,44.9252,3.1544
2018-12-24,44.2498,3.1070
2018-12-26,46.6166,3.2732
2018-12-27,47.2248,3.3159
2018-12-28,47.5033,3.3354
2018-12-31,48.0293,3.3723
2019-01-02,48.1272,3.3792
2019-01-03,47.8797,3.3618
2019-01-04,48.1788,3.3828
2019-01-07,48.7459,3.4227
2019-01-08,49.0862,3.4466
2019-01-09,48.9264,3.4353
2019-01-10,48.9624,3.4379
2019-01-11,48.9007,3.4335
2019-01-14,48.9574,3.4375
2019-01-15,49.6276,3.4846
2019-01-16,49.6791,3.4882
2019-01-17,49.8803,3.5023
2019-01-18,50.3907,3.5381
2019-01-22,50.2671,3.5295
2019-01-23,50.8960,3.5736
2019-01-24,50.7155,3.5610
2019-01-25,49.9834,3.5096
2019-01-28,50.0453,3.5139
2019-01-29,49.8648,3.5012
2019-01-30,48.8800,3.4321
2019-01-31,49.4110,3.4694
2019-02-01,48.3953,3.3980
2019-02-04,48.8645,3.4310
2019-02-05,49.2924,3.4610
2019-02-06,49.3131,3.4625
2019-02-07,49.8752,3.5020
2019-02-08,49.2822,3.4603
2019-02-11,49.6019,3.4828
2019-02-12,49.9988,3.5106
2019-02-13,50.4990,3.5458
2019-02-14,50.7981,3.5668
2019-02-15,51.5560,3.6200
2019-02-19,52.6955,3.7000
2019-02-20,51.4993,3.6160
2019-02-21,51.2467,3.5983
2019-02-22,51.3291,3.6040
2019-02-25,51.1074,3.5885
2019-02-26,50.8857,3.5729
2019-02-27,50.5867,3.5519
2019-02-28,51.0403,3.5838
2019-03-01,50.4938,3.5454
2019-03-04,50.4526,3.5425
2019-03-05,50.7053,3.5602
2019-03-06,50.6640,3.5573
2019-03-07,50.2464,3.5280
2019-03-08,50.3186,3.5331
2019-03-11,50.7774,3.5653
2019-03-12,50.7207,3.5613
2019-03-13,51.0610,3.5852
2019-03-14,50.9159,3.5750
2019-03-15,51.0195,3.5823
2019-03-18,51.6624,3.6274
2019-03-19,51.7609,3.6344
2019-03-20,51.1336,3.5903
2019-03-21,51.3514,3.6056
2019-03-22,50.9471,3.5772
2019-03-25,50.8900,3.5732
2019-03-26,50.9678,3.5787
2019-03-27,50.3922,3.5383
2019-03-28,38.7657,3.4680
2019-03-29,38.9254,3.4823
2019-04-01,39.0410,3.4926
2019-04-02,38.6899,3.4612
2019-04-03,38.7896,3.4701
2019-04-04,39.1568,3.5030
2019-04-05,39.4442,3.5287
2019-04-08,39.6038,3.5430
2019-04-09,39.3883,3.5237
2019-04-10,39.7515,3.5562
2019-04-11,40.2304,3.5990
2019-04-12,40.5337,3.6261
2019-04-15,40.8810,3.6572
2019-04-16,41.0805,3.6751
2019-04-17,41.1723,3.6833
2019-04-18,41.1803,3.6840
2019-04-22,40.8571,3.6551
2019-04-23,41.1364,3.6801
2019-04-24,41.3200,3.6965
2019-04-25,41.3160,3.6961
2019-04-26,40.5218,3.6251
2019-04-29,40.5337,3.6261
2019-04-30,41.0446,3.6719
2019-05-01,40.4539,3.6190
2019-05-02,40.3702,3.6115
2019-05-03,40.7413,3.6447
2019-05-06,40.8929,3.6583
2019-05-07,40.4300,3.6169
2019-05-08,40.0309,3.5812
2019-05-09,39.9386,3.5729
2019-05-10,40.8895,3.6580
2019-05-13,40.0791,3.5855
2019-05-14,40.2396,3.5998
2019-05-15,40.0750,3.5851
2019-05-16,40.6488,3.6364
2019-05-17,40.4683,3.6203
2019-05-20,40.7330,3.6440
2019-05-21,40.5726,3.6296
2019-05-22,41.0180,3.6695
2019-05-23,40.8694,3.6562
2019-05-24,41.1945,3.6853
2019-05-28,41.0942,3.6763
2019-05-29,40.9738,3.6655
2019-05-30,41.0019,3.6680
2019-05-31,40.7010,3.6411
2019-06-03,40.9095,3.6598
2019-06-04,41.1503,3.6813
2019-06-05,41.8966,3.7481
2019-06-06,42.1735,3.7728
2019-06-07,33.2780,4.0253
2019-06-10,33.7361,4.0808
2019-06-11,33.8679,4.0967
2019-06-12,34.1440,4.1301
2019-06-13,34.0907,4.1236
2019-06-14,34.2224,4.1396
2019-06-17,34.2507,4.1430
2019-06-18,34.4044,4.1616
2019-06-19,34.3951,4.1605
2019-06-20,34.6146,4.1870
2019-06-21,34.8688,4.2178
2019-06-24,34.9033,4.2219
2019-06-25,34.7402,4.2022
2019-06-26,34.5645,4.1810
2019-06-27,34.5456,4.1787
2019-06-28,34.6680,4.1935
2019-07-01,34.7088,4.1984
2019-07-02,35.0162,4.2356
2019-07-03,35.2422,4.2629
2019-07-05,35.1355,4.2500
2019-07-08,35.3677,4.2781
2019-07-09,35.4179,4.2842
2019-07-10,35.4493,4.2880
2019-07-11,35.7442,4.3237
2019-07-12,35.9575,4.3495
2019-07-15,36.0768,4.3639
2019-07-16,36.0078,4.3555
2019-07-17,35.9575,4.3495
2019-07-18,35.9952,4.3540
2019-07-19,35.7379,4.3229
2019-07-22,35.3991,4.2819
2019-07-23,35.1700,4.2542
2019-07-24,35.1417,4.2508
2019-07-25,35.2108,4.2591
2019-07-26,35.4618,4.2895
2019-07-29,35.2265,4.2610
2019-07-30,35.1606,4.2531
2019-07-31,34.6335,4.1893
2019-08-01,34.3197,4.1513
2019-08-02,34.3260,4.1521
2019-08-05,33.2027,4.0162
2019-08-06,33.6576,4.0713
2019-08-07,33.9495,4.1066
2019-08-08,34.2175,4.1390
2019-08-09,33.8265,4.0917
2019-08-12,33.1770,4.0131
2019-08-13,33.8675,4.0966
2019-08-14,33.4859,4.0505
2019-08-15,35.5324,4.2980
2019-08-16,35.6269,4.3095
2019-08-19,35.8855,4.3407
2019-08-20,35.3306,4.2736
2019-08-21,35.3211,4.2725
2019-08-22,35.2863,4.2683
2019-08-23,34.9458,4.2271
2019-08-26,35.3116,4.2713
2019-08-27,35.4472,4.2877
2019-08-28,35.5418,4.2992
2019-08-29,35.9706,4.3510
2019-08-30,36.0274,4.3579
2019-09-03,36.1472,4.3724
2019-09-04,36.5476,4.4208
2019-09-05,36.3994,4.4029
2019-09-06,23.5467,4.2283
2019-09-09,23.8751,4.2872
2019-09-10,23.8176,4.2769
2019-09-11,23.8115,4.2758
2019-09-12,23.9961,4.3090
2019-09-13,24.1008,4.3278
2019-09-16,23.7191,4.2592
2019-09-17,23.9120,4.2939
2019-09-18,24.0454,4.3178
2019-09-19,24.0352,4.3160
2019-09-20,24.0085,4.3112
2019-09-23,24.1399,4.3348
2019-09-24,24.2999,4.3635
2019-09-25,24.3143,4.3661
2019-09-26,24.2794,4.3599
2019-09-27,24.3102,4.3654
2019-09-30,24.3574,4.3739
2019-10-01,24.1870,4.3433
2019-10-02,23.8320,4.2795
2019-10-03,23.8709,4.2865
2019-10-04,24.2507,4.3547
2019-10-07,24.0598,4.3204
2019-10-08,24.1316,4.3333
2019-10-09,24.4087,4.3831
2019-10-10,24.5482,4.4081
2019-10-11,24.6776,4.4314
2019-10-14,24.4580,4.3919
2019-10-15,24.5318,4.4052
2019-10-16,24.5093,4.4011
2019-10-17,24.5955,4.4166
2019-10-18,24.4518,4.3908
2019-10-21,24.5749,4.4129
2019-10-22,24.5421,4.4070
2019-10-23,24.4949,4.3985
2019-10-24,24.4436,4.3893
2019-10-25,24.4313,4.3871
2019-10-28,24.4682,4.3938
2019-10-29,24.0434,4.3175
2019-10-30,24.2384,4.3525
2019-10-31,24.0659,4.3215
2019-11-01,24.1399,4.3348
2019-11-04,24.1296,4.3330
2019-11-05,24.3943,4.3805
2019-11-06,24.5257,4.4041
2019-11-07,24.6755,4.4310
2019-11-08,24.5134,4.4019
2019-11-11,24.4313,4.3871
2019-11-12,24.4477,4.3901
2019-11-13,24.8295,4.4586
2019-11-14,24.7617,4.4465
2019-11-15,24.3964,4.3809
2019-11-18,24.6796,4.4317
2019-11-19,24.6057,4.4185
2019-11-20,24.4497,4.3904
2019-11-21,24.5996,4.4173
2019-11-22,24.4970,4.3989
2019-11-25,24.4066,4.3827
2019-11-26,24.4620,4.3926
2019-11-27,24.3738,4.3768
2019-11-29,24.4416,4.3890
2019-12-02,24.4805,4.3960
2019-12-03,24.3553,4.3735
2019-12-04,21.5880,4.2828
2019-12-05,21.6793,4.3009
2019-12-06,21.8840,4.3415
2019-12-09,21.8072,4.3263
2019-12-10,21.7671,4.3183
2019-12-11,21.7415,4.3132
2019-12-12,21.8803,4.3408
2019-12-13,21.9772,4.3600
2019-12-16,22.0228,4.3690
2019-12-17,22.1580,4.3959
2019-12-18,21.8986,4.3444
2019-12-19,21.9388,4.3524
2019-12-20,21.9772,4.3600
2019-12-23,21.7469,4.3143
2019-12-24,21.8347,4.3317
2019-12-26,21.8365,4.3321
2019-12-27,21.8493,4.3346
2019-12-30,21.8146,4.3277
2019-12-31,21.7122,4.3074
2020-01-02,21.7305,4.3111
2020-01-03,21.5387,4.2730
2020-01-06,21.4949,4.2643
2020-01-07,21.2957,4.2248
2020-01-08,21.2226,4.2103
2020-01-09,21.4419,4.2538
2020-01-10,21.2628,4.2183
2020-01-13,21.1714,4.2001
2020-01-14,21.2262,4.2110
2020-01-15,21.0619,4.1784
2020-01-16,21.1751,4.2009
2020-01-17,21.0034,4.1668
2020-01-21,21.1184,4.1896
2020-01-22,21.2116,4.2081
2020-01-23,21.1587,4.1976
2020-01-24,20.8956,4.1454
2020-01-27,21.1678,4.1994
2020-01-28,21.3030,4.2262
2020-01-29,21.1733,4.2005
2020-01-30,21.2993,4.2255
2020-01-31,20.9175,4.1498
2020-02-03,20.8773,4.1418
2020-02-04,21.0600,4.1780
2020-02-05,21.3414,4.2339
2020-02-06,21.2500,4.2157
2020-02-07,21.2756,4.2208
2020-02-10,21.0563,4.1773
2020-02-11,21.0838,4.1828
2020-02-12,21.1660,4.1991
2020-02-13,21.4565,4.2567
2020-02-14,21.5387,4.2730
2020-02-18,21.8566,4.3361
2020-02-19,21.5003,4.2654
2020-02-20,21.5022,4.2658
2020-02-21,21.6647,4.2980
2020-02-24,21.2519,4.2161
2020-02-25,20.8992,4.1461
2020-02-26,20.7878,4.1240
2020-02-27,20.1702,4.0015
2020-02-28,19.6733,3.9029
2020-03-02,21.1714,4.2001
2020-03-03,20.6288,4.0925
2020-03-04,21.3341,4.2324
2020-03-05,21.1787,4.2016
2020-03-06,21.4181,4.2491
2020-03-09,21.4053,4.2465
2020-03-10,21.8858,4.3419
2020-03-11,20.9065,4.1476
2020-03-12,19.0101,3.7714
2020-03-13,20.8462,4.1356
2020-03-16,19.5052,3.8696
2020-03-17,21.7890,4.3227
2020-03-18,22.3956,4.4430
2020-03-19,21.9202,4.3487
2020-03-20,20.1892,3.9745
2020-03-23,20.2442,3.9853
2020-03-24,20.3771,4.0115
2020-03-25,19.3797,3.8151
2020-03-26,19.4541,3.8298
2020-03-27,19.4116,3.8214
2020-03-30,20.4054,4.0171
2020-03-31,20.1273,3.9623
2020-04-01,20.2194,3.9804
2020-04-02,21.0183,4.1377
2020-04-03,21.1653,4.1667
2020-04-06,22.3327,4.3965
2020-04-07,21.6099,4.2542
2020-04-08,21.5834,4.2490
2020-04-09,21.5763,4.2476
2020-04-13,22.1963,4.3696
2020-04-14,22.8517,4.4986
2020-04-15,22.8092,4.4903
2020-04-16,23.4417,4.6148
2020-04-17,23.4045,4.6075
2020-04-20,23.0023,4.5283
2020-04-21,22.8890,4.5060
2020-04-22,23.3106,4.5890
2020-04-23,22.7685,4.4823
2020-04-24,22.9297,4.5140
2020-04-27,22.7277,4.4742
2020-04-28,22.6746,4.4638
2020-04-29,21.8951,4.3103
2020-04-30,21.5320,4.2388
2020-05-01,21.7747,4.2866
2020-05-04,21.9129,4.3138
2020-05-05,22.0953,4.3497
2020-05-06,21.8420,4.2999
2020-05-07,21.6872,4.2694
2020-05-08,21.8740,4.3062
2020-05-11,22.0039,4.3317
2020-05-12,22.0235,4.3356
2020-05-13,22.0110,4.3331
2020-05-14,21.9595,4.3230
2020-05-15,22.4078,4.4113
2020-05-18,22.7139,4.4715
2020-05-19,22.2317,4.3766
2020-05-20,22.3206,4.3941
2020-05-21,22.2388,4.3780
2020-05-22,22.1214,4.3549
2020-05-26,22.0377,4.3384
2020-05-27,21.7922,4.2901
2020-05-28,22.0075,4.3325
2020-05-29,22.0734,4.3454
2020-06-01,22.0555,4.3419
2020-06-02,22.0520,4.3412
2020-06-03,21.6760,4.7316
2020-06-04,21.4372,4.6795
2020-06-05,21.3407,4.6584
2020-06-08,21.2845,4.6462
2020-06-09,21.3038,4.6504
2020-06-10,21.2705,4.6431
2020-06-11,21.0826,4.6021
2020-06-12,20.6701,4.5121
2020-06-15,20.7298,4.5251
2020-06-16,21.0054,4.5852
2020-06-17,20.8965,4.5615
2020-06-18,20.7139,4.5216
2020-06-19,21.0405,4.5929
2020-06-22,21.3618,4.6630
2020-06-23,21.2547,4.6397
2020-06-24,21.1195,4.6102
2020-06-25,21.0159,4.5876
2020-06-26,20.7719,4.5343
2020-06-29,20.9018,4.5626
2020-06-30,21.0282,4.5902
2020-07-01,21.0124,4.5868
2020-07-02,20.9281,4.5684
2020-07-06,20.8720,4.5561
2020-07-07,22.2869,4.8650
2020-07-08,21.8463,4.7688
2020-07-09,22.4274,4.8957
2020-07-10,22.9418,5.0080
2020-07-13,22.7381,4.9635
2020-07-14,23.1752,5.0589
2020-07-15,23.1735,5.0585
2020-07-16,23.2086,5.0662
2020-07-17,23.1278,5.0486
2020-07-20,23.0804,5.0382
2020-07-21,23.2315,5.0712
2020-07-22,23.2894,5.0838
2020-07-23,23.1103,5.0447
2020-07-24,23.0401,5.0294
2020-07-27,23.0348,5.0283
2020-07-28,23.1314,5.0493
2020-07-29,22.9435,5.0083
2020-07-30,22.8435,4.9865
2020-07-31,22.7171,4.9589
2020-08-03,22.6995,4.9551
2020-08-04,23.1103,5.0447
2020-08-05,22.7890,4.9746
2020-08-06,22.7083,4.9570
2020-08-07,22.8171,4.9807
2020-08-10,23.1524,5.0539
2020-08-11,22.8575,4.9896
2020-08-12,23.1542,5.0543
2020-08-13,23.2423,5.0736
2020-08-14,23.3745,5.1024
2020-08-17,23.9034,5.2179
2020-08-18,23.7465,5.1836
2020-08-19,23.3410,5.0951
2020-08-20,23.0167,5.0243
2020-08-21,23.2035,5.0651
2020-08-24,23.1506,5.0535
2020-08-25,23.0273,5.0266
2020-08-26,23.0396,5.0293
2020-08-27,24.0849,5.2575
2020-08-28,24.7319,5.3987
2020-08-31,24.4763,5.3429
2020-09-01,26.0170,5.6792
2020-09-02,21.8393,5.1525
2020-09-03,21.3750,5.0429
2020-09-04,21.1221,4.9833
2020-09-08,20.4744,4.8304
2020-09-09,20.6873,4.8807
2020-09-10,20.2319,4.7732
2020-09-11,20.2156,4.7694
2020-09-14,20.3073,4.7910
2020-09-15,20.3132,4.7924
2020-09-16,20.1505,4.7540
2020-09-17,20.2141,4.7690
2020-09-18,20.0071,4.7202
2020-09-21,20.2703,4.7823
2020-09-22,20.4537,4.8256
2020-09-23,20.1106,4.7446
2020-09-24,20.2156,4.7694
2020-09-25,20.2999,4.7893
2020-09-28,20.2969,4.7886
2020-09-29,20.2807,4.7847
2020-09-30,20.6903,4.8814
2020-10-01,21.1590,4.9920
2020-10-02,20.7775,4.9020
2020-10-05,20.9698,4.9473
2020-10-06,20.7967,4.9065
2020-10-07,20.8352,4.9156
2020-10-08,20.9047,4.9320
2020-10-09,21.1147,4.9815
2020-10-12,21.3321,5.0328
2020-10-13,21.6249,5.1019
2020-10-14,21.2863,5.0220
2020-10-15,21.3735,5.0426
2020-10-16,21.4001,5.0489
2020-10-19,21.1399,4.9875
2020-10-20,21.2803,5.0206
2020-10-21,21.3543,5.0380
2020-10-22,21.2286,5.0084
2020-10-23,21.2729,5.0188
2020-10-26,21.0230,4.9599
2020-10-27,21.1280,4.9847
2020-10-28,20.7095,4.8859
2020-10-29,20.6918,4.8817
2020-10-30,20.5188,4.8409
2020-11-02,20.7627,4.8985
2020-11-03,21.1147,4.9815
2020-11-04,20.9934,4.9529
2020-11-05,21.2167,5.0056
2020-11-06,21.5569,5.0858
2020-11-09,21.2271,5.0080
2020-11-10,21.5258,5.0785
2020-11-11,21.8837,5.1629
2020-11-12,21.9207,5.1717
2020-11-13,22.2623,5.2523
2020-11-16,22.5433,5.3186
2020-11-17,22.0892,5.2114
2020-11-18,22.0478,5.2017
2020-11-19,22.4959,5.3074
2020-11-20,22.2179,5.2418
2020-11-23,22.3200,5.2659
2020-11-24,22.3835,5.2809
2020-11-25,22.4531,5.2973
2020-11-27,22.4190,5.2892
2020-11-30,22.5950,5.3308
2020-12-01,22.5728,5.3255
2020-12-02,20.1685,4.8492
2020-12-03,20.0050,4.8099
2020-12-04,19.9528,4.7973
2020-12-07,19.8456,4.7715
2020-12-08,20.0251,4.8147
2020-12-09,19.8670,4.7767
2020-12-10,19.7742,4.7544
2020-12-11,19.7688,4.7531
2020-12-14,19.5873,4.7094
2020-12-15,19.5779,4.7072
2020-12-16,19.5577,4.7023
2020-12-17,19.6478,4.7240
2020-12-18,19.6276,4.7191
2020-12-21,19.6303,4.7198
2020-12-22,19.3923,4.6625
2020-12-23,19.2605,4.6308
2020-12-24,19.2982,4.6399
2020-12-28,19.5294,4.6955
2020-12-29,19.4058,4.6658
2020-12-30,19.3896,4.6619
2020-12-31,19.3855,4.6609
2021-01-04,19.7056,4.7379
2021-01-05,19.6007,4.7126
2021-01-06,19.7231,4.7421
2021-01-07,19.7217,4.7417
2021-01-08,19.7191,4.7411
2021-01-11,19.8078,4.7625
2021-01-12,20.0338,4.8168
2021-01-13,19.8293,4.7676
2021-01-14,19.7648,4.7521
2021-01-15,19.4514,4.6768
2021-01-19,19.2834,4.6363
2021-01-20,19.5685,4.7049
2021-01-21,19.4797,4.6836
2021-01-22,19.6787,4.7314
2021-01-25,19.6612,4.7272
2021-01-26,19.8374,4.7696
2021-01-27,19.3439,4.6509
2021-01-28,19.3317,4.6480
2021-01-29,18.8934,4.5426
2021-02-01,18.7293,4.5031
2021-02-02,18.9310,4.5516
2021-02-03,18.9888,4.5655
2021-02-04,19.1677,4.6085
2021-02-05,19.4138,4.6677
2021-02-08,19.5039,4.6894
2021-02-09,19.6115,4.7152
2021-02-10,19.3829,4.6603
2021-02-11,19.3681,4.6567
2021-02-12,19.4286,4.6713
2021-02-16,19.5886,4.7097
2021-02-17,19.7957,4.7595
2021-02-18,18.5128,4.4511
2021-02-19,18.6042,4.4731
2021-02-22,18.5168,4.4520
2021-02-23,18.2182,4.3803
2021-02-24,17.9143,4.3072
2021-02-25,17.7449,4.2664
2021-02-26,17.4719,4.2008
2021-03-01,17.6669,4.2477
2021-03-02,17.4974,4.2069
2021-03-03,17.1585,4.1255
2021-03-04,17.1505,4.1235
2021-03-05,17.3643,4.1749
2021-03-08,17.1975,4.1348
2021-03-09,17.3334,4.1675
2021-03-10,17.7758,4.2739
2021-03-11,17.7691,4.2723
2021-03-12,18.0367,4.3366
2021-03-15,17.9439,4.3143
2021-03-16,17.9385,4.3130
2021-03-17,17.7893,4.2771
2021-03-18,17.5570,4.2213
2021-03-19,25.9181,4.2856
2021-03-22,26.0421,4.3061
2021-03-23,26.3509,4.3572
2021-03-24,26.1877,4.3302
2021-03-25,26.3647,4.3594
2021-03-26,26.5851,4.3959
2021-03-29,26.8880,4.4460
2021-03-30,26.7051,4.4157
2021-03-31,26.7227,4.4187
2021-04-01,26.6814,4.4118
2021-04-05,27.4310,4.5358
2021-04-06,27.5628,4.5576
2021-04-07,27.5038,4.5478
2021-04-08,27.4861,4.5449
2021-04-09,27.4999,4.5472
2021-04-12,27.5038,4.5478
2021-04-13,27.4192,4.5338
2021-04-14,27.4094,4.5322
2021-04-15,27.5746,4.5595
2021-04-16,27.6632,4.5742
2021-04-19,27.4861,4.5449
2021-04-20,27.6986,4.5800
2021-04-21,27.7792,4.5933
2021-04-22,27.4782,4.5436
2021-04-23,27.5235,4.5511
2021-04-26,27.1320,4.4863
2021-04-27,27.2245,4.5016
2021-04-28,27.1280,4.4857
2021-04-29,27.4703,4.5423
2021-04-30,27.5255,4.5514
2021-05-03,27.9603,4.6233
2021-05-04,27.6848,4.5777
2021-05-05,27.6612,4.5738
2021-05-06,27.8587,4.6065
2021-05-07,27.6908,4.5787
2021-05-10,27.8133,4.5990
2021-05-11,27.5624,4.5575
2021-05-12,26.8494,4.4396
2021-05-13,27.3037,4.5147
2021-05-14,27.5565,4.5565
2021-05-17,27.4321,4.5359
2021-05-18,28.0285,4.6346
2021-05-19,28.0305,4.6349
2021-05-20,28.1293,4.6512
2021-05-21,27.9969,4.6293
2021-05-24,27.9989,4.6297
2021-05-25,28.1135,4.6486
2021-05-26,28.0799,4.6431
2021-05-27,27.9851,4.6274
2021-05-28,28.0523,4.6385
2021-06-01,27.9792,4.6264
2021-06-02,27.9179,4.6163
2021-06-03,27.9673,4.6244
2021-06-04,20.6645,4.7604
2021-06-07,20.5261,4.7285
2021-06-08,20.3702,4.6926
2021-06-09,20.2610,4.6675
2021-06-10,20.3775,4.6943
2021-06-11,20.5043,4.7235
2021-06-14,20.4766,4.7171
2021-06-15,20.3950,4.6983
2021-06-16,19.9798,4.6027
2021-06-17,20.0628,4.6218
2021-06-18,19.6914,4.5362
2021-06-21,19.8706,4.5775
2021-06-22,19.9623,4.5987
2021-06-23,19.8065,4.5628
2021-06-24,19.9448,4.5946
2021-06-25,20.1809,4.6490
2021-06-28,20.1182,4.6346
2021-06-29,20.0017,4.6077
2021-06-30,20.5436,4.7326
2021-07-01,20.2959,4.6755
2021-07-02,20.4110,4.7020
2021-07-06,20.3863,4.6963
2021-07-07,20.3528,4.6886
2021-07-08,20.3352,4.6846
2021-07-09,20.4387,4.7084
2021-07-12,20.4023,4.7000
2021-07-13,20.4795,4.7178
2021-07-14,20.6208,4.7504
2021-07-15,20.6368,4.7541
2021-07-16,20.6223,4.7507
2021-07-19,20.5742,4.7396
2021-07-20,20.6674,4.7611
2021-07-21,20.5654,4.7376
2021-07-22,20.5800,4.7410
2021-07-23,20.7490,4.7799
2021-07-26,20.7781,4.7866
2021-07-27,20.7796,4.7869
2021-07-28,20.6951,4.7675
2021-07-29,20.7213,4.7735
2021-07-30,20.7665,4.7839
2021-08-02,20.7184,4.7728
2021-08-03,20.9515,4.8265
2021-08-04,20.8087,4.7936
2021-08-05,21.1948,4.8826
2021-08-06,21.1569,4.8739
2021-08-09,21.2079,4.8856
2021-08-10,21.6595,4.9896
2021-08-11,21.8532,5.0343
2021-08-12,21.7948,5.0208
2021-08-13,21.8635,5.0366
2021-08-16,22.0418,5.0777
2021-08-17,22.0345,5.0760
2021-08-18,21.8006,5.0221
2021-08-19,21.9483,5.0562
2021-08-20,22.1442,5.1013
2021-08-23,21.9980,5.0676
2021-08-24,21.7713,5.0154
2021-08-25,21.7801,5.0174
2021-08-26,21.5447,4.9632
2021-08-27,21.4234,4.9352
2021-08-30,21.5959,4.9750
2021-08-31,21.6544,4.9885
2021-09-01,21.6076,4.9777
2021-09-02,21.3243,4.8439
2021-09-03,21.4233,4.8664
2021-09-07,21.1391,4.8019
2021-09-08,21.1664,4.8081
2021-09-09,21.0171,4.7741
2021-09-10,20.9411,4.7569
2021-09-13,20.8219,4.7298
2021-09-14,20.7128,4.7050
2021-09-15,20.7487,4.7132
2021-09-16,20.8176,4.7288
2021-09-17,20.7745,4.7190
2021-09-20,20.4889,4.6542
2021-09-21,20.5291,4.6633
2021-09-22,20.4817,4.6525
2021-09-23,20.4932,4.6551
2021-09-24,20.5506,4.6682
2021-09-27,20.4186,4.6382
2021-09-28,20.1674,4.5811
2021-09-29,20.1588,4.5792
2021-09-30,20.0066,4.5446
2021-10-01,19.6721,4.4686
2021-10-04,19.4827,4.4256
2021-10-05,19.6104,4.4546
2021-10-06,19.7539,4.4872
2021-10-07,19.9865,4.5400
2021-10-08,20.0468,4.5537
2021-10-11,20.0281,4.5495
2021-10-12,20.0066,4.5446
2021-10-13,19.8616,4.5117
2021-10-14,20.0770,4.5606
2021-10-15,20.1745,4.5827
2021-10-18,20.3368,4.6196
2021-10-19,20.7688,4.7177
2021-10-20,20.9568,4.7604
2021-10-21,21.0731,4.7869
2021-10-22,21.2927,4.8367
2021-10-25,21.5396,4.8928
2021-10-26,21.3516,4.8501
2021-10-27,21.1764,4.8103
2021-10-28,21.3085,4.8403
2021-10-29,21.4478,4.8720
2021-11-01,21.5009,4.8840
2021-11-02,21.4908,4.8817
2021-11-03,21.5568,4.8967
2021-11-04,21.7147,4.9326
2021-11-05,21.5640,4.8984
2021-11-08,21.4262,4.8671
2021-11-09,21.5009,4.8840
2021-11-10,21.3071,4.8400
2021-11-11,21.3157,4.8420
2021-11-12,21.2095,4.8178
2021-11-15,21.0874,4.7901
2021-11-16,20.5506,4.6682
2021-11-17,20.3741,4.6281
2021-11-18,20.5492,4.6678
2021-11-19,20.4386,4.6427
2021-11-22,20.7817,4.7207
2021-11-23,20.9296,4.7543
2021-11-24,21.0343,4.7781
2021-11-26,20.7989,4.7246
2021-11-29,20.4731,4.6506
2021-11-30,20.1860,4.5854
2021-12-01,23.9137,4.3538
2021-12-02,23.6225,4.3008
2021-12-03,23.9782,4.3655
2021-12-06,24.2381,4.4128
2021-12-07,24.1596,4.3985
2021-12-08,23.9154,4.3541
2021-12-09,24.2481,4.4147
2021-12-10,24.6911,4.4953
2021-12-13,25.1357,4.5763
2021-12-14,25.3756,4.6199
2021-12-15,25.5209,4.6464
2021-12-16,25.0955,4.5689
2021-12-17,24.2919,4.4226
2021-12-20,24.3707,4.4370
2021-12-21,24.4442,4.4503
2021-12-22,24.4757,4.4561
2021-12-23,24.4214,4.4462
2021-12-27,24.6438,4.4867
2021-12-28,24.9974,4.5511
2021-12-29,24.9852,4.5488
2021-12-30,25.0657,4.5635
2021-12-31,25.3318,4.6120
2022-01-03,25.3248,4.6107
2022-01-04,24.8609,4.5262
2022-01-05,25.1970,4.5874
2022-01-06,25.1270,4.5747
2022-01-07,25.3668,4.6183
2022-01-10,25.3178,4.6094
2022-01-11,25.2461,4.5963
2022-01-12,25.1130,4.5721
2022-01-13,25.4684,4.6368
2022-01-14,25.3966,4.6237
2022-01-18,24.9519,4.5428
2022-01-19,25.2005,4.5880
2022-01-20,24.7243,4.5014
2022-01-21,24.5440,4.4685
2022-01-24,24.5457,4.4688
2022-01-25,24.0117,4.3716
2022-01-26,23.7667,4.3270
2022-01-27,23.7824,4.3299
2022-01-28,24.0765,4.3834
2022-01-31,24.4774,4.4564
2022-02-01,24.6701,4.4915
2022-02-02,24.6596,4.4896
2022-02-03,24.6841,4.4940
2022-02-04,24.3934,4.4411
2022-02-07,24.1536,4.3974
2022-02-08,24.1588,4.3984
2022-02-09,24.1063,4.3888
2022-02-10,23.8244,4.3375
2022-02-11,23.6931,4.3136
2022-02-14,23.4515,4.2696
2022-02-15,23.5251,4.2830
2022-02-16,23.3780,4.2562
2022-02-17,24.3146,4.4268
2022-02-18,24.1588,4.3984
2022-02-22,23.8892,4.3493
2022-02-23,23.6441,4.3047
2022-02-24,23.5531,4.2881
2022-02-25,23.8769,4.3471
2022-02-28,23.6633,4.3082
2022-03-01,23.8087,4.3346
2022-03-02,23.8384,4.3401
2022-03-03,24.3864,4.4398
2022-03-04,25.0044,4.5524
2022-03-07,24.8031,4.5157
2022-03-08,24.2901,4.4223
2022-03-09,24.4162,4.4452
2022-03-10,24.9712,4.5463
2022-03-11,24.8731,4.5284
2022-03-14,25.2198,4.5916
2022-03-15,25.5227,4.6467
2022-03-16,25.4474,4.6330
2022-03-17,25.4861,4.6400
2022-03-18,28.3435,4.5624
2022-03-21,28.1077,4.5245
2022-03-22,28.0239,4.5110
2022-03-23,27.6633,4.4529
2022-03-24,27.8348,4.4805
2022-03-25,27.9557,4.5000
2022-03-28,28.4526,4.5800
2022-03-29,28.6923,4.6186
2022-03-30,29.2068,4.7014
2022-03-31,29.0216,4.6716
2022-04-01,29.4290,4.7372
2022-04-04,29.4348,4.7381
2022-04-05,29.5186,4.7516
2022-04-06,30.2046,4.8620
2022-04-07,30.5067,4.9106
2022-04-08,30.6762,4.9379
2022-04-11,30.0682,4.8401
2022-04-12,29.8616,4.8068
2022-04-13,30.6392,4.9320
2022-04-14,30.6119,4.9276
2022-04-18,30.3780,4.8899
2022-04-19,30.7230,4.9454
2022-04-20,31.1088,5.0076
2022-04-21,31.1556,5.0151
2022-04-22,30.5690,4.9207
2022-04-25,30.5846,4.9232
2022-04-26,30.2650,4.8717
2022-04-27,30.0585,4.8385
2022-04-28,30.4424,4.9003
2022-04-29,29.8148,4.7993
2022-05-02,29.6180,4.7676
2022-05-03,29.7213,4.7842
2022-05-04,30.1325,4.8504
2022-05-05,29.8743,4.8088
2022-05-06,29.2523,4.7087
2022-05-09,29.5946,4.7638
2022-05-10,29.1780,4.6968
2022-05-11,28.8729,4.6476
2022-05-12,28.8455,4.6432
2022-05-13,28.9570,4.6612
2022-05-16,28.9883,4.6662
2022-05-17,25.6907,4.1354
2022-05-18,23.9460,3.8546
2022-05-19,23.2888,3.7488
2022-05-20,23.3143,3.7529
2022-05-23,23.9792,3.8599
2022-05-24,24.2785,3.9081
2022-05-25,24.1299,3.8842
2022-05-26,24.6442,3.9670
2022-05-27,25.1293,4.0450
2022-05-31,25.1587,4.0498
2022-06-01,24.5367,3.9496
2022-06-02,24.9396,4.0145
2022-06-03,27.5045,4.2552
2022-06-06,27.4058,4.2399
2022-06-07,27.0766,4.1890
2022-06-08,26.8418,4.1527
2022-06-09,26.5609,4.1092
2022-06-10,26.7101,4.1323
2022-06-13,26.2075,4.0546
2022-06-14,26.2184,4.0563
2022-06-15,26.2009,4.0535
2022-06-16,26.4730,4.0956
2022-06-17,25.9617,4.0165
2022-06-21,26.8132,4.1483
2022-06-22,26.4884,4.0980
2022-06-23,27.1315,4.1975
2022-06-24,27.1534,4.2009
2022-06-27,27.2412,4.2145
2022-06-28,26.8571,4.1551
2022-06-29,26.7583,4.1398
2022-06-30,26.6838,4.1282
2022-07-01,26.9141,4.1639
2022-07-05,27.2697,4.2189
2022-07-06,27.4629,4.2488
2022-07-07,27.5045,4.2552
2022-07-08,27.5221,4.2579
2022-07-11,27.5331,4.2596
2022-07-12,27.4497,4.2468
2022-07-13,27.5155,4.2569
2022-07-14,28.0532,4.3401
2022-07-15,28.3276,4.3826
2022-07-18,28.2617,4.3724
2022-07-19,28.4352,4.3992
2022-07-20,28.6722,4.4359
2022-07-21,29.0914,4.5007
2022-07-22,29.0168,4.4892
2022-07-25,28.9750,4.4827
2022-07-26,26.7715,4.1418
2022-07-27,27.7833,4.2984
2022-07-28,28.4768,4.4057
2022-07-29,28.9817,4.4838
2022-08-01,29.0891,4.5004
2022-08-02,29.1199,4.5051
2022-08-03,28.6414,4.4311
2022-08-04,27.5594,4.2637
2022-08-05,27.7811,4.2980
2022-08-08,28.0071,4.3330
2022-08-09,28.2837,4.3758
2022-08-10,28.3429,4.3849
2022-08-11,28.6163,4.4272
2022-08-12,29.1453,4.5091
2022-08-15,29.2291,4.5220
2022-08-16,30.7214,4.7529
2022-08-17,30.7545,4.7580
2022-08-18,30.6553,4.7427
2022-08-19,30.2034,4.6728
2022-08-22,29.6634,4.5892
2022-08-23,29.5377,4.5698
2022-08-24,29.7515,4.6029
2022-08-25,29.9499,4.6336
2022-08-26,29.0087,4.4879
2022-08-29,29.2908,4.5316
2022-08-30,29.2026,4.5179
2022-08-31,29.2181,4.5203
2022-09-01,29.6435,4.5862
2022-09-02,24.2356,4.4522
2022-09-06,24.1153,4.4301
2022-09-07,24.7349,4.5439
2022-09-08,24.8606,4.5670
2022-09-09,24.9353,4.5807
2022-09-12,25.1595,4.6219
2022-09-13,24.6401,4.5265
2022-09-14,24.5855,4.5165
2022-09-15,24.3213,4.4679
2022-09-16,24.2702,4.4585
2022-09-19,24.4779,4.4967
2022-09-20,24.3358,4.4706
2022-09-21,24.5581,4.5114
2022-09-22,24.3067,4.4652
2022-09-23,23.6999,4.3538
2022-09-26,23.9277,4.3956
2022-09-27,23.8621,4.3836
2022-09-28,24.2557,4.4559
2022-09-29,24.0989,4.4271
2022-09-30,23.6343,4.3417
2022-10-03,24.1499,4.4364
2022-10-04,24.4634,4.4940
2022-10-05,24.2210,4.4495
2022-10-06,23.9951,4.4080
2022-10-07,23.4265,4.3035
2022-10-10,23.5650,4.3290
2022-10-11,24.1755,4.4411
2022-10-12,23.9021,4.3909
2022-10-13,24.1044,4.4281
2022-10-14,23.7673,4.3662
2022-10-17,23.9386,4.3976
2022-10-18,24.4433,4.4903
2022-10-19,24.3741,4.4776
2022-10-20,24.4342,4.4887
2022-10-21,24.9281,4.5794
2022-10-24,25.4037,4.6668
2022-10-25,25.5239,4.6888
2022-10-26,25.7189,4.7247
2022-10-27,25.6442,4.7109
2022-10-28,25.9685,4.7705
2022-10-31,25.9357,4.7645
2022-11-01,25.8191,4.7431
2022-11-02,25.6478,4.7116
2022-11-03,25.6423,4.7106
2022-11-04,25.6879,4.7190
2022-11-07,25.9576,4.7685
2022-11-08,26.0195,4.7799
2022-11-09,25.4146,4.6688
2022-11-10,25.9412,4.7655
2022-11-11,25.9813,4.7729
2022-11-14,25.2178,4.6326
2022-11-15,26.8669,4.9356
2022-11-16,27.0601,4.9710
2022-11-17,26.9689,4.9543
2022-11-18,27.3753,5.0290
2022-11-21,27.5429,5.0597
2022-11-22,27.6413,5.0778
2022-11-23,27.7743,5.1023
2022-11-25,27.8928,5.1240
2022-11-28,27.9730,5.1388
2022-11-29,27.8746,5.1207
2022-11-30,27.7743,5.1023
2022-12-01,47.7929,5.4764
2022-12-02,47.7461,5.4710
2022-12-05,47.2569,5.4150
2022-12-06,46.7084,5.3521
2022-12-07,46.4654,5.3243
2022-12-08,46.5373,5.3325
2022-12-09,45.4520,5.2082
2022-12-12,46.2997,5.3053
2022-12-13,46.1338,5.2863
2022-12-14,45.8773,5.2569
2022-12-15,45.4676,5.2099
2022-12-16,44.6512,5.1164
2022-12-19,44.6669,5.1182
2022-12-20,45.0579,5.1630
2022-12-21,45.4113,5.2035
2022-12-22,44.8795,5.1426
2022-12-23,44.9703,5.1530
2022-12-27,44.9828,5.1544
2022-12-28,44.1945,5.0641
2022-12-29,44.4635,5.0949
2022-12-30,44.3509,5.0820
2023-01-03,44.9171,5.1469
2023-01-04,44.9672,5.1526
2023-01-05,44.8138,5.1350
2023-01-06,45.9117,5.2608
2023-01-09,45.3394,5.1953
2023-01-10,45.3112,5.1920
2023-01-11,45.7085,5.2375
2023-01-12,45.2956,5.1902
2023-01-13,45.4457,5.2074
2023-01-17,45.1704,5.1759
2023-01-18,44.0538,5.0479
2023-01-19,43.4250,4.9759
2023-01-20,43.9600,5.0372
2023-01-23,44.6168,5.1125
2023-01-24,44.7357,5.1261
2023-01-25,44.5229,5.1017
2023-01-26,44.4823,5.0970
2023-01-27,44.8232,5.1361
2023-01-30,44.4635,5.0949
2023-01-31,45.0016,5.1565
2023-02-01,45.2518,5.1852
2023-02-02,44.9234,5.1476
2023-02-03,44.3259,5.0791
2023-02-06,44.0037,5.0422
2023-02-07,44.0976,5.0530
2023-02-08,43.8598,5.0257
2023-02-09,44.2665,5.0723
2023-02-10,44.9547,5.1512
2023-02-13,45.6397,5.2297
2023-02-14,45.5082,5.2146
2023-02-15,45.8461,5.2533
2023-02-16,45.1266,5.1709
2023-02-17,45.8054,5.2487
2023-02-21,46.0838,5.2806
2023-02-22,45.1173,5.1698
2023-02-23,44.4448,5.0927
2023-02-24,44.5636,5.1064
2023-02-27,44.2415,5.0695
2023-02-28,44.4573,5.0942
2023-03-01,43.8379,5.0232
2023-03-02,43.9475,5.0358
2023-03-03,44.0006,5.0419
2023-03-06,43.9944,5.0411
2023-03-07,43.5565,4.9910
2023-03-08,43.1968,4.9497
2023-03-09,42.9059,4.9164
2023-03-10,42.8432,4.9092
2023-03-13,42.9684,4.9236
2023-03-14,43.1968,4.9497
2023-03-15,43.6784,5.0049
2023-03-16,43.4303,4.9765
2023-03-17,31.4779,4.7244
2023-03-20,31.8167,4.7752
2023-03-21,31.7083,4.7589
2023-03-22,31.5051,4.7284
2023-03-23,31.7602,4.7667
2023-03-24,32.0199,4.8057
2023-03-27,32.5551,4.8860
2023-03-28,32.4287,4.8670
2023-03-29,32.5686,4.8881
2023-03-30,32.8938,4.9369
2023-03-31,33.2958,4.9972
2023-04-03,33.5758,5.0392
2023-04-04,33.2460,4.9897
2023-04-05,33.7971,5.0724
2023-04-06,34.0522,5.1107
2023-04-10,33.9867,5.1009
2023-04-11,33.8874,5.0860
2023-04-12,33.7225,5.0612
2023-04-13,33.7564,5.0663
2023-04-14,33.5283,5.0321
2023-04-17,33.7632,5.0673
2023-04-18,33.8377,5.0785
2023-04-19,33.8738,5.0839
2023-04-20,34.0906,5.1165
2023-04-21,34.2622,5.1422
2023-04-24,34.4948,5.1771
2023-04-25,34.2261,5.1368
2023-04-26,34.0770,5.1144
2023-04-27,34.1832,5.1304
2023-04-28,34.0906,5.1165
2023-05-01,34.2306,5.1375
2023-05-02,34.1380,5.1236
2023-05-03,34.0116,5.1046
2023-05-04,34.1068,5.1189
2023-05-05,34.4014,5.1631
2023-05-08,34.6168,5.1954
2023-05-09,34.6757,5.2043
2023-05-10,34.5783,5.1897
2023-05-11,34.7075,5.2091
2023-05-12,34.6961,5.2074
2023-05-15,34.4264,5.1669
2023-05-16,33.9504,5.0954
2023-05-17,33.8937,5.0869
2023-05-18,34.3334,5.1529
2023-05-19,33.9798,5.0999
2023-05-22,33.6807,5.0550
2023-05-23,33.6171,5.0454
2023-05-24,33.4631,5.0223
2023-05-25,33.1298,4.9723
2023-05-26,33.1888,4.9811
2023-05-30,33.1071,4.9689
2023-05-31,33.2908,4.9964
2023-06-01,33.4132,5.0148
2023-06-02,55.8291,5.3570
2023-06-05,56.1966,5.3923
2023-06-06,56.1892,5.3916
2023-06-07,56.2717,5.3995
2023-06-08,57.0858,5.4776
2023-06-09,57.4309,5.5107
2023-06-12,57.8098,5.5471
2023-06-13,58.2600,5.5903
2023-06-14,58.8490,5.6468
2023-06-15,59.1716,5.6777
2023-06-16,58.3463,5.5985
2023-06-20,57.8323,5.5492
2023-06-21,57.9449,5.5600
2023-06-22,58.4288,5.6065
2023-06-23,58.3200,5.5960
2023-06-26,58.1662,5.5812
2023-06-27,57.9560,5.5611
2023-06-28,58.2713,5.5913
2023-06-29,57.8773,5.5535
2023-06-30,58.9652,5.6579
2023-07-03,59.3479,5.6946
2023-07-05,59.3142,5.6914
2023-07-06,58.9390,5.6554
2023-07-07,57.5809,5.5251
2023-07-10,58.1024,5.5751
2023-07-11,58.0162,5.5669
2023-07-12,58.1624,5.5809
2023-07-13,57.8210,5.5481
2023-07-14,58.0199,5.5672
2023-07-17,58.0912,5.5741
2023-07-18,57.9862,5.5640
2023-07-19,58.0049,5.5658
2023-07-20,59.0778,5.6687
2023-07-21,59.4116,5.7008
2023-07-24,59.7606,5.7342
2023-07-25,59.7117,5.7296
2023-07-26,59.9256,5.7501
2023-07-27,59.7080,5.7292
2023-07-28,59.9894,5.7562
2023-07-31,59.9706,5.7544
2023-08-01,59.6893,5.7274
2023-08-02,59.7306,5.7314
2023-08-03,59.7456,5.7328
2023-08-04,59.4005,5.6997
2023-08-07,60.2070,5.7771
2023-08-08,60.2670,5.7828
2023-08-09,60.3645,5.7922
2023-08-10,60.3344,5.7893
2023-08-11,60.6883,5.8233
2023-08-14,60.2365,5.7799
2023-08-15,59.9278,5.7503
2023-08-16,59.9579,5.7532
2023-08-17,58.6140,5.6242
2023-08-18,59.4572,5.7051
2023-08-21,59.2991,5.6900
2023-08-22,59.1108,5.6719
2023-08-23,59.5213,5.7113
2023-08-24,59.0657,5.6676
2023-08-25,59.4158,5.7012
2023-08-28,59.7547,5.7337
2023-08-29,60.2553,5.7817
2023-08-30,60.6883,5.8233
2023-08-31,61.2192,5.8742
2023-09-01,32.9696,5.3095
2023-09-05,32.7043,5.2668
2023-09-06,32.9492,5.3062
2023-09-07,33.3573,5.3719
2023-09-08,33.4185,5.3818
2023-09-11,33.5348,5.4005
2023-09-12,33.5716,5.4064
2023-09-13,33.5797,5.4077
2023-09-14,33.7205,5.4304
2023-09-15,33.5960,5.4104
2023-09-18,33.3471,5.3703
2023-09-19,33.3389,5.3690
2023-09-20,33.4471,5.3864
2023-09-21,33.0410,5.3210
2023-09-22,33.1288,5.3351
2023-09-25,33.2757,5.3588
2023-09-26,33.1593,5.3400
2023-09-27,33.0002,5.3144
2023-09-28,33.1675,5.3414
2023-09-29,32.6350,5.2556
2023-10-02,32.6696,5.2612
2023-10-03,32.4635,5.2280
2023-10-04,32.8533,5.2908
2023-10-05,32.4615,5.2277
2023-10-06,31.9167,5.1399
2023-10-09,31.8003,5.1212
2023-10-10,32.1595,5.1790
2023-10-11,32.2880,5.1997
2023-10-12,32.4350,5.2234
2023-10-13,32.6145,5.2523
2023-10-16,32.8961,5.2977
2023-10-17,32.9390,5.3046
2023-10-18,32.9634,5.3085
2023-10-19,32.8063,5.2832
2023-10-20,32.3962,5.2171
2023-10-23,32.8553,5.2911
2023-10-24,33.3124,5.3647
2023-10-25,33.2124,5.3486
2023-10-26,33.0104,5.3161
2023-10-27,32.8879,5.2963
2023-10-30,33.2655,5.3571
2023-10-31,33.3451,5.3700
2023-11-01,33.6430,5.4179
2023-11-02,33.7756,5.4393
2023-11-03,33.6001,5.4110
2023-11-06,33.6450,5.4183
2023-11-07,33.8021,5.4436
2023-11-08,33.5266,5.3992
2023-11-09,33.4491,5.3867
2023-11-10,33.9124,5.4613
2023-11-13,34.2164,5.5103
2023-11-14,34.2103,5.5093
2023-11-15,34.6449,5.5793
2023-11-16,31.8412,5.1278
2023-11-17,31.7004,5.1051
2023-11-20,31.6901,5.1034
2023-11-21,31.8044,5.1218
2023-11-22,31.5616,5.0827
2023-11-24,31.8453,5.1284
2023-11-27,31.9901,5.1517
2023-11-28,32.3717,5.2132
2023-11-29,31.8493,5.1291
2023-11-30,49.5816,5.1240
2023-12-01,49.1517,5.0795
2023-12-04,49.1389,5.0782
2023-12-05,49.5943,5.1253
2023-12-06,49.0561,5.0697
2023-12-07,48.7333,5.0363
2023-12-08,48.2219,4.9835
2023-12-11,48.3434,4.9960
2023-12-12,48.3816,5.0000
2023-12-13,49.2415,5.0888
2023-12-14,48.6406,5.0267
2023-12-15,48.8228,5.0455
2023-12-18,49.5356,5.1192
2023-12-19,49.7146,5.1377
2023-12-20,49.1328,5.0776
2023-12-21,49.4813,5.1136
2023-12-22,50.0727,5.1747
2023-12-26,49.9959,5.1668
2023-12-27,50.4658,5.2153
2023-12-28,50.3667,5.2051
2023-12-29,50.3922,5.2077
2024-01-02,50.9165,5.2619
2024-01-03,50.9196,5.2622
2024-01-04,50.4274,5.2114
2024-01-05,50.0918,5.1767
2024-01-08,50.5840,5.2276
2024-01-09,50.9229,5.2626
2024-01-10,51.5557,5.3280
2024-01-11,51.4982,5.3220
2024-01-12,51.5654,5.3290
2024-01-16,51.7284,5.3458
2024-01-17,51.4854,5.3207
2024-01-18,52.1790,5.3924
2024-01-19,51.9042,5.3640
2024-01-22,51.9074,5.3643
2024-01-23,52.0384,5.3779
2024-01-24,51.3032,5.3019
2024-01-25,52.0512,5.3792
2024-01-26,52.5084,5.4264
2024-01-29,52.7545,5.4519
2024-01-30,52.9302,5.4700
2024-01-31,52.8215,5.4588
2024-02-01,53.7997,5.5599
2024-02-02,54.2024,5.6015
2024-02-05,53.9116,5.5714
2024-02-06,54.2791,5.6094
2024-02-07,54.1417,5.5952
2024-02-08,54.1385,5.5949
2024-02-09,54.1098,5.5919
2024-02-12,54.4358,5.6256
2024-02-13,54.0650,5.5873
2024-02-14,53.8924,5.5695
2024-02-15,54.1129,5.5923
2024-02-16,54.4549,5.6276
2024-02-20,56.2130,5.8093
2024-02-21,55.5226,5.7379
2024-02-22,56.0692,5.7944
2024-02-23,56.1171,5.7994
2024-02-26,57.1528,5.9064
2024-02-27,57.1432,5.9054
2024-02-28,57.1719,5.9084
2024-02-29,56.2035,5.8083
2024-03-01,56.3473,5.8232
2024-03-04,56.8651,5.8767
2024-03-05,57.5747,5.9500
2024-03-06,58.0830,6.0025
2024-03-07,57.8816,5.9817
2024-03-08,57.6514,5.9579
2024-03-11,58.1692,6.0114
2024-03-12,58.8884,6.0858
2024-03-13,58.7638,6.0729
2024-03-14,58.7137,6.0677
2024-03-15,93.2351,5.7038
2024-03-18,93.5117,5.7207
2024-03-19,93.5271,5.7216
2024-03-20,94.1109,5.7573
2024-03-21,94.4183,5.7761
2024-03-22,93.5271,5.7216
2024-03-25,93.0661,5.6934
2024-03-26,92.9739,5.6878
2024-03-27,93.2967,5.7075
2024-03-28,92.4515,5.6558
2024-04-01,92.1903,5.6398
2024-04-02,90.8997,5.5609
2024-04-03,91.3145,5.5863
2024-04-04,91.4221,5.5928
2024-04-05,91.9599,5.6258
2024-04-08,91.8523,5.6192
2024-04-09,91.8677,5.6201
2024-04-10,93.1429,5.6981
2024-04-11,92.3287,5.6483
2024-04-12,92.4055,5.6530
2024-04-15,92.0827,5.6333
2024-04-16,91.9445,5.6248
2024-04-17,91.6525,5.6069
2024-04-18,91.0533,5.5703
2024-04-19,91.4681,5.5957
2024-04-22,92.4055,5.6530
2024-04-23,90.7921,5.5543
2024-04-24,91.9905,5.6276
2024-04-25,92.5129,5.6596
2024-04-26,92.4361,5.6549
2024-04-29,92.5591,5.6624
2024-04-30,91.1917,5.5788
2024-05-01,90.4233,5.5317
2024-05-02,91.7447,5.6126
2024-05-03,91.9137,5.6229
2024-05-06,91.9905,5.6276
2024-05-07,93.1429,5.6981
2024-05-08,92.6513,5.6680
2024-05-09,93.1879,5.7009
2024-05-10,93.2496,5.7046
2024-05-13,93.1415,5.6980
2024-05-14,92.2937,5.6462
2024-05-15,92.2473,5.6433
2024-05-16,98.6921,6.0376
2024-05-17,99.6790,6.0980
2024-05-20,98.9543,6.0536
2024-05-21,100.4499,6.1451
2024-05-22,100.6040,6.1546
2024-05-23,99.9719,6.1159
2024-05-24,100.8044,6.1668
2024-05-28,100.2803,6.1348
2024-05-29,100.0952,6.1234
2024-05-30,100.0489,6.1206
2024-05-31,101.3904,6.2027
2024-06-03,101.4829,6.2083
2024-06-04,102.6854,6.2819
2024-06-05,103.4409,6.3281
2024-06-06,103.5335,6.3338
2024-06-07,34.6445,6.3987
2024-06-10,35.2124,6.5036
2024-06-11,35.0915,6.4813
2024-06-12,34.8706,6.4405
2024-06-13,35.0757,6.4784
2024-06-14,35.2439,6.5095
2024-06-17,35.4543,6.5483
2024-06-18,35.5490,6.5658
2024-06-20,35.7646,6.6056
2024-06-21,35.7120,6.5959
2024-06-24,36.2326,6.6921
2024-06-25,35.4543,6.5483
2024-06-26,35.9118,6.6328
2024-06-27,35.6962,6.5930
2024-06-28,35.6068,6.5765
2024-07-01,35.4859,6.5542
2024-07-02,35.7961,6.6115
2024-07-03,35.8855,6.6280
2024-07-05,36.8321,6.8028
2024-07-08,36.6427,6.7678
2024-07-09,36.7585,6.7892
2024-07-10,37.0266,6.8387
2024-07-11,36.7059,6.7795
2024-07-12,36.4114,6.7251
2024-07-15,36.6059,6.7610
2024-07-16,36.8058,6.7979
2024-07-17,37.3527,6.8989
2024-07-18,37.2423,6.8786
2024-07-19,37.2055,6.8718
2024-07-22,37.0109,6.8358
2024-07-23,37.1529,6.8620
2024-07-24,37.1266,6.8572
2024-07-25,36.8216,6.8009
2024-07-26,36.6954,6.7775
2024-07-29,36.6112,6.7620
2024-07-30,36.3851,6.7202
2024-07-31,36.0958,6.6668
2024-08-01,36.7006,6.7785
2024-08-02,36.0012,6.6493
2024-08-05,35.5437,6.5648
2024-08-06,35.6226,6.5794
2024-08-07,35.1861,6.4988
2024-08-08,35.5805,6.5716
2024-08-09,35.7330,6.5998
2024-08-12,36.1274,6.6726
2024-08-13,35.8277,6.6173
2024-08-14,36.1064,6.6688
2024-08-15,38.4834,7.1078
2024-08-16,38.7354,7.1543
2024-08-19,38.8778,7.1806
2024-08-20,39.3102,7.2605
2024-08-21,39.6794,7.3287
2024-08-22,39.8587,7.3618
2024-08-23,39.9220,7.3735
2024-08-26,40.0960,7.4056
2024-08-27,40.1488,7.4154
2024-08-28,40.1224,7.4105
2024-08-29,40.3017,7.4436
2024-08-30,34.2465,7.2389
2024-09-03,34.2199,7.2332
2024-09-04,34.2509,7.2398
2024-09-05,34.1268,7.2135
2024-09-06,33.9849,7.1836
2024-09-09,34.2953,7.2492
2024-09-10,34.9471,7.3869
2024-09-11,34.9604,7.3898
2024-09-12,35.3241,7.4666
2024-09-13,35.7409,7.5547
2024-09-16,35.7232,7.5510
2024-09-17,34.8540,7.3673
2024-09-18,35.0447,7.4076
2024-09-19,34.6057,7.3148
2024-09-20,35.0580,7.4104
2024-09-23,35.6211,7.5294
2024-09-24,35.7719,7.5613
2024-09-25,36.0956,7.6297
2024-09-26,35.4393,7.4910
2024-09-27,35.3773,7.4779
2024-09-30,35.8074,7.5688
2024-10-01,36.0380,7.6175
2024-10-02,35.6655,7.5388
2024-10-03,35.6655,7.5388
2024-10-04,35.8917,7.5866
2024-10-07,35.0757,7.4141
2024-10-08,35.3462,7.4713
2024-10-09,35.6522,7.5360
2024-10-10,35.3019,7.4619
2024-10-11,35.5191,7.5079
2024-10-14,35.6034,7.5257
2024-10-15,36.2065,7.6531
2024-10-16,36.0158,7.6128
2024-10-17,35.8695,7.5819
2024-10-18,36.0557,7.6213
2024-10-21,35.8340,7.5744
2024-10-22,36.3705,7.6878
2024-10-23,36.9249,7.8050
2024-10-24,36.8228,7.7834
2024-10-25,36.5878,7.7338
2024-10-28,36.6943,7.7563
2024-10-29,36.2286,7.6578
2024-10-30,36.0912,7.6288
2024-10-31,36.3395,7.6813
2024-11-01,36.4459,7.7038
2024-11-04,36.5612,7.7281
2024-11-05,37.1067,7.8434
2024-11-06,37.0002,7.8209
2024-11-07,37.1820,7.8594
2024-11-08,37.6166,7.9512
2024-11-11,37.3417,7.8931
2024-11-12,37.6876,7.9662
2024-11-13,37.9137,8.0140
2024-11-14,37.4570,7.9175
2024-11-15,37.3594,7.8968
2024-11-18,37.2841,7.8809
2024-11-19,38.4015,8.1171
2024-11-20,38.6587,8.1715
2024-11-21,39.1952,8.2849
2024-11-22,40.1043,8.4770
2024-11-25,39.6874,8.3889
2024-11-26,40.4901,8.5586
2024-11-27,40.7428,8.6120
2024-11-29,41.0177,8.6701
2024-12-02,41.0798,8.6832
2024-12-03,41.4656,8.7648
2024-12-04,41.8824,8.8529
2024-12-05,42.2594,8.9326
2024-12-06,51.8585,8.5897
2024-12-09,50.8452,8.4219
2024-12-10,51.2353,8.4865
2024-12-11,51.4575,8.5233
2024-12-12,50.9860,8.4452
2024-12-13,51.1859,8.4783
2024-12-16,51.5226,8.5341
2024-12-17,51.8213,8.5836
2024-12-18,50.8057,8.4153
2024-12-19,50.7243,8.4018
2024-12-20,50.0943,8.2975
2024-12-23,49.0679,8.1275
2024-12-24,50.3333,8.3371
2024-12-26,50.3930,8.3470
2024-12-27,49.7793,8.2453
2024-12-30,49.1873,8.1473
2024-12-31,49.0679,8.1275
2025-01-02,48.8778,8.0960
2025-01-03,49.3014,8.1662
2025-01-06,49.6544,8.2246
2025-01-07,49.3177,8.1689
2025-01-08,49.8553,8.2579
2025-01-10,50.5071,8.3659
2025-01-13,49.7087,8.2336
2025-01-14,49.3068,8.1671
2025-01-15,49.6055,8.2165
2025-01-16,49.5838,8.2129
2025-01-17,49.9314,8.2705
2025-01-21,50.5505,8.3731
2025-01-22,50.6320,8.3865
2025-01-23,50.9469,8.4387
2025-01-24,51.4629,8.5242
2025-01-27,52.8966,8.7617
2025-01-28,52.8369,8.7518
2025-01-29,52.9509,8.7707
2025-01-30,53.5755,8.8741
2025-01-31,53.3094,8.8300
2025-02-03,54.0588,8.9542
2025-02-04,54.7268,9.0648
2025-02-05,55.6447,9.2168
2025-02-06,55.8564,9.2519
2025-02-07,54.9332,9.0990
2025-02-10,55.8945,9.2582
2025-02-11,55.6501,9.2177
2025-02-12,56.2692,9.3203
2025-02-13,57.0512,9.4498
2025-02-14,56.5027,9.3590
2025-02-18,56.3615,9.3356
2025-02-19,56.4810,9.3554
2025-02-20,52.7934,8.7446
2025-02-21,51.4737,8.5260
2025-02-24,50.8709,8.4261
2025-02-25,53.0541,8.7878
2025-02-26,52.2449,8.6537
2025-02-27,52.5653,8.7068
2025-02-28,53.5537,8.8705
2025-03-03,52.9998,8.7788
2025-03-04,51.5769,8.5431
2025-03-05,52.1255,8.6339
2025-03-06,51.3977,8.5134
2025-03-07,49.8119,8.2507
2025-03-10,47.6939,7.8999
2025-03-11,47.4875,7.8657
2025-03-12,46.2710,7.6642
2025-03-13,45.8908,7.6012
2025-03-14,34.9406,7.4173
2025-03-17,35.8044,7.6007
2025-03-18,35.0389,7.4382
2025-03-19,35.3418,7.5025
2025-03-20,35.1290,7.4573
2025-03-21,35.2952,7.4926
2025-03-24,35.9151,7.6242
2025-03-25,34.7944,7.3863
2025-03-26,34.9791,7.4255
2025-03-27,35.1515,7.4621
2025-03-28,34.9545,7.4203
2025-03-31,36.0382,7.6503
2025-04-01,36.4651,7.7410
2025-04-02,36.8469,7.8220
2025-04-03,35.8207,7.6042
2025-04-04,34.1499,7.2495
2025-04-07,34.4126,7.3052
2025-04-08,33.5752,7.1275
2025-04-09,36.7812,7.8081
2025-04-10,37.1959,7.8961
2025-04-11,38.0949,8.0869
2025-04-14,38.8871,8.2551
2025-04-15,38.5751,8.1889
2025-04-16,37.4339,7.9466
2025-04-17,38.2673,8.1235
2025-04-21,37.9347,8.0529
2025-04-22,38.9364,8.2656
2025-04-23,38.9815,8.2752
2025-04-24,39.3428,8.3518
2025-04-25,39.0349,8.2865
2025-04-28,39.0883,8.2978
2025-04-29,39.4249,8.3693
2025-04-30,39.9216,8.4747
2025-05-01,39.9873,8.4887
2025-05-02,40.5373,8.6054
2025-05-05,40.7754,8.6560
2025-05-06,40.4552,8.5880
2025-05-07,40.5702,8.6124
2025-05-08,39.9955,8.4904
2025-05-09,39.8000,8.4489
2025-05-12,39.8124,8.4515
2025-05-13,39.4544,8.3755
2025-05-14,39.8453,8.4585
2025-05-15,39.6478,8.4166
2025-05-16,40.4255,8.5817
2025-05-19,40.3761,8.5712
2025-05-20,40.2444,8.5433
2025-05-21,39.6807,8.4236
2025-05-22,39.4749,8.3799
2025-05-23,39.6437,8.4157
2025-05-27,40.1539,8.5240
2025-05-28,40.0140,8.4943
2025-05-29,39.9564,8.4821
2025-05-30,40.6230,8.6236
2025-06-02,41.0551,8.7153
2025-06-03,41.1415,8.7337
2025-06-04,40.8822,8.6786
2025-06-05,40.3103,8.5572
2025-06-06,41.6646,9.2060
2025-06-09,41.6560,9.2042
2025-06-10,41.6005,9.1919
2025-06-11,40.9507,9.0483
2025-06-12,40.5361,8.9567
2025-06-13,40.3694,8.9199
2025-06-16,40.3053,8.9057
2025-06-17,40.2881,8.9019
2025-06-18,40.6472,8.9813
2025-06-20,41.0875,9.0785
2025-06-23,41.8356,9.2438
2025-06-24,41.8911,9.2561
2025-06-25,41.5748,9.1862
2025-06-26,41.0447,9.0691
2025-06-27,41.5791,9.1872
2025-06-30,41.7971,9.2353
2025-07-01,41.9937,9.2788
2025-07-02,41.7244,9.2193
2025-07-03,42.0450,9.2901
2025-07-07,42.4682,9.3836
2025-07-08,41.5022,9.1702
2025-07-09,41.3825,9.1437
2025-07-10,40.5489,8.9595
2025-07-11,40.3523,8.9161
2025-07-14,40.9422,9.0464
2025-07-15,40.7755,9.0096
2025-07-16,40.6729,8.9869
2025-07-17,40.6472,8.9813
2025-07-18,40.6301,8.9775
2025-07-21,40.8952,9.0360
2025-07-22,40.9721,9.0530
2025-07-23,40.8994,9.0370
2025-07-24,41.2927,9.1239
2025-07-25,41.6646,9.2060
2025-07-28,41.7244,9.2193
2025-07-29,42.0322,9.2873
2025-07-30,41.7159,9.2174
2025-07-31,41.8826,9.2542
2025-08-01,42.1006,9.3024
2025-08-04,42.5708,9.4063
2025-08-05,42.4511,9.3798
2025-08-06,44.1823,9.7624
2025-08-07,44.0797,9.7397
2025-08-08,44.3405,9.7973
2025-08-11,44.4260,9.8162
2025-08-12,44.2934,9.7869
2025-08-13,43.1692,9.5385
2025-08-14,43.1094,9.5253
2025-08-15,42.8459,9.4671
2025-08-18,43.1458,9.5333
2025-08-19,43.3986,9.5892
2025-08-20,43.9470,9.7104
2025-08-21,41.9719,9.2739
2025-08-22,41.4877,9.1670
2025-08-25,41.1621,9.0950
2025-08-26,41.1535,9.0931
2025-08-27,41.1663,9.0960
2025-08-28,41.1792,9.0988
2025-08-29,37.5099,8.5294
2025-09-02,37.8464,8.6059
2025-09-03,38.4614,8.7458
2025-09-04,39.0377,8.8768
2025-09-05,38.8753,8.8399
2025-09-08,39.5598,8.9956
2025-09-09,39.5637,8.9964
2025-09-10,38.8366,8.8311
2025-09-11,39.7030,9.0281
2025-09-12,40.0279,9.1020
2025-09-15,40.1052,9.1196
2025-09-16,40.0008,9.0958
2025-09-17,40.3296,9.1706
2025-09-18,40.0704,9.1117
2025-09-19,39.5792,9.0000
2025-09-22,39.7687,9.0431
2025-09-23,39.6527,9.0167
2025-09-24,39.7339,9.0351
2025-09-25,39.8577,9.0633
2025-09-26,39.9002,9.0730
2025-09-29,39.8693,9.0659
2025-09-30,39.8616,9.0642
2025-10-01,39.4361,8.9674
2025-10-02,39.3355,8.9446
2025-10-03,39.4786,8.9771
2025-10-06,39.7223,9.0325
2025-10-07,39.9312,9.0800
2025-10-08,39.7997,9.0501
2025-10-09,39.3626,8.9507
2025-10-10,39.3897,8.9569
2025-10-13,39.4980,8.9815
2025-10-14,41.4667,9.4292
2025-10-15,42.1706,9.5892
2025-10-16,41.1805,9.3641
2025-10-17,41.6678,9.4749
2025-10-20,41.4048,9.4151
2025-10-21,41.0838,9.3421
2025-10-22,41.4396,9.4230
2025-10-23,41.3313,9.3984
2025-10-24,41.0644,9.3377
2025-10-27,40.4069,9.1882
2025-10-28,39.9041,9.0738
2025-10-29,39.6295,9.0114
2025-10-30,39.5405,8.9912
2025-10-31,39.1344,8.8988
2025-11-03,39.2930,8.9349
2025-11-04,39.5560,8.9947
2025-11-05,39.2466,8.9243
2025-11-06,39.3278,8.9428
2025-11-07,39.6798,9.0228
2025-11-10,39.6140,9.0079
2025-11-11,40.0085,9.0976
2025-11-12,40.0085,9.0976
2025-11-13,39.6604,9.0184
2025-11-14,39.6372,9.0132
2025-11-17,39.8190,9.0545
2025-11-18,39.2156,8.9173
2025-11-19,38.9139,8.8487
2025-11-20,41.4280,9.4204
2025-11-21,40.7357,9.2629
2025-11-24,40.2483,9.1521
2025-11-25,41.3854,9.4107
2025-11-26,42.1977,9.5954
2025-11-28,42.7431,9.7194
2025-12-01,43.1376,9.8091
2025-12-02,43.4779,9.8865
2025-12-03,40.9088,9.4326
2025-12-04,41.0625,9.4681
2025-12-05,41.1591,9.4903
2025-12-08,40.6048,9.3625
2025-12-09,41.1412,9.4862
2025-12-10,40.4690,9.3312
2025-12-11,41.3056,9.5241
2025-12-12,41.8127,9.6410
2025-12-15,41.8449,9.6485
2025-12-16,41.3540,9.5353
2025-12-17,41.4400,9.5551
2025-12-18,41.1426,9.4865
2025-12-19,40.9742,9.4477
2025-12-22,40.3436,9.3023
2025-12-23,39.7346,9.1619
2025-12-24,39.9890,9.2205
2025-12-26,40.0355,9.2313
2025-12-29,40.3186,9.2965
2025-12-30,40.1000,9.2461
2025-12-31,39.9173,9.2040
2026-01-02,40.4010,9.3155
2026-01-05,40.3831,9.3114
2026-01-06,40.9671,9.4461
2026-01-07,40.3867,9.3122
2026-01-08,40.5121,9.3411
2026-01-09,41.0351,9.4618
2026-01-12,42.2677,9.7459
2026-01-13,43.1240,9.9434
2026-01-14,43.0094,9.9170
2026-01-15,42.7084,9.8476
2026-01-16,42.8875,9.8889
2026-01-20,42.5328,9.8071
2026-01-21,42.7657,9.8608
2026-01-22,42.2175,9.7344
2026-01-23,42.1817,9.7261
2026-01-26,42.1494,9.7187
2026-01-27,41.8986,9.6609
2026-01-28,41.7661,9.6303
2026-01-29,42.0671,9.6997
2026-01-30,42.6869,9.8426
2026-02-02,44.4497,10.2491
2026-02-03,45.7574,10.5506
2026-02-04,45.8613,10.5746
2026-02-05,45.4815,10.4870
2026-02-06,47.0007,10.8373
2026-02-09,46.2268,10.6588
2026-02-10,45.3956,10.4672
2026-02-11,46.1372,10.6382
2026-02-12,47.8821,11.0405
2026-02-13,47.9717,11.0612
2026-02-17,46.1659,10.6448
2026-02-18,45.3669,10.4606
2026-02-19,44.7399,10.3160
2026-02-20,44.0663,10.1607
2026-02-23,45.0767,10.3936
2026-02-24,45.4135,10.4713
2026-02-25,45.0552,10.3887
2026-02-26,44.5787,10.2788
2026-02-27,45.8434,10.5704
2026-03-02,45.5389,10.5002
2026-03-03,45.8291,10.5671
2026-03-04,45.7933,10.5589
2026-03-05,44.1810,10.1871
2026-03-06,44.3565,10.2276
2026-03-09,44.5500,10.2722
2026-03-10,44.8295,10.3366
2026-03-11,44.2454,10.2020
2026-03-12,44.9047,10.3540
2026-03-13,46.1613,10.0855
2026-03-16,45.9679,10.0432
2026-03-17,45.6359,9.9707
2026-03-18,44.5049,9.7236
2026-03-19,44.1801,9.6526
2026-03-20,43.5140,9.5071
2026-03-23,44.1356,9.6429
2026-03-24,44.6218,9.7491
2026-03-25,44.9911,9.8298
2026-03-26,44.6693,9.7595
2026-03-27,44.9289,9.8162
2026-03-30,45.1519,9.8649
2026-03-31,45.4371,9.9273
2026-04-01,45.6053,9.9640
2026-04-02,45.9892,10.0479
2026-04-06,46.3548,10.1277
2026-04-07,44.7827,9.7843
2026-04-08,46.5266,10.1653
2026-04-09,47.2103,10.3147
2026-04-10,46.3474,10.1261
2026-04-13,45.5431,9.9504
2026-04-14,45.7186,9.9888
2026-04-15,45.6126,9.9656
2026-04-16,45.6345,9.9704
2026-04-17,46.6143,10.1845
2026-04-20,46.7679,10.2180
2026-04-21,47.3821,10.3522
2026-04-22,47.5210,10.3826
2026-04-23,48.2705,10.5463
2026-04-24,47.4991,10.3778
2026-04-27,46.6473,10.1916
2026-04-28,46.6473,10.1916
2026-04-29,46.8008,10.2252
2026-04-30,48.2340,10.5383
2026-05-01,48.1133,10.5120
2026-05-04,47.6490,10.4105
2026-05-05,47.8172,10.4473
2026-05-06,47.5576,10.3905
2026-05-07,47.6015,10.4001
2026-05-08,47.7766,10.4384
2026-05-11,46.7363,10.2111
2026-05-12,47.7473,10.4320
2026-05-13,48.1575,10.5216
2026-05-14,48.5201,10.6008
2026-05-15,48.1502,10.5200
2026-05-18,48.8425,10.6713
2026-05-19,49.1575,10.7401
2026-05-20,47.9304,10.4720
2026-05-21,44.4469,9.7109
2026-05-22,44.0549,9.6253
2026-05-26,43.4322,9.4892
2026-05-27,43.4212,9.4868
2026-05-28,43.5531,9.5156
2026-05-29,40.1910,9.7652
2026-06-01,39.7917,9.6681
2026-06-02,39.2569,9.5382
2026-06-03,40.5868,9.8613
2026-06-04,40.8819,9.9330
2026-06-05,41.2778,10.0292
2026-06-08,41.6076,10.1094
2026-06-09,41.2778,10.0292
2026-06-10,41.8715,10.1735
2026-06-11,41.8403,10.1659
2026-06-12,42.0278,10.2114
2026-06-15,41.9514,10.1929
2026-06-16,42.0243,10.2106
2026-06-17,41.0174,9.9659
2026-06-18,40.6875,9.8858
2026-06-22,40.6875,9.8858
2026-06-23,41.4653,10.0748
2026-06-24,41.3194,10.0393
2026-06-25,40.2014,9.7677
2026-06-26,40.1701,9.7601
2026-06-29,39.7917,9.6681
2026-06-30,39.3264,9.5551
2026-07-01,37.7847,9.1805
2026-07-02,38.8333,9.4353
2026-07-06,38.4201,9.3349
2026-07-07,38.7292,9.4100
2026-07-08,39.2708,9.5416
2026-07-09,38.9618,9.4665
2026-07-10,39.5486,9.6091
2026-07-13,39.8542,9.6833
2026-07-14,39.4792,9.5922
2026-07-15,39.0729,9.4935
2026-07-16,39.9132,9.6977
2026-07-17,39.6667,9.6378
2026-07-20,38.9583,9.4657
2026-07-21,38.3299,9.3130
2026-07-22,37.9618,9.2235
2026-07-23,37.6389,9.1451
2026-07-24,38.0104,9.2354
2026-07-27,38.7986,9.4269
2026-07-28,39.2708,9.5416
2026-07-29,39.6597,9.6361
2026-07-30,38.5764,9.3729
2026-07-31,38.6111,9.3813
2026-08-03,38.4410,9.3400
2026-08-04,38.7326,9.4108
2026-08-05,39.0069,9.4775
2026-08-06,38.9132,9.4547
2026-08-07,38.8368,9.4361
2026-08-10,39.1181,9.5045
2026-08-11,39.3264,9.5551
2026-08-12,40.2812,9.7871
2026-08-13,40.1806,9.7626
2026-08-14,40.0243,9.7247
2026-08-17,39.6979,9.6454
2026-08-18,40.0000,9.7188
2026-08-19,39.6875,9.6428
